-- MySQL dump 10.13  Distrib 5.6.39, for Linux (x86_64)
--
-- Host: localhost    Database: seqdbweb
-- ------------------------------------------------------
-- Server version	5.6.39

/*!40101 SET @OLD_CHARACTER_SET_CLIENT=@@CHARACTER_SET_CLIENT */;
/*!40101 SET @OLD_CHARACTER_SET_RESULTS=@@CHARACTER_SET_RESULTS */;
/*!40101 SET @OLD_COLLATION_CONNECTION=@@COLLATION_CONNECTION */;
/*!40101 SET NAMES utf8 */;
/*!40103 SET @OLD_TIME_ZONE=@@TIME_ZONE */;
/*!40103 SET TIME_ZONE='+00:00' */;
/*!40014 SET @OLD_UNIQUE_CHECKS=@@UNIQUE_CHECKS, UNIQUE_CHECKS=0 */;
/*!40014 SET @OLD_FOREIGN_KEY_CHECKS=@@FOREIGN_KEY_CHECKS, FOREIGN_KEY_CHECKS=0 */;
/*!40101 SET @OLD_SQL_MODE=@@SQL_MODE, SQL_MODE='NO_AUTO_VALUE_ON_ZERO' */;
/*!40111 SET @OLD_SQL_NOTES=@@SQL_NOTES, SQL_NOTES=0 */;

--
-- Table structure for table `AccountPreferences`
--

DROP TABLE IF EXISTS `AccountPreferences`;
/*!40101 SET @saved_cs_client     = @@character_set_client */;
/*!40101 SET character_set_client = utf8 */;
CREATE TABLE `AccountPreferences` (
  `PreferenceID` int(11) NOT NULL AUTO_INCREMENT,
  `LastModified` datetime(6) DEFAULT NULL,
  `PreferenceName` varchar(50) NOT NULL,
  `PreferenceValue` varchar(50) NOT NULL,
  `AccountID` int(11) DEFAULT NULL,
  PRIMARY KEY (`PreferenceID`),
  KEY `FK_est6u6oyjig1qej4vvsqpylk5` (`AccountID`),
  CONSTRAINT `FK_est6u6oyjig1qej4vvsqpylk5` FOREIGN KEY (`AccountID`) REFERENCES `Accounts` (`AccountID`)
) ENGINE=InnoDB DEFAULT CHARSET=latin1;
/*!40101 SET character_set_client = @saved_cs_client */;

--
-- Dumping data for table `AccountPreferences`
--

LOCK TABLES `AccountPreferences` WRITE;
/*!40000 ALTER TABLE `AccountPreferences` DISABLE KEYS */;
/*!40000 ALTER TABLE `AccountPreferences` ENABLE KEYS */;
UNLOCK TABLES;

--
-- Table structure for table `AccountProfilePrinters`
--

DROP TABLE IF EXISTS `AccountProfilePrinters`;
/*!40101 SET @saved_cs_client     = @@character_set_client */;
/*!40101 SET character_set_client = utf8 */;
CREATE TABLE `AccountProfilePrinters` (
  `AccountProfilePrinterID` int(11) NOT NULL AUTO_INCREMENT,
  `BarcodeableEntity` varchar(255) NOT NULL,
  `LastModified` datetime(6) DEFAULT NULL,
  `AccountProfileID` int(11) DEFAULT NULL,
  `LabelTemplateID` int(11) DEFAULT NULL,
  `PrinterID` int(11) DEFAULT NULL,
  PRIMARY KEY (`AccountProfilePrinterID`),
  KEY `FK_q48k8qlwetvmy5anf4yo9l8go` (`AccountProfileID`),
  KEY `FK_i3wj6ko1vkec6254r8l6laddr` (`LabelTemplateID`),
  KEY `FK_ec5p689miax2o0lk3sfqjdjey` (`PrinterID`),
  CONSTRAINT `FK_ec5p689miax2o0lk3sfqjdjey` FOREIGN KEY (`PrinterID`) REFERENCES `Printers` (`PrinterID`),
  CONSTRAINT `FK_i3wj6ko1vkec6254r8l6laddr` FOREIGN KEY (`LabelTemplateID`) REFERENCES `LabelTemplates` (`LabelTemplateID`),
  CONSTRAINT `FK_q48k8qlwetvmy5anf4yo9l8go` FOREIGN KEY (`AccountProfileID`) REFERENCES `AccountProfiles` (`AccountProfileID`)
) ENGINE=InnoDB AUTO_INCREMENT=5 DEFAULT CHARSET=latin1;
/*!40101 SET character_set_client = @saved_cs_client */;

--
-- Dumping data for table `AccountProfilePrinters`
--

LOCK TABLES `AccountProfilePrinters` WRITE;
/*!40000 ALTER TABLE `AccountProfilePrinters` DISABLE KEYS */;
INSERT INTO `AccountProfilePrinters` VALUES (1,'SpecimenReplicate','2013-03-19 00:00:00.000000',1,5,8),(2,'Specimen','2013-03-19 00:00:00.000000',2,2,6),(3,'Sample','2013-03-19 00:00:00.000000',1,7,9),(4,'PcrPrimer','2013-03-19 00:00:00.000000',1,8,8);
/*!40000 ALTER TABLE `AccountProfilePrinters` ENABLE KEYS */;
UNLOCK TABLES;

--
-- Table structure for table `AccountProfiles`
--

DROP TABLE IF EXISTS `AccountProfiles`;
/*!40101 SET @saved_cs_client     = @@character_set_client */;
/*!40101 SET character_set_client = utf8 */;
CREATE TABLE `AccountProfiles` (
  `AccountProfileID` int(11) NOT NULL AUTO_INCREMENT,
  `LastModified` datetime(6) DEFAULT NULL,
  `AccountID` int(11) DEFAULT NULL,
  PRIMARY KEY (`AccountProfileID`),
  KEY `FK_mn2mclv3mcu6a5jjorxgewlta` (`AccountID`),
  CONSTRAINT `FK_mn2mclv3mcu6a5jjorxgewlta` FOREIGN KEY (`AccountID`) REFERENCES `Accounts` (`AccountID`)
) ENGINE=InnoDB AUTO_INCREMENT=3 DEFAULT CHARSET=latin1;
/*!40101 SET character_set_client = @saved_cs_client */;

--
-- Dumping data for table `AccountProfiles`
--

LOCK TABLES `AccountProfiles` WRITE;
/*!40000 ALTER TABLE `AccountProfiles` DISABLE KEYS */;
INSERT INTO `AccountProfiles` VALUES (1,'2013-03-19 00:00:00.000000',1),(2,'2013-03-19 00:00:00.000000',2);
/*!40000 ALTER TABLE `AccountProfiles` ENABLE KEYS */;
UNLOCK TABLES;

--
-- Table structure for table `AccountUsage`
--

DROP TABLE IF EXISTS `AccountUsage`;
/*!40101 SET @saved_cs_client     = @@character_set_client */;
/*!40101 SET character_set_client = utf8 */;
CREATE TABLE `AccountUsage` (
  `AccountUsageID` int(11) NOT NULL AUTO_INCREMENT,
  `LastModified` datetime(6) DEFAULT NULL,
  `AccountID` int(11) DEFAULT NULL,
  `UsageID` int(11) DEFAULT NULL,
  PRIMARY KEY (`AccountUsageID`),
  KEY `FK_opbodkrj8ctv9tyjol5g5xwwu` (`AccountID`),
  KEY `FK_dxy68kqa1bjydnyckv4coh8hr` (`UsageID`),
  CONSTRAINT `FK_dxy68kqa1bjydnyckv4coh8hr` FOREIGN KEY (`UsageID`) REFERENCES `UsageKeys` (`UsageKeysID`),
  CONSTRAINT `FK_opbodkrj8ctv9tyjol5g5xwwu` FOREIGN KEY (`AccountID`) REFERENCES `Accounts` (`AccountID`)
) ENGINE=InnoDB DEFAULT CHARSET=latin1;
/*!40101 SET character_set_client = @saved_cs_client */;

--
-- Dumping data for table `AccountUsage`
--

LOCK TABLES `AccountUsage` WRITE;
/*!40000 ALTER TABLE `AccountUsage` DISABLE KEYS */;
/*!40000 ALTER TABLE `AccountUsage` ENABLE KEYS */;
UNLOCK TABLES;

--
-- Table structure for table `Accounts`
--

DROP TABLE IF EXISTS `Accounts`;
/*!40101 SET @saved_cs_client     = @@character_set_client */;
/*!40101 SET character_set_client = utf8 */;
CREATE TABLE `Accounts` (
  `AccountID` int(11) NOT NULL AUTO_INCREMENT,
  `AccountExpires` date DEFAULT NULL,
  `AccountName` varchar(20) NOT NULL,
  `AccountPw` varchar(100) DEFAULT NULL,
  `AccountStatus` varchar(20) DEFAULT NULL,
  `AccountType` varchar(20) NOT NULL,
  `ApiKey` varchar(100) DEFAULT NULL,
  `LastLogin` datetime DEFAULT NULL,
  `LastLoginFrom` varchar(50) DEFAULT NULL,
  `LastModified` datetime(6) DEFAULT NULL,
  `LdapDn` varchar(200) DEFAULT NULL,
  `PeopleID` int(11) DEFAULT NULL,
  PRIMARY KEY (`AccountID`),
  UNIQUE KEY `UK_n6mldui384judl1gi8o4vr9n9` (`AccountName`),
  UNIQUE KEY `UK_t6cw0uwuj6yk5fnoejjm0s3go` (`ApiKey`),
  UNIQUE KEY `UK_53536gw88p3wmc9sj0typrkah` (`LdapDn`),
  KEY `FK_beprcfum14hti2f25qcyaxfwc` (`PeopleID`),
  CONSTRAINT `FK_beprcfum14hti2f25qcyaxfwc` FOREIGN KEY (`PeopleID`) REFERENCES `People` (`PeopleID`)
) ENGINE=InnoDB AUTO_INCREMENT=3 DEFAULT CHARSET=latin1;
/*!40101 SET character_set_client = @saved_cs_client */;

--
-- Dumping data for table `Accounts`
--

LOCK TABLES `Accounts` WRITE;
/*!40000 ALTER TABLE `Accounts` DISABLE KEYS */;
INSERT INTO `Accounts` VALUES (1,NULL,'Admin','$2a$10$2AdGg40oWZdmL288StGGhO88VPXGOv6K548k8DbfRhza1rrkbnuci','Active','Admin','adminkey',NULL,NULL,'2007-04-03 00:00:00.000000',NULL,1),(2,NULL,'User','$2a$10$xWykm3LUauNxthMDhfXGfeeYFVsvVaN5uJk8C.1oTVV77ea0.nT4a','Active','User','userkey',NULL,NULL,'2007-04-03 00:00:00.000000',NULL,2);
/*!40000 ALTER TABLE `Accounts` ENABLE KEYS */;
UNLOCK TABLES;

--
-- Table structure for table `AccountsGroups`
--

DROP TABLE IF EXISTS `AccountsGroups`;
/*!40101 SET @saved_cs_client     = @@character_set_client */;
/*!40101 SET character_set_client = utf8 */;
CREATE TABLE `AccountsGroups` (
  `AccountGroupID` int(11) NOT NULL AUTO_INCREMENT,
  `Admin` bit(1) NOT NULL,
  `LastModified` datetime(6) DEFAULT NULL,
  `Rights` varchar(20) NOT NULL,
  `AccountID` int(11) DEFAULT NULL,
  `GroupID` int(11) DEFAULT NULL,
  PRIMARY KEY (`AccountGroupID`),
  KEY `FK_dh5l0va08wgkf4t4rydt1qboc` (`AccountID`),
  KEY `FK_o3k28i5e35d32g1i4o6sbo35m` (`GroupID`),
  CONSTRAINT `FK_dh5l0va08wgkf4t4rydt1qboc` FOREIGN KEY (`AccountID`) REFERENCES `Accounts` (`AccountID`),
  CONSTRAINT `FK_o3k28i5e35d32g1i4o6sbo35m` FOREIGN KEY (`GroupID`) REFERENCES `Groups` (`GroupID`)
) ENGINE=InnoDB AUTO_INCREMENT=269 DEFAULT CHARSET=latin1;
/*!40101 SET character_set_client = @saved_cs_client */;

--
-- Dumping data for table `AccountsGroups`
--

LOCK TABLES `AccountsGroups` WRITE;
/*!40000 ALTER TABLE `AccountsGroups` DISABLE KEYS */;
INSERT INTO `AccountsGroups` VALUES (265,'\0','2013-03-19 00:00:00.000000','1111',1,1),(266,'','2013-03-19 00:00:00.000000','1111',2,2),(267,'\0','2013-03-19 00:00:00.000000','1111',1,3),(268,'\0','2013-03-19 00:00:00.000000','1111',2,3);
/*!40000 ALTER TABLE `AccountsGroups` ENABLE KEYS */;
UNLOCK TABLES;

--
-- Table structure for table `Addresses`
--

DROP TABLE IF EXISTS `Addresses`;
/*!40101 SET @saved_cs_client     = @@character_set_client */;
/*!40101 SET character_set_client = utf8 */;
CREATE TABLE `Addresses` (
  `AddressID` int(11) NOT NULL AUTO_INCREMENT,
  `AddressNote` longtext,
  `LastModified` datetime(6) DEFAULT NULL,
  `Locality` varchar(64) DEFAULT NULL,
  `OrganisationName` varchar(256) DEFAULT NULL,
  `OrganisationUnit` varchar(256) DEFAULT NULL,
  `PostalCode` varchar(64) DEFAULT NULL,
  `Street` varchar(256) DEFAULT NULL,
  `Country` int(11) DEFAULT NULL,
  `StateProvince` int(11) DEFAULT NULL,
  PRIMARY KEY (`AddressID`),
  KEY `FK_sn9a64qvbnm650bmmfj23v3p9` (`Country`),
  KEY `FK_lx56ewrr853p17h0qt2qdu3r3` (`StateProvince`),
  CONSTRAINT `FK_lx56ewrr853p17h0qt2qdu3r3` FOREIGN KEY (`StateProvince`) REFERENCES `Provinces` (`ProvinceId`),
  CONSTRAINT `FK_sn9a64qvbnm650bmmfj23v3p9` FOREIGN KEY (`Country`) REFERENCES `Countries` (`CountryId`)
) ENGINE=InnoDB AUTO_INCREMENT=2 DEFAULT CHARSET=latin1;
/*!40101 SET character_set_client = @saved_cs_client */;

--
-- Dumping data for table `Addresses`
--

LOCK TABLES `Addresses` WRITE;
/*!40000 ALTER TABLE `Addresses` DISABLE KEYS */;
INSERT INTO `Addresses` VALUES (1,'aaa','2013-03-19 00:00:00.000000','aaa','AAFC','Entomology','K1A0C6','960 Carling',1,1);
/*!40000 ALTER TABLE `Addresses` ENABLE KEYS */;
UNLOCK TABLES;

--
-- Table structure for table `Addresses_AUD`
--

DROP TABLE IF EXISTS `Addresses_AUD`;
/*!40101 SET @saved_cs_client     = @@character_set_client */;
/*!40101 SET character_set_client = utf8 */;
CREATE TABLE `Addresses_AUD` (
  `AddressID` int(11) NOT NULL,
  `REV` int(11) NOT NULL,
  `REVTYPE` tinyint(4) DEFAULT NULL,
  `AddressNote` longtext,
  `Locality` varchar(64) DEFAULT NULL,
  `OrganisationName` varchar(256) DEFAULT NULL,
  `OrganisationUnit` varchar(256) DEFAULT NULL,
  `PostalCode` varchar(64) DEFAULT NULL,
  `Street` varchar(256) DEFAULT NULL,
  `Country` int(11) DEFAULT NULL,
  `StateProvince` int(11) DEFAULT NULL,
  PRIMARY KEY (`AddressID`,`REV`),
  KEY `FK_a52vr69j4yhujfvingbvgwti7` (`REV`),
  CONSTRAINT `FK_a52vr69j4yhujfvingbvgwti7` FOREIGN KEY (`REV`) REFERENCES `Revision` (`id`)
) ENGINE=InnoDB DEFAULT CHARSET=latin1;
/*!40101 SET character_set_client = @saved_cs_client */;

--
-- Dumping data for table `Addresses_AUD`
--

LOCK TABLES `Addresses_AUD` WRITE;
/*!40000 ALTER TABLE `Addresses_AUD` DISABLE KEYS */;
/*!40000 ALTER TABLE `Addresses_AUD` ENABLE KEYS */;
UNLOCK TABLES;

--
-- Table structure for table `Alleles`
--

DROP TABLE IF EXISTS `Alleles`;
/*!40101 SET @saved_cs_client     = @@character_set_client */;
/*!40101 SET character_set_client = utf8 */;
CREATE TABLE `Alleles` (
  `ID` int(11) NOT NULL AUTO_INCREMENT,
  `Locus` varchar(255) DEFAULT NULL,
  `Number` int(11) DEFAULT NULL,
  `Size` varchar(255) DEFAULT NULL,
  `Value` int(11) DEFAULT NULL,
  `GenotypeID` int(11) NOT NULL,
  PRIMARY KEY (`ID`),
  UNIQUE KEY `UK_t3mag85pskyujqwuuiu3hvvy1` (`GenotypeID`,`Number`),
  CONSTRAINT `FK_imr3iov7t4b7c2fgtednxil3s` FOREIGN KEY (`GenotypeID`) REFERENCES `Genotypes` (`GenotypeID`)
) ENGINE=InnoDB AUTO_INCREMENT=1541 DEFAULT CHARSET=latin1;
/*!40101 SET character_set_client = @saved_cs_client */;

--
-- Dumping data for table `Alleles`
--

LOCK TABLES `Alleles` WRITE;
/*!40000 ALTER TABLE `Alleles` DISABLE KEYS */;
INSERT INTO `Alleles` VALUES (1,'AB01 - 01',1,'1.232',1,1),(2,'AB01 - 02',2,'2.2323',2,1),(3,'CD45 - 01',1,'6.2323',6,2),(4,'CD45 - 02',2,'5.2323',5,2),(5,'MU51 - 1',9,'142',NULL,7),(6,'G10L- 2',14,'182',NULL,7),(7,'MU05 - 1',5,'127',NULL,7),(8,'MU05 - 2',6,'127',NULL,7),(9,'MU50 - 2',16,'136',NULL,7),(10,'MU51 - 2',10,'150',NULL,7),(11,'MU59 - 1',11,'246',NULL,7),(12,'G10L - 1',13,'172',NULL,7),(13,'MU59 - 2',12,'248',NULL,7),(14,'MU09 - 2',2,'116',NULL,7),(15,'MU09 - 1',1,'104',NULL,7),(16,'MU10 - 1',3,'151',NULL,7),(17,'MU10 - 2',4,'151',NULL,7),(18,'MU50 - 1',15,'130',NULL,7),(19,'MU23 - 1',7,'173',NULL,7),(20,'MU23 - 2',8,'176',NULL,7),(21,'MU05 - 1',5,'125',NULL,8),(22,'G10L- 2',14,'182',NULL,8),(23,'MU05 - 2',6,'127',NULL,8),(24,'MU50 - 2',16,'124',NULL,8),(25,'MU51 - 1',9,'150',NULL,8),(26,'MU51 - 2',10,'150',NULL,8),(27,'MU09 - 2',2,'120',NULL,8),(28,'MU10 - 1',3,'143',NULL,8),(29,'MU50 - 1',15,'124',NULL,8),(30,'MU59 - 1',11,'246',NULL,8),(31,'MU59 - 2',12,'256',NULL,8),(32,'G10L - 1',13,'182',NULL,8),(33,'MU09 - 1',1,'110',NULL,8),(34,'MU10 - 2',4,'151',NULL,8),(35,'MU23 - 1',7,'170',NULL,8),(36,'MU23 - 2',8,'172',NULL,8),(37,'G10L- 2',14,'182',NULL,9),(38,'MU05 - 1',5,'127',NULL,9),(39,'MU05 - 2',6,'127',NULL,9),(40,'MU51 - 1',9,'140',NULL,9),(41,'MU51 - 2',10,'150',NULL,9),(42,'MU50 - 2',16,'134',NULL,9),(43,'MU09 - 2',2,'120',NULL,9),(44,'MU59 - 1',11,'246',NULL,9),(45,'MU59 - 2',12,'256',NULL,9),(46,'G10L - 1',13,'182',NULL,9),(47,'MU09 - 1',1,'116',NULL,9),(48,'MU10 - 2',4,'151',NULL,9),(49,'MU50 - 1',15,'130',NULL,9),(50,'MU10 - 1',3,'141',NULL,9),(51,'MU23 - 1',7,'176',NULL,9),(52,'MU23 - 2',8,'176',NULL,9),(53,'MU09 - 1',1,'98',NULL,10),(54,'G10L- 2',14,'182',NULL,10),(55,'MU05 - 1',5,'117',NULL,10),(56,'MU51 - 2',10,'152',NULL,10),(57,'MU51 - 1',9,'150',NULL,10),(58,'MU50 - 2',16,'132',NULL,10),(59,'MU50 - 1',15,'110',NULL,10),(60,'MU09 - 2',2,'112',NULL,10),(61,'MU10 - 1',3,'147',NULL,10),(62,'G10L - 1',13,'182',NULL,10),(63,'MU05 - 2',6,'123',NULL,10),(64,'MU59 - 1',11,'248',NULL,10),(65,'MU59 - 2',12,'248',NULL,10),(66,'MU10 - 2',4,'151',NULL,10),(67,'MU23 - 1',7,'164',NULL,10),(68,'MU23 - 2',8,'176',NULL,10),(69,'MU05 - 2',6,'125',NULL,11),(70,'MU51 - 1',9,'150',NULL,11),(71,'MU51 - 2',10,'150',NULL,11),(72,'MU50 - 2',16,'132',NULL,11),(73,'MU09 - 1',1,'112',NULL,11),(74,'G10L - 1',13,'182',NULL,11),(75,'G10L- 2',14,'186',NULL,11),(76,'MU05 - 1',5,'123',NULL,11),(77,'MU50 - 1',15,'128',NULL,11),(78,'MU09 - 2',2,'116',NULL,11),(79,'MU59 - 1',11,'232',NULL,11),(80,'MU10 - 1',3,'151',NULL,11),(81,'MU10 - 2',4,'151',NULL,11),(82,'MU59 - 2',12,'240',NULL,11),(83,'MU23 - 1',7,'164',NULL,11),(84,'MU23 - 2',8,'166',NULL,11),(85,'MU05 - 2',6,'125',NULL,12),(86,'MU51 - 1',9,'142',NULL,12),(87,'G10L- 2',14,'182',NULL,12),(88,'MU50 - 2',16,'136',NULL,12),(89,'MU51 - 2',10,'150',NULL,12),(90,'MU59 - 1',11,'228',NULL,12),(91,'MU10 - 1',3,'143',NULL,12),(92,'MU05 - 1',5,'121',NULL,12),(93,'G10L - 1',13,'172',NULL,12),(94,'MU50 - 1',15,'136',NULL,12),(95,'MU09 - 1',1,'110',NULL,12),(96,'MU59 - 2',12,'248',NULL,12),(97,'MU09 - 2',2,'116',NULL,12),(98,'MU10 - 2',4,'151',NULL,12),(99,'MU23 - 2',8,'173',NULL,12),(100,'MU23 - 1',7,'164',NULL,12),(101,'G10L- 2',14,'182',NULL,13),(102,'MU05 - 1',5,'127',NULL,13),(103,'MU05 - 2',6,'127',NULL,13),(104,'MU51 - 2',10,'152',NULL,13),(105,'MU50 - 2',16,'124',NULL,13),(106,'MU51 - 1',9,'150',NULL,13),(107,'MU09 - 2',2,'120',NULL,13),(108,'MU10 - 1',3,'143',NULL,13),(109,'MU50 - 1',15,'124',NULL,13),(110,'MU59 - 2',12,'256',NULL,13),(111,'G10L - 1',13,'172',NULL,13),(112,'MU59 - 1',11,'248',NULL,13),(113,'MU09 - 1',1,'116',NULL,13),(114,'MU10 - 2',4,'151',NULL,13),(115,'MU23 - 1',7,'176',NULL,13),(116,'MU23 - 2',8,'176',NULL,13),(117,'MU51 - 1',9,'142',NULL,14),(118,'MU05 - 1',5,'127',NULL,14),(119,'MU05 - 2',6,'127',NULL,14),(120,'MU51 - 2',10,'148',NULL,14),(121,'G10L - 1',13,'178',NULL,14),(122,'MU09 - 1',1,'110',NULL,14),(123,'G10L- 2',14,'188',NULL,14),(124,'MU09 - 2',2,'116',NULL,14),(125,'MU10 - 2',4,'151',NULL,14),(126,'MU59 - 1',11,'240',NULL,14),(127,'MU50 - 1',15,'130',NULL,14),(128,'MU10 - 1',3,'141',NULL,14),(129,'MU59 - 2',12,'240',NULL,14),(130,'MU50 - 2',16,'130',NULL,14),(131,'MU23 - 1',7,'173',NULL,14),(132,'MU23 - 2',8,'174',NULL,14),(133,'MU05 - 2',6,'127',NULL,15),(134,'MU51 - 2',10,'152',NULL,15),(135,'MU50 - 2',16,'132',NULL,15),(136,'MU09 - 2',2,'120',NULL,15),(137,'MU51 - 1',9,'148',NULL,15),(138,'G10L - 1',13,'178',NULL,15),(139,'MU59 - 2',12,'256',NULL,15),(140,'MU05 - 1',5,'123',NULL,15),(141,'G10L- 2',14,'178',NULL,15),(142,'MU09 - 1',1,'110',NULL,15),(143,'MU50 - 1',15,'128',NULL,15),(144,'MU59 - 1',11,'232',NULL,15),(145,'MU10 - 2',4,'151',NULL,15),(146,'MU10 - 1',3,'141',NULL,15),(147,'MU23 - 1',7,'170',NULL,15),(148,'MU23 - 2',8,'176',NULL,15),(149,'MU05 - 1',5,'125',NULL,16),(150,'MU09 - 1',1,'98',NULL,16),(151,'MU05 - 2',6,'127',NULL,16),(152,'MU51 - 2',10,'150',NULL,16),(153,'MU51 - 1',9,'148',NULL,16),(154,'MU10 - 1',3,'145',NULL,16),(155,'G10L - 1',13,'188',NULL,16),(156,'MU10 - 2',4,'147',NULL,16),(157,'MU59 - 1',11,'226',NULL,16),(158,'MU59 - 2',12,'248',NULL,16),(159,'G10L- 2',14,'188',NULL,16),(160,'MU50 - 1',15,'128',NULL,16),(161,'MU09 - 2',2,'116',NULL,16),(162,'MU50 - 2',16,'130',NULL,16),(163,'MU23 - 2',8,'173',NULL,16),(164,'MU23 - 1',7,'166',NULL,16),(165,'MU05 - 1',5,'125',NULL,17),(166,'G10L- 2',14,'182',NULL,17),(167,'MU05 - 2',6,'127',NULL,17),(168,'MU51 - 2',10,'150',NULL,17),(169,'MU50 - 2',16,'134',NULL,17),(170,'MU09 - 1',1,'120',NULL,17),(171,'MU51 - 1',9,'148',NULL,17),(172,'G10L - 1',13,'178',NULL,17),(173,'MU59 - 2',12,'256',NULL,17),(174,'MU09 - 2',2,'122',NULL,17),(175,'MU59 - 1',11,'248',NULL,17),(176,'MU10 - 2',4,'151',NULL,17),(177,'MU50 - 1',15,'130',NULL,17),(178,'MU10 - 1',3,'141',NULL,17),(179,'MU23 - 2',8,'172',NULL,17),(180,'MU23 - 1',7,'166',NULL,17),(181,'MU05 - 1',5,'125',NULL,18),(182,'MU05 - 2',6,'125',NULL,18),(183,'MU51 - 1',9,'142',NULL,18),(184,'MU09 - 2',2,'120',NULL,18),(185,'MU10 - 1',3,'143',NULL,18),(186,'MU10 - 2',4,'143',NULL,18),(187,'MU51 - 2',10,'148',NULL,18),(188,'MU50 - 1',15,'124',NULL,18),(189,'MU59 - 1',11,'246',NULL,18),(190,'MU59 - 2',12,'246',NULL,18),(191,'G10L - 1',13,'174',NULL,18),(192,'G10L- 2',14,'188',NULL,18),(193,'MU09 - 1',1,'116',NULL,18),(194,'MU23 - 1',7,'170',NULL,18),(195,'MU50 - 2',16,'130',NULL,18),(196,'MU23 - 2',8,'176',NULL,18),(197,'MU05 - 2',6,'125',NULL,19),(198,'G10L- 2',14,'182',NULL,19),(199,'MU51 - 1',9,'140',NULL,19),(200,'MU50 - 2',16,'136',NULL,19),(201,'MU51 - 2',10,'148',NULL,19),(202,'MU59 - 2',12,'256',NULL,19),(203,'MU09 - 1',1,'112',NULL,19),(204,'G10L - 1',13,'182',NULL,19),(205,'MU09 - 2',2,'122',NULL,19),(206,'MU05 - 1',5,'123',NULL,19),(207,'MU50 - 1',15,'128',NULL,19),(208,'MU10 - 1',3,'151',NULL,19),(209,'MU10 - 2',4,'151',NULL,19),(210,'MU59 - 1',11,'240',NULL,19),(211,'MU23 - 1',7,'172',NULL,19),(212,'MU23 - 2',8,'174',NULL,19),(213,'MU05 - 1',5,'125',NULL,20),(214,'MU05 - 2',6,'127',NULL,20),(215,'MU51 - 1',9,'150',NULL,20),(216,'MU51 - 2',10,'150',NULL,20),(217,'MU50 - 2',16,'134',NULL,20),(218,'MU09 - 2',2,'120',NULL,20),(219,'MU50 - 1',15,'124',NULL,20),(220,'MU59 - 2',12,'256',NULL,20),(221,'G10L - 1',13,'182',NULL,20),(222,'MU59 - 1',11,'248',NULL,20),(223,'G10L- 2',14,'188',NULL,20),(224,'MU09 - 1',1,'116',NULL,20),(225,'MU10 - 2',4,'151',NULL,20),(226,'MU10 - 1',3,'141',NULL,20),(227,'MU23 - 1',7,'170',NULL,20),(228,'MU23 - 2',8,'176',NULL,20),(229,'G10L- 2',14,'182',NULL,21),(230,'MU05 - 2',6,'127',NULL,21),(231,'MU50 - 2',16,'124',NULL,21),(232,'MU51 - 2',10,'150',NULL,21),(233,'MU10 - 1',3,'143',NULL,21),(234,'MU51 - 1',9,'148',NULL,21),(235,'MU10 - 2',4,'145',NULL,21),(236,'MU50 - 1',15,'124',NULL,21),(237,'G10L - 1',13,'172',NULL,21),(238,'MU05 - 1',5,'123',NULL,21),(239,'MU59 - 1',11,'248',NULL,21),(240,'MU59 - 2',12,'248',NULL,21),(241,'MU09 - 1',1,'116',NULL,21),(242,'MU09 - 2',2,'116',NULL,21),(243,'MU23 - 1',7,'170',NULL,21),(244,'MU23 - 2',8,'173',NULL,21),(245,'MU05 - 2',6,'125',NULL,22),(246,'MU51 - 1',9,'142',NULL,22),(247,'MU51 - 2',10,'152',NULL,22),(248,'MU09 - 1',1,'120',NULL,22),(249,'MU50 - 1',15,'124',NULL,22),(250,'MU59 - 2',12,'256',NULL,22),(251,'MU09 - 2',2,'122',NULL,22),(252,'MU05 - 1',5,'123',NULL,22),(253,'G10L - 1',13,'184',NULL,22),(254,'G10L- 2',14,'188',NULL,22),(255,'MU10 - 2',4,'151',NULL,22),(256,'MU59 - 1',11,'240',NULL,22),(257,'MU10 - 1',3,'141',NULL,22),(258,'MU23 - 1',7,'170',NULL,22),(259,'MU50 - 2',16,'130',NULL,22),(260,'MU23 - 2',8,'172',NULL,22),(261,'MU51 - 1',9,'142',NULL,23),(262,'G10L- 2',14,'182',NULL,23),(263,'MU05 - 2',6,'127',NULL,23),(264,'MU51 - 2',10,'150',NULL,23),(265,'MU10 - 1',3,'143',NULL,23),(266,'G10L - 1',13,'178',NULL,23),(267,'MU59 - 1',11,'246',NULL,23),(268,'MU10 - 2',4,'147',NULL,23),(269,'MU05 - 1',5,'123',NULL,23),(270,'MU59 - 2',12,'248',NULL,23),(271,'MU09 - 2',2,'116',NULL,23),(272,'MU09 - 1',1,'104',NULL,23),(273,'MU50 - 1',15,'130',NULL,23),(274,'MU50 - 2',16,'130',NULL,23),(275,'MU23 - 1',7,'176',NULL,23),(276,'MU23 - 2',8,'176',NULL,23),(277,'MU51 - 1',9,'142',NULL,24),(278,'G10L- 2',14,'184',NULL,24),(279,'MU51 - 2',10,'148',NULL,24),(280,'MU50 - 1',15,'124',NULL,24),(281,'MU59 - 1',11,'246',NULL,24),(282,'MU10 - 1',3,'147',NULL,24),(283,'G10L - 1',13,'182',NULL,24),(284,'MU09 - 2',2,'122',NULL,24),(285,'MU05 - 1',5,'123',NULL,24),(286,'MU05 - 2',6,'123',NULL,24),(287,'MU09 - 1',1,'110',NULL,24),(288,'MU59 - 2',12,'248',NULL,24),(289,'MU10 - 2',4,'151',NULL,24),(290,'MU50 - 2',16,'130',NULL,24),(291,'MU23 - 1',7,'166',NULL,24),(292,'MU23 - 2',8,'166',NULL,24),(293,'MU51 - 1',9,'142',NULL,25),(294,'MU50 - 2',16,'128',NULL,25),(295,'MU05 - 2',6,'127',NULL,25),(296,'MU51 - 2',10,'152',NULL,25),(297,'G10L- 2',14,'184',NULL,25),(298,'MU09 - 2',2,'120',NULL,25),(299,'MU10 - 1',3,'143',NULL,25),(300,'MU50 - 1',15,'124',NULL,25),(301,'MU10 - 2',4,'147',NULL,25),(302,'G10L - 1',13,'182',NULL,25),(303,'MU05 - 1',5,'123',NULL,25),(304,'MU59 - 1',11,'248',NULL,25),(305,'MU59 - 2',12,'248',NULL,25),(306,'MU09 - 1',1,'116',NULL,25),(307,'MU23 - 1',7,'173',NULL,25),(308,'MU23 - 2',8,'176',NULL,25),(309,'MU51 - 1',9,'142',NULL,26),(310,'MU51 - 2',10,'150',NULL,26),(311,'MU09 - 2',2,'120',NULL,26),(312,'MU50 - 1',15,'124',NULL,26),(313,'MU59 - 1',11,'246',NULL,26),(314,'MU10 - 1',3,'147',NULL,26),(315,'MU59 - 2',12,'246',NULL,26),(316,'G10L - 1',13,'182',NULL,26),(317,'MU05 - 1',5,'123',NULL,26),(318,'MU05 - 2',6,'123',NULL,26),(319,'MU09 - 1',1,'110',NULL,26),(320,'G10L- 2',14,'188',NULL,26),(321,'MU10 - 2',4,'151',NULL,26),(322,'MU50 - 2',16,'130',NULL,26),(323,'MU23 - 1',7,'166',NULL,26),(324,'MU23 - 2',8,'166',NULL,26),(325,'G10L- 2',14,'182',NULL,27),(326,'MU05 - 1',5,'127',NULL,27),(327,'MU05 - 2',6,'127',NULL,27),(328,'MU51 - 1',9,'140',NULL,27),(329,'MU50 - 2',16,'132',NULL,27),(330,'MU10 - 1',3,'143',NULL,27),(331,'MU51 - 2',10,'148',NULL,27),(332,'G10L - 1',13,'178',NULL,27),(333,'MU10 - 2',4,'145',NULL,27),(334,'MU09 - 2',2,'110',NULL,27),(335,'MU59 - 2',12,'248',NULL,27),(336,'MU09 - 1',1,'104',NULL,27),(337,'MU59 - 1',11,'240',NULL,27),(338,'MU50 - 1',15,'130',NULL,27),(339,'MU23 - 1',7,'173',NULL,27),(340,'MU23 - 2',8,'176',NULL,27),(341,'MU51 - 1',9,'142',NULL,28),(342,'MU50 - 2',16,'128',NULL,28),(343,'G10L- 2',14,'184',NULL,28),(344,'MU51 - 2',10,'150',NULL,28),(345,'MU10 - 1',3,'145',NULL,28),(346,'MU50 - 1',15,'124',NULL,28),(347,'MU10 - 2',4,'147',NULL,28),(348,'G10L - 1',13,'182',NULL,28),(349,'MU05 - 1',5,'123',NULL,28),(350,'MU05 - 2',6,'123',NULL,28),(351,'MU59 - 1',11,'248',NULL,28),(352,'MU09 - 1',1,'110',NULL,28),(353,'MU59 - 2',12,'248',NULL,28),(354,'MU09 - 2',2,'116',NULL,28),(355,'MU23 - 1',7,'176',NULL,28),(356,'MU23 - 2',8,'176',NULL,28),(357,'MU05 - 2',6,'127',NULL,29),(358,'MU51 - 2',10,'152',NULL,29),(359,'MU51 - 1',9,'150',NULL,29),(360,'MU50 - 2',16,'134',NULL,29),(361,'MU10 - 1',3,'145',NULL,29),(362,'MU10 - 2',4,'147',NULL,29),(363,'MU09 - 2',2,'122',NULL,29),(364,'MU05 - 1',5,'123',NULL,29),(365,'MU59 - 1',11,'248',NULL,29),(366,'MU59 - 2',12,'248',NULL,29),(367,'G10L - 1',13,'184',NULL,29),(368,'G10L- 2',14,'188',NULL,29),(369,'MU09 - 1',1,'116',NULL,29),(370,'MU50 - 1',15,'130',NULL,29),(371,'MU23 - 1',7,'176',NULL,29),(372,'MU23 - 2',8,'176',NULL,29),(373,'MU51 - 1',9,'142',NULL,30),(374,'MU05 - 1',5,'127',NULL,30),(375,'MU05 - 2',6,'127',NULL,30),(376,'MU50 - 2',16,'124',NULL,30),(377,'MU09 - 2',2,'120',NULL,30),(378,'MU51 - 2',10,'148',NULL,30),(379,'MU50 - 1',15,'124',NULL,30),(380,'MU59 - 2',12,'246',NULL,30),(381,'G10L - 1',13,'182',NULL,30),(382,'MU09 - 1',1,'110',NULL,30),(383,'G10L- 2',14,'188',NULL,30),(384,'MU10 - 1',3,'151',NULL,30),(385,'MU10 - 2',4,'151',NULL,30),(386,'MU59 - 1',11,'240',NULL,30),(387,'MU23 - 1',7,'166',NULL,30),(388,'MU23 - 2',8,'176',NULL,30),(389,'G10L- 2',14,'182',NULL,31),(390,'MU05 - 1',5,'127',NULL,31),(391,'MU05 - 2',6,'127',NULL,31),(392,'MU51 - 2',10,'152',NULL,31),(393,'MU51 - 1',9,'150',NULL,31),(394,'MU50 - 2',16,'134',NULL,31),(395,'MU10 - 1',3,'143',NULL,31),(396,'MU10 - 2',4,'145',NULL,31),(397,'MU59 - 1',11,'246',NULL,31),(398,'G10L - 1',13,'182',NULL,31),(399,'MU09 - 2',2,'122',NULL,31),(400,'MU09 - 1',1,'110',NULL,31),(401,'MU59 - 2',12,'248',NULL,31),(402,'MU50 - 1',15,'128',NULL,31),(403,'MU23 - 1',7,'172',NULL,31),(404,'MU23 - 2',8,'172',NULL,31),(405,'MU05 - 1',5,'125',NULL,32),(406,'MU05 - 2',6,'127',NULL,32),(407,'MU51 - 2',10,'152',NULL,32),(408,'G10L- 2',14,'184',NULL,32),(409,'MU51 - 1',9,'150',NULL,32),(410,'MU50 - 1',15,'124',NULL,32),(411,'MU10 - 1',3,'147',NULL,32),(412,'MU59 - 2',12,'246',NULL,32),(413,'MU09 - 1',1,'110',NULL,32),(414,'G10L - 1',13,'184',NULL,32),(415,'MU09 - 2',2,'116',NULL,32),(416,'MU10 - 2',4,'151',NULL,32),(417,'MU59 - 1',11,'240',NULL,32),(418,'MU50 - 2',16,'130',NULL,32),(419,'MU23 - 1',7,'173',NULL,32),(420,'MU23 - 2',8,'176',NULL,32),(421,'MU05 - 1',5,'127',NULL,33),(422,'MU05 - 2',6,'127',NULL,33),(423,'MU51 - 1',9,'140',NULL,33),(424,'MU51 - 2',10,'152',NULL,33),(425,'G10L- 2',14,'184',NULL,33),(426,'MU50 - 2',16,'134',NULL,33),(427,'MU10 - 1',3,'143',NULL,33),(428,'MU50 - 1',15,'124',NULL,33),(429,'G10L - 1',13,'182',NULL,33),(430,'MU59 - 2',12,'248',NULL,33),(431,'MU09 - 2',2,'116',NULL,33),(432,'MU09 - 1',1,'104',NULL,33),(433,'MU10 - 2',4,'151',NULL,33),(434,'MU59 - 1',11,'240',NULL,33),(435,'MU23 - 1',7,'176',NULL,33),(436,'MU23 - 2',8,'176',NULL,33),(437,'G10L- 2',14,'182',NULL,34),(438,'MU05 - 1',5,'117',NULL,34),(439,'MU51 - 1',9,'150',NULL,34),(440,'MU51 - 2',10,'150',NULL,34),(441,'MU10 - 2',4,'143',NULL,34),(442,'MU50 - 1',15,'124',NULL,34),(443,'G10L - 1',13,'182',NULL,34),(444,'MU09 - 2',2,'122',NULL,34),(445,'MU05 - 2',6,'123',NULL,34),(446,'MU59 - 2',12,'248',NULL,34),(447,'MU09 - 1',1,'116',NULL,34),(448,'MU59 - 1',11,'240',NULL,34),(449,'MU10 - 1',3,'141',NULL,34),(450,'MU50 - 2',16,'130',NULL,34),(451,'MU23 - 2',8,'172',NULL,34),(452,'MU23 - 1',7,'166',NULL,34),(453,'MU51 - 1',9,'142',NULL,35),(454,'MU51 - 2',10,'150',NULL,35),(455,'MU50 - 2',16,'134',NULL,35),(456,'MU50 - 1',15,'132',NULL,35),(457,'MU05 - 1',5,'121',NULL,35),(458,'MU09 - 1',1,'112',NULL,35),(459,'MU59 - 2',12,'246',NULL,35),(460,'G10L - 1',13,'182',NULL,35),(461,'MU05 - 2',6,'123',NULL,35),(462,'G10L- 2',14,'188',NULL,35),(463,'MU09 - 2',2,'116',NULL,35),(464,'MU10 - 2',4,'151',NULL,35),(465,'MU59 - 1',11,'240',NULL,35),(466,'MU10 - 1',3,'141',NULL,35),(467,'MU23 - 2',8,'172',NULL,35),(468,'MU23 - 1',7,'166',NULL,35),(469,'G10L- 2',14,'182',NULL,36),(470,'MU05 - 1',5,'127',NULL,36),(471,'MU05 - 2',6,'127',NULL,36),(472,'MU51 - 1',9,'140',NULL,36),(473,'MU51 - 2',10,'150',NULL,36),(474,'MU50 - 2',16,'132',NULL,36),(475,'MU50 - 1',15,'110',NULL,36),(476,'MU10 - 1',3,'145',NULL,36),(477,'MU09 - 1',1,'112',NULL,36),(478,'G10L - 1',13,'182',NULL,36),(479,'MU59 - 1',11,'248',NULL,36),(480,'MU09 - 2',2,'116',NULL,36),(481,'MU10 - 2',4,'151',NULL,36),(482,'MU59 - 2',12,'250',NULL,36),(483,'MU23 - 1',7,'170',NULL,36),(484,'MU23 - 2',8,'170',NULL,36),(485,'MU51 - 1',9,'142',NULL,37),(486,'G10L- 2',14,'182',NULL,37),(487,'MU51 - 2',10,'152',NULL,37),(488,'MU50 - 2',16,'124',NULL,37),(489,'MU09 - 2',2,'120',NULL,37),(490,'MU50 - 1',15,'110',NULL,37),(491,'MU10 - 1',3,'143',NULL,37),(492,'MU10 - 2',4,'143',NULL,37),(493,'MU05 - 1',5,'121',NULL,37),(494,'MU59 - 1',11,'246',NULL,37),(495,'G10L - 1',13,'172',NULL,37),(496,'MU59 - 2',12,'246',NULL,37),(497,'MU05 - 2',6,'123',NULL,37),(498,'MU09 - 1',1,'110',NULL,37),(499,'MU23 - 1',7,'173',NULL,37),(500,'MU23 - 2',8,'176',NULL,37),(501,'MU23 - 1',7,'168',NULL,38),(502,'MU51 - 1',9,'142',NULL,38),(503,'MU05 - 2',6,'127',NULL,38),(504,'MU09 - 2',2,'120',NULL,38),(505,'MU51 - 2',10,'148',NULL,38),(506,'MU10 - 2',4,'145',NULL,38),(507,'MU50 - 1',15,'124',NULL,38),(508,'MU59 - 1',11,'246',NULL,38),(509,'G10L - 1',13,'172',NULL,38),(510,'MU59 - 2',12,'246',NULL,38),(511,'MU05 - 1',5,'123',NULL,38),(512,'G10L- 2',14,'188',NULL,38),(513,'MU09 - 1',1,'116',NULL,38),(514,'MU10 - 1',3,'141',NULL,38),(515,'MU50 - 2',16,'130',NULL,38),(516,'MU23 - 2',8,'176',NULL,38),(517,'MU51 - 1',9,'142',NULL,39),(518,'G10L- 2',14,'184',NULL,39),(519,'MU59 - 1',11,NULL,NULL,39),(520,'MU59 - 2',12,NULL,NULL,39),(521,'MU51 - 2',10,'148',NULL,39),(522,'G10L - 1',13,'178',NULL,39),(523,'MU10 - 1',3,'147',NULL,39),(524,'MU05 - 1',5,'123',NULL,39),(525,'MU05 - 2',6,'123',NULL,39),(526,'MU09 - 1',1,'110',NULL,39),(527,'MU50 - 1',15,'128',NULL,39),(528,'MU09 - 2',2,'116',NULL,39),(529,'MU10 - 2',4,'151',NULL,39),(530,'MU50 - 2',16,'130',NULL,39),(531,'MU23 - 2',8,'173',NULL,39),(532,'MU23 - 1',7,'172',NULL,39),(533,'MU51 - 1',9,'142',NULL,40),(534,'MU50 - 2',16,'128',NULL,40),(535,'MU05 - 2',6,'127',NULL,40),(536,'G10L- 2',14,'184',NULL,40),(537,'MU51 - 2',10,'150',NULL,40),(538,'MU50 - 1',15,'124',NULL,40),(539,'MU10 - 2',4,'147',NULL,40),(540,'G10L - 1',13,'182',NULL,40),(541,'MU05 - 1',5,'123',NULL,40),(542,'MU59 - 2',12,'248',NULL,40),(543,'MU09 - 1',1,'116',NULL,40),(544,'MU09 - 2',2,'116',NULL,40),(545,'MU59 - 1',11,'240',NULL,40),(546,'MU10 - 1',3,'141',NULL,40),(547,'MU23 - 1',7,'170',NULL,40),(548,'MU23 - 2',8,'176',NULL,40),(549,'MU23 - 1',7,'168',NULL,41),(550,'MU51 - 2',10,'142',NULL,41),(551,'G10L- 2',14,'182',NULL,41),(552,'MU51 - 1',9,'140',NULL,41),(553,'MU50 - 2',16,'134',NULL,41),(554,'MU10 - 1',3,'143',NULL,41),(555,'MU59 - 1',11,'246',NULL,41),(556,'MU10 - 2',4,'147',NULL,41),(557,'MU59 - 2',12,'246',NULL,41),(558,'G10L - 1',13,'182',NULL,41),(559,'MU05 - 1',5,'123',NULL,41),(560,'MU05 - 2',6,'123',NULL,41),(561,'MU09 - 1',1,'110',NULL,41),(562,'MU09 - 2',2,'116',NULL,41),(563,'MU50 - 1',15,'130',NULL,41),(564,'MU23 - 2',8,'176',NULL,41),(565,'MU51 - 1',9,'142',NULL,42),(566,'MU50 - 2',16,'128',NULL,42),(567,'MU05 - 1',5,'127',NULL,42),(568,'MU05 - 2',6,'127',NULL,42),(569,'MU51 - 2',10,'152',NULL,42),(570,'MU09 - 2',2,'120',NULL,42),(571,'MU10 - 1',3,'143',NULL,42),(572,'MU50 - 1',15,'124',NULL,42),(573,'MU59 - 1',11,'246',NULL,42),(574,'MU10 - 2',4,'147',NULL,42),(575,'MU59 - 2',12,'248',NULL,42),(576,'G10L - 1',13,'184',NULL,42),(577,'G10L- 2',14,'188',NULL,42),(578,'MU09 - 1',1,'116',NULL,42),(579,'MU23 - 1',7,'176',NULL,42),(580,'MU23 - 2',8,'176',NULL,42),(581,'MU51 - 2',10,'142',NULL,43),(582,'MU50 - 2',16,'128',NULL,43),(583,'MU05 - 2',6,'127',NULL,43),(584,'MU51 - 1',9,'140',NULL,43),(585,'G10L - 1',13,'188',NULL,43),(586,'MU59 - 1',11,'246',NULL,43),(587,'MU09 - 2',2,'122',NULL,43),(588,'MU05 - 1',5,'123',NULL,43),(589,'MU59 - 2',12,'248',NULL,43),(590,'G10L- 2',14,'188',NULL,43),(591,'MU50 - 1',15,'128',NULL,43),(592,'MU09 - 1',1,'116',NULL,43),(593,'MU10 - 1',3,'151',NULL,43),(594,'MU10 - 2',4,'151',NULL,43),(595,'MU23 - 1',7,'176',NULL,43),(596,'MU23 - 2',8,'176',NULL,43),(597,'MU05 - 1',5,'117',NULL,44),(598,'G10L- 2',14,'184',NULL,44),(599,'MU50 - 2',16,'134',NULL,44),(600,'MU51 - 1',9,'148',NULL,44),(601,'MU51 - 2',10,'148',NULL,44),(602,'MU59 - 1',11,'246',NULL,44),(603,'MU59 - 2',12,'246',NULL,44),(604,'MU05 - 2',6,'123',NULL,44),(605,'MU09 - 1',1,'110',NULL,44),(606,'G10L - 1',13,'184',NULL,44),(607,'MU50 - 1',15,'128',NULL,44),(608,'MU09 - 2',2,'116',NULL,44),(609,'MU10 - 1',3,'151',NULL,44),(610,'MU10 - 2',4,'151',NULL,44),(611,'MU23 - 1',7,'172',NULL,44),(612,'MU23 - 2',8,'176',NULL,44),(613,'MU05 - 2',6,'127',NULL,45),(614,'G10L- 2',14,'184',NULL,45),(615,'MU51 - 2',10,'150',NULL,45),(616,'MU10 - 2',4,'143',NULL,45),(617,'MU51 - 1',9,'148',NULL,45),(618,'MU59 - 2',12,'246',NULL,45),(619,'G10L - 1',13,'182',NULL,45),(620,'MU05 - 1',5,'123',NULL,45),(621,'MU09 - 1',1,'116',NULL,45),(622,'MU09 - 2',2,'116',NULL,45),(623,'MU59 - 1',11,'240',NULL,45),(624,'MU50 - 1',15,'130',NULL,45),(625,'MU10 - 1',3,'141',NULL,45),(626,'MU23 - 1',7,'170',NULL,45),(627,'MU50 - 2',16,'130',NULL,45),(628,'MU23 - 2',8,'176',NULL,45),(629,'MU51 - 1',9,'142',NULL,46),(630,'MU51 - 2',10,'142',NULL,46),(631,'MU05 - 2',6,'127',NULL,46),(632,'MU50 - 2',16,'134',NULL,46),(633,'MU10 - 1',3,'145',NULL,46),(634,'G10L - 1',13,'188',NULL,46),(635,'MU50 - 1',15,'124',NULL,46),(636,'MU59 - 1',11,'246',NULL,46),(637,'MU10 - 2',4,'147',NULL,46),(638,'MU05 - 1',5,'123',NULL,46),(639,'MU09 - 2',2,'110',NULL,46),(640,'MU59 - 2',12,'248',NULL,46),(641,'G10L- 2',14,'188',NULL,46),(642,'MU09 - 1',1,'104',NULL,46),(643,'MU23 - 1',7,'166',NULL,46),(644,'MU23 - 2',8,'176',NULL,46),(645,'MU51 - 1',9,'140',NULL,47),(646,'MU51 - 2',10,'152',NULL,47),(647,'G10L- 2',14,'184',NULL,47),(648,'MU10 - 1',3,'143',NULL,47),(649,'MU10 - 2',4,'147',NULL,47),(650,'G10L - 1',13,'182',NULL,47),(651,'MU09 - 2',2,'122',NULL,47),(652,'MU05 - 1',5,'123',NULL,47),(653,'MU05 - 2',6,'123',NULL,47),(654,'MU09 - 1',1,'110',NULL,47),(655,'MU59 - 2',12,'248',NULL,47),(656,'MU50 - 1',15,'128',NULL,47),(657,'MU59 - 1',11,'240',NULL,47),(658,'MU50 - 2',16,'130',NULL,47),(659,'MU23 - 1',7,'176',NULL,47),(660,'MU23 - 2',8,'176',NULL,47),(661,'MU51 - 1',9,'142',NULL,48),(662,'MU51 - 2',10,'142',NULL,48),(663,'MU50 - 2',16,'124',NULL,48),(664,'MU10 - 2',4,'145',NULL,48),(665,'MU50 - 1',15,'124',NULL,48),(666,'G10L - 1',13,'182',NULL,48),(667,'MU05 - 1',5,'123',NULL,48),(668,'MU05 - 2',6,'123',NULL,48),(669,'MU59 - 1',11,'248',NULL,48),(670,'MU09 - 1',1,'110',NULL,48),(671,'G10L- 2',14,'188',NULL,48),(672,'MU09 - 2',2,'116',NULL,48),(673,'MU59 - 2',12,'250',NULL,48),(674,'MU10 - 1',3,'141',NULL,48),(675,'MU23 - 1',7,'166',NULL,48),(676,'MU23 - 2',8,'176',NULL,48),(677,'G10L- 2',14,'182',NULL,49),(678,'MU05 - 2',6,'127',NULL,49),(679,'MU51 - 2',10,'152',NULL,49),(680,'MU50 - 2',16,'134',NULL,49),(681,'MU09 - 2',2,'120',NULL,49),(682,'MU10 - 2',4,'143',NULL,49),(683,'MU51 - 1',9,'148',NULL,49),(684,'MU50 - 1',15,'124',NULL,49),(685,'G10L - 1',13,'182',NULL,49),(686,'MU05 - 1',5,'123',NULL,49),(687,'MU09 - 1',1,'110',NULL,49),(688,'MU59 - 2',12,'248',NULL,49),(689,'MU59 - 1',11,'240',NULL,49),(690,'MU10 - 1',3,'141',NULL,49),(691,'MU23 - 1',7,'172',NULL,49),(692,'MU23 - 2',8,'176',NULL,49),(693,'MU51 - 1',9,'142',NULL,50),(694,'G10L- 2',14,'182',NULL,50),(695,'MU05 - 2',6,'127',NULL,50),(696,'MU50 - 2',16,'132',NULL,50),(697,'MU09 - 2',2,'120',NULL,50),(698,'MU50 - 1',15,'132',NULL,50),(699,'MU10 - 1',3,'135',NULL,50),(700,'MU51 - 2',10,'148',NULL,50),(701,'MU59 - 1',11,'246',NULL,50),(702,'G10L - 1',13,'172',NULL,50),(703,'MU10 - 2',4,'147',NULL,50),(704,'MU05 - 1',5,'123',NULL,50),(705,'MU09 - 1',1,'110',NULL,50),(706,'MU59 - 2',12,'248',NULL,50),(707,'MU23 - 2',8,'170',NULL,50),(708,'MU23 - 1',7,'166',NULL,50),(709,'MU05 - 2',6,'127',NULL,51),(710,'MU51 - 2',10,'152',NULL,51),(711,'G10L- 2',14,'184',NULL,51),(712,'MU09 - 2',2,'120',NULL,51),(713,'MU10 - 1',3,'135',NULL,51),(714,'MU51 - 1',9,'148',NULL,51),(715,'MU10 - 2',4,'145',NULL,51),(716,'G10L - 1',13,'182',NULL,51),(717,'MU05 - 1',5,'123',NULL,51),(718,'MU59 - 2',12,'248',NULL,51),(719,'MU09 - 1',1,'116',NULL,51),(720,'MU59 - 1',11,'240',NULL,51),(721,'MU50 - 1',15,'130',NULL,51),(722,'MU50 - 2',16,'130',NULL,51),(723,'MU23 - 1',7,'166',NULL,51),(724,'MU23 - 2',8,'166',NULL,51),(725,'MU05 - 2',6,'127',NULL,52),(726,'G10L- 2',14,'184',NULL,52),(727,'MU51 - 2',10,'150',NULL,52),(728,'MU50 - 1',15,'110',NULL,52),(729,'MU10 - 1',3,'143',NULL,52),(730,'MU51 - 1',9,'148',NULL,52),(731,'MU09 - 1',1,'112',NULL,52),(732,'G10L - 1',13,'182',NULL,52),(733,'MU05 - 1',5,'123',NULL,52),(734,'MU59 - 2',12,'248',NULL,52),(735,'MU09 - 2',2,'116',NULL,52),(736,'MU10 - 2',4,'151',NULL,52),(737,'MU59 - 1',11,'240',NULL,52),(738,'MU50 - 2',16,'130',NULL,52),(739,'MU23 - 1',7,'176',NULL,52),(740,'MU23 - 2',8,'176',NULL,52),(741,'MU05 - 1',5,'125',NULL,53),(742,'G10L- 2',14,'182',NULL,53),(743,'MU05 - 2',6,'127',NULL,53),(744,'MU51 - 1',9,'140',NULL,53),(745,'MU51 - 2',10,'152',NULL,53),(746,'MU50 - 1',15,'124',NULL,53),(747,'MU10 - 1',3,'147',NULL,53),(748,'MU09 - 2',2,'122',NULL,53),(749,'MU59 - 1',11,'248',NULL,53),(750,'G10L - 1',13,'174',NULL,53),(751,'MU59 - 2',12,'248',NULL,53),(752,'MU09 - 1',1,'104',NULL,53),(753,'MU10 - 2',4,'151',NULL,53),(754,'MU50 - 2',16,'130',NULL,53),(755,'MU23 - 1',7,'173',NULL,53),(756,'MU23 - 2',8,'176',NULL,53),(757,'MU05 - 1',5,'125',NULL,54),(758,'MU23 - 1',7,'168',NULL,54),(759,'MU50 - 2',16,'128',NULL,54),(760,'MU05 - 2',6,'127',NULL,54),(761,'MU51 - 1',9,'140',NULL,54),(762,'MU51 - 2',10,'152',NULL,54),(763,'G10L- 2',14,'184',NULL,54),(764,'MU50 - 1',15,'124',NULL,54),(765,'G10L - 1',13,'182',NULL,54),(766,'MU59 - 1',11,'248',NULL,54),(767,'MU59 - 2',12,'248',NULL,54),(768,'MU09 - 1',1,'116',NULL,54),(769,'MU09 - 2',2,'116',NULL,54),(770,'MU10 - 2',4,'151',NULL,54),(771,'MU10 - 1',3,'141',NULL,54),(772,'MU23 - 2',8,'176',NULL,54),(773,'MU05 - 1',5,'125',NULL,55),(774,'MU51 - 1',9,'142',NULL,55),(775,'MU50 - 2',16,'128',NULL,55),(776,'MU05 - 2',6,'127',NULL,55),(777,'G10L- 2',14,'184',NULL,55),(778,'MU09 - 1',1,'120',NULL,55),(779,'MU09 - 2',2,'120',NULL,55),(780,'MU51 - 2',10,'148',NULL,55),(781,'MU59 - 2',12,'256',NULL,55),(782,'MU10 - 1',3,'147',NULL,55),(783,'G10L - 1',13,'182',NULL,55),(784,'MU59 - 1',11,'248',NULL,55),(785,'MU10 - 2',4,'149',NULL,55),(786,'MU50 - 1',15,'128',NULL,55),(787,'MU23 - 1',7,'172',NULL,55),(788,'MU23 - 2',8,'176',NULL,55),(789,'MU51 - 1',9,'142',NULL,56),(790,'MU05 - 2',6,'127',NULL,56),(791,'G10L- 2',14,'184',NULL,56),(792,'MU51 - 2',10,'150',NULL,56),(793,'MU05 - 1',5,'109',NULL,56),(794,'MU59 - 1',11,'246',NULL,56),(795,'MU09 - 1',1,'112',NULL,56),(796,'G10L - 1',13,'182',NULL,56),(797,'MU59 - 2',12,'248',NULL,56),(798,'MU09 - 2',2,'116',NULL,56),(799,'MU50 - 1',15,'130',NULL,56),(800,'MU10 - 1',3,'141',NULL,56),(801,'MU10 - 2',4,'141',NULL,56),(802,'MU50 - 2',16,'130',NULL,56),(803,'MU23 - 1',7,'176',NULL,56),(804,'MU23 - 2',8,'176',NULL,56),(805,'MU05 - 1',5,'125',NULL,57),(806,'MU51 - 1',9,'142',NULL,57),(807,'G10L- 2',14,'182',NULL,57),(808,'MU05 - 2',6,'127',NULL,57),(809,'MU51 - 2',10,'152',NULL,57),(810,'MU50 - 1',15,'124',NULL,57),(811,'MU59 - 1',11,'248',NULL,57),(812,'G10L - 1',13,'174',NULL,57),(813,'MU59 - 2',12,'248',NULL,57),(814,'MU09 - 2',2,'116',NULL,57),(815,'MU09 - 1',1,'104',NULL,57),(816,'MU10 - 2',4,'151',NULL,57),(817,'MU10 - 1',3,'141',NULL,57),(818,'MU50 - 2',16,'130',NULL,57),(819,'MU23 - 1',7,'176',NULL,57),(820,'MU23 - 2',8,'176',NULL,57),(821,'MU51 - 2',10,'142',NULL,58),(822,'MU51 - 1',9,'132',NULL,58),(823,'G10L- 2',14,'184',NULL,58),(824,'MU50 - 2',16,'134',NULL,58),(825,'MU05 - 1',5,'109',NULL,58),(826,'MU50 - 1',15,'110',NULL,58),(827,'MU09 - 1',1,'112',NULL,58),(828,'MU10 - 1',3,'147',NULL,58),(829,'G10L - 1',13,'182',NULL,58),(830,'MU05 - 2',6,'123',NULL,58),(831,'MU59 - 2',12,'248',NULL,58),(832,'MU09 - 2',2,'116',NULL,58),(833,'MU10 - 2',4,'151',NULL,58),(834,'MU59 - 1',11,'240',NULL,58),(835,'MU23 - 1',7,'176',NULL,58),(836,'MU23 - 2',8,'176',NULL,58),(837,'MU05 - 1',5,'125',NULL,59),(838,'MU05 - 2',6,'125',NULL,59),(839,'MU23 - 1',7,'168',NULL,59),(840,'MU50 - 2',16,'128',NULL,59),(841,'MU51 - 1',9,'140',NULL,59),(842,'G10L- 2',14,'184',NULL,59),(843,'MU51 - 2',10,'148',NULL,59),(844,'MU10 - 2',4,'147',NULL,59),(845,'MU59 - 1',11,'248',NULL,59),(846,'MU09 - 1',1,'110',NULL,59),(847,'MU59 - 2',12,'248',NULL,59),(848,'G10L - 1',13,'184',NULL,59),(849,'MU50 - 1',15,'128',NULL,59),(850,'MU09 - 2',2,'116',NULL,59),(851,'MU10 - 1',3,'141',NULL,59),(852,'MU23 - 2',8,'173',NULL,59),(853,'MU05 - 1',5,'127',NULL,60),(854,'MU05 - 2',6,'127',NULL,60),(855,'MU51 - 2',10,'152',NULL,60),(856,'MU51 - 1',9,'150',NULL,60),(857,'MU10 - 1',3,'143',NULL,60),(858,'G10L - 1',13,'178',NULL,60),(859,'MU59 - 2',12,'248',NULL,60),(860,'G10L- 2',14,'188',NULL,60),(861,'MU09 - 1',1,'116',NULL,60),(862,'MU09 - 2',2,'116',NULL,60),(863,'MU10 - 2',4,'151',NULL,60),(864,'MU59 - 1',11,'240',NULL,60),(865,'MU50 - 1',15,'130',NULL,60),(866,'MU50 - 2',16,'130',NULL,60),(867,'MU23 - 1',7,'173',NULL,60),(868,'MU23 - 2',8,'176',NULL,60),(869,'MU23 - 1',7,'168',NULL,61),(870,'MU51 - 1',9,'140',NULL,61),(871,'MU51 - 2',10,'150',NULL,61),(872,'MU50 - 2',16,'134',NULL,61),(873,'MU10 - 2',4,'143',NULL,61),(874,'MU09 - 2',2,'112',NULL,61),(875,'MU59 - 2',12,'246',NULL,61),(876,'G10L - 1',13,'182',NULL,61),(877,'MU05 - 1',5,'123',NULL,61),(878,'MU05 - 2',6,'123',NULL,61),(879,'MU09 - 1',1,'110',NULL,61),(880,'G10L- 2',14,'188',NULL,61),(881,'MU50 - 1',15,'128',NULL,61),(882,'MU59 - 1',11,'240',NULL,61),(883,'MU10 - 1',3,'141',NULL,61),(884,'MU23 - 2',8,'176',NULL,61),(885,'MU51 - 1',9,'142',NULL,62),(886,'MU51 - 2',10,'142',NULL,62),(887,'G10L- 2',14,'184',NULL,62),(888,'MU50 - 2',16,'124',NULL,62),(889,'MU10 - 1',3,'135',NULL,62),(890,'G10L - 1',13,'178',NULL,62),(891,'MU50 - 1',15,'124',NULL,62),(892,'MU05 - 1',5,'123',NULL,62),(893,'MU05 - 2',6,'123',NULL,62),(894,'MU59 - 1',11,'248',NULL,62),(895,'MU09 - 1',1,'110',NULL,62),(896,'MU59 - 2',12,'248',NULL,62),(897,'MU09 - 2',2,'116',NULL,62),(898,'MU10 - 2',4,'151',NULL,62),(899,'MU23 - 2',8,'174',NULL,62),(900,'MU23 - 1',7,'166',NULL,62),(901,'MU23 - 2',8,'168',NULL,63),(902,'MU51 - 1',9,'142',NULL,63),(903,'G10L- 2',14,'184',NULL,63),(904,'MU05 - 1',5,'109',NULL,63),(905,'MU10 - 1',3,'143',NULL,63),(906,'MU51 - 2',10,'148',NULL,63),(907,'MU10 - 2',4,'145',NULL,63),(908,'MU59 - 2',12,'246',NULL,63),(909,'G10L - 1',13,'182',NULL,63),(910,'MU09 - 2',2,'122',NULL,63),(911,'MU05 - 2',6,'123',NULL,63),(912,'MU50 - 1',15,'128',NULL,63),(913,'MU09 - 1',1,'116',NULL,63),(914,'MU59 - 1',11,'240',NULL,63),(915,'MU50 - 2',16,'130',NULL,63),(916,'MU23 - 1',7,'166',NULL,63),(917,'MU05 - 2',6,'125',NULL,64),(918,'MU51 - 1',9,'142',NULL,64),(919,'G10L- 2',14,'184',NULL,64),(920,'MU50 - 2',16,'132',NULL,64),(921,'MU09 - 2',2,'120',NULL,64),(922,'MU51 - 2',10,'148',NULL,64),(923,'MU09 - 1',1,'112',NULL,64),(924,'MU10 - 2',4,'147',NULL,64),(925,'G10L - 1',13,'182',NULL,64),(926,'MU05 - 1',5,'123',NULL,64),(927,'MU59 - 1',11,'248',NULL,64),(928,'MU59 - 2',12,'248',NULL,64),(929,'MU50 - 1',15,'128',NULL,64),(930,'MU10 - 1',3,'141',NULL,64),(931,'MU23 - 1',7,'176',NULL,64),(932,'MU23 - 2',8,'176',NULL,64),(933,'MU51 - 1',9,'142',NULL,65),(934,'MU05 - 2',6,'127',NULL,65),(935,'MU51 - 2',10,'150',NULL,65),(936,'MU10 - 1',3,'143',NULL,65),(937,'MU10 - 2',4,'145',NULL,65),(938,'MU50 - 1',15,'124',NULL,65),(939,'MU05 - 1',5,'123',NULL,65),(940,'MU59 - 1',11,'248',NULL,65),(941,'MU09 - 1',1,'110',NULL,65),(942,'MU59 - 2',12,'248',NULL,65),(943,'G10L - 1',13,'184',NULL,65),(944,'G10L- 2',14,'188',NULL,65),(945,'MU09 - 2',2,'116',NULL,65),(946,'MU50 - 2',16,'130',NULL,65),(947,'MU23 - 1',7,'176',NULL,65),(948,'MU23 - 2',8,'176',NULL,65),(949,'MU51 - 1',9,'142',NULL,66),(950,'G10L- 2',14,'182',NULL,66),(951,'MU05 - 2',6,'127',NULL,66),(952,'MU51 - 2',10,'152',NULL,66),(953,'MU10 - 2',4,'143',NULL,66),(954,'MU50 - 1',15,'124',NULL,66),(955,'G10L - 1',13,'182',NULL,66),(956,'MU05 - 1',5,'123',NULL,66),(957,'MU59 - 1',11,'248',NULL,66),(958,'MU59 - 2',12,'248',NULL,66),(959,'MU09 - 1',1,'116',NULL,66),(960,'MU09 - 2',2,'116',NULL,66),(961,'MU10 - 1',3,'141',NULL,66),(962,'MU50 - 2',16,'130',NULL,66),(963,'MU23 - 1',7,'176',NULL,66),(964,'MU23 - 2',8,'176',NULL,66),(965,'MU05 - 2',6,'125',NULL,67),(966,'MU05 - 1',5,'117',NULL,67),(967,'MU51 - 2',10,'150',NULL,67),(968,'MU50 - 2',16,'132',NULL,67),(969,'MU09 - 1',1,'120',NULL,67),(970,'MU51 - 1',9,'148',NULL,67),(971,'G10L - 1',13,'178',NULL,67),(972,'MU09 - 2',2,'124',NULL,67),(973,'MU59 - 1',11,'226',NULL,67),(974,'G10L- 2',14,'188',NULL,67),(975,'MU59 - 2',12,'230',NULL,67),(976,'MU10 - 2',4,'151',NULL,67),(977,'MU50 - 1',15,'130',NULL,67),(978,'MU10 - 1',3,'141',NULL,67),(979,'MU23 - 1',7,'170',NULL,67),(980,'MU23 - 2',8,'173',NULL,67),(981,'MU05 - 1',5,'127',NULL,68),(982,'MU05 - 2',6,'127',NULL,68),(983,'MU51 - 2',10,'150',NULL,68),(984,'MU09 - 1',1,'120',NULL,68),(985,'MU09 - 2',2,'120',NULL,68),(986,'MU51 - 1',9,'148',NULL,68),(987,'G10L - 1',13,'172',NULL,68),(988,'G10L- 2',14,'186',NULL,68),(989,'MU59 - 1',11,'226',NULL,68),(990,'MU10 - 2',4,'149',NULL,68),(991,'MU59 - 2',12,'230',NULL,68),(992,'MU50 - 1',15,'130',NULL,68),(993,'MU10 - 1',3,'141',NULL,68),(994,'MU50 - 2',16,'130',NULL,68),(995,'MU23 - 2',8,'172',NULL,68),(996,'MU23 - 1',7,'166',NULL,68),(997,'MU05 - 1',5,'127',NULL,69),(998,'MU05 - 2',6,'127',NULL,69),(999,'MU51 - 1',9,'140',NULL,69),(1000,'MU51 - 2',10,'150',NULL,69),(1001,'MU50 - 2',16,'132',NULL,69),(1002,'MU10 - 1',3,'143',NULL,69),(1003,'G10L - 1',13,'178',NULL,69),(1004,'MU09 - 1',1,'112',NULL,69),(1005,'MU10 - 2',4,'147',NULL,69),(1006,'G10L- 2',14,'186',NULL,69),(1007,'MU09 - 2',2,'114',NULL,69),(1008,'MU59 - 1',11,'240',NULL,69),(1009,'MU59 - 2',12,'250',NULL,69),(1010,'MU50 - 1',15,'130',NULL,69),(1011,'MU23 - 1',7,'172',NULL,69),(1012,'MU23 - 2',8,'172',NULL,69),(1013,'MU51 - 1',9,'142',NULL,70),(1014,'MU05 - 1',5,'127',NULL,70),(1015,'MU05 - 2',6,'127',NULL,70),(1016,'MU51 - 2',10,'150',NULL,70),(1017,'MU50 - 2',16,'132',NULL,70),(1018,'MU09 - 2',2,'120',NULL,70),(1019,'G10L - 1',13,'178',NULL,70),(1020,'MU59 - 1',11,'246',NULL,70),(1021,'MU09 - 1',1,'110',NULL,70),(1022,'MU59 - 2',12,'248',NULL,70),(1023,'G10L- 2',14,'188',NULL,70),(1024,'MU50 - 1',15,'128',NULL,70),(1025,'MU10 - 2',4,'151',NULL,70),(1026,'MU10 - 1',3,'141',NULL,70),(1027,'MU23 - 1',7,'170',NULL,70),(1028,'MU23 - 2',8,'173',NULL,70),(1029,'MU05 - 1',5,'125',NULL,71),(1030,'MU51 - 2',10,'142',NULL,71),(1031,'G10L- 2',14,'182',NULL,71),(1032,'MU05 - 2',6,'127',NULL,71),(1033,'MU51 - 1',9,'140',NULL,71),(1034,'MU59 - 1',11,NULL,NULL,71),(1035,'MU59 - 2',12,NULL,NULL,71),(1036,'MU09 - 2',2,'124',NULL,71),(1037,'G10L - 1',13,'182',NULL,71),(1038,'MU09 - 1',1,'122',NULL,71),(1039,'MU50 - 2',16,NULL,NULL,71),(1040,'MU50 - 1',15,NULL,NULL,71),(1041,'MU10 - 2',4,NULL,NULL,71),(1042,'MU10 - 1',3,NULL,NULL,71),(1043,'MU23 - 2',8,'172',NULL,71),(1044,'MU23 - 1',7,'166',NULL,71),(1045,'MU05 - 1',5,'125',NULL,72),(1046,'MU51 - 1',9,'142',NULL,72),(1047,'G10L- 2',14,'194',NULL,72),(1048,'MU50 - 2',16,'128',NULL,72),(1049,'MU05 - 2',6,'127',NULL,72),(1050,'MU50 - 1',15,'110',NULL,72),(1051,'MU51 - 2',10,'148',NULL,72),(1052,'MU09 - 2',2,'124',NULL,72),(1053,'G10L - 1',13,'172',NULL,72),(1054,'MU09 - 1',1,'122',NULL,72),(1055,'MU59 - 1',11,'248',NULL,72),(1056,'MU10 - 1',3,'149',NULL,72),(1057,'MU59 - 2',12,'248',NULL,72),(1058,'MU10 - 2',4,'151',NULL,72),(1059,'MU23 - 2',8,'170',NULL,72),(1060,'MU23 - 1',7,'166',NULL,72),(1061,'MU05 - 2',6,'125',NULL,73),(1062,'MU50 - 2',16,'128',NULL,73),(1063,'G10L- 2',14,'182',NULL,73),(1064,'MU51 - 1',9,'140',NULL,73),(1065,'MU50 - 1',15,'110',NULL,73),(1066,'MU51 - 2',10,'148',NULL,73),(1067,'MU09 - 2',2,'124',NULL,73),(1068,'MU05 - 1',5,'121',NULL,73),(1069,'MU09 - 1',1,'112',NULL,73),(1070,'MU10 - 2',4,'147',NULL,73),(1071,'G10L - 1',13,'182',NULL,73),(1072,'MU59 - 2',12,'248',NULL,73),(1073,'MU59 - 1',11,'230',NULL,73),(1074,'MU10 - 1',3,'141',NULL,73),(1075,'MU23 - 1',7,'172',NULL,73),(1076,'MU23 - 2',8,'172',NULL,73),(1077,'MU51 - 1',9,'142',NULL,74),(1078,'MU09 - 1',1,'98',NULL,74),(1079,'G10L- 2',14,'182',NULL,74),(1080,'MU05 - 2',6,'127',NULL,74),(1081,'MU50 - 2',16,'132',NULL,74),(1082,'MU09 - 2',2,'120',NULL,74),(1083,'MU51 - 2',10,'148',NULL,74),(1084,'MU05 - 1',5,'121',NULL,74),(1085,'G10L - 1',13,'172',NULL,74),(1086,'MU59 - 1',11,'248',NULL,74),(1087,'MU50 - 1',15,'128',NULL,74),(1088,'MU10 - 1',3,'151',NULL,74),(1089,'MU10 - 2',4,'151',NULL,74),(1090,'MU59 - 2',12,'250',NULL,74),(1091,'MU23 - 2',8,'172',NULL,74),(1092,'MU23 - 1',7,'166',NULL,74),(1093,'MU09 - 1',1,'98',NULL,75),(1094,'G10L- 2',14,'182',NULL,75),(1095,'MU05 - 1',5,'127',NULL,75),(1096,'MU05 - 2',6,'127',NULL,75),(1097,'MU51 - 1',9,'140',NULL,75),(1098,'MU51 - 2',10,'150',NULL,75),(1099,'MU50 - 2',16,'134',NULL,75),(1100,'MU10 - 1',3,'143',NULL,75),(1101,'G10L - 1',13,'178',NULL,75),(1102,'MU59 - 2',12,'256',NULL,75),(1103,'MU09 - 2',2,'110',NULL,75),(1104,'MU50 - 1',15,'128',NULL,75),(1105,'MU10 - 2',4,'151',NULL,75),(1106,'MU59 - 1',11,'240',NULL,75),(1107,'MU23 - 1',7,'172',NULL,75),(1108,'MU23 - 2',8,'172',NULL,75),(1109,'MU05 - 2',6,'125',NULL,76),(1110,'G10L- 2',14,'182',NULL,76),(1111,'MU51 - 1',9,'140',NULL,76),(1112,'MU51 - 2',10,'140',NULL,76),(1113,'MU05 - 1',5,'117',NULL,76),(1114,'MU50 - 2',16,'134',NULL,76),(1115,'G10L - 1',13,'178',NULL,76),(1116,'MU09 - 2',2,'124',NULL,76),(1117,'MU50 - 1',15,'128',NULL,76),(1118,'MU09 - 1',1,'116',NULL,76),(1119,'MU59 - 1',11,'232',NULL,76),(1120,'MU10 - 2',4,'151',NULL,76),(1121,'MU10 - 1',3,'141',NULL,76),(1122,'MU59 - 2',12,'240',NULL,76),(1123,'MU23 - 2',8,'172',NULL,76),(1124,'MU23 - 1',7,'166',NULL,76),(1125,'MU51 - 2',10,'142',NULL,77),(1126,'MU50 - 2',16,'128',NULL,77),(1127,'MU05 - 1',5,'127',NULL,77),(1128,'MU05 - 2',6,'127',NULL,77),(1129,'MU51 - 1',9,'140',NULL,77),(1130,'MU09 - 2',2,'112',NULL,77),(1131,'G10L- 2',14,'186',NULL,77),(1132,'MU59 - 1',11,'248',NULL,77),(1133,'MU09 - 1',1,'110',NULL,77),(1134,'MU10 - 1',3,'149',NULL,77),(1135,'MU59 - 2',12,'248',NULL,77),(1136,'G10L - 1',13,'184',NULL,77),(1137,'MU50 - 1',15,'128',NULL,77),(1138,'MU10 - 2',4,'151',NULL,77),(1139,'MU23 - 1',7,'172',NULL,77),(1140,'MU23 - 2',8,'172',NULL,77),(1141,'MU05 - 2',6,'125',NULL,78),(1142,'MU09 - 1',1,'98',NULL,78),(1143,'MU50 - 2',16,'124',NULL,78),(1144,'MU51 - 1',9,'148',NULL,78),(1145,'MU51 - 2',10,'148',NULL,78),(1146,'G10L - 1',13,'178',NULL,78),(1147,'MU50 - 1',15,'124',NULL,78),(1148,'MU05 - 1',5,'121',NULL,78),(1149,'MU10 - 2',4,'147',NULL,78),(1150,'G10L- 2',14,'178',NULL,78),(1151,'MU09 - 2',2,'116',NULL,78),(1152,'MU59 - 1',11,'240',NULL,78),(1153,'MU10 - 1',3,'141',NULL,78),(1154,'MU59 - 2',12,'240',NULL,78),(1155,'MU23 - 1',7,'170',NULL,78),(1156,'MU23 - 2',8,'170',NULL,78),(1157,'MU05 - 2',6,'125',NULL,79),(1158,'MU50 - 2',16,'128',NULL,79),(1159,'MU51 - 1',9,'140',NULL,79),(1160,'MU05 - 1',5,'117',NULL,79),(1161,'MU51 - 2',10,'150',NULL,79),(1162,'MU50 - 1',15,'124',NULL,79),(1163,'MU09 - 2',2,'124',NULL,79),(1164,'MU09 - 1',1,'112',NULL,79),(1165,'G10L - 1',13,'182',NULL,79),(1166,'G10L- 2',14,'186',NULL,79),(1167,'MU10 - 2',4,'149',NULL,79),(1168,'MU59 - 1',11,'240',NULL,79),(1169,'MU59 - 2',12,'250',NULL,79),(1170,'MU10 - 1',3,'141',NULL,79),(1171,'MU23 - 2',8,'172',NULL,79),(1172,'MU23 - 1',7,'166',NULL,79),(1173,'MU51 - 1',9,'142',NULL,80),(1174,'MU50 - 2',16,'128',NULL,80),(1175,'MU05 - 2',6,'127',NULL,80),(1176,'MU51 - 2',10,'150',NULL,80),(1177,'MU05 - 1',5,'109',NULL,80),(1178,'MU09 - 2',2,'120',NULL,80),(1179,'MU50 - 1',15,'124',NULL,80),(1180,'MU10 - 1',3,'147',NULL,80),(1181,'G10L- 2',14,'186',NULL,80),(1182,'MU59 - 1',11,'226',NULL,80),(1183,'MU09 - 1',1,'110',NULL,80),(1184,'G10L - 1',13,'184',NULL,80),(1185,'MU10 - 2',4,'151',NULL,80),(1186,'MU59 - 2',12,'250',NULL,80),(1187,'MU23 - 1',7,'170',NULL,80),(1188,'MU23 - 2',8,'170',NULL,80),(1189,'MU05 - 2',6,'125',NULL,81),(1190,'MU51 - 1',9,'140',NULL,81),(1191,'MU51 - 2',10,'140',NULL,81),(1192,'MU05 - 1',5,'117',NULL,81),(1193,'G10L - 1',13,'172',NULL,81),(1194,'G10L- 2',14,'178',NULL,81),(1195,'MU10 - 1',3,'149',NULL,81),(1196,'MU59 - 2',12,'248',NULL,81),(1197,'MU09 - 1',1,'114',NULL,81),(1198,'MU09 - 2',2,'114',NULL,81),(1199,'MU59 - 1',11,'232',NULL,81),(1200,'MU10 - 2',4,'151',NULL,81),(1201,'MU50 - 1',15,'130',NULL,81),(1202,'MU50 - 2',16,'130',NULL,81),(1203,'MU23 - 2',8,'172',NULL,81),(1204,'MU23 - 1',7,'166',NULL,81),(1205,'MU05 - 2',6,'127',NULL,82),(1206,'MU51 - 1',9,'140',NULL,82),(1207,'MU05 - 1',5,'117',NULL,82),(1208,'MU51 - 2',10,'150',NULL,82),(1209,'MU50 - 2',16,'132',NULL,82),(1210,'G10L - 1',13,'178',NULL,82),(1211,'MU09 - 1',1,'112',NULL,82),(1212,'G10L- 2',14,'186',NULL,82),(1213,'MU10 - 1',3,'149',NULL,82),(1214,'MU09 - 2',2,'114',NULL,82),(1215,'MU59 - 1',11,'232',NULL,82),(1216,'MU10 - 2',4,'151',NULL,82),(1217,'MU59 - 2',12,'250',NULL,82),(1218,'MU50 - 1',15,'130',NULL,82),(1219,'MU23 - 1',7,'172',NULL,82),(1220,'MU23 - 2',8,'172',NULL,82),(1221,'MU05 - 2',6,'127',NULL,83),(1222,'MU51 - 1',9,'140',NULL,83),(1223,'MU05 - 1',5,'117',NULL,83),(1224,'MU50 - 2',16,'132',NULL,83),(1225,'MU09 - 2',2,'120',NULL,83),(1226,'MU51 - 2',10,'148',NULL,83),(1227,'MU09 - 1',1,'112',NULL,83),(1228,'MU10 - 1',3,'147',NULL,83),(1229,'G10L - 1',13,'182',NULL,83),(1230,'MU59 - 2',12,'248',NULL,83),(1231,'G10L- 2',14,'188',NULL,83),(1232,'MU50 - 1',15,'128',NULL,83),(1233,'MU10 - 2',4,'151',NULL,83),(1234,'MU59 - 1',11,'240',NULL,83),(1235,'MU23 - 1',7,'170',NULL,83),(1236,'MU23 - 2',8,'173',NULL,83),(1237,'G10L- 2',14,'182',NULL,84),(1238,'MU05 - 1',5,'127',NULL,84),(1239,'MU05 - 2',6,'127',NULL,84),(1240,'MU51 - 2',10,'150',NULL,84),(1241,'MU50 - 2',16,'132',NULL,84),(1242,'MU09 - 2',2,'120',NULL,84),(1243,'MU51 - 1',9,'148',NULL,84),(1244,'MU10 - 1',3,'147',NULL,84),(1245,'G10L - 1',13,'182',NULL,84),(1246,'MU09 - 1',1,'116',NULL,84),(1247,'MU10 - 2',4,'151',NULL,84),(1248,'MU59 - 1',11,'240',NULL,84),(1249,'MU59 - 2',12,'250',NULL,84),(1250,'MU50 - 1',15,'130',NULL,84),(1251,'MU23 - 1',7,'170',NULL,84),(1252,'MU23 - 2',8,'170',NULL,84),(1253,'MU05 - 1',5,'125',NULL,85),(1254,'MU50 - 2',16,'128',NULL,85),(1255,'MU09 - 1',1,'98',NULL,85),(1256,'MU51 - 1',9,'132',NULL,85),(1257,'G10L- 2',14,'182',NULL,85),(1258,'MU05 - 2',6,'127',NULL,85),(1259,'MU51 - 2',10,'140',NULL,85),(1260,'MU50 - 1',15,'110',NULL,85),(1261,'MU10 - 2',4,'147',NULL,85),(1262,'G10L - 1',13,'182',NULL,85),(1263,'MU59 - 1',11,'248',NULL,85),(1264,'MU09 - 2',2,'110',NULL,85),(1265,'MU59 - 2',12,'248',NULL,85),(1266,'MU10 - 1',3,'141',NULL,85),(1267,'MU23 - 2',8,'172',NULL,85),(1268,'MU23 - 1',7,'166',NULL,85),(1269,'MU05 - 1',5,'125',NULL,86),(1270,'MU05 - 2',6,'127',NULL,86),(1271,'MU51 - 1',9,'148',NULL,86),(1272,'MU51 - 2',10,'148',NULL,86),(1273,'MU09 - 2',2,'124',NULL,86),(1274,'G10L - 1',13,'172',NULL,86),(1275,'MU09 - 1',1,'112',NULL,86),(1276,'MU59 - 1',11,'226',NULL,86),(1277,'G10L- 2',14,'178',NULL,86),(1278,'MU59 - 2',12,'248',NULL,86),(1279,'MU10 - 1',3,'151',NULL,86),(1280,'MU10 - 2',4,'151',NULL,86),(1281,'MU50 - 1',15,'130',NULL,86),(1282,'MU50 - 2',16,'130',NULL,86),(1283,'MU23 - 2',8,'173',NULL,86),(1284,'MU23 - 1',7,'172',NULL,86),(1285,'MU51 - 1',9,'142',NULL,87),(1286,'G10L- 2',14,'182',NULL,87),(1287,'MU05 - 2',6,'127',NULL,87),(1288,'MU50 - 2',16,'132',NULL,87),(1289,'MU51 - 2',10,'148',NULL,87),(1290,'MU10 - 1',3,'145',NULL,87),(1291,'MU50 - 1',15,'124',NULL,87),(1292,'G10L - 1',13,'182',NULL,87),(1293,'MU05 - 1',5,'123',NULL,87),(1294,'MU10 - 2',4,'149',NULL,87),(1295,'MU59 - 2',12,'248',NULL,87),(1296,'MU09 - 1',1,'116',NULL,87),(1297,'MU59 - 1',11,'232',NULL,87),(1298,'MU09 - 2',2,'118',NULL,87),(1299,'MU23 - 1',7,'170',NULL,87),(1300,'MU23 - 2',8,'176',NULL,87),(1301,'MU09 - 1',1,'98',NULL,88),(1302,'G10L- 2',14,'182',NULL,88),(1303,'MU50 - 2',16,'124',NULL,88),(1304,'MU05 - 1',5,'109',NULL,88),(1305,'MU10 - 1',3,'135',NULL,88),(1306,'MU51 - 1',9,'148',NULL,88),(1307,'MU51 - 2',10,'148',NULL,88),(1308,'G10L - 1',13,'178',NULL,88),(1309,'MU50 - 1',15,'124',NULL,88),(1310,'MU05 - 2',6,'121',NULL,88),(1311,'MU10 - 2',4,'147',NULL,88),(1312,'MU09 - 2',2,'116',NULL,88),(1313,'MU59 - 1',11,'240',NULL,88),(1314,'MU59 - 2',12,'250',NULL,88),(1315,'MU23 - 1',7,'170',NULL,88),(1316,'MU23 - 2',8,'170',NULL,88),(1317,'MU51 - 1',9,'142',NULL,89),(1318,'MU50 - 2',16,'128',NULL,89),(1319,'MU05 - 1',5,'127',NULL,89),(1320,'MU05 - 2',6,'127',NULL,89),(1321,'G10L- 2',14,'184',NULL,89),(1322,'MU10 - 1',3,'135',NULL,89),(1323,'MU51 - 2',10,'148',NULL,89),(1324,'MU59 - 2',12,'256',NULL,89),(1325,'MU09 - 1',1,'112',NULL,89),(1326,'G10L - 1',13,'182',NULL,89),(1327,'MU09 - 2',2,'122',NULL,89),(1328,'MU59 - 1',11,'248',NULL,89),(1329,'MU50 - 1',15,'128',NULL,89),(1330,'MU10 - 2',4,'151',NULL,89),(1331,'MU23 - 1',7,'170',NULL,89),(1332,'MU23 - 2',8,'172',NULL,89),(1333,'MU05 - 1',5,'125',NULL,90),(1334,'MU51 - 1',9,'142',NULL,90),(1335,'MU51 - 2',10,'142',NULL,90),(1336,'G10L- 2',14,'182',NULL,90),(1337,'MU05 - 2',6,'127',NULL,90),(1338,'MU50 - 2',16,'132',NULL,90),(1339,'MU59 - 2',12,'256',NULL,90),(1340,'G10L - 1',13,'182',NULL,90),(1341,'MU09 - 1',1,'110',NULL,90),(1342,'MU50 - 1',15,'128',NULL,90),(1343,'MU59 - 1',11,'252',NULL,90),(1344,'MU10 - 1',3,'151',NULL,90),(1345,'MU10 - 2',4,'151',NULL,90),(1346,'MU09 - 2',2,'118',NULL,90),(1347,'MU23 - 1',7,'170',NULL,90),(1348,'MU23 - 2',8,'170',NULL,90),(1349,'MU09 - 1',1,'98',NULL,91),(1350,'G10L- 2',14,'182',NULL,91),(1351,'MU05 - 1',5,'127',NULL,91),(1352,'MU05 - 2',6,'127',NULL,91),(1353,'MU51 - 1',9,'140',NULL,91),(1354,'MU51 - 2',10,'150',NULL,91),(1355,'MU50 - 2',16,'134',NULL,91),(1356,'MU10 - 1',3,'143',NULL,91),(1357,'G10L - 1',13,'178',NULL,91),(1358,'MU59 - 2',12,'256',NULL,91),(1359,'MU09 - 2',2,'110',NULL,91),(1360,'MU50 - 1',15,'128',NULL,91),(1361,'MU10 - 2',4,'151',NULL,91),(1362,'MU59 - 1',11,'240',NULL,91),(1363,'MU23 - 1',7,'172',NULL,91),(1364,'MU23 - 2',8,'172',NULL,91),(1365,'MU05 - 1',5,'125',NULL,92),(1366,'MU51 - 1',9,'142',NULL,92),(1367,'MU50 - 2',16,'128',NULL,92),(1368,'G10L- 2',14,'182',NULL,92),(1369,'MU05 - 2',6,'127',NULL,92),(1370,'MU51 - 2',10,'148',NULL,92),(1371,'G10L - 1',13,'178',NULL,92),(1372,'MU09 - 1',1,'112',NULL,92),(1373,'MU50 - 1',15,'128',NULL,92),(1374,'MU09 - 2',2,'114',NULL,92),(1375,'MU10 - 2',4,'151',NULL,92),(1376,'MU59 - 2',12,'250',NULL,92),(1377,'MU10 - 1',3,'141',NULL,92),(1378,'MU59 - 1',11,'250',NULL,92),(1379,'MU23 - 1',7,'170',NULL,92),(1380,'MU23 - 2',8,'172',NULL,92),(1381,'MU51 - 1',9,'132',NULL,93),(1382,'G10L- 2',14,'182',NULL,93),(1383,'MU05 - 2',6,'127',NULL,93),(1384,'MU51 - 2',10,'150',NULL,93),(1385,'MU50 - 2',16,'134',NULL,93),(1386,'MU09 - 2',2,'120',NULL,93),(1387,'MU50 - 1',15,'132',NULL,93),(1388,'G10L - 1',13,'178',NULL,93),(1389,'MU05 - 1',5,'121',NULL,93),(1390,'MU09 - 1',1,'112',NULL,93),(1391,'MU10 - 1',3,'147',NULL,93),(1392,'MU10 - 2',4,'149',NULL,93),(1393,'MU59 - 2',12,'248',NULL,93),(1394,'MU59 - 1',11,'230',NULL,93),(1395,'MU23 - 2',8,'173',NULL,93),(1396,'MU23 - 1',7,'172',NULL,93),(1397,'MU05 - 1',5,'125',NULL,94),(1398,'MU05 - 2',6,'125',NULL,94),(1399,'MU51 - 1',9,'142',NULL,94),(1400,'MU51 - 2',10,'148',NULL,94),(1401,'G10L - 1',13,'178',NULL,94),(1402,'MU09 - 2',2,'124',NULL,94),(1403,'MU09 - 1',1,'112',NULL,94),(1404,'MU10 - 1',3,'147',NULL,94),(1405,'G10L- 2',14,'178',NULL,94),(1406,'MU50 - 1',15,'128',NULL,94),(1407,'MU10 - 2',4,'151',NULL,94),(1408,'MU59 - 1',11,'240',NULL,94),(1409,'MU59 - 2',12,'240',NULL,94),(1410,'MU50 - 2',16,'130',NULL,94),(1411,'MU23 - 1',7,'172',NULL,94),(1412,'MU23 - 2',8,'172',NULL,94),(1413,'MU05 - 1',5,'125',NULL,95),(1414,'MU50 - 2',16,'128',NULL,95),(1415,'MU09 - 1',1,'98',NULL,95),(1416,'MU05 - 2',6,'127',NULL,95),(1417,'MU51 - 2',10,'150',NULL,95),(1418,'MU51 - 1',9,'148',NULL,95),(1419,'MU50 - 1',15,'124',NULL,95),(1420,'MU59 - 2',12,'256',NULL,95),(1421,'G10L - 1',13,'182',NULL,95),(1422,'MU59 - 1',11,'248',NULL,95),(1423,'MU09 - 2',2,'110',NULL,95),(1424,'MU10 - 1',3,'149',NULL,95),(1425,'G10L- 2',14,'188',NULL,95),(1426,'MU10 - 2',4,'151',NULL,95),(1427,'MU23 - 2',8,'172',NULL,95),(1428,'MU23 - 1',7,'166',NULL,95),(1429,'MU51 - 2',10,'142',NULL,96),(1430,'MU05 - 2',6,'127',NULL,96),(1431,'MU51 - 1',9,'140',NULL,96),(1432,'MU05 - 1',5,'117',NULL,96),(1433,'MU50 - 2',16,'134',NULL,96),(1434,'MU09 - 1',1,'120',NULL,96),(1435,'MU09 - 2',2,'120',NULL,96),(1436,'MU10 - 1',3,'135',NULL,96),(1437,'MU50 - 1',15,'124',NULL,96),(1438,'G10L - 1',13,'182',NULL,96),(1439,'G10L- 2',14,'188',NULL,96),(1440,'MU59 - 2',12,'232',NULL,96),(1441,'MU59 - 1',11,'232',NULL,96),(1442,'MU10 - 2',4,'151',NULL,96),(1443,'MU23 - 2',8,'172',NULL,96),(1444,'MU23 - 1',7,'166',NULL,96),(1445,'MU05 - 1',5,'125',NULL,97),(1446,'MU51 - 2',10,'142',NULL,97),(1447,'G10L- 2',14,'182',NULL,97),(1448,'MU05 - 2',6,'127',NULL,97),(1449,'MU51 - 1',9,'140',NULL,97),(1450,'MU50 - 2',16,'132',NULL,97),(1451,'MU10 - 1',3,'135',NULL,97),(1452,'MU09 - 2',2,'124',NULL,97),(1453,'MU10 - 2',4,'147',NULL,97),(1454,'G10L - 1',13,'182',NULL,97),(1455,'MU09 - 1',1,'110',NULL,97),(1456,'MU50 - 1',15,'128',NULL,97),(1457,'MU59 - 1',11,'230',NULL,97),(1458,'MU59 - 2',12,'250',NULL,97),(1459,'MU23 - 1',7,'170',NULL,97),(1460,'MU23 - 2',8,'172',NULL,97),(1461,'G10L- 2',14,'194',NULL,98),(1462,'MU51 - 1',9,'132',NULL,98),(1463,'MU05 - 1',5,'127',NULL,98),(1464,'MU05 - 2',6,'127',NULL,98),(1465,'MU50 - 2',16,'132',NULL,98),(1466,'MU09 - 1',1,'120',NULL,98),(1467,'MU09 - 2',2,'120',NULL,98),(1468,'MU10 - 1',3,'135',NULL,98),(1469,'MU51 - 2',10,'148',NULL,98),(1470,'G10L - 1',13,'178',NULL,98),(1471,'MU50 - 1',15,'128',NULL,98),(1472,'MU10 - 2',4,'151',NULL,98),(1473,'MU59 - 1',11,'240',NULL,98),(1474,'MU59 - 2',12,'250',NULL,98),(1475,'MU23 - 2',8,'172',NULL,98),(1476,'MU23 - 1',7,'166',NULL,98),(1477,'MU05 - 1',5,'125',NULL,99),(1478,'G10L- 2',14,'182',NULL,99),(1479,'MU05 - 2',6,'127',NULL,99),(1480,'MU51 - 1',9,'140',NULL,99),(1481,'MU51 - 2',10,'140',NULL,99),(1482,'MU09 - 1',1,'96',NULL,99),(1483,'MU50 - 2',16,'134',NULL,99),(1484,'G10L - 1',13,'178',NULL,99),(1485,'MU50 - 1',15,'124',NULL,99),(1486,'MU09 - 2',2,'124',NULL,99),(1487,'MU59 - 1',11,'232',NULL,99),(1488,'MU10 - 2',4,'151',NULL,99),(1489,'MU59 - 2',12,'250',NULL,99),(1490,'MU10 - 1',3,'141',NULL,99),(1491,'MU23 - 2',8,'172',NULL,99),(1492,'MU23 - 1',7,'166',NULL,99),(1493,'MU05 - 1',5,'125',NULL,100),(1494,'MU50 - 2',16,'128',NULL,100),(1495,'G10L- 2',14,'182',NULL,100),(1496,'MU05 - 2',6,'127',NULL,100),(1497,'MU51 - 1',9,'140',NULL,100),(1498,'MU50 - 1',15,'110',NULL,100),(1499,'MU51 - 2',10,'148',NULL,100),(1500,'G10L - 1',13,'178',NULL,100),(1501,'MU09 - 2',2,'124',NULL,100),(1502,'MU10 - 1',3,'147',NULL,100),(1503,'MU09 - 1',1,'122',NULL,100),(1504,'MU59 - 1',11,'232',NULL,100),(1505,'MU10 - 2',4,'151',NULL,100),(1506,'MU59 - 2',12,'250',NULL,100),(1507,'MU23 - 2',8,'172',NULL,100),(1508,'MU23 - 1',7,'166',NULL,100),(1509,'MU51 - 2',10,'142',NULL,101),(1510,'MU09 - 1',1,'98',NULL,101),(1511,'MU51 - 1',9,'132',NULL,101),(1512,'G10L- 2',14,'182',NULL,101),(1513,'MU05 - 1',5,'127',NULL,101),(1514,'MU05 - 2',6,'127',NULL,101),(1515,'MU50 - 2',16,'132',NULL,101),(1516,'MU50 - 1',15,'132',NULL,101),(1517,'MU59 - 1',11,NULL,NULL,101),(1518,'MU59 - 2',12,NULL,NULL,101),(1519,'MU10 - 1',3,'147',NULL,101),(1520,'MU10 - 2',4,'147',NULL,101),(1521,'G10L - 1',13,'182',NULL,101),(1522,'MU09 - 2',2,'110',NULL,101),(1523,'MU23 - 1',7,'172',NULL,101),(1524,'MU23 - 2',8,'172',NULL,101),(1525,'G10L- 2',14,'182',NULL,102),(1526,'MU05 - 1',5,'127',NULL,102),(1527,'MU05 - 2',6,'127',NULL,102),(1528,'MU51 - 1',9,'140',NULL,102),(1529,'G10L - 1',13,'178',NULL,102),(1530,'MU59 - 2',12,'256',NULL,102),(1531,'MU51 - 2',10,'144',NULL,102),(1532,'MU09 - 1',1,'110',NULL,102),(1533,'MU09 - 2',2,'110',NULL,102),(1534,'MU50 - 1',15,'128',NULL,102),(1535,'MU59 - 1',11,'240',NULL,102),(1536,'MU10 - 1',3,'141',NULL,102),(1537,'MU10 - 2',4,'141',NULL,102),(1538,'MU23 - 1',7,'170',NULL,102),(1539,'MU50 - 2',16,'130',NULL,102),(1540,'MU23 - 2',8,'172',NULL,102);
/*!40000 ALTER TABLE `Alleles` ENABLE KEYS */;
UNLOCK TABLES;

--
-- Table structure for table `Alleles_AUD`
--

DROP TABLE IF EXISTS `Alleles_AUD`;
/*!40101 SET @saved_cs_client     = @@character_set_client */;
/*!40101 SET character_set_client = utf8 */;
CREATE TABLE `Alleles_AUD` (
  `ID` int(11) NOT NULL,
  `REV` int(11) NOT NULL,
  `REVTYPE` tinyint(4) DEFAULT NULL,
  `Locus` varchar(255) DEFAULT NULL,
  `Number` int(11) DEFAULT NULL,
  `Size` varchar(255) DEFAULT NULL,
  `Value` int(11) DEFAULT NULL,
  `GenotypeID` int(11) DEFAULT NULL,
  PRIMARY KEY (`ID`,`REV`),
  KEY `FK_suc9oypbv4aigggkmbc16q14f` (`REV`),
  CONSTRAINT `FK_suc9oypbv4aigggkmbc16q14f` FOREIGN KEY (`REV`) REFERENCES `Revision` (`id`)
) ENGINE=InnoDB DEFAULT CHARSET=latin1;
/*!40101 SET character_set_client = @saved_cs_client */;

--
-- Dumping data for table `Alleles_AUD`
--

LOCK TABLES `Alleles_AUD` WRITE;
/*!40000 ALTER TABLE `Alleles_AUD` DISABLE KEYS */;
INSERT INTO `Alleles_AUD` VALUES (5,6,0,'MU51 - 1',9,'142',NULL,7),(6,6,0,'G10L- 2',14,'182',NULL,7),(7,6,0,'MU05 - 1',5,'127',NULL,7),(8,6,0,'MU05 - 2',6,'127',NULL,7),(9,6,0,'MU50 - 2',16,'136',NULL,7),(10,6,0,'MU51 - 2',10,'150',NULL,7),(11,6,0,'MU59 - 1',11,'246',NULL,7),(12,6,0,'G10L - 1',13,'172',NULL,7),(13,6,0,'MU59 - 2',12,'248',NULL,7),(14,6,0,'MU09 - 2',2,'116',NULL,7),(15,6,0,'MU09 - 1',1,'104',NULL,7),(16,6,0,'MU10 - 1',3,'151',NULL,7),(17,6,0,'MU10 - 2',4,'151',NULL,7),(18,6,0,'MU50 - 1',15,'130',NULL,7),(19,6,0,'MU23 - 1',7,'173',NULL,7),(20,6,0,'MU23 - 2',8,'176',NULL,7),(21,6,0,'MU05 - 1',5,'125',NULL,8),(22,6,0,'G10L- 2',14,'182',NULL,8),(23,6,0,'MU05 - 2',6,'127',NULL,8),(24,6,0,'MU50 - 2',16,'124',NULL,8),(25,6,0,'MU51 - 1',9,'150',NULL,8),(26,6,0,'MU51 - 2',10,'150',NULL,8),(27,6,0,'MU09 - 2',2,'120',NULL,8),(28,6,0,'MU10 - 1',3,'143',NULL,8),(29,6,0,'MU50 - 1',15,'124',NULL,8),(30,6,0,'MU59 - 1',11,'246',NULL,8),(31,6,0,'MU59 - 2',12,'256',NULL,8),(32,6,0,'G10L - 1',13,'182',NULL,8),(33,6,0,'MU09 - 1',1,'110',NULL,8),(34,6,0,'MU10 - 2',4,'151',NULL,8),(35,6,0,'MU23 - 1',7,'170',NULL,8),(36,6,0,'MU23 - 2',8,'172',NULL,8),(37,6,0,'G10L- 2',14,'182',NULL,9),(38,6,0,'MU05 - 1',5,'127',NULL,9),(39,6,0,'MU05 - 2',6,'127',NULL,9),(40,6,0,'MU51 - 1',9,'140',NULL,9),(41,6,0,'MU51 - 2',10,'150',NULL,9),(42,6,0,'MU50 - 2',16,'134',NULL,9),(43,6,0,'MU09 - 2',2,'120',NULL,9),(44,6,0,'MU59 - 1',11,'246',NULL,9),(45,6,0,'MU59 - 2',12,'256',NULL,9),(46,6,0,'G10L - 1',13,'182',NULL,9),(47,6,0,'MU09 - 1',1,'116',NULL,9),(48,6,0,'MU10 - 2',4,'151',NULL,9),(49,6,0,'MU50 - 1',15,'130',NULL,9),(50,6,0,'MU10 - 1',3,'141',NULL,9),(51,6,0,'MU23 - 1',7,'176',NULL,9),(52,6,0,'MU23 - 2',8,'176',NULL,9),(53,6,0,'MU09 - 1',1,'98',NULL,10),(54,6,0,'G10L- 2',14,'182',NULL,10),(55,6,0,'MU05 - 1',5,'117',NULL,10),(56,6,0,'MU51 - 2',10,'152',NULL,10),(57,6,0,'MU51 - 1',9,'150',NULL,10),(58,6,0,'MU50 - 2',16,'132',NULL,10),(59,6,0,'MU50 - 1',15,'110',NULL,10),(60,6,0,'MU09 - 2',2,'112',NULL,10),(61,6,0,'MU10 - 1',3,'147',NULL,10),(62,6,0,'G10L - 1',13,'182',NULL,10),(63,6,0,'MU05 - 2',6,'123',NULL,10),(64,6,0,'MU59 - 1',11,'248',NULL,10),(65,6,0,'MU59 - 2',12,'248',NULL,10),(66,6,0,'MU10 - 2',4,'151',NULL,10),(67,6,0,'MU23 - 1',7,'164',NULL,10),(68,6,0,'MU23 - 2',8,'176',NULL,10),(69,6,0,'MU05 - 2',6,'125',NULL,11),(70,6,0,'MU51 - 1',9,'150',NULL,11),(71,6,0,'MU51 - 2',10,'150',NULL,11),(72,6,0,'MU50 - 2',16,'132',NULL,11),(73,6,0,'MU09 - 1',1,'112',NULL,11),(74,6,0,'G10L - 1',13,'182',NULL,11),(75,6,0,'G10L- 2',14,'186',NULL,11),(76,6,0,'MU05 - 1',5,'123',NULL,11),(77,6,0,'MU50 - 1',15,'128',NULL,11),(78,6,0,'MU09 - 2',2,'116',NULL,11),(79,6,0,'MU59 - 1',11,'232',NULL,11),(80,6,0,'MU10 - 1',3,'151',NULL,11),(81,6,0,'MU10 - 2',4,'151',NULL,11),(82,6,0,'MU59 - 2',12,'240',NULL,11),(83,6,0,'MU23 - 1',7,'164',NULL,11),(84,6,0,'MU23 - 2',8,'166',NULL,11),(85,6,0,'MU05 - 2',6,'125',NULL,12),(86,6,0,'MU51 - 1',9,'142',NULL,12),(87,6,0,'G10L- 2',14,'182',NULL,12),(88,6,0,'MU50 - 2',16,'136',NULL,12),(89,6,0,'MU51 - 2',10,'150',NULL,12),(90,6,0,'MU59 - 1',11,'228',NULL,12),(91,6,0,'MU10 - 1',3,'143',NULL,12),(92,6,0,'MU05 - 1',5,'121',NULL,12),(93,6,0,'G10L - 1',13,'172',NULL,12),(94,6,0,'MU50 - 1',15,'136',NULL,12),(95,6,0,'MU09 - 1',1,'110',NULL,12),(96,6,0,'MU59 - 2',12,'248',NULL,12),(97,6,0,'MU09 - 2',2,'116',NULL,12),(98,6,0,'MU10 - 2',4,'151',NULL,12),(99,6,0,'MU23 - 2',8,'173',NULL,12),(100,6,0,'MU23 - 1',7,'164',NULL,12),(101,6,0,'G10L- 2',14,'182',NULL,13),(102,6,0,'MU05 - 1',5,'127',NULL,13),(103,6,0,'MU05 - 2',6,'127',NULL,13),(104,6,0,'MU51 - 2',10,'152',NULL,13),(105,6,0,'MU50 - 2',16,'124',NULL,13),(106,6,0,'MU51 - 1',9,'150',NULL,13),(107,6,0,'MU09 - 2',2,'120',NULL,13),(108,6,0,'MU10 - 1',3,'143',NULL,13),(109,6,0,'MU50 - 1',15,'124',NULL,13),(110,6,0,'MU59 - 2',12,'256',NULL,13),(111,6,0,'G10L - 1',13,'172',NULL,13),(112,6,0,'MU59 - 1',11,'248',NULL,13),(113,6,0,'MU09 - 1',1,'116',NULL,13),(114,6,0,'MU10 - 2',4,'151',NULL,13),(115,6,0,'MU23 - 1',7,'176',NULL,13),(116,6,0,'MU23 - 2',8,'176',NULL,13),(117,6,0,'MU51 - 1',9,'142',NULL,14),(118,6,0,'MU05 - 1',5,'127',NULL,14),(119,6,0,'MU05 - 2',6,'127',NULL,14),(120,6,0,'MU51 - 2',10,'148',NULL,14),(121,6,0,'G10L - 1',13,'178',NULL,14),(122,6,0,'MU09 - 1',1,'110',NULL,14),(123,6,0,'G10L- 2',14,'188',NULL,14),(124,6,0,'MU09 - 2',2,'116',NULL,14),(125,6,0,'MU10 - 2',4,'151',NULL,14),(126,6,0,'MU59 - 1',11,'240',NULL,14),(127,6,0,'MU50 - 1',15,'130',NULL,14),(128,6,0,'MU10 - 1',3,'141',NULL,14),(129,6,0,'MU59 - 2',12,'240',NULL,14),(130,6,0,'MU50 - 2',16,'130',NULL,14),(131,6,0,'MU23 - 1',7,'173',NULL,14),(132,6,0,'MU23 - 2',8,'174',NULL,14),(133,6,0,'MU05 - 2',6,'127',NULL,15),(134,6,0,'MU51 - 2',10,'152',NULL,15),(135,6,0,'MU50 - 2',16,'132',NULL,15),(136,6,0,'MU09 - 2',2,'120',NULL,15),(137,6,0,'MU51 - 1',9,'148',NULL,15),(138,6,0,'G10L - 1',13,'178',NULL,15),(139,6,0,'MU59 - 2',12,'256',NULL,15),(140,6,0,'MU05 - 1',5,'123',NULL,15),(141,6,0,'G10L- 2',14,'178',NULL,15),(142,6,0,'MU09 - 1',1,'110',NULL,15),(143,6,0,'MU50 - 1',15,'128',NULL,15),(144,6,0,'MU59 - 1',11,'232',NULL,15),(145,6,0,'MU10 - 2',4,'151',NULL,15),(146,6,0,'MU10 - 1',3,'141',NULL,15),(147,6,0,'MU23 - 1',7,'170',NULL,15),(148,6,0,'MU23 - 2',8,'176',NULL,15),(149,6,0,'MU05 - 1',5,'125',NULL,16),(150,6,0,'MU09 - 1',1,'98',NULL,16),(151,6,0,'MU05 - 2',6,'127',NULL,16),(152,6,0,'MU51 - 2',10,'150',NULL,16),(153,6,0,'MU51 - 1',9,'148',NULL,16),(154,6,0,'MU10 - 1',3,'145',NULL,16),(155,6,0,'G10L - 1',13,'188',NULL,16),(156,6,0,'MU10 - 2',4,'147',NULL,16),(157,6,0,'MU59 - 1',11,'226',NULL,16),(158,6,0,'MU59 - 2',12,'248',NULL,16),(159,6,0,'G10L- 2',14,'188',NULL,16),(160,6,0,'MU50 - 1',15,'128',NULL,16),(161,6,0,'MU09 - 2',2,'116',NULL,16),(162,6,0,'MU50 - 2',16,'130',NULL,16),(163,6,0,'MU23 - 2',8,'173',NULL,16),(164,6,0,'MU23 - 1',7,'166',NULL,16),(165,6,0,'MU05 - 1',5,'125',NULL,17),(166,6,0,'G10L- 2',14,'182',NULL,17),(167,6,0,'MU05 - 2',6,'127',NULL,17),(168,6,0,'MU51 - 2',10,'150',NULL,17),(169,6,0,'MU50 - 2',16,'134',NULL,17),(170,6,0,'MU09 - 1',1,'120',NULL,17),(171,6,0,'MU51 - 1',9,'148',NULL,17),(172,6,0,'G10L - 1',13,'178',NULL,17),(173,6,0,'MU59 - 2',12,'256',NULL,17),(174,6,0,'MU09 - 2',2,'122',NULL,17),(175,6,0,'MU59 - 1',11,'248',NULL,17),(176,6,0,'MU10 - 2',4,'151',NULL,17),(177,6,0,'MU50 - 1',15,'130',NULL,17),(178,6,0,'MU10 - 1',3,'141',NULL,17),(179,6,0,'MU23 - 2',8,'172',NULL,17),(180,6,0,'MU23 - 1',7,'166',NULL,17),(181,6,0,'MU05 - 1',5,'125',NULL,18),(182,6,0,'MU05 - 2',6,'125',NULL,18),(183,6,0,'MU51 - 1',9,'142',NULL,18),(184,6,0,'MU09 - 2',2,'120',NULL,18),(185,6,0,'MU10 - 1',3,'143',NULL,18),(186,6,0,'MU10 - 2',4,'143',NULL,18),(187,6,0,'MU51 - 2',10,'148',NULL,18),(188,6,0,'MU50 - 1',15,'124',NULL,18),(189,6,0,'MU59 - 1',11,'246',NULL,18),(190,6,0,'MU59 - 2',12,'246',NULL,18),(191,6,0,'G10L - 1',13,'174',NULL,18),(192,6,0,'G10L- 2',14,'188',NULL,18),(193,6,0,'MU09 - 1',1,'116',NULL,18),(194,6,0,'MU23 - 1',7,'170',NULL,18),(195,6,0,'MU50 - 2',16,'130',NULL,18),(196,6,0,'MU23 - 2',8,'176',NULL,18),(197,6,0,'MU05 - 2',6,'125',NULL,19),(198,6,0,'G10L- 2',14,'182',NULL,19),(199,6,0,'MU51 - 1',9,'140',NULL,19),(200,6,0,'MU50 - 2',16,'136',NULL,19),(201,6,0,'MU51 - 2',10,'148',NULL,19),(202,6,0,'MU59 - 2',12,'256',NULL,19),(203,6,0,'MU09 - 1',1,'112',NULL,19),(204,6,0,'G10L - 1',13,'182',NULL,19),(205,6,0,'MU09 - 2',2,'122',NULL,19),(206,6,0,'MU05 - 1',5,'123',NULL,19),(207,6,0,'MU50 - 1',15,'128',NULL,19),(208,6,0,'MU10 - 1',3,'151',NULL,19),(209,6,0,'MU10 - 2',4,'151',NULL,19),(210,6,0,'MU59 - 1',11,'240',NULL,19),(211,6,0,'MU23 - 1',7,'172',NULL,19),(212,6,0,'MU23 - 2',8,'174',NULL,19),(213,6,0,'MU05 - 1',5,'125',NULL,20),(214,6,0,'MU05 - 2',6,'127',NULL,20),(215,6,0,'MU51 - 1',9,'150',NULL,20),(216,6,0,'MU51 - 2',10,'150',NULL,20),(217,6,0,'MU50 - 2',16,'134',NULL,20),(218,6,0,'MU09 - 2',2,'120',NULL,20),(219,6,0,'MU50 - 1',15,'124',NULL,20),(220,6,0,'MU59 - 2',12,'256',NULL,20),(221,6,0,'G10L - 1',13,'182',NULL,20),(222,6,0,'MU59 - 1',11,'248',NULL,20),(223,6,0,'G10L- 2',14,'188',NULL,20),(224,6,0,'MU09 - 1',1,'116',NULL,20),(225,6,0,'MU10 - 2',4,'151',NULL,20),(226,6,0,'MU10 - 1',3,'141',NULL,20),(227,6,0,'MU23 - 1',7,'170',NULL,20),(228,6,0,'MU23 - 2',8,'176',NULL,20),(229,6,0,'G10L- 2',14,'182',NULL,21),(230,6,0,'MU05 - 2',6,'127',NULL,21),(231,6,0,'MU50 - 2',16,'124',NULL,21),(232,6,0,'MU51 - 2',10,'150',NULL,21),(233,6,0,'MU10 - 1',3,'143',NULL,21),(234,6,0,'MU51 - 1',9,'148',NULL,21),(235,6,0,'MU10 - 2',4,'145',NULL,21),(236,6,0,'MU50 - 1',15,'124',NULL,21),(237,6,0,'G10L - 1',13,'172',NULL,21),(238,6,0,'MU05 - 1',5,'123',NULL,21),(239,6,0,'MU59 - 1',11,'248',NULL,21),(240,6,0,'MU59 - 2',12,'248',NULL,21),(241,6,0,'MU09 - 1',1,'116',NULL,21),(242,6,0,'MU09 - 2',2,'116',NULL,21),(243,6,0,'MU23 - 1',7,'170',NULL,21),(244,6,0,'MU23 - 2',8,'173',NULL,21),(245,6,0,'MU05 - 2',6,'125',NULL,22),(246,6,0,'MU51 - 1',9,'142',NULL,22),(247,6,0,'MU51 - 2',10,'152',NULL,22),(248,6,0,'MU09 - 1',1,'120',NULL,22),(249,6,0,'MU50 - 1',15,'124',NULL,22),(250,6,0,'MU59 - 2',12,'256',NULL,22),(251,6,0,'MU09 - 2',2,'122',NULL,22),(252,6,0,'MU05 - 1',5,'123',NULL,22),(253,6,0,'G10L - 1',13,'184',NULL,22),(254,6,0,'G10L- 2',14,'188',NULL,22),(255,6,0,'MU10 - 2',4,'151',NULL,22),(256,6,0,'MU59 - 1',11,'240',NULL,22),(257,6,0,'MU10 - 1',3,'141',NULL,22),(258,6,0,'MU23 - 1',7,'170',NULL,22),(259,6,0,'MU50 - 2',16,'130',NULL,22),(260,6,0,'MU23 - 2',8,'172',NULL,22),(261,6,0,'MU51 - 1',9,'142',NULL,23),(262,6,0,'G10L- 2',14,'182',NULL,23),(263,6,0,'MU05 - 2',6,'127',NULL,23),(264,6,0,'MU51 - 2',10,'150',NULL,23),(265,6,0,'MU10 - 1',3,'143',NULL,23),(266,6,0,'G10L - 1',13,'178',NULL,23),(267,6,0,'MU59 - 1',11,'246',NULL,23),(268,6,0,'MU10 - 2',4,'147',NULL,23),(269,6,0,'MU05 - 1',5,'123',NULL,23),(270,6,0,'MU59 - 2',12,'248',NULL,23),(271,6,0,'MU09 - 2',2,'116',NULL,23),(272,6,0,'MU09 - 1',1,'104',NULL,23),(273,6,0,'MU50 - 1',15,'130',NULL,23),(274,6,0,'MU50 - 2',16,'130',NULL,23),(275,6,0,'MU23 - 1',7,'176',NULL,23),(276,6,0,'MU23 - 2',8,'176',NULL,23),(277,6,0,'MU51 - 1',9,'142',NULL,24),(278,6,0,'G10L- 2',14,'184',NULL,24),(279,6,0,'MU51 - 2',10,'148',NULL,24),(280,6,0,'MU50 - 1',15,'124',NULL,24),(281,6,0,'MU59 - 1',11,'246',NULL,24),(282,6,0,'MU10 - 1',3,'147',NULL,24),(283,6,0,'G10L - 1',13,'182',NULL,24),(284,6,0,'MU09 - 2',2,'122',NULL,24),(285,6,0,'MU05 - 1',5,'123',NULL,24),(286,6,0,'MU05 - 2',6,'123',NULL,24),(287,6,0,'MU09 - 1',1,'110',NULL,24),(288,6,0,'MU59 - 2',12,'248',NULL,24),(289,6,0,'MU10 - 2',4,'151',NULL,24),(290,6,0,'MU50 - 2',16,'130',NULL,24),(291,6,0,'MU23 - 1',7,'166',NULL,24),(292,6,0,'MU23 - 2',8,'166',NULL,24),(293,6,0,'MU51 - 1',9,'142',NULL,25),(294,6,0,'MU50 - 2',16,'128',NULL,25),(295,6,0,'MU05 - 2',6,'127',NULL,25),(296,6,0,'MU51 - 2',10,'152',NULL,25),(297,6,0,'G10L- 2',14,'184',NULL,25),(298,6,0,'MU09 - 2',2,'120',NULL,25),(299,6,0,'MU10 - 1',3,'143',NULL,25),(300,6,0,'MU50 - 1',15,'124',NULL,25),(301,6,0,'MU10 - 2',4,'147',NULL,25),(302,6,0,'G10L - 1',13,'182',NULL,25),(303,6,0,'MU05 - 1',5,'123',NULL,25),(304,6,0,'MU59 - 1',11,'248',NULL,25),(305,6,0,'MU59 - 2',12,'248',NULL,25),(306,6,0,'MU09 - 1',1,'116',NULL,25),(307,6,0,'MU23 - 1',7,'173',NULL,25),(308,6,0,'MU23 - 2',8,'176',NULL,25),(309,6,0,'MU51 - 1',9,'142',NULL,26),(310,6,0,'MU51 - 2',10,'150',NULL,26),(311,6,0,'MU09 - 2',2,'120',NULL,26),(312,6,0,'MU50 - 1',15,'124',NULL,26),(313,6,0,'MU59 - 1',11,'246',NULL,26),(314,6,0,'MU10 - 1',3,'147',NULL,26),(315,6,0,'MU59 - 2',12,'246',NULL,26),(316,6,0,'G10L - 1',13,'182',NULL,26),(317,6,0,'MU05 - 1',5,'123',NULL,26),(318,6,0,'MU05 - 2',6,'123',NULL,26),(319,6,0,'MU09 - 1',1,'110',NULL,26),(320,6,0,'G10L- 2',14,'188',NULL,26),(321,6,0,'MU10 - 2',4,'151',NULL,26),(322,6,0,'MU50 - 2',16,'130',NULL,26),(323,6,0,'MU23 - 1',7,'166',NULL,26),(324,6,0,'MU23 - 2',8,'166',NULL,26),(325,6,0,'G10L- 2',14,'182',NULL,27),(326,6,0,'MU05 - 1',5,'127',NULL,27),(327,6,0,'MU05 - 2',6,'127',NULL,27),(328,6,0,'MU51 - 1',9,'140',NULL,27),(329,6,0,'MU50 - 2',16,'132',NULL,27),(330,6,0,'MU10 - 1',3,'143',NULL,27),(331,6,0,'MU51 - 2',10,'148',NULL,27),(332,6,0,'G10L - 1',13,'178',NULL,27),(333,6,0,'MU10 - 2',4,'145',NULL,27),(334,6,0,'MU09 - 2',2,'110',NULL,27),(335,6,0,'MU59 - 2',12,'248',NULL,27),(336,6,0,'MU09 - 1',1,'104',NULL,27),(337,6,0,'MU59 - 1',11,'240',NULL,27),(338,6,0,'MU50 - 1',15,'130',NULL,27),(339,6,0,'MU23 - 1',7,'173',NULL,27),(340,6,0,'MU23 - 2',8,'176',NULL,27),(341,6,0,'MU51 - 1',9,'142',NULL,28),(342,6,0,'MU50 - 2',16,'128',NULL,28),(343,6,0,'G10L- 2',14,'184',NULL,28),(344,6,0,'MU51 - 2',10,'150',NULL,28),(345,6,0,'MU10 - 1',3,'145',NULL,28),(346,6,0,'MU50 - 1',15,'124',NULL,28),(347,6,0,'MU10 - 2',4,'147',NULL,28),(348,6,0,'G10L - 1',13,'182',NULL,28),(349,6,0,'MU05 - 1',5,'123',NULL,28),(350,6,0,'MU05 - 2',6,'123',NULL,28),(351,6,0,'MU59 - 1',11,'248',NULL,28),(352,6,0,'MU09 - 1',1,'110',NULL,28),(353,6,0,'MU59 - 2',12,'248',NULL,28),(354,6,0,'MU09 - 2',2,'116',NULL,28),(355,6,0,'MU23 - 1',7,'176',NULL,28),(356,6,0,'MU23 - 2',8,'176',NULL,28),(357,6,0,'MU05 - 2',6,'127',NULL,29),(358,6,0,'MU51 - 2',10,'152',NULL,29),(359,6,0,'MU51 - 1',9,'150',NULL,29),(360,6,0,'MU50 - 2',16,'134',NULL,29),(361,6,0,'MU10 - 1',3,'145',NULL,29),(362,6,0,'MU10 - 2',4,'147',NULL,29),(363,6,0,'MU09 - 2',2,'122',NULL,29),(364,6,0,'MU05 - 1',5,'123',NULL,29),(365,6,0,'MU59 - 1',11,'248',NULL,29),(366,6,0,'MU59 - 2',12,'248',NULL,29),(367,6,0,'G10L - 1',13,'184',NULL,29),(368,6,0,'G10L- 2',14,'188',NULL,29),(369,6,0,'MU09 - 1',1,'116',NULL,29),(370,6,0,'MU50 - 1',15,'130',NULL,29),(371,6,0,'MU23 - 1',7,'176',NULL,29),(372,6,0,'MU23 - 2',8,'176',NULL,29),(373,6,0,'MU51 - 1',9,'142',NULL,30),(374,6,0,'MU05 - 1',5,'127',NULL,30),(375,6,0,'MU05 - 2',6,'127',NULL,30),(376,6,0,'MU50 - 2',16,'124',NULL,30),(377,6,0,'MU09 - 2',2,'120',NULL,30),(378,6,0,'MU51 - 2',10,'148',NULL,30),(379,6,0,'MU50 - 1',15,'124',NULL,30),(380,6,0,'MU59 - 2',12,'246',NULL,30),(381,6,0,'G10L - 1',13,'182',NULL,30),(382,6,0,'MU09 - 1',1,'110',NULL,30),(383,6,0,'G10L- 2',14,'188',NULL,30),(384,6,0,'MU10 - 1',3,'151',NULL,30),(385,6,0,'MU10 - 2',4,'151',NULL,30),(386,6,0,'MU59 - 1',11,'240',NULL,30),(387,6,0,'MU23 - 1',7,'166',NULL,30),(388,6,0,'MU23 - 2',8,'176',NULL,30),(389,6,0,'G10L- 2',14,'182',NULL,31),(390,6,0,'MU05 - 1',5,'127',NULL,31),(391,6,0,'MU05 - 2',6,'127',NULL,31),(392,6,0,'MU51 - 2',10,'152',NULL,31),(393,6,0,'MU51 - 1',9,'150',NULL,31),(394,6,0,'MU50 - 2',16,'134',NULL,31),(395,6,0,'MU10 - 1',3,'143',NULL,31),(396,6,0,'MU10 - 2',4,'145',NULL,31),(397,6,0,'MU59 - 1',11,'246',NULL,31),(398,6,0,'G10L - 1',13,'182',NULL,31),(399,6,0,'MU09 - 2',2,'122',NULL,31),(400,6,0,'MU09 - 1',1,'110',NULL,31),(401,6,0,'MU59 - 2',12,'248',NULL,31),(402,6,0,'MU50 - 1',15,'128',NULL,31),(403,6,0,'MU23 - 1',7,'172',NULL,31),(404,6,0,'MU23 - 2',8,'172',NULL,31),(405,6,0,'MU05 - 1',5,'125',NULL,32),(406,6,0,'MU05 - 2',6,'127',NULL,32),(407,6,0,'MU51 - 2',10,'152',NULL,32),(408,6,0,'G10L- 2',14,'184',NULL,32),(409,6,0,'MU51 - 1',9,'150',NULL,32),(410,6,0,'MU50 - 1',15,'124',NULL,32),(411,6,0,'MU10 - 1',3,'147',NULL,32),(412,6,0,'MU59 - 2',12,'246',NULL,32),(413,6,0,'MU09 - 1',1,'110',NULL,32),(414,6,0,'G10L - 1',13,'184',NULL,32),(415,6,0,'MU09 - 2',2,'116',NULL,32),(416,6,0,'MU10 - 2',4,'151',NULL,32),(417,6,0,'MU59 - 1',11,'240',NULL,32),(418,6,0,'MU50 - 2',16,'130',NULL,32),(419,6,0,'MU23 - 1',7,'173',NULL,32),(420,6,0,'MU23 - 2',8,'176',NULL,32),(421,6,0,'MU05 - 1',5,'127',NULL,33),(422,6,0,'MU05 - 2',6,'127',NULL,33),(423,6,0,'MU51 - 1',9,'140',NULL,33),(424,6,0,'MU51 - 2',10,'152',NULL,33),(425,6,0,'G10L- 2',14,'184',NULL,33),(426,6,0,'MU50 - 2',16,'134',NULL,33),(427,6,0,'MU10 - 1',3,'143',NULL,33),(428,6,0,'MU50 - 1',15,'124',NULL,33),(429,6,0,'G10L - 1',13,'182',NULL,33),(430,6,0,'MU59 - 2',12,'248',NULL,33),(431,6,0,'MU09 - 2',2,'116',NULL,33),(432,6,0,'MU09 - 1',1,'104',NULL,33),(433,6,0,'MU10 - 2',4,'151',NULL,33),(434,6,0,'MU59 - 1',11,'240',NULL,33),(435,6,0,'MU23 - 1',7,'176',NULL,33),(436,6,0,'MU23 - 2',8,'176',NULL,33),(437,6,0,'G10L- 2',14,'182',NULL,34),(438,6,0,'MU05 - 1',5,'117',NULL,34),(439,6,0,'MU51 - 1',9,'150',NULL,34),(440,6,0,'MU51 - 2',10,'150',NULL,34),(441,6,0,'MU10 - 2',4,'143',NULL,34),(442,6,0,'MU50 - 1',15,'124',NULL,34),(443,6,0,'G10L - 1',13,'182',NULL,34),(444,6,0,'MU09 - 2',2,'122',NULL,34),(445,6,0,'MU05 - 2',6,'123',NULL,34),(446,6,0,'MU59 - 2',12,'248',NULL,34),(447,6,0,'MU09 - 1',1,'116',NULL,34),(448,6,0,'MU59 - 1',11,'240',NULL,34),(449,6,0,'MU10 - 1',3,'141',NULL,34),(450,6,0,'MU50 - 2',16,'130',NULL,34),(451,6,0,'MU23 - 2',8,'172',NULL,34),(452,6,0,'MU23 - 1',7,'166',NULL,34),(453,6,0,'MU51 - 1',9,'142',NULL,35),(454,6,0,'MU51 - 2',10,'150',NULL,35),(455,6,0,'MU50 - 2',16,'134',NULL,35),(456,6,0,'MU50 - 1',15,'132',NULL,35),(457,6,0,'MU05 - 1',5,'121',NULL,35),(458,6,0,'MU09 - 1',1,'112',NULL,35),(459,6,0,'MU59 - 2',12,'246',NULL,35),(460,6,0,'G10L - 1',13,'182',NULL,35),(461,6,0,'MU05 - 2',6,'123',NULL,35),(462,6,0,'G10L- 2',14,'188',NULL,35),(463,6,0,'MU09 - 2',2,'116',NULL,35),(464,6,0,'MU10 - 2',4,'151',NULL,35),(465,6,0,'MU59 - 1',11,'240',NULL,35),(466,6,0,'MU10 - 1',3,'141',NULL,35),(467,6,0,'MU23 - 2',8,'172',NULL,35),(468,6,0,'MU23 - 1',7,'166',NULL,35),(469,6,0,'G10L- 2',14,'182',NULL,36),(470,6,0,'MU05 - 1',5,'127',NULL,36),(471,6,0,'MU05 - 2',6,'127',NULL,36),(472,6,0,'MU51 - 1',9,'140',NULL,36),(473,6,0,'MU51 - 2',10,'150',NULL,36),(474,6,0,'MU50 - 2',16,'132',NULL,36),(475,6,0,'MU50 - 1',15,'110',NULL,36),(476,6,0,'MU10 - 1',3,'145',NULL,36),(477,6,0,'MU09 - 1',1,'112',NULL,36),(478,6,0,'G10L - 1',13,'182',NULL,36),(479,6,0,'MU59 - 1',11,'248',NULL,36),(480,6,0,'MU09 - 2',2,'116',NULL,36),(481,6,0,'MU10 - 2',4,'151',NULL,36),(482,6,0,'MU59 - 2',12,'250',NULL,36),(483,6,0,'MU23 - 1',7,'170',NULL,36),(484,6,0,'MU23 - 2',8,'170',NULL,36),(485,6,0,'MU51 - 1',9,'142',NULL,37),(486,6,0,'G10L- 2',14,'182',NULL,37),(487,6,0,'MU51 - 2',10,'152',NULL,37),(488,6,0,'MU50 - 2',16,'124',NULL,37),(489,6,0,'MU09 - 2',2,'120',NULL,37),(490,6,0,'MU50 - 1',15,'110',NULL,37),(491,6,0,'MU10 - 1',3,'143',NULL,37),(492,6,0,'MU10 - 2',4,'143',NULL,37),(493,6,0,'MU05 - 1',5,'121',NULL,37),(494,6,0,'MU59 - 1',11,'246',NULL,37),(495,6,0,'G10L - 1',13,'172',NULL,37),(496,6,0,'MU59 - 2',12,'246',NULL,37),(497,6,0,'MU05 - 2',6,'123',NULL,37),(498,6,0,'MU09 - 1',1,'110',NULL,37),(499,6,0,'MU23 - 1',7,'173',NULL,37),(500,6,0,'MU23 - 2',8,'176',NULL,37),(501,6,0,'MU23 - 1',7,'168',NULL,38),(502,6,0,'MU51 - 1',9,'142',NULL,38),(503,6,0,'MU05 - 2',6,'127',NULL,38),(504,6,0,'MU09 - 2',2,'120',NULL,38),(505,6,0,'MU51 - 2',10,'148',NULL,38),(506,6,0,'MU10 - 2',4,'145',NULL,38),(507,6,0,'MU50 - 1',15,'124',NULL,38),(508,6,0,'MU59 - 1',11,'246',NULL,38),(509,6,0,'G10L - 1',13,'172',NULL,38),(510,6,0,'MU59 - 2',12,'246',NULL,38),(511,6,0,'MU05 - 1',5,'123',NULL,38),(512,6,0,'G10L- 2',14,'188',NULL,38),(513,6,0,'MU09 - 1',1,'116',NULL,38),(514,6,0,'MU10 - 1',3,'141',NULL,38),(515,6,0,'MU50 - 2',16,'130',NULL,38),(516,6,0,'MU23 - 2',8,'176',NULL,38),(517,6,0,'MU51 - 1',9,'142',NULL,39),(518,6,0,'G10L- 2',14,'184',NULL,39),(519,6,0,'MU59 - 1',11,NULL,NULL,39),(520,6,0,'MU59 - 2',12,NULL,NULL,39),(521,6,0,'MU51 - 2',10,'148',NULL,39),(522,6,0,'G10L - 1',13,'178',NULL,39),(523,6,0,'MU10 - 1',3,'147',NULL,39),(524,6,0,'MU05 - 1',5,'123',NULL,39),(525,6,0,'MU05 - 2',6,'123',NULL,39),(526,6,0,'MU09 - 1',1,'110',NULL,39),(527,6,0,'MU50 - 1',15,'128',NULL,39),(528,6,0,'MU09 - 2',2,'116',NULL,39),(529,6,0,'MU10 - 2',4,'151',NULL,39),(530,6,0,'MU50 - 2',16,'130',NULL,39),(531,6,0,'MU23 - 2',8,'173',NULL,39),(532,6,0,'MU23 - 1',7,'172',NULL,39),(533,6,0,'MU51 - 1',9,'142',NULL,40),(534,6,0,'MU50 - 2',16,'128',NULL,40),(535,6,0,'MU05 - 2',6,'127',NULL,40),(536,6,0,'G10L- 2',14,'184',NULL,40),(537,6,0,'MU51 - 2',10,'150',NULL,40),(538,6,0,'MU50 - 1',15,'124',NULL,40),(539,6,0,'MU10 - 2',4,'147',NULL,40),(540,6,0,'G10L - 1',13,'182',NULL,40),(541,6,0,'MU05 - 1',5,'123',NULL,40),(542,6,0,'MU59 - 2',12,'248',NULL,40),(543,6,0,'MU09 - 1',1,'116',NULL,40),(544,6,0,'MU09 - 2',2,'116',NULL,40),(545,6,0,'MU59 - 1',11,'240',NULL,40),(546,6,0,'MU10 - 1',3,'141',NULL,40),(547,6,0,'MU23 - 1',7,'170',NULL,40),(548,6,0,'MU23 - 2',8,'176',NULL,40),(549,6,0,'MU23 - 1',7,'168',NULL,41),(550,6,0,'MU51 - 2',10,'142',NULL,41),(551,6,0,'G10L- 2',14,'182',NULL,41),(552,6,0,'MU51 - 1',9,'140',NULL,41),(553,6,0,'MU50 - 2',16,'134',NULL,41),(554,6,0,'MU10 - 1',3,'143',NULL,41),(555,6,0,'MU59 - 1',11,'246',NULL,41),(556,6,0,'MU10 - 2',4,'147',NULL,41),(557,6,0,'MU59 - 2',12,'246',NULL,41),(558,6,0,'G10L - 1',13,'182',NULL,41),(559,6,0,'MU05 - 1',5,'123',NULL,41),(560,6,0,'MU05 - 2',6,'123',NULL,41),(561,6,0,'MU09 - 1',1,'110',NULL,41),(562,6,0,'MU09 - 2',2,'116',NULL,41),(563,6,0,'MU50 - 1',15,'130',NULL,41),(564,6,0,'MU23 - 2',8,'176',NULL,41),(565,6,0,'MU51 - 1',9,'142',NULL,42),(566,6,0,'MU50 - 2',16,'128',NULL,42),(567,6,0,'MU05 - 1',5,'127',NULL,42),(568,6,0,'MU05 - 2',6,'127',NULL,42),(569,6,0,'MU51 - 2',10,'152',NULL,42),(570,6,0,'MU09 - 2',2,'120',NULL,42),(571,6,0,'MU10 - 1',3,'143',NULL,42),(572,6,0,'MU50 - 1',15,'124',NULL,42),(573,6,0,'MU59 - 1',11,'246',NULL,42),(574,6,0,'MU10 - 2',4,'147',NULL,42),(575,6,0,'MU59 - 2',12,'248',NULL,42),(576,6,0,'G10L - 1',13,'184',NULL,42),(577,6,0,'G10L- 2',14,'188',NULL,42),(578,6,0,'MU09 - 1',1,'116',NULL,42),(579,6,0,'MU23 - 1',7,'176',NULL,42),(580,6,0,'MU23 - 2',8,'176',NULL,42),(581,6,0,'MU51 - 2',10,'142',NULL,43),(582,6,0,'MU50 - 2',16,'128',NULL,43),(583,6,0,'MU05 - 2',6,'127',NULL,43),(584,6,0,'MU51 - 1',9,'140',NULL,43),(585,6,0,'G10L - 1',13,'188',NULL,43),(586,6,0,'MU59 - 1',11,'246',NULL,43),(587,6,0,'MU09 - 2',2,'122',NULL,43),(588,6,0,'MU05 - 1',5,'123',NULL,43),(589,6,0,'MU59 - 2',12,'248',NULL,43),(590,6,0,'G10L- 2',14,'188',NULL,43),(591,6,0,'MU50 - 1',15,'128',NULL,43),(592,6,0,'MU09 - 1',1,'116',NULL,43),(593,6,0,'MU10 - 1',3,'151',NULL,43),(594,6,0,'MU10 - 2',4,'151',NULL,43),(595,6,0,'MU23 - 1',7,'176',NULL,43),(596,6,0,'MU23 - 2',8,'176',NULL,43),(597,6,0,'MU05 - 1',5,'117',NULL,44),(598,6,0,'G10L- 2',14,'184',NULL,44),(599,6,0,'MU50 - 2',16,'134',NULL,44),(600,6,0,'MU51 - 1',9,'148',NULL,44),(601,6,0,'MU51 - 2',10,'148',NULL,44),(602,6,0,'MU59 - 1',11,'246',NULL,44),(603,6,0,'MU59 - 2',12,'246',NULL,44),(604,6,0,'MU05 - 2',6,'123',NULL,44),(605,6,0,'MU09 - 1',1,'110',NULL,44),(606,6,0,'G10L - 1',13,'184',NULL,44),(607,6,0,'MU50 - 1',15,'128',NULL,44),(608,6,0,'MU09 - 2',2,'116',NULL,44),(609,6,0,'MU10 - 1',3,'151',NULL,44),(610,6,0,'MU10 - 2',4,'151',NULL,44),(611,6,0,'MU23 - 1',7,'172',NULL,44),(612,6,0,'MU23 - 2',8,'176',NULL,44),(613,6,0,'MU05 - 2',6,'127',NULL,45),(614,6,0,'G10L- 2',14,'184',NULL,45),(615,6,0,'MU51 - 2',10,'150',NULL,45),(616,6,0,'MU10 - 2',4,'143',NULL,45),(617,6,0,'MU51 - 1',9,'148',NULL,45),(618,6,0,'MU59 - 2',12,'246',NULL,45),(619,6,0,'G10L - 1',13,'182',NULL,45),(620,6,0,'MU05 - 1',5,'123',NULL,45),(621,6,0,'MU09 - 1',1,'116',NULL,45),(622,6,0,'MU09 - 2',2,'116',NULL,45),(623,6,0,'MU59 - 1',11,'240',NULL,45),(624,6,0,'MU50 - 1',15,'130',NULL,45),(625,6,0,'MU10 - 1',3,'141',NULL,45),(626,6,0,'MU23 - 1',7,'170',NULL,45),(627,6,0,'MU50 - 2',16,'130',NULL,45),(628,6,0,'MU23 - 2',8,'176',NULL,45),(629,6,0,'MU51 - 1',9,'142',NULL,46),(630,6,0,'MU51 - 2',10,'142',NULL,46),(631,6,0,'MU05 - 2',6,'127',NULL,46),(632,6,0,'MU50 - 2',16,'134',NULL,46),(633,6,0,'MU10 - 1',3,'145',NULL,46),(634,6,0,'G10L - 1',13,'188',NULL,46),(635,6,0,'MU50 - 1',15,'124',NULL,46),(636,6,0,'MU59 - 1',11,'246',NULL,46),(637,6,0,'MU10 - 2',4,'147',NULL,46),(638,6,0,'MU05 - 1',5,'123',NULL,46),(639,6,0,'MU09 - 2',2,'110',NULL,46),(640,6,0,'MU59 - 2',12,'248',NULL,46),(641,6,0,'G10L- 2',14,'188',NULL,46),(642,6,0,'MU09 - 1',1,'104',NULL,46),(643,6,0,'MU23 - 1',7,'166',NULL,46),(644,6,0,'MU23 - 2',8,'176',NULL,46),(645,6,0,'MU51 - 1',9,'140',NULL,47),(646,6,0,'MU51 - 2',10,'152',NULL,47),(647,6,0,'G10L- 2',14,'184',NULL,47),(648,6,0,'MU10 - 1',3,'143',NULL,47),(649,6,0,'MU10 - 2',4,'147',NULL,47),(650,6,0,'G10L - 1',13,'182',NULL,47),(651,6,0,'MU09 - 2',2,'122',NULL,47),(652,6,0,'MU05 - 1',5,'123',NULL,47),(653,6,0,'MU05 - 2',6,'123',NULL,47),(654,6,0,'MU09 - 1',1,'110',NULL,47),(655,6,0,'MU59 - 2',12,'248',NULL,47),(656,6,0,'MU50 - 1',15,'128',NULL,47),(657,6,0,'MU59 - 1',11,'240',NULL,47),(658,6,0,'MU50 - 2',16,'130',NULL,47),(659,6,0,'MU23 - 1',7,'176',NULL,47),(660,6,0,'MU23 - 2',8,'176',NULL,47),(661,6,0,'MU51 - 1',9,'142',NULL,48),(662,6,0,'MU51 - 2',10,'142',NULL,48),(663,6,0,'MU50 - 2',16,'124',NULL,48),(664,6,0,'MU10 - 2',4,'145',NULL,48),(665,6,0,'MU50 - 1',15,'124',NULL,48),(666,6,0,'G10L - 1',13,'182',NULL,48),(667,6,0,'MU05 - 1',5,'123',NULL,48),(668,6,0,'MU05 - 2',6,'123',NULL,48),(669,6,0,'MU59 - 1',11,'248',NULL,48),(670,6,0,'MU09 - 1',1,'110',NULL,48),(671,6,0,'G10L- 2',14,'188',NULL,48),(672,6,0,'MU09 - 2',2,'116',NULL,48),(673,6,0,'MU59 - 2',12,'250',NULL,48),(674,6,0,'MU10 - 1',3,'141',NULL,48),(675,6,0,'MU23 - 1',7,'166',NULL,48),(676,6,0,'MU23 - 2',8,'176',NULL,48),(677,6,0,'G10L- 2',14,'182',NULL,49),(678,6,0,'MU05 - 2',6,'127',NULL,49),(679,6,0,'MU51 - 2',10,'152',NULL,49),(680,6,0,'MU50 - 2',16,'134',NULL,49),(681,6,0,'MU09 - 2',2,'120',NULL,49),(682,6,0,'MU10 - 2',4,'143',NULL,49),(683,6,0,'MU51 - 1',9,'148',NULL,49),(684,6,0,'MU50 - 1',15,'124',NULL,49),(685,6,0,'G10L - 1',13,'182',NULL,49),(686,6,0,'MU05 - 1',5,'123',NULL,49),(687,6,0,'MU09 - 1',1,'110',NULL,49),(688,6,0,'MU59 - 2',12,'248',NULL,49),(689,6,0,'MU59 - 1',11,'240',NULL,49),(690,6,0,'MU10 - 1',3,'141',NULL,49),(691,6,0,'MU23 - 1',7,'172',NULL,49),(692,6,0,'MU23 - 2',8,'176',NULL,49),(693,6,0,'MU51 - 1',9,'142',NULL,50),(694,6,0,'G10L- 2',14,'182',NULL,50),(695,6,0,'MU05 - 2',6,'127',NULL,50),(696,6,0,'MU50 - 2',16,'132',NULL,50),(697,6,0,'MU09 - 2',2,'120',NULL,50),(698,6,0,'MU50 - 1',15,'132',NULL,50),(699,6,0,'MU10 - 1',3,'135',NULL,50),(700,6,0,'MU51 - 2',10,'148',NULL,50),(701,6,0,'MU59 - 1',11,'246',NULL,50),(702,6,0,'G10L - 1',13,'172',NULL,50),(703,6,0,'MU10 - 2',4,'147',NULL,50),(704,6,0,'MU05 - 1',5,'123',NULL,50),(705,6,0,'MU09 - 1',1,'110',NULL,50),(706,6,0,'MU59 - 2',12,'248',NULL,50),(707,6,0,'MU23 - 2',8,'170',NULL,50),(708,6,0,'MU23 - 1',7,'166',NULL,50),(709,6,0,'MU05 - 2',6,'127',NULL,51),(710,6,0,'MU51 - 2',10,'152',NULL,51),(711,6,0,'G10L- 2',14,'184',NULL,51),(712,6,0,'MU09 - 2',2,'120',NULL,51),(713,6,0,'MU10 - 1',3,'135',NULL,51),(714,6,0,'MU51 - 1',9,'148',NULL,51),(715,6,0,'MU10 - 2',4,'145',NULL,51),(716,6,0,'G10L - 1',13,'182',NULL,51),(717,6,0,'MU05 - 1',5,'123',NULL,51),(718,6,0,'MU59 - 2',12,'248',NULL,51),(719,6,0,'MU09 - 1',1,'116',NULL,51),(720,6,0,'MU59 - 1',11,'240',NULL,51),(721,6,0,'MU50 - 1',15,'130',NULL,51),(722,6,0,'MU50 - 2',16,'130',NULL,51),(723,6,0,'MU23 - 1',7,'166',NULL,51),(724,6,0,'MU23 - 2',8,'166',NULL,51),(725,6,0,'MU05 - 2',6,'127',NULL,52),(726,6,0,'G10L- 2',14,'184',NULL,52),(727,6,0,'MU51 - 2',10,'150',NULL,52),(728,6,0,'MU50 - 1',15,'110',NULL,52),(729,6,0,'MU10 - 1',3,'143',NULL,52),(730,6,0,'MU51 - 1',9,'148',NULL,52),(731,6,0,'MU09 - 1',1,'112',NULL,52),(732,6,0,'G10L - 1',13,'182',NULL,52),(733,6,0,'MU05 - 1',5,'123',NULL,52),(734,6,0,'MU59 - 2',12,'248',NULL,52),(735,6,0,'MU09 - 2',2,'116',NULL,52),(736,6,0,'MU10 - 2',4,'151',NULL,52),(737,6,0,'MU59 - 1',11,'240',NULL,52),(738,6,0,'MU50 - 2',16,'130',NULL,52),(739,6,0,'MU23 - 1',7,'176',NULL,52),(740,6,0,'MU23 - 2',8,'176',NULL,52),(741,6,0,'MU05 - 1',5,'125',NULL,53),(742,6,0,'G10L- 2',14,'182',NULL,53),(743,6,0,'MU05 - 2',6,'127',NULL,53),(744,6,0,'MU51 - 1',9,'140',NULL,53),(745,6,0,'MU51 - 2',10,'152',NULL,53),(746,6,0,'MU50 - 1',15,'124',NULL,53),(747,6,0,'MU10 - 1',3,'147',NULL,53),(748,6,0,'MU09 - 2',2,'122',NULL,53),(749,6,0,'MU59 - 1',11,'248',NULL,53),(750,6,0,'G10L - 1',13,'174',NULL,53),(751,6,0,'MU59 - 2',12,'248',NULL,53),(752,6,0,'MU09 - 1',1,'104',NULL,53),(753,6,0,'MU10 - 2',4,'151',NULL,53),(754,6,0,'MU50 - 2',16,'130',NULL,53),(755,6,0,'MU23 - 1',7,'173',NULL,53),(756,6,0,'MU23 - 2',8,'176',NULL,53),(757,6,0,'MU05 - 1',5,'125',NULL,54),(758,6,0,'MU23 - 1',7,'168',NULL,54),(759,6,0,'MU50 - 2',16,'128',NULL,54),(760,6,0,'MU05 - 2',6,'127',NULL,54),(761,6,0,'MU51 - 1',9,'140',NULL,54),(762,6,0,'MU51 - 2',10,'152',NULL,54),(763,6,0,'G10L- 2',14,'184',NULL,54),(764,6,0,'MU50 - 1',15,'124',NULL,54),(765,6,0,'G10L - 1',13,'182',NULL,54),(766,6,0,'MU59 - 1',11,'248',NULL,54),(767,6,0,'MU59 - 2',12,'248',NULL,54),(768,6,0,'MU09 - 1',1,'116',NULL,54),(769,6,0,'MU09 - 2',2,'116',NULL,54),(770,6,0,'MU10 - 2',4,'151',NULL,54),(771,6,0,'MU10 - 1',3,'141',NULL,54),(772,6,0,'MU23 - 2',8,'176',NULL,54),(773,6,0,'MU05 - 1',5,'125',NULL,55),(774,6,0,'MU51 - 1',9,'142',NULL,55),(775,6,0,'MU50 - 2',16,'128',NULL,55),(776,6,0,'MU05 - 2',6,'127',NULL,55),(777,6,0,'G10L- 2',14,'184',NULL,55),(778,6,0,'MU09 - 1',1,'120',NULL,55),(779,6,0,'MU09 - 2',2,'120',NULL,55),(780,6,0,'MU51 - 2',10,'148',NULL,55),(781,6,0,'MU59 - 2',12,'256',NULL,55),(782,6,0,'MU10 - 1',3,'147',NULL,55),(783,6,0,'G10L - 1',13,'182',NULL,55),(784,6,0,'MU59 - 1',11,'248',NULL,55),(785,6,0,'MU10 - 2',4,'149',NULL,55),(786,6,0,'MU50 - 1',15,'128',NULL,55),(787,6,0,'MU23 - 1',7,'172',NULL,55),(788,6,0,'MU23 - 2',8,'176',NULL,55),(789,6,0,'MU51 - 1',9,'142',NULL,56),(790,6,0,'MU05 - 2',6,'127',NULL,56),(791,6,0,'G10L- 2',14,'184',NULL,56),(792,6,0,'MU51 - 2',10,'150',NULL,56),(793,6,0,'MU05 - 1',5,'109',NULL,56),(794,6,0,'MU59 - 1',11,'246',NULL,56),(795,6,0,'MU09 - 1',1,'112',NULL,56),(796,6,0,'G10L - 1',13,'182',NULL,56),(797,6,0,'MU59 - 2',12,'248',NULL,56),(798,6,0,'MU09 - 2',2,'116',NULL,56),(799,6,0,'MU50 - 1',15,'130',NULL,56),(800,6,0,'MU10 - 1',3,'141',NULL,56),(801,6,0,'MU10 - 2',4,'141',NULL,56),(802,6,0,'MU50 - 2',16,'130',NULL,56),(803,6,0,'MU23 - 1',7,'176',NULL,56),(804,6,0,'MU23 - 2',8,'176',NULL,56),(805,6,0,'MU05 - 1',5,'125',NULL,57),(806,6,0,'MU51 - 1',9,'142',NULL,57),(807,6,0,'G10L- 2',14,'182',NULL,57),(808,6,0,'MU05 - 2',6,'127',NULL,57),(809,6,0,'MU51 - 2',10,'152',NULL,57),(810,6,0,'MU50 - 1',15,'124',NULL,57),(811,6,0,'MU59 - 1',11,'248',NULL,57),(812,6,0,'G10L - 1',13,'174',NULL,57),(813,6,0,'MU59 - 2',12,'248',NULL,57),(814,6,0,'MU09 - 2',2,'116',NULL,57),(815,6,0,'MU09 - 1',1,'104',NULL,57),(816,6,0,'MU10 - 2',4,'151',NULL,57),(817,6,0,'MU10 - 1',3,'141',NULL,57),(818,6,0,'MU50 - 2',16,'130',NULL,57),(819,6,0,'MU23 - 1',7,'176',NULL,57),(820,6,0,'MU23 - 2',8,'176',NULL,57),(821,6,0,'MU51 - 2',10,'142',NULL,58),(822,6,0,'MU51 - 1',9,'132',NULL,58),(823,6,0,'G10L- 2',14,'184',NULL,58),(824,6,0,'MU50 - 2',16,'134',NULL,58),(825,6,0,'MU05 - 1',5,'109',NULL,58),(826,6,0,'MU50 - 1',15,'110',NULL,58),(827,6,0,'MU09 - 1',1,'112',NULL,58),(828,6,0,'MU10 - 1',3,'147',NULL,58),(829,6,0,'G10L - 1',13,'182',NULL,58),(830,6,0,'MU05 - 2',6,'123',NULL,58),(831,6,0,'MU59 - 2',12,'248',NULL,58),(832,6,0,'MU09 - 2',2,'116',NULL,58),(833,6,0,'MU10 - 2',4,'151',NULL,58),(834,6,0,'MU59 - 1',11,'240',NULL,58),(835,6,0,'MU23 - 1',7,'176',NULL,58),(836,6,0,'MU23 - 2',8,'176',NULL,58),(837,6,0,'MU05 - 1',5,'125',NULL,59),(838,6,0,'MU05 - 2',6,'125',NULL,59),(839,6,0,'MU23 - 1',7,'168',NULL,59),(840,6,0,'MU50 - 2',16,'128',NULL,59),(841,6,0,'MU51 - 1',9,'140',NULL,59),(842,6,0,'G10L- 2',14,'184',NULL,59),(843,6,0,'MU51 - 2',10,'148',NULL,59),(844,6,0,'MU10 - 2',4,'147',NULL,59),(845,6,0,'MU59 - 1',11,'248',NULL,59),(846,6,0,'MU09 - 1',1,'110',NULL,59),(847,6,0,'MU59 - 2',12,'248',NULL,59),(848,6,0,'G10L - 1',13,'184',NULL,59),(849,6,0,'MU50 - 1',15,'128',NULL,59),(850,6,0,'MU09 - 2',2,'116',NULL,59),(851,6,0,'MU10 - 1',3,'141',NULL,59),(852,6,0,'MU23 - 2',8,'173',NULL,59),(853,6,0,'MU05 - 1',5,'127',NULL,60),(854,6,0,'MU05 - 2',6,'127',NULL,60),(855,6,0,'MU51 - 2',10,'152',NULL,60),(856,6,0,'MU51 - 1',9,'150',NULL,60),(857,6,0,'MU10 - 1',3,'143',NULL,60),(858,6,0,'G10L - 1',13,'178',NULL,60),(859,6,0,'MU59 - 2',12,'248',NULL,60),(860,6,0,'G10L- 2',14,'188',NULL,60),(861,6,0,'MU09 - 1',1,'116',NULL,60),(862,6,0,'MU09 - 2',2,'116',NULL,60),(863,6,0,'MU10 - 2',4,'151',NULL,60),(864,6,0,'MU59 - 1',11,'240',NULL,60),(865,6,0,'MU50 - 1',15,'130',NULL,60),(866,6,0,'MU50 - 2',16,'130',NULL,60),(867,6,0,'MU23 - 1',7,'173',NULL,60),(868,6,0,'MU23 - 2',8,'176',NULL,60),(869,6,0,'MU23 - 1',7,'168',NULL,61),(870,6,0,'MU51 - 1',9,'140',NULL,61),(871,6,0,'MU51 - 2',10,'150',NULL,61),(872,6,0,'MU50 - 2',16,'134',NULL,61),(873,6,0,'MU10 - 2',4,'143',NULL,61),(874,6,0,'MU09 - 2',2,'112',NULL,61),(875,6,0,'MU59 - 2',12,'246',NULL,61),(876,6,0,'G10L - 1',13,'182',NULL,61),(877,6,0,'MU05 - 1',5,'123',NULL,61),(878,6,0,'MU05 - 2',6,'123',NULL,61),(879,6,0,'MU09 - 1',1,'110',NULL,61),(880,6,0,'G10L- 2',14,'188',NULL,61),(881,6,0,'MU50 - 1',15,'128',NULL,61),(882,6,0,'MU59 - 1',11,'240',NULL,61),(883,6,0,'MU10 - 1',3,'141',NULL,61),(884,6,0,'MU23 - 2',8,'176',NULL,61),(885,6,0,'MU51 - 1',9,'142',NULL,62),(886,6,0,'MU51 - 2',10,'142',NULL,62),(887,6,0,'G10L- 2',14,'184',NULL,62),(888,6,0,'MU50 - 2',16,'124',NULL,62),(889,6,0,'MU10 - 1',3,'135',NULL,62),(890,6,0,'G10L - 1',13,'178',NULL,62),(891,6,0,'MU50 - 1',15,'124',NULL,62),(892,6,0,'MU05 - 1',5,'123',NULL,62),(893,6,0,'MU05 - 2',6,'123',NULL,62),(894,6,0,'MU59 - 1',11,'248',NULL,62),(895,6,0,'MU09 - 1',1,'110',NULL,62),(896,6,0,'MU59 - 2',12,'248',NULL,62),(897,6,0,'MU09 - 2',2,'116',NULL,62),(898,6,0,'MU10 - 2',4,'151',NULL,62),(899,6,0,'MU23 - 2',8,'174',NULL,62),(900,6,0,'MU23 - 1',7,'166',NULL,62),(901,6,0,'MU23 - 2',8,'168',NULL,63),(902,6,0,'MU51 - 1',9,'142',NULL,63),(903,6,0,'G10L- 2',14,'184',NULL,63),(904,6,0,'MU05 - 1',5,'109',NULL,63),(905,6,0,'MU10 - 1',3,'143',NULL,63),(906,6,0,'MU51 - 2',10,'148',NULL,63),(907,6,0,'MU10 - 2',4,'145',NULL,63),(908,6,0,'MU59 - 2',12,'246',NULL,63),(909,6,0,'G10L - 1',13,'182',NULL,63),(910,6,0,'MU09 - 2',2,'122',NULL,63),(911,6,0,'MU05 - 2',6,'123',NULL,63),(912,6,0,'MU50 - 1',15,'128',NULL,63),(913,6,0,'MU09 - 1',1,'116',NULL,63),(914,6,0,'MU59 - 1',11,'240',NULL,63),(915,6,0,'MU50 - 2',16,'130',NULL,63),(916,6,0,'MU23 - 1',7,'166',NULL,63),(917,6,0,'MU05 - 2',6,'125',NULL,64),(918,6,0,'MU51 - 1',9,'142',NULL,64),(919,6,0,'G10L- 2',14,'184',NULL,64),(920,6,0,'MU50 - 2',16,'132',NULL,64),(921,6,0,'MU09 - 2',2,'120',NULL,64),(922,6,0,'MU51 - 2',10,'148',NULL,64),(923,6,0,'MU09 - 1',1,'112',NULL,64),(924,6,0,'MU10 - 2',4,'147',NULL,64),(925,6,0,'G10L - 1',13,'182',NULL,64),(926,6,0,'MU05 - 1',5,'123',NULL,64),(927,6,0,'MU59 - 1',11,'248',NULL,64),(928,6,0,'MU59 - 2',12,'248',NULL,64),(929,6,0,'MU50 - 1',15,'128',NULL,64),(930,6,0,'MU10 - 1',3,'141',NULL,64),(931,6,0,'MU23 - 1',7,'176',NULL,64),(932,6,0,'MU23 - 2',8,'176',NULL,64),(933,6,0,'MU51 - 1',9,'142',NULL,65),(934,6,0,'MU05 - 2',6,'127',NULL,65),(935,6,0,'MU51 - 2',10,'150',NULL,65),(936,6,0,'MU10 - 1',3,'143',NULL,65),(937,6,0,'MU10 - 2',4,'145',NULL,65),(938,6,0,'MU50 - 1',15,'124',NULL,65),(939,6,0,'MU05 - 1',5,'123',NULL,65),(940,6,0,'MU59 - 1',11,'248',NULL,65),(941,6,0,'MU09 - 1',1,'110',NULL,65),(942,6,0,'MU59 - 2',12,'248',NULL,65),(943,6,0,'G10L - 1',13,'184',NULL,65),(944,6,0,'G10L- 2',14,'188',NULL,65),(945,6,0,'MU09 - 2',2,'116',NULL,65),(946,6,0,'MU50 - 2',16,'130',NULL,65),(947,6,0,'MU23 - 1',7,'176',NULL,65),(948,6,0,'MU23 - 2',8,'176',NULL,65),(949,6,0,'MU51 - 1',9,'142',NULL,66),(950,6,0,'G10L- 2',14,'182',NULL,66),(951,6,0,'MU05 - 2',6,'127',NULL,66),(952,6,0,'MU51 - 2',10,'152',NULL,66),(953,6,0,'MU10 - 2',4,'143',NULL,66),(954,6,0,'MU50 - 1',15,'124',NULL,66),(955,6,0,'G10L - 1',13,'182',NULL,66),(956,6,0,'MU05 - 1',5,'123',NULL,66),(957,6,0,'MU59 - 1',11,'248',NULL,66),(958,6,0,'MU59 - 2',12,'248',NULL,66),(959,6,0,'MU09 - 1',1,'116',NULL,66),(960,6,0,'MU09 - 2',2,'116',NULL,66),(961,6,0,'MU10 - 1',3,'141',NULL,66),(962,6,0,'MU50 - 2',16,'130',NULL,66),(963,6,0,'MU23 - 1',7,'176',NULL,66),(964,6,0,'MU23 - 2',8,'176',NULL,66),(965,6,0,'MU05 - 2',6,'125',NULL,67),(966,6,0,'MU05 - 1',5,'117',NULL,67),(967,6,0,'MU51 - 2',10,'150',NULL,67),(968,6,0,'MU50 - 2',16,'132',NULL,67),(969,6,0,'MU09 - 1',1,'120',NULL,67),(970,6,0,'MU51 - 1',9,'148',NULL,67),(971,6,0,'G10L - 1',13,'178',NULL,67),(972,6,0,'MU09 - 2',2,'124',NULL,67),(973,6,0,'MU59 - 1',11,'226',NULL,67),(974,6,0,'G10L- 2',14,'188',NULL,67),(975,6,0,'MU59 - 2',12,'230',NULL,67),(976,6,0,'MU10 - 2',4,'151',NULL,67),(977,6,0,'MU50 - 1',15,'130',NULL,67),(978,6,0,'MU10 - 1',3,'141',NULL,67),(979,6,0,'MU23 - 1',7,'170',NULL,67),(980,6,0,'MU23 - 2',8,'173',NULL,67),(981,6,0,'MU05 - 1',5,'127',NULL,68),(982,6,0,'MU05 - 2',6,'127',NULL,68),(983,6,0,'MU51 - 2',10,'150',NULL,68),(984,6,0,'MU09 - 1',1,'120',NULL,68),(985,6,0,'MU09 - 2',2,'120',NULL,68),(986,6,0,'MU51 - 1',9,'148',NULL,68),(987,6,0,'G10L - 1',13,'172',NULL,68),(988,6,0,'G10L- 2',14,'186',NULL,68),(989,6,0,'MU59 - 1',11,'226',NULL,68),(990,6,0,'MU10 - 2',4,'149',NULL,68),(991,6,0,'MU59 - 2',12,'230',NULL,68),(992,6,0,'MU50 - 1',15,'130',NULL,68),(993,6,0,'MU10 - 1',3,'141',NULL,68),(994,6,0,'MU50 - 2',16,'130',NULL,68),(995,6,0,'MU23 - 2',8,'172',NULL,68),(996,6,0,'MU23 - 1',7,'166',NULL,68),(997,6,0,'MU05 - 1',5,'127',NULL,69),(998,6,0,'MU05 - 2',6,'127',NULL,69),(999,6,0,'MU51 - 1',9,'140',NULL,69),(1000,6,0,'MU51 - 2',10,'150',NULL,69),(1001,6,0,'MU50 - 2',16,'132',NULL,69),(1002,6,0,'MU10 - 1',3,'143',NULL,69),(1003,6,0,'G10L - 1',13,'178',NULL,69),(1004,6,0,'MU09 - 1',1,'112',NULL,69),(1005,6,0,'MU10 - 2',4,'147',NULL,69),(1006,6,0,'G10L- 2',14,'186',NULL,69),(1007,6,0,'MU09 - 2',2,'114',NULL,69),(1008,6,0,'MU59 - 1',11,'240',NULL,69),(1009,6,0,'MU59 - 2',12,'250',NULL,69),(1010,6,0,'MU50 - 1',15,'130',NULL,69),(1011,6,0,'MU23 - 1',7,'172',NULL,69),(1012,6,0,'MU23 - 2',8,'172',NULL,69),(1013,6,0,'MU51 - 1',9,'142',NULL,70),(1014,6,0,'MU05 - 1',5,'127',NULL,70),(1015,6,0,'MU05 - 2',6,'127',NULL,70),(1016,6,0,'MU51 - 2',10,'150',NULL,70),(1017,6,0,'MU50 - 2',16,'132',NULL,70),(1018,6,0,'MU09 - 2',2,'120',NULL,70),(1019,6,0,'G10L - 1',13,'178',NULL,70),(1020,6,0,'MU59 - 1',11,'246',NULL,70),(1021,6,0,'MU09 - 1',1,'110',NULL,70),(1022,6,0,'MU59 - 2',12,'248',NULL,70),(1023,6,0,'G10L- 2',14,'188',NULL,70),(1024,6,0,'MU50 - 1',15,'128',NULL,70),(1025,6,0,'MU10 - 2',4,'151',NULL,70),(1026,6,0,'MU10 - 1',3,'141',NULL,70),(1027,6,0,'MU23 - 1',7,'170',NULL,70),(1028,6,0,'MU23 - 2',8,'173',NULL,70),(1029,6,0,'MU05 - 1',5,'125',NULL,71),(1030,6,0,'MU51 - 2',10,'142',NULL,71),(1031,6,0,'G10L- 2',14,'182',NULL,71),(1032,6,0,'MU05 - 2',6,'127',NULL,71),(1033,6,0,'MU51 - 1',9,'140',NULL,71),(1034,6,0,'MU59 - 1',11,NULL,NULL,71),(1035,6,0,'MU59 - 2',12,NULL,NULL,71),(1036,6,0,'MU09 - 2',2,'124',NULL,71),(1037,6,0,'G10L - 1',13,'182',NULL,71),(1038,6,0,'MU09 - 1',1,'122',NULL,71),(1039,6,0,'MU50 - 2',16,NULL,NULL,71),(1040,6,0,'MU50 - 1',15,NULL,NULL,71),(1041,6,0,'MU10 - 2',4,NULL,NULL,71),(1042,6,0,'MU10 - 1',3,NULL,NULL,71),(1043,6,0,'MU23 - 2',8,'172',NULL,71),(1044,6,0,'MU23 - 1',7,'166',NULL,71),(1045,6,0,'MU05 - 1',5,'125',NULL,72),(1046,6,0,'MU51 - 1',9,'142',NULL,72),(1047,6,0,'G10L- 2',14,'194',NULL,72),(1048,6,0,'MU50 - 2',16,'128',NULL,72),(1049,6,0,'MU05 - 2',6,'127',NULL,72),(1050,6,0,'MU50 - 1',15,'110',NULL,72),(1051,6,0,'MU51 - 2',10,'148',NULL,72),(1052,6,0,'MU09 - 2',2,'124',NULL,72),(1053,6,0,'G10L - 1',13,'172',NULL,72),(1054,6,0,'MU09 - 1',1,'122',NULL,72),(1055,6,0,'MU59 - 1',11,'248',NULL,72),(1056,6,0,'MU10 - 1',3,'149',NULL,72),(1057,6,0,'MU59 - 2',12,'248',NULL,72),(1058,6,0,'MU10 - 2',4,'151',NULL,72),(1059,6,0,'MU23 - 2',8,'170',NULL,72),(1060,6,0,'MU23 - 1',7,'166',NULL,72),(1061,6,0,'MU05 - 2',6,'125',NULL,73),(1062,6,0,'MU50 - 2',16,'128',NULL,73),(1063,6,0,'G10L- 2',14,'182',NULL,73),(1064,6,0,'MU51 - 1',9,'140',NULL,73),(1065,6,0,'MU50 - 1',15,'110',NULL,73),(1066,6,0,'MU51 - 2',10,'148',NULL,73),(1067,6,0,'MU09 - 2',2,'124',NULL,73),(1068,6,0,'MU05 - 1',5,'121',NULL,73),(1069,6,0,'MU09 - 1',1,'112',NULL,73),(1070,6,0,'MU10 - 2',4,'147',NULL,73),(1071,6,0,'G10L - 1',13,'182',NULL,73),(1072,6,0,'MU59 - 2',12,'248',NULL,73),(1073,6,0,'MU59 - 1',11,'230',NULL,73),(1074,6,0,'MU10 - 1',3,'141',NULL,73),(1075,6,0,'MU23 - 1',7,'172',NULL,73),(1076,6,0,'MU23 - 2',8,'172',NULL,73),(1077,6,0,'MU51 - 1',9,'142',NULL,74),(1078,6,0,'MU09 - 1',1,'98',NULL,74),(1079,6,0,'G10L- 2',14,'182',NULL,74),(1080,6,0,'MU05 - 2',6,'127',NULL,74),(1081,6,0,'MU50 - 2',16,'132',NULL,74),(1082,6,0,'MU09 - 2',2,'120',NULL,74),(1083,6,0,'MU51 - 2',10,'148',NULL,74),(1084,6,0,'MU05 - 1',5,'121',NULL,74),(1085,6,0,'G10L - 1',13,'172',NULL,74),(1086,6,0,'MU59 - 1',11,'248',NULL,74),(1087,6,0,'MU50 - 1',15,'128',NULL,74),(1088,6,0,'MU10 - 1',3,'151',NULL,74),(1089,6,0,'MU10 - 2',4,'151',NULL,74),(1090,6,0,'MU59 - 2',12,'250',NULL,74),(1091,6,0,'MU23 - 2',8,'172',NULL,74),(1092,6,0,'MU23 - 1',7,'166',NULL,74),(1093,6,0,'MU09 - 1',1,'98',NULL,75),(1094,6,0,'G10L- 2',14,'182',NULL,75),(1095,6,0,'MU05 - 1',5,'127',NULL,75),(1096,6,0,'MU05 - 2',6,'127',NULL,75),(1097,6,0,'MU51 - 1',9,'140',NULL,75),(1098,6,0,'MU51 - 2',10,'150',NULL,75),(1099,6,0,'MU50 - 2',16,'134',NULL,75),(1100,6,0,'MU10 - 1',3,'143',NULL,75),(1101,6,0,'G10L - 1',13,'178',NULL,75),(1102,6,0,'MU59 - 2',12,'256',NULL,75),(1103,6,0,'MU09 - 2',2,'110',NULL,75),(1104,6,0,'MU50 - 1',15,'128',NULL,75),(1105,6,0,'MU10 - 2',4,'151',NULL,75),(1106,6,0,'MU59 - 1',11,'240',NULL,75),(1107,6,0,'MU23 - 1',7,'172',NULL,75),(1108,6,0,'MU23 - 2',8,'172',NULL,75),(1109,6,0,'MU05 - 2',6,'125',NULL,76),(1110,6,0,'G10L- 2',14,'182',NULL,76),(1111,6,0,'MU51 - 1',9,'140',NULL,76),(1112,6,0,'MU51 - 2',10,'140',NULL,76),(1113,6,0,'MU05 - 1',5,'117',NULL,76),(1114,6,0,'MU50 - 2',16,'134',NULL,76),(1115,6,0,'G10L - 1',13,'178',NULL,76),(1116,6,0,'MU09 - 2',2,'124',NULL,76),(1117,6,0,'MU50 - 1',15,'128',NULL,76),(1118,6,0,'MU09 - 1',1,'116',NULL,76),(1119,6,0,'MU59 - 1',11,'232',NULL,76),(1120,6,0,'MU10 - 2',4,'151',NULL,76),(1121,6,0,'MU10 - 1',3,'141',NULL,76),(1122,6,0,'MU59 - 2',12,'240',NULL,76),(1123,6,0,'MU23 - 2',8,'172',NULL,76),(1124,6,0,'MU23 - 1',7,'166',NULL,76),(1125,6,0,'MU51 - 2',10,'142',NULL,77),(1126,6,0,'MU50 - 2',16,'128',NULL,77),(1127,6,0,'MU05 - 1',5,'127',NULL,77),(1128,6,0,'MU05 - 2',6,'127',NULL,77),(1129,6,0,'MU51 - 1',9,'140',NULL,77),(1130,6,0,'MU09 - 2',2,'112',NULL,77),(1131,6,0,'G10L- 2',14,'186',NULL,77),(1132,6,0,'MU59 - 1',11,'248',NULL,77),(1133,6,0,'MU09 - 1',1,'110',NULL,77),(1134,6,0,'MU10 - 1',3,'149',NULL,77),(1135,6,0,'MU59 - 2',12,'248',NULL,77),(1136,6,0,'G10L - 1',13,'184',NULL,77),(1137,6,0,'MU50 - 1',15,'128',NULL,77),(1138,6,0,'MU10 - 2',4,'151',NULL,77),(1139,6,0,'MU23 - 1',7,'172',NULL,77),(1140,6,0,'MU23 - 2',8,'172',NULL,77),(1141,6,0,'MU05 - 2',6,'125',NULL,78),(1142,6,0,'MU09 - 1',1,'98',NULL,78),(1143,6,0,'MU50 - 2',16,'124',NULL,78),(1144,6,0,'MU51 - 1',9,'148',NULL,78),(1145,6,0,'MU51 - 2',10,'148',NULL,78),(1146,6,0,'G10L - 1',13,'178',NULL,78),(1147,6,0,'MU50 - 1',15,'124',NULL,78),(1148,6,0,'MU05 - 1',5,'121',NULL,78),(1149,6,0,'MU10 - 2',4,'147',NULL,78),(1150,6,0,'G10L- 2',14,'178',NULL,78),(1151,6,0,'MU09 - 2',2,'116',NULL,78),(1152,6,0,'MU59 - 1',11,'240',NULL,78),(1153,6,0,'MU10 - 1',3,'141',NULL,78),(1154,6,0,'MU59 - 2',12,'240',NULL,78),(1155,6,0,'MU23 - 1',7,'170',NULL,78),(1156,6,0,'MU23 - 2',8,'170',NULL,78),(1157,6,0,'MU05 - 2',6,'125',NULL,79),(1158,6,0,'MU50 - 2',16,'128',NULL,79),(1159,6,0,'MU51 - 1',9,'140',NULL,79),(1160,6,0,'MU05 - 1',5,'117',NULL,79),(1161,6,0,'MU51 - 2',10,'150',NULL,79),(1162,6,0,'MU50 - 1',15,'124',NULL,79),(1163,6,0,'MU09 - 2',2,'124',NULL,79),(1164,6,0,'MU09 - 1',1,'112',NULL,79),(1165,6,0,'G10L - 1',13,'182',NULL,79),(1166,6,0,'G10L- 2',14,'186',NULL,79),(1167,6,0,'MU10 - 2',4,'149',NULL,79),(1168,6,0,'MU59 - 1',11,'240',NULL,79),(1169,6,0,'MU59 - 2',12,'250',NULL,79),(1170,6,0,'MU10 - 1',3,'141',NULL,79),(1171,6,0,'MU23 - 2',8,'172',NULL,79),(1172,6,0,'MU23 - 1',7,'166',NULL,79),(1173,6,0,'MU51 - 1',9,'142',NULL,80),(1174,6,0,'MU50 - 2',16,'128',NULL,80),(1175,6,0,'MU05 - 2',6,'127',NULL,80),(1176,6,0,'MU51 - 2',10,'150',NULL,80),(1177,6,0,'MU05 - 1',5,'109',NULL,80),(1178,6,0,'MU09 - 2',2,'120',NULL,80),(1179,6,0,'MU50 - 1',15,'124',NULL,80),(1180,6,0,'MU10 - 1',3,'147',NULL,80),(1181,6,0,'G10L- 2',14,'186',NULL,80),(1182,6,0,'MU59 - 1',11,'226',NULL,80),(1183,6,0,'MU09 - 1',1,'110',NULL,80),(1184,6,0,'G10L - 1',13,'184',NULL,80),(1185,6,0,'MU10 - 2',4,'151',NULL,80),(1186,6,0,'MU59 - 2',12,'250',NULL,80),(1187,6,0,'MU23 - 1',7,'170',NULL,80),(1188,6,0,'MU23 - 2',8,'170',NULL,80),(1189,6,0,'MU05 - 2',6,'125',NULL,81),(1190,6,0,'MU51 - 1',9,'140',NULL,81),(1191,6,0,'MU51 - 2',10,'140',NULL,81),(1192,6,0,'MU05 - 1',5,'117',NULL,81),(1193,6,0,'G10L - 1',13,'172',NULL,81),(1194,6,0,'G10L- 2',14,'178',NULL,81),(1195,6,0,'MU10 - 1',3,'149',NULL,81),(1196,6,0,'MU59 - 2',12,'248',NULL,81),(1197,6,0,'MU09 - 1',1,'114',NULL,81),(1198,6,0,'MU09 - 2',2,'114',NULL,81),(1199,6,0,'MU59 - 1',11,'232',NULL,81),(1200,6,0,'MU10 - 2',4,'151',NULL,81),(1201,6,0,'MU50 - 1',15,'130',NULL,81),(1202,6,0,'MU50 - 2',16,'130',NULL,81),(1203,6,0,'MU23 - 2',8,'172',NULL,81),(1204,6,0,'MU23 - 1',7,'166',NULL,81),(1205,6,0,'MU05 - 2',6,'127',NULL,82),(1206,6,0,'MU51 - 1',9,'140',NULL,82),(1207,6,0,'MU05 - 1',5,'117',NULL,82),(1208,6,0,'MU51 - 2',10,'150',NULL,82),(1209,6,0,'MU50 - 2',16,'132',NULL,82),(1210,6,0,'G10L - 1',13,'178',NULL,82),(1211,6,0,'MU09 - 1',1,'112',NULL,82),(1212,6,0,'G10L- 2',14,'186',NULL,82),(1213,6,0,'MU10 - 1',3,'149',NULL,82),(1214,6,0,'MU09 - 2',2,'114',NULL,82),(1215,6,0,'MU59 - 1',11,'232',NULL,82),(1216,6,0,'MU10 - 2',4,'151',NULL,82),(1217,6,0,'MU59 - 2',12,'250',NULL,82),(1218,6,0,'MU50 - 1',15,'130',NULL,82),(1219,6,0,'MU23 - 1',7,'172',NULL,82),(1220,6,0,'MU23 - 2',8,'172',NULL,82),(1221,6,0,'MU05 - 2',6,'127',NULL,83),(1222,6,0,'MU51 - 1',9,'140',NULL,83),(1223,6,0,'MU05 - 1',5,'117',NULL,83),(1224,6,0,'MU50 - 2',16,'132',NULL,83),(1225,6,0,'MU09 - 2',2,'120',NULL,83),(1226,6,0,'MU51 - 2',10,'148',NULL,83),(1227,6,0,'MU09 - 1',1,'112',NULL,83),(1228,6,0,'MU10 - 1',3,'147',NULL,83),(1229,6,0,'G10L - 1',13,'182',NULL,83),(1230,6,0,'MU59 - 2',12,'248',NULL,83),(1231,6,0,'G10L- 2',14,'188',NULL,83),(1232,6,0,'MU50 - 1',15,'128',NULL,83),(1233,6,0,'MU10 - 2',4,'151',NULL,83),(1234,6,0,'MU59 - 1',11,'240',NULL,83),(1235,6,0,'MU23 - 1',7,'170',NULL,83),(1236,6,0,'MU23 - 2',8,'173',NULL,83),(1237,6,0,'G10L- 2',14,'182',NULL,84),(1238,6,0,'MU05 - 1',5,'127',NULL,84),(1239,6,0,'MU05 - 2',6,'127',NULL,84),(1240,6,0,'MU51 - 2',10,'150',NULL,84),(1241,6,0,'MU50 - 2',16,'132',NULL,84),(1242,6,0,'MU09 - 2',2,'120',NULL,84),(1243,6,0,'MU51 - 1',9,'148',NULL,84),(1244,6,0,'MU10 - 1',3,'147',NULL,84),(1245,6,0,'G10L - 1',13,'182',NULL,84),(1246,6,0,'MU09 - 1',1,'116',NULL,84),(1247,6,0,'MU10 - 2',4,'151',NULL,84),(1248,6,0,'MU59 - 1',11,'240',NULL,84),(1249,6,0,'MU59 - 2',12,'250',NULL,84),(1250,6,0,'MU50 - 1',15,'130',NULL,84),(1251,6,0,'MU23 - 1',7,'170',NULL,84),(1252,6,0,'MU23 - 2',8,'170',NULL,84),(1253,6,0,'MU05 - 1',5,'125',NULL,85),(1254,6,0,'MU50 - 2',16,'128',NULL,85),(1255,6,0,'MU09 - 1',1,'98',NULL,85),(1256,6,0,'MU51 - 1',9,'132',NULL,85),(1257,6,0,'G10L- 2',14,'182',NULL,85),(1258,6,0,'MU05 - 2',6,'127',NULL,85),(1259,6,0,'MU51 - 2',10,'140',NULL,85),(1260,6,0,'MU50 - 1',15,'110',NULL,85),(1261,6,0,'MU10 - 2',4,'147',NULL,85),(1262,6,0,'G10L - 1',13,'182',NULL,85),(1263,6,0,'MU59 - 1',11,'248',NULL,85),(1264,6,0,'MU09 - 2',2,'110',NULL,85),(1265,6,0,'MU59 - 2',12,'248',NULL,85),(1266,6,0,'MU10 - 1',3,'141',NULL,85),(1267,6,0,'MU23 - 2',8,'172',NULL,85),(1268,6,0,'MU23 - 1',7,'166',NULL,85),(1269,6,0,'MU05 - 1',5,'125',NULL,86),(1270,6,0,'MU05 - 2',6,'127',NULL,86),(1271,6,0,'MU51 - 1',9,'148',NULL,86),(1272,6,0,'MU51 - 2',10,'148',NULL,86),(1273,6,0,'MU09 - 2',2,'124',NULL,86),(1274,6,0,'G10L - 1',13,'172',NULL,86),(1275,6,0,'MU09 - 1',1,'112',NULL,86),(1276,6,0,'MU59 - 1',11,'226',NULL,86),(1277,6,0,'G10L- 2',14,'178',NULL,86),(1278,6,0,'MU59 - 2',12,'248',NULL,86),(1279,6,0,'MU10 - 1',3,'151',NULL,86),(1280,6,0,'MU10 - 2',4,'151',NULL,86),(1281,6,0,'MU50 - 1',15,'130',NULL,86),(1282,6,0,'MU50 - 2',16,'130',NULL,86),(1283,6,0,'MU23 - 2',8,'173',NULL,86),(1284,6,0,'MU23 - 1',7,'172',NULL,86),(1285,6,0,'MU51 - 1',9,'142',NULL,87),(1286,6,0,'G10L- 2',14,'182',NULL,87),(1287,6,0,'MU05 - 2',6,'127',NULL,87),(1288,6,0,'MU50 - 2',16,'132',NULL,87),(1289,6,0,'MU51 - 2',10,'148',NULL,87),(1290,6,0,'MU10 - 1',3,'145',NULL,87),(1291,6,0,'MU50 - 1',15,'124',NULL,87),(1292,6,0,'G10L - 1',13,'182',NULL,87),(1293,6,0,'MU05 - 1',5,'123',NULL,87),(1294,6,0,'MU10 - 2',4,'149',NULL,87),(1295,6,0,'MU59 - 2',12,'248',NULL,87),(1296,6,0,'MU09 - 1',1,'116',NULL,87),(1297,6,0,'MU59 - 1',11,'232',NULL,87),(1298,6,0,'MU09 - 2',2,'118',NULL,87),(1299,6,0,'MU23 - 1',7,'170',NULL,87),(1300,6,0,'MU23 - 2',8,'176',NULL,87),(1301,6,0,'MU09 - 1',1,'98',NULL,88),(1302,6,0,'G10L- 2',14,'182',NULL,88),(1303,6,0,'MU50 - 2',16,'124',NULL,88),(1304,6,0,'MU05 - 1',5,'109',NULL,88),(1305,6,0,'MU10 - 1',3,'135',NULL,88),(1306,6,0,'MU51 - 1',9,'148',NULL,88),(1307,6,0,'MU51 - 2',10,'148',NULL,88),(1308,6,0,'G10L - 1',13,'178',NULL,88),(1309,6,0,'MU50 - 1',15,'124',NULL,88),(1310,6,0,'MU05 - 2',6,'121',NULL,88),(1311,6,0,'MU10 - 2',4,'147',NULL,88),(1312,6,0,'MU09 - 2',2,'116',NULL,88),(1313,6,0,'MU59 - 1',11,'240',NULL,88),(1314,6,0,'MU59 - 2',12,'250',NULL,88),(1315,6,0,'MU23 - 1',7,'170',NULL,88),(1316,6,0,'MU23 - 2',8,'170',NULL,88),(1317,6,0,'MU51 - 1',9,'142',NULL,89),(1318,6,0,'MU50 - 2',16,'128',NULL,89),(1319,6,0,'MU05 - 1',5,'127',NULL,89),(1320,6,0,'MU05 - 2',6,'127',NULL,89),(1321,6,0,'G10L- 2',14,'184',NULL,89),(1322,6,0,'MU10 - 1',3,'135',NULL,89),(1323,6,0,'MU51 - 2',10,'148',NULL,89),(1324,6,0,'MU59 - 2',12,'256',NULL,89),(1325,6,0,'MU09 - 1',1,'112',NULL,89),(1326,6,0,'G10L - 1',13,'182',NULL,89),(1327,6,0,'MU09 - 2',2,'122',NULL,89),(1328,6,0,'MU59 - 1',11,'248',NULL,89),(1329,6,0,'MU50 - 1',15,'128',NULL,89),(1330,6,0,'MU10 - 2',4,'151',NULL,89),(1331,6,0,'MU23 - 1',7,'170',NULL,89),(1332,6,0,'MU23 - 2',8,'172',NULL,89),(1333,6,0,'MU05 - 1',5,'125',NULL,90),(1334,6,0,'MU51 - 1',9,'142',NULL,90),(1335,6,0,'MU51 - 2',10,'142',NULL,90),(1336,6,0,'G10L- 2',14,'182',NULL,90),(1337,6,0,'MU05 - 2',6,'127',NULL,90),(1338,6,0,'MU50 - 2',16,'132',NULL,90),(1339,6,0,'MU59 - 2',12,'256',NULL,90),(1340,6,0,'G10L - 1',13,'182',NULL,90),(1341,6,0,'MU09 - 1',1,'110',NULL,90),(1342,6,0,'MU50 - 1',15,'128',NULL,90),(1343,6,0,'MU59 - 1',11,'252',NULL,90),(1344,6,0,'MU10 - 1',3,'151',NULL,90),(1345,6,0,'MU10 - 2',4,'151',NULL,90),(1346,6,0,'MU09 - 2',2,'118',NULL,90),(1347,6,0,'MU23 - 1',7,'170',NULL,90),(1348,6,0,'MU23 - 2',8,'170',NULL,90),(1349,6,0,'MU09 - 1',1,'98',NULL,91),(1350,6,0,'G10L- 2',14,'182',NULL,91),(1351,6,0,'MU05 - 1',5,'127',NULL,91),(1352,6,0,'MU05 - 2',6,'127',NULL,91),(1353,6,0,'MU51 - 1',9,'140',NULL,91),(1354,6,0,'MU51 - 2',10,'150',NULL,91),(1355,6,0,'MU50 - 2',16,'134',NULL,91),(1356,6,0,'MU10 - 1',3,'143',NULL,91),(1357,6,0,'G10L - 1',13,'178',NULL,91),(1358,6,0,'MU59 - 2',12,'256',NULL,91),(1359,6,0,'MU09 - 2',2,'110',NULL,91),(1360,6,0,'MU50 - 1',15,'128',NULL,91),(1361,6,0,'MU10 - 2',4,'151',NULL,91),(1362,6,0,'MU59 - 1',11,'240',NULL,91),(1363,6,0,'MU23 - 1',7,'172',NULL,91),(1364,6,0,'MU23 - 2',8,'172',NULL,91),(1365,6,0,'MU05 - 1',5,'125',NULL,92),(1366,6,0,'MU51 - 1',9,'142',NULL,92),(1367,6,0,'MU50 - 2',16,'128',NULL,92),(1368,6,0,'G10L- 2',14,'182',NULL,92),(1369,6,0,'MU05 - 2',6,'127',NULL,92),(1370,6,0,'MU51 - 2',10,'148',NULL,92),(1371,6,0,'G10L - 1',13,'178',NULL,92),(1372,6,0,'MU09 - 1',1,'112',NULL,92),(1373,6,0,'MU50 - 1',15,'128',NULL,92),(1374,6,0,'MU09 - 2',2,'114',NULL,92),(1375,6,0,'MU10 - 2',4,'151',NULL,92),(1376,6,0,'MU59 - 2',12,'250',NULL,92),(1377,6,0,'MU10 - 1',3,'141',NULL,92),(1378,6,0,'MU59 - 1',11,'250',NULL,92),(1379,6,0,'MU23 - 1',7,'170',NULL,92),(1380,6,0,'MU23 - 2',8,'172',NULL,92),(1381,6,0,'MU51 - 1',9,'132',NULL,93),(1382,6,0,'G10L- 2',14,'182',NULL,93),(1383,6,0,'MU05 - 2',6,'127',NULL,93),(1384,6,0,'MU51 - 2',10,'150',NULL,93),(1385,6,0,'MU50 - 2',16,'134',NULL,93),(1386,6,0,'MU09 - 2',2,'120',NULL,93),(1387,6,0,'MU50 - 1',15,'132',NULL,93),(1388,6,0,'G10L - 1',13,'178',NULL,93),(1389,6,0,'MU05 - 1',5,'121',NULL,93),(1390,6,0,'MU09 - 1',1,'112',NULL,93),(1391,6,0,'MU10 - 1',3,'147',NULL,93),(1392,6,0,'MU10 - 2',4,'149',NULL,93),(1393,6,0,'MU59 - 2',12,'248',NULL,93),(1394,6,0,'MU59 - 1',11,'230',NULL,93),(1395,6,0,'MU23 - 2',8,'173',NULL,93),(1396,6,0,'MU23 - 1',7,'172',NULL,93),(1397,6,0,'MU05 - 1',5,'125',NULL,94),(1398,6,0,'MU05 - 2',6,'125',NULL,94),(1399,6,0,'MU51 - 1',9,'142',NULL,94),(1400,6,0,'MU51 - 2',10,'148',NULL,94),(1401,6,0,'G10L - 1',13,'178',NULL,94),(1402,6,0,'MU09 - 2',2,'124',NULL,94),(1403,6,0,'MU09 - 1',1,'112',NULL,94),(1404,6,0,'MU10 - 1',3,'147',NULL,94),(1405,6,0,'G10L- 2',14,'178',NULL,94),(1406,6,0,'MU50 - 1',15,'128',NULL,94),(1407,6,0,'MU10 - 2',4,'151',NULL,94),(1408,6,0,'MU59 - 1',11,'240',NULL,94),(1409,6,0,'MU59 - 2',12,'240',NULL,94),(1410,6,0,'MU50 - 2',16,'130',NULL,94),(1411,6,0,'MU23 - 1',7,'172',NULL,94),(1412,6,0,'MU23 - 2',8,'172',NULL,94),(1413,6,0,'MU05 - 1',5,'125',NULL,95),(1414,6,0,'MU50 - 2',16,'128',NULL,95),(1415,6,0,'MU09 - 1',1,'98',NULL,95),(1416,6,0,'MU05 - 2',6,'127',NULL,95),(1417,6,0,'MU51 - 2',10,'150',NULL,95),(1418,6,0,'MU51 - 1',9,'148',NULL,95),(1419,6,0,'MU50 - 1',15,'124',NULL,95),(1420,6,0,'MU59 - 2',12,'256',NULL,95),(1421,6,0,'G10L - 1',13,'182',NULL,95),(1422,6,0,'MU59 - 1',11,'248',NULL,95),(1423,6,0,'MU09 - 2',2,'110',NULL,95),(1424,6,0,'MU10 - 1',3,'149',NULL,95),(1425,6,0,'G10L- 2',14,'188',NULL,95),(1426,6,0,'MU10 - 2',4,'151',NULL,95),(1427,6,0,'MU23 - 2',8,'172',NULL,95),(1428,6,0,'MU23 - 1',7,'166',NULL,95),(1429,6,0,'MU51 - 2',10,'142',NULL,96),(1430,6,0,'MU05 - 2',6,'127',NULL,96),(1431,6,0,'MU51 - 1',9,'140',NULL,96),(1432,6,0,'MU05 - 1',5,'117',NULL,96),(1433,6,0,'MU50 - 2',16,'134',NULL,96),(1434,6,0,'MU09 - 1',1,'120',NULL,96),(1435,6,0,'MU09 - 2',2,'120',NULL,96),(1436,6,0,'MU10 - 1',3,'135',NULL,96),(1437,6,0,'MU50 - 1',15,'124',NULL,96),(1438,6,0,'G10L - 1',13,'182',NULL,96),(1439,6,0,'G10L- 2',14,'188',NULL,96),(1440,6,0,'MU59 - 2',12,'232',NULL,96),(1441,6,0,'MU59 - 1',11,'232',NULL,96),(1442,6,0,'MU10 - 2',4,'151',NULL,96),(1443,6,0,'MU23 - 2',8,'172',NULL,96),(1444,6,0,'MU23 - 1',7,'166',NULL,96),(1445,6,0,'MU05 - 1',5,'125',NULL,97),(1446,6,0,'MU51 - 2',10,'142',NULL,97),(1447,6,0,'G10L- 2',14,'182',NULL,97),(1448,6,0,'MU05 - 2',6,'127',NULL,97),(1449,6,0,'MU51 - 1',9,'140',NULL,97),(1450,6,0,'MU50 - 2',16,'132',NULL,97),(1451,6,0,'MU10 - 1',3,'135',NULL,97),(1452,6,0,'MU09 - 2',2,'124',NULL,97),(1453,6,0,'MU10 - 2',4,'147',NULL,97),(1454,6,0,'G10L - 1',13,'182',NULL,97),(1455,6,0,'MU09 - 1',1,'110',NULL,97),(1456,6,0,'MU50 - 1',15,'128',NULL,97),(1457,6,0,'MU59 - 1',11,'230',NULL,97),(1458,6,0,'MU59 - 2',12,'250',NULL,97),(1459,6,0,'MU23 - 1',7,'170',NULL,97),(1460,6,0,'MU23 - 2',8,'172',NULL,97),(1461,6,0,'G10L- 2',14,'194',NULL,98),(1462,6,0,'MU51 - 1',9,'132',NULL,98),(1463,6,0,'MU05 - 1',5,'127',NULL,98),(1464,6,0,'MU05 - 2',6,'127',NULL,98),(1465,6,0,'MU50 - 2',16,'132',NULL,98),(1466,6,0,'MU09 - 1',1,'120',NULL,98),(1467,6,0,'MU09 - 2',2,'120',NULL,98),(1468,6,0,'MU10 - 1',3,'135',NULL,98),(1469,6,0,'MU51 - 2',10,'148',NULL,98),(1470,6,0,'G10L - 1',13,'178',NULL,98),(1471,6,0,'MU50 - 1',15,'128',NULL,98),(1472,6,0,'MU10 - 2',4,'151',NULL,98),(1473,6,0,'MU59 - 1',11,'240',NULL,98),(1474,6,0,'MU59 - 2',12,'250',NULL,98),(1475,6,0,'MU23 - 2',8,'172',NULL,98),(1476,6,0,'MU23 - 1',7,'166',NULL,98),(1477,6,0,'MU05 - 1',5,'125',NULL,99),(1478,6,0,'G10L- 2',14,'182',NULL,99),(1479,6,0,'MU05 - 2',6,'127',NULL,99),(1480,6,0,'MU51 - 1',9,'140',NULL,99),(1481,6,0,'MU51 - 2',10,'140',NULL,99),(1482,6,0,'MU09 - 1',1,'96',NULL,99),(1483,6,0,'MU50 - 2',16,'134',NULL,99),(1484,6,0,'G10L - 1',13,'178',NULL,99),(1485,6,0,'MU50 - 1',15,'124',NULL,99),(1486,6,0,'MU09 - 2',2,'124',NULL,99),(1487,6,0,'MU59 - 1',11,'232',NULL,99),(1488,6,0,'MU10 - 2',4,'151',NULL,99),(1489,6,0,'MU59 - 2',12,'250',NULL,99),(1490,6,0,'MU10 - 1',3,'141',NULL,99),(1491,6,0,'MU23 - 2',8,'172',NULL,99),(1492,6,0,'MU23 - 1',7,'166',NULL,99),(1493,6,0,'MU05 - 1',5,'125',NULL,100),(1494,6,0,'MU50 - 2',16,'128',NULL,100),(1495,6,0,'G10L- 2',14,'182',NULL,100),(1496,6,0,'MU05 - 2',6,'127',NULL,100),(1497,6,0,'MU51 - 1',9,'140',NULL,100),(1498,6,0,'MU50 - 1',15,'110',NULL,100),(1499,6,0,'MU51 - 2',10,'148',NULL,100),(1500,6,0,'G10L - 1',13,'178',NULL,100),(1501,6,0,'MU09 - 2',2,'124',NULL,100),(1502,6,0,'MU10 - 1',3,'147',NULL,100),(1503,6,0,'MU09 - 1',1,'122',NULL,100),(1504,6,0,'MU59 - 1',11,'232',NULL,100),(1505,6,0,'MU10 - 2',4,'151',NULL,100),(1506,6,0,'MU59 - 2',12,'250',NULL,100),(1507,6,0,'MU23 - 2',8,'172',NULL,100),(1508,6,0,'MU23 - 1',7,'166',NULL,100),(1509,6,0,'MU51 - 2',10,'142',NULL,101),(1510,6,0,'MU09 - 1',1,'98',NULL,101),(1511,6,0,'MU51 - 1',9,'132',NULL,101),(1512,6,0,'G10L- 2',14,'182',NULL,101),(1513,6,0,'MU05 - 1',5,'127',NULL,101),(1514,6,0,'MU05 - 2',6,'127',NULL,101),(1515,6,0,'MU50 - 2',16,'132',NULL,101),(1516,6,0,'MU50 - 1',15,'132',NULL,101),(1517,6,0,'MU59 - 1',11,NULL,NULL,101),(1518,6,0,'MU59 - 2',12,NULL,NULL,101),(1519,6,0,'MU10 - 1',3,'147',NULL,101),(1520,6,0,'MU10 - 2',4,'147',NULL,101),(1521,6,0,'G10L - 1',13,'182',NULL,101),(1522,6,0,'MU09 - 2',2,'110',NULL,101),(1523,6,0,'MU23 - 1',7,'172',NULL,101),(1524,6,0,'MU23 - 2',8,'172',NULL,101),(1525,6,0,'G10L- 2',14,'182',NULL,102),(1526,6,0,'MU05 - 1',5,'127',NULL,102),(1527,6,0,'MU05 - 2',6,'127',NULL,102),(1528,6,0,'MU51 - 1',9,'140',NULL,102),(1529,6,0,'G10L - 1',13,'178',NULL,102),(1530,6,0,'MU59 - 2',12,'256',NULL,102),(1531,6,0,'MU51 - 2',10,'144',NULL,102),(1532,6,0,'MU09 - 1',1,'110',NULL,102),(1533,6,0,'MU09 - 2',2,'110',NULL,102),(1534,6,0,'MU50 - 1',15,'128',NULL,102),(1535,6,0,'MU59 - 1',11,'240',NULL,102),(1536,6,0,'MU10 - 1',3,'141',NULL,102),(1537,6,0,'MU10 - 2',4,'141',NULL,102),(1538,6,0,'MU23 - 1',7,'170',NULL,102),(1539,6,0,'MU50 - 2',16,'130',NULL,102),(1540,6,0,'MU23 - 2',8,'172',NULL,102);
/*!40000 ALTER TABLE `Alleles_AUD` ENABLE KEYS */;
UNLOCK TABLES;

--
-- Table structure for table `AnnotationGroups`
--

DROP TABLE IF EXISTS `AnnotationGroups`;
/*!40101 SET @saved_cs_client     = @@character_set_client */;
/*!40101 SET character_set_client = utf8 */;
CREATE TABLE `AnnotationGroups` (
  `AnnotationGroupID` int(11) NOT NULL AUTO_INCREMENT,
  `Description` longtext,
  `LastModified` datetime(6) DEFAULT NULL,
  `Name` varchar(10) NOT NULL,
  PRIMARY KEY (`AnnotationGroupID`),
  UNIQUE KEY `UK_56t6u1kb88q0jsyobqor1199n` (`Name`)
) ENGINE=InnoDB DEFAULT CHARSET=latin1;
/*!40101 SET character_set_client = @saved_cs_client */;

--
-- Dumping data for table `AnnotationGroups`
--

LOCK TABLES `AnnotationGroups` WRITE;
/*!40000 ALTER TABLE `AnnotationGroups` DISABLE KEYS */;
/*!40000 ALTER TABLE `AnnotationGroups` ENABLE KEYS */;
UNLOCK TABLES;

--
-- Table structure for table `AnnotationTypes`
--

DROP TABLE IF EXISTS `AnnotationTypes`;
/*!40101 SET @saved_cs_client     = @@character_set_client */;
/*!40101 SET character_set_client = utf8 */;
CREATE TABLE `AnnotationTypes` (
  `AnnotationTypeID` int(11) NOT NULL AUTO_INCREMENT,
  `Description` longtext,
  `LastModified` datetime(6) DEFAULT NULL,
  `Name` varchar(50) NOT NULL,
  PRIMARY KEY (`AnnotationTypeID`),
  UNIQUE KEY `UK_rxjw64b6ou832rldylrcqdeod` (`Name`)
) ENGINE=InnoDB DEFAULT CHARSET=latin1;
/*!40101 SET character_set_client = @saved_cs_client */;

--
-- Dumping data for table `AnnotationTypes`
--

LOCK TABLES `AnnotationTypes` WRITE;
/*!40000 ALTER TABLE `AnnotationTypes` DISABLE KEYS */;
/*!40000 ALTER TABLE `AnnotationTypes` ENABLE KEYS */;
UNLOCK TABLES;

--
-- Table structure for table `Annotations`
--

DROP TABLE IF EXISTS `Annotations`;
/*!40101 SET @saved_cs_client     = @@character_set_client */;
/*!40101 SET character_set_client = utf8 */;
CREATE TABLE `Annotations` (
  `AnnotationID` int(11) NOT NULL AUTO_INCREMENT,
  `AnnotationDefault` bit(1) NOT NULL,
  `DateCreated` datetime NOT NULL,
  `LastModified` datetime(6) DEFAULT NULL,
  `Value` varchar(50) NOT NULL,
  `Link2AnnotationID` int(11) DEFAULT NULL,
  `AnnotationGroupID` int(11) DEFAULT NULL,
  `AnnotationTypeID` int(11) DEFAULT NULL,
  `SequenceID` int(11) DEFAULT NULL,
  `SpotID` int(11) DEFAULT NULL,
  PRIMARY KEY (`AnnotationID`),
  KEY `FK_dwgkd6m4f6owt7vsof66jt54g` (`Link2AnnotationID`),
  KEY `FK_dee1xlolk34uhwqtc2i45nc0v` (`AnnotationGroupID`),
  KEY `FK_6ei8vksayjvut57t365guvbgm` (`AnnotationTypeID`),
  KEY `FK_trgcxt8qjd6e6jwrkfgpf7t63` (`SequenceID`),
  KEY `FK_793tgch4wtwhchwf0r7pd7bey` (`SpotID`),
  CONSTRAINT `FK_6ei8vksayjvut57t365guvbgm` FOREIGN KEY (`AnnotationTypeID`) REFERENCES `AnnotationTypes` (`AnnotationTypeID`),
  CONSTRAINT `FK_793tgch4wtwhchwf0r7pd7bey` FOREIGN KEY (`SpotID`) REFERENCES `Spots` (`SpotID`),
  CONSTRAINT `FK_dee1xlolk34uhwqtc2i45nc0v` FOREIGN KEY (`AnnotationGroupID`) REFERENCES `AnnotationGroups` (`AnnotationGroupID`),
  CONSTRAINT `FK_dwgkd6m4f6owt7vsof66jt54g` FOREIGN KEY (`Link2AnnotationID`) REFERENCES `Annotations` (`AnnotationID`),
  CONSTRAINT `FK_trgcxt8qjd6e6jwrkfgpf7t63` FOREIGN KEY (`SequenceID`) REFERENCES `Sequences` (`SequenceID`)
) ENGINE=InnoDB DEFAULT CHARSET=latin1;
/*!40101 SET character_set_client = @saved_cs_client */;

--
-- Dumping data for table `Annotations`
--

LOCK TABLES `Annotations` WRITE;
/*!40000 ALTER TABLE `Annotations` DISABLE KEYS */;
/*!40000 ALTER TABLE `Annotations` ENABLE KEYS */;
UNLOCK TABLES;

--
-- Table structure for table `ArrayTypes`
--

DROP TABLE IF EXISTS `ArrayTypes`;
/*!40101 SET @saved_cs_client     = @@character_set_client */;
/*!40101 SET character_set_client = utf8 */;
CREATE TABLE `ArrayTypes` (
  `ArrayTypeID` int(11) NOT NULL AUTO_INCREMENT,
  `Description` longtext,
  `LastModified` datetime(6) DEFAULT NULL,
  `Name` varchar(50) NOT NULL,
  `NumberOfColumns` int(11) NOT NULL,
  `NumberOfRows` int(11) NOT NULL,
  `NumberOfSpots` int(11) NOT NULL,
  `Provider` varchar(50) NOT NULL,
  PRIMARY KEY (`ArrayTypeID`),
  UNIQUE KEY `UK_btil3ei5i1mc85ejn3ygb15h0` (`Name`)
) ENGINE=InnoDB DEFAULT CHARSET=latin1;
/*!40101 SET character_set_client = @saved_cs_client */;

--
-- Dumping data for table `ArrayTypes`
--

LOCK TABLES `ArrayTypes` WRITE;
/*!40000 ALTER TABLE `ArrayTypes` DISABLE KEYS */;
/*!40000 ALTER TABLE `ArrayTypes` ENABLE KEYS */;
UNLOCK TABLES;

--
-- Table structure for table `BarcodeableMaps`
--

DROP TABLE IF EXISTS `BarcodeableMaps`;
/*!40101 SET @saved_cs_client     = @@character_set_client */;
/*!40101 SET character_set_client = utf8 */;
CREATE TABLE `BarcodeableMaps` (
  `BarcodeableMapID` int(11) NOT NULL AUTO_INCREMENT,
  `BarcodeableEntity` varchar(255) NOT NULL,
  `BarcodeableMapName` varchar(255) NOT NULL,
  `LastModified` datetime(6) DEFAULT NULL,
  `MapFile` varchar(255) NOT NULL,
  PRIMARY KEY (`BarcodeableMapID`),
  UNIQUE KEY `UK_6fkvgcgl8mjl7edxbrh17d3y5` (`BarcodeableEntity`)
) ENGINE=InnoDB AUTO_INCREMENT=8 DEFAULT CHARSET=latin1;
/*!40101 SET character_set_client = @saved_cs_client */;

--
-- Dumping data for table `BarcodeableMaps`
--

LOCK TABLES `BarcodeableMaps` WRITE;
/*!40000 ALTER TABLE `BarcodeableMaps` DISABLE KEYS */;
INSERT INTO `BarcodeableMaps` VALUES (1,'SpecimenReplicate','Specimen Map','2013-03-19 00:00:00.000000','Map file for Specimen'),(2,'Sample','Sample Map','2013-03-19 00:00:00.000000','Map file for Sample'),(3,'Container','Container Map','2013-03-19 00:00:00.000000','Map file for Container'),(4,'MixedSpecimen','Mixed Specimen Map','2013-03-19 00:00:00.000000','Map file for MixedSpecimen'),(5,'Product','Product Map','2013-03-19 00:00:00.000000','Map file for Product'),(6,'Storage','Storage Map','2013-03-19 00:00:00.000000','Map file for Storage'),(7,'PcrPrimer','PcrPrimer Map','2013-03-19 00:00:00.000000','Map file for PcrPrimer');
/*!40000 ALTER TABLE `BarcodeableMaps` ENABLE KEYS */;
UNLOCK TABLES;

--
-- Table structure for table `BiologicalCollections`
--

DROP TABLE IF EXISTS `BiologicalCollections`;
/*!40101 SET @saved_cs_client     = @@character_set_client */;
/*!40101 SET character_set_client = utf8 */;
CREATE TABLE `BiologicalCollections` (
  `BiologicalCollectionID` int(11) NOT NULL AUTO_INCREMENT,
  `DatePublished` date DEFAULT NULL,
  `Description` longtext,
  `Language` varchar(20) DEFAULT NULL,
  `LastModified` datetime(6) DEFAULT NULL,
  `LongName` varchar(512) DEFAULT NULL,
  `Name` varchar(50) NOT NULL,
  `WWW` varchar(100) DEFAULT NULL,
  `Address` int(11) DEFAULT NULL,
  `Contact` int(11) DEFAULT NULL,
  `GroupID` int(11) DEFAULT NULL,
  PRIMARY KEY (`BiologicalCollectionID`),
  UNIQUE KEY `UK_ska14t8hsm48ydpdbdn2mky27` (`Name`,`GroupID`),
  KEY `FK_qtmk2q6w736xfc24hj9xbp4bw` (`Address`),
  KEY `FK_3eu58lcf41l1fb5b83yomu44n` (`Contact`),
  KEY `FK_gbiqv9ercno7hkdmqp9svtbk5` (`GroupID`),
  CONSTRAINT `FK_3eu58lcf41l1fb5b83yomu44n` FOREIGN KEY (`Contact`) REFERENCES `People` (`PeopleID`),
  CONSTRAINT `FK_gbiqv9ercno7hkdmqp9svtbk5` FOREIGN KEY (`GroupID`) REFERENCES `Groups` (`GroupID`),
  CONSTRAINT `FK_qtmk2q6w736xfc24hj9xbp4bw` FOREIGN KEY (`Address`) REFERENCES `Addresses` (`AddressID`)
) ENGINE=InnoDB AUTO_INCREMENT=8 DEFAULT CHARSET=latin1;
/*!40101 SET character_set_client = @saved_cs_client */;

--
-- Dumping data for table `BiologicalCollections`
--

LOCK TABLES `BiologicalCollections` WRITE;
/*!40000 ALTER TABLE `BiologicalCollections` DISABLE KEYS */;
INSERT INTO `BiologicalCollections` VALUES (1,NULL,'Collection for Dr. Keith Siefert',NULL,'2013-03-19 00:00:00.000000','Keith Siefert','KAS','www.google.com',1,1,1),(2,NULL,'Collection for Dr. Andre Levesque',NULL,'2013-03-19 00:00:00.000000','Andre Levesque','LEV','www.google.com',1,1,1),(3,NULL,'Collection for Dr. Sarah Hambleton',NULL,'2013-03-19 00:00:00.000000','Sarah Hambleton','RS','www.google.com',1,1,1),(4,NULL,'Test collection ',NULL,'2013-03-19 00:00:00.000000','Test collection','XYZ','www.google.com',1,1,2),(5,NULL,'JB Test collection ',NULL,'2013-03-19 00:00:00.000000','JB Test Collection','JB','www.google.com',1,1,1),(6,NULL,'BK Test collection ',NULL,'2013-03-19 00:00:00.000000','BK Test collection','BK','www.google.com',1,1,1),(7,NULL,NULL,NULL,'2018-03-15 20:53:09.408000',NULL,'NRM-CGI',NULL,NULL,NULL,1);
/*!40000 ALTER TABLE `BiologicalCollections` ENABLE KEYS */;
UNLOCK TABLES;

--
-- Table structure for table `BiologicalCollections_AUD`
--

DROP TABLE IF EXISTS `BiologicalCollections_AUD`;
/*!40101 SET @saved_cs_client     = @@character_set_client */;
/*!40101 SET character_set_client = utf8 */;
CREATE TABLE `BiologicalCollections_AUD` (
  `BiologicalCollectionID` int(11) NOT NULL,
  `REV` int(11) NOT NULL,
  `REVTYPE` tinyint(4) DEFAULT NULL,
  `DatePublished` date DEFAULT NULL,
  `Description` longtext,
  `Language` varchar(20) DEFAULT NULL,
  `LongName` varchar(512) DEFAULT NULL,
  `Name` varchar(50) DEFAULT NULL,
  `WWW` varchar(100) DEFAULT NULL,
  `Address` int(11) DEFAULT NULL,
  `Contact` int(11) DEFAULT NULL,
  `GroupID` int(11) DEFAULT NULL,
  PRIMARY KEY (`BiologicalCollectionID`,`REV`),
  KEY `FK_odo8t97tysglk8nho27ejg69d` (`REV`),
  CONSTRAINT `FK_odo8t97tysglk8nho27ejg69d` FOREIGN KEY (`REV`) REFERENCES `Revision` (`id`)
) ENGINE=InnoDB DEFAULT CHARSET=latin1;
/*!40101 SET character_set_client = @saved_cs_client */;

--
-- Dumping data for table `BiologicalCollections_AUD`
--

LOCK TABLES `BiologicalCollections_AUD` WRITE;
/*!40000 ALTER TABLE `BiologicalCollections_AUD` DISABLE KEYS */;
INSERT INTO `BiologicalCollections_AUD` VALUES (7,6,0,NULL,NULL,NULL,NULL,'NRM-CGI',NULL,NULL,NULL,1);
/*!40000 ALTER TABLE `BiologicalCollections_AUD` ENABLE KEYS */;
UNLOCK TABLES;

--
-- Table structure for table `BlastHits`
--

DROP TABLE IF EXISTS `BlastHits`;
/*!40101 SET @saved_cs_client     = @@character_set_client */;
/*!40101 SET character_set_client = utf8 */;
CREATE TABLE `BlastHits` (
  `BlastHitID` int(11) NOT NULL AUTO_INCREMENT,
  `HitAccession` varchar(50) DEFAULT NULL,
  `HitBits` int(11) DEFAULT NULL,
  `HitDescription` longtext,
  `HitEnd` int(11) DEFAULT NULL,
  `HitFoundagain` bit(1) DEFAULT NULL,
  `HitLength` int(11) DEFAULT NULL,
  `HitName` varchar(255) NOT NULL,
  `HitQueryEnd` int(11) DEFAULT NULL,
  `HitQueryStart` int(11) DEFAULT NULL,
  `HitRank` int(11) DEFAULT NULL,
  `HitScore` int(11) DEFAULT NULL,
  `HitSignif` double DEFAULT NULL,
  `HitStart` int(11) DEFAULT NULL,
  `LastModified` datetime(6) DEFAULT NULL,
  `NumHSP` int(11) DEFAULT NULL,
  `BlastResultID` int(11) DEFAULT NULL,
  PRIMARY KEY (`BlastHitID`),
  KEY `FK_teecm7ke2c04iprfxcfds7ump` (`BlastResultID`),
  CONSTRAINT `FK_teecm7ke2c04iprfxcfds7ump` FOREIGN KEY (`BlastResultID`) REFERENCES `BlastResults` (`BlastResultID`)
) ENGINE=InnoDB AUTO_INCREMENT=20113 DEFAULT CHARSET=latin1;
/*!40101 SET character_set_client = @saved_cs_client */;

--
-- Dumping data for table `BlastHits`
--

LOCK TABLES `BlastHits` WRITE;
/*!40000 ALTER TABLE `BlastHits` DISABLE KEYS */;
INSERT INTO `BlastHits` VALUES (20111,'A20111',31,'A Hit',30,'\0',30,'A Hit',30,1,1,30,0.001,1,'2007-04-03 00:00:00.000000',2,2011),(20112,'A20112',31,'Another Hit',30,'\0',30,'Another Hit',30,1,1,30,0.001,1,'2007-04-03 00:00:00.000000',1,2011);
/*!40000 ALTER TABLE `BlastHits` ENABLE KEYS */;
UNLOCK TABLES;

--
-- Table structure for table `BlastHsps`
--

DROP TABLE IF EXISTS `BlastHsps`;
/*!40101 SET @saved_cs_client     = @@character_set_client */;
/*!40101 SET character_set_client = utf8 */;
CREATE TABLE `BlastHsps` (
  `BlastHspID` int(11) NOT NULL AUTO_INCREMENT,
  `Bitscore` float DEFAULT NULL,
  `HSPEValue` double DEFAULT NULL,
  `HSPFracCons` float DEFAULT NULL,
  `HSPFracIdent` float DEFAULT NULL,
  `HSPGaps` int(11) DEFAULT NULL,
  `HSPGroup` longtext,
  `HSPHitDescription` longtext,
  `HSPHitEnd` int(11) DEFAULT NULL,
  `HSPHitFrame` int(11) DEFAULT NULL,
  `HSPHitGaps` int(11) DEFAULT NULL,
  `HSPHitLength` int(11) DEFAULT NULL,
  `HSPHitName` varchar(50) DEFAULT NULL,
  `HSPHitSeq` longtext,
  `HSPHitStart` int(11) DEFAULT NULL,
  `HSPHomologySeq` longtext,
  `HSPLength` int(11) DEFAULT NULL,
  `HSPLinks` longtext,
  `HSPNumConserved` int(11) DEFAULT NULL,
  `HSPNumIdentical` int(11) DEFAULT NULL,
  `HSPPValue` float DEFAULT NULL,
  `HSPQueryDesc` longtext,
  `HSPQueryEnd` int(11) DEFAULT NULL,
  `HSPQueryFrame` int(11) DEFAULT NULL,
  `HSPQueryGaps` int(11) DEFAULT NULL,
  `HSPQueryLength` int(11) DEFAULT NULL,
  `HSPQueryName` varchar(50) DEFAULT NULL,
  `HSPQuerySequence` longtext,
  `HSPQueryStart` int(11) DEFAULT NULL,
  `HSPRank` int(11) DEFAULT NULL,
  `HSPScore` float DEFAULT NULL,
  `LastModified` datetime(6) DEFAULT NULL,
  `BlastHitID` int(11) DEFAULT NULL,
  PRIMARY KEY (`BlastHspID`),
  KEY `FK_g48fynsesdt18nq3qoyjaxrbe` (`BlastHitID`),
  CONSTRAINT `FK_g48fynsesdt18nq3qoyjaxrbe` FOREIGN KEY (`BlastHitID`) REFERENCES `BlastHits` (`BlastHitID`)
) ENGINE=InnoDB AUTO_INCREMENT=201113 DEFAULT CHARSET=latin1;
/*!40101 SET character_set_client = @saved_cs_client */;

--
-- Dumping data for table `BlastHsps`
--

LOCK TABLES `BlastHsps` WRITE;
/*!40000 ALTER TABLE `BlastHsps` DISABLE KEYS */;
INSERT INTO `BlastHsps` VALUES (201111,0,0,0,0,0,'0','0',NULL,0,NULL,NULL,NULL,'0',NULL,'0',0,'0',0,0,0,NULL,0,0,0,0,'0',NULL,0,0,0,'2007-04-03 00:00:00.000000',20111),(201112,0,0,0,0,0,'0','0',NULL,0,NULL,NULL,NULL,'0',NULL,'0',0,'0',0,0,0,NULL,0,0,0,0,'0',NULL,0,0,0,'2007-04-03 00:00:00.000000',20111);
/*!40000 ALTER TABLE `BlastHsps` ENABLE KEYS */;
UNLOCK TABLES;

--
-- Table structure for table `BlastProjects`
--

DROP TABLE IF EXISTS `BlastProjects`;
/*!40101 SET @saved_cs_client     = @@character_set_client */;
/*!40101 SET character_set_client = utf8 */;
CREATE TABLE `BlastProjects` (
  `BlastProjectID` int(11) NOT NULL AUTO_INCREMENT,
  `DateCreated` datetime NOT NULL,
  `Description` longtext,
  `LastModified` datetime(6) DEFAULT NULL,
  `Name` varchar(255) NOT NULL,
  `Program` varchar(50) NOT NULL,
  `QueryDate` date NOT NULL,
  `QueryString` varchar(255) NOT NULL,
  `DatasetID` int(11) DEFAULT NULL,
  `ProjectID` int(11) DEFAULT NULL,
  PRIMARY KEY (`BlastProjectID`),
  UNIQUE KEY `UK_m0m2x42ehv4wiwthl4c9cdjr1` (`Name`),
  KEY `FK_bg9ucdvgtvkvoxjj9n1drmc61` (`DatasetID`),
  KEY `FK_e4661f4v6pobq6g9hun21acvq` (`ProjectID`),
  CONSTRAINT `FK_bg9ucdvgtvkvoxjj9n1drmc61` FOREIGN KEY (`DatasetID`) REFERENCES `Datasets` (`DatasetID`),
  CONSTRAINT `FK_e4661f4v6pobq6g9hun21acvq` FOREIGN KEY (`ProjectID`) REFERENCES `Projects` (`ProjectID`)
) ENGINE=InnoDB AUTO_INCREMENT=203 DEFAULT CHARSET=latin1;
/*!40101 SET character_set_client = @saved_cs_client */;

--
-- Dumping data for table `BlastProjects`
--

LOCK TABLES `BlastProjects` WRITE;
/*!40000 ALTER TABLE `BlastProjects` DISABLE KEYS */;
INSERT INTO `BlastProjects` VALUES (201,'2007-04-03 00:00:00','Some Sequence','2007-04-03 00:00:00.000000','Some BLAST','nt','2007-04-03','AAAAAAAAAAAAAAAAA',1,1),(202,'2007-04-03 00:00:00','Some other sequence','2007-04-03 00:00:00.000000','Some Other Blast','nr','2007-04-03','AAAAAAAAAAAAAAAAAAA',1,2);
/*!40000 ALTER TABLE `BlastProjects` ENABLE KEYS */;
UNLOCK TABLES;

--
-- Table structure for table `BlastResults`
--

DROP TABLE IF EXISTS `BlastResults`;
/*!40101 SET @saved_cs_client     = @@character_set_client */;
/*!40101 SET character_set_client = utf8 */;
CREATE TABLE `BlastResults` (
  `BlastResultID` int(11) NOT NULL AUTO_INCREMENT,
  `LastModified` datetime(6) DEFAULT NULL,
  `OutputDir` varchar(255) DEFAULT NULL,
  `OutputFile` varchar(255) DEFAULT NULL,
  `BlastProjectID` int(11) DEFAULT NULL,
  `SequenceID` int(11) DEFAULT NULL,
  PRIMARY KEY (`BlastResultID`),
  KEY `FK_34433uytluhaf06rdf46u3ava` (`BlastProjectID`),
  KEY `FK_1v78ota9iutr1glkyp57pmstn` (`SequenceID`),
  CONSTRAINT `FK_1v78ota9iutr1glkyp57pmstn` FOREIGN KEY (`SequenceID`) REFERENCES `Sequences` (`SequenceID`),
  CONSTRAINT `FK_34433uytluhaf06rdf46u3ava` FOREIGN KEY (`BlastProjectID`) REFERENCES `BlastProjects` (`BlastProjectID`)
) ENGINE=InnoDB AUTO_INCREMENT=2013 DEFAULT CHARSET=latin1;
/*!40101 SET character_set_client = @saved_cs_client */;

--
-- Dumping data for table `BlastResults`
--

LOCK TABLES `BlastResults` WRITE;
/*!40000 ALTER TABLE `BlastResults` DISABLE KEYS */;
INSERT INTO `BlastResults` VALUES (2011,'2007-04-03 00:00:00.000000','','',201,1),(2012,'2007-04-03 00:00:00.000000','','',201,2);
/*!40000 ALTER TABLE `BlastResults` ENABLE KEYS */;
UNLOCK TABLES;

--
-- Table structure for table `Clones`
--

DROP TABLE IF EXISTS `Clones`;
/*!40101 SET @saved_cs_client     = @@character_set_client */;
/*!40101 SET character_set_client = utf8 */;
CREATE TABLE `Clones` (
  `CloneID` int(11) NOT NULL AUTO_INCREMENT,
  `LastModified` datetime(6) DEFAULT NULL,
  `Name` varchar(50) DEFAULT NULL,
  `LibraryID` int(11) DEFAULT NULL,
  `VectorID` int(11) DEFAULT NULL,
  PRIMARY KEY (`CloneID`),
  UNIQUE KEY `UK_hv3etynois34sh0wcp5rm7e2e` (`Name`),
  KEY `FK_c15u3yal2u3bmnp96dcycn522` (`LibraryID`),
  KEY `FK_xh4m3hf4s2jrh7b9k6hcfuu7` (`VectorID`),
  CONSTRAINT `FK_c15u3yal2u3bmnp96dcycn522` FOREIGN KEY (`LibraryID`) REFERENCES `Libraries` (`LibraryID`),
  CONSTRAINT `FK_xh4m3hf4s2jrh7b9k6hcfuu7` FOREIGN KEY (`VectorID`) REFERENCES `Vectors` (`VectorID`)
) ENGINE=InnoDB DEFAULT CHARSET=latin1;
/*!40101 SET character_set_client = @saved_cs_client */;

--
-- Dumping data for table `Clones`
--

LOCK TABLES `Clones` WRITE;
/*!40000 ALTER TABLE `Clones` DISABLE KEYS */;
/*!40000 ALTER TABLE `Clones` ENABLE KEYS */;
UNLOCK TABLES;

--
-- Table structure for table `ClusterCons`
--

DROP TABLE IF EXISTS `ClusterCons`;
/*!40101 SET @saved_cs_client     = @@character_set_client */;
/*!40101 SET character_set_client = utf8 */;
CREATE TABLE `ClusterCons` (
  `ClusterConsID` int(11) NOT NULL,
  `ClusterProjectID` int(11) DEFAULT NULL,
  PRIMARY KEY (`ClusterConsID`),
  KEY `FK_bhu3d918y3o4r7loipn3ynn1m` (`ClusterProjectID`),
  CONSTRAINT `FK_bhu3d918y3o4r7loipn3ynn1m` FOREIGN KEY (`ClusterProjectID`) REFERENCES `ClusterProjects` (`ClusterProjectID`),
  CONSTRAINT `FK_mb8baxn860mb530wmepcct0bj` FOREIGN KEY (`ClusterConsID`) REFERENCES `Sequences` (`SequenceID`)
) ENGINE=InnoDB DEFAULT CHARSET=latin1;
/*!40101 SET character_set_client = @saved_cs_client */;

--
-- Dumping data for table `ClusterCons`
--

LOCK TABLES `ClusterCons` WRITE;
/*!40000 ALTER TABLE `ClusterCons` DISABLE KEYS */;
INSERT INTO `ClusterCons` VALUES (3,101),(4,101);
/*!40000 ALTER TABLE `ClusterCons` ENABLE KEYS */;
UNLOCK TABLES;

--
-- Table structure for table `ClusterCons_AUD`
--

DROP TABLE IF EXISTS `ClusterCons_AUD`;
/*!40101 SET @saved_cs_client     = @@character_set_client */;
/*!40101 SET character_set_client = utf8 */;
CREATE TABLE `ClusterCons_AUD` (
  `ClusterConsID` int(11) NOT NULL,
  `REV` int(11) NOT NULL,
  `ClusterProjectID` int(11) DEFAULT NULL,
  PRIMARY KEY (`ClusterConsID`,`REV`),
  CONSTRAINT `FK_hx2169dofldjeoofyapn2i8sc` FOREIGN KEY (`ClusterConsID`, `REV`) REFERENCES `Sequences_AUD` (`SequenceID`, `REV`)
) ENGINE=InnoDB DEFAULT CHARSET=latin1;
/*!40101 SET character_set_client = @saved_cs_client */;

--
-- Dumping data for table `ClusterCons_AUD`
--

LOCK TABLES `ClusterCons_AUD` WRITE;
/*!40000 ALTER TABLE `ClusterCons_AUD` DISABLE KEYS */;
/*!40000 ALTER TABLE `ClusterCons_AUD` ENABLE KEYS */;
UNLOCK TABLES;

--
-- Table structure for table `ClusterProjects`
--

DROP TABLE IF EXISTS `ClusterProjects`;
/*!40101 SET @saved_cs_client     = @@character_set_client */;
/*!40101 SET character_set_client = utf8 */;
CREATE TABLE `ClusterProjects` (
  `ClusterProjectID` int(11) NOT NULL AUTO_INCREMENT,
  `AnnotSource` varchar(50) DEFAULT NULL,
  `Assembly` varchar(100) DEFAULT NULL,
  `AssemblyName` varchar(50) DEFAULT NULL,
  `ChimeraCheck` varchar(50) DEFAULT NULL,
  `DateCreated` datetime NOT NULL,
  `Description` longtext,
  `FinishingStrategy` varchar(100) DEFAULT NULL,
  `LastModified` datetime(6) DEFAULT NULL,
  `Name` varchar(50) NOT NULL,
  `Sop` varchar(50) DEFAULT NULL,
  `Source` varchar(255) DEFAULT NULL,
  `Url` varchar(50) DEFAULT NULL,
  `GroupID` int(11) NOT NULL,
  `ProjectID` int(11) DEFAULT NULL,
  PRIMARY KEY (`ClusterProjectID`),
  UNIQUE KEY `UK_5c6fv17koo5x6jy2sls38ko5n` (`Name`),
  KEY `FK_eom5gcyan5jrsd0luivtalhui` (`GroupID`),
  KEY `FK_svifa8l2op31413apv1d2unq4` (`ProjectID`),
  CONSTRAINT `FK_eom5gcyan5jrsd0luivtalhui` FOREIGN KEY (`GroupID`) REFERENCES `Groups` (`GroupID`),
  CONSTRAINT `FK_svifa8l2op31413apv1d2unq4` FOREIGN KEY (`ProjectID`) REFERENCES `Projects` (`ProjectID`)
) ENGINE=InnoDB AUTO_INCREMENT=103 DEFAULT CHARSET=latin1;
/*!40101 SET character_set_client = @saved_cs_client */;

--
-- Dumping data for table `ClusterProjects`
--

LOCK TABLES `ClusterProjects` WRITE;
/*!40000 ALTER TABLE `ClusterProjects` DISABLE KEYS */;
INSERT INTO `ClusterProjects` VALUES (101,NULL,NULL,NULL,NULL,'2007-04-03 00:00:00','It\'s an imaginary cluster project',NULL,'2007-04-03 00:00:00.000000','Test Cluster Project 1',NULL,'Nothing',NULL,1,1),(102,NULL,NULL,NULL,NULL,'2007-04-03 00:00:00','It\'s another imaginary cluster project',NULL,'2007-04-03 00:00:00.000000','Test Cluster Project 2',NULL,'Still Nothing',NULL,2,2);
/*!40000 ALTER TABLE `ClusterProjects` ENABLE KEYS */;
UNLOCK TABLES;

--
-- Table structure for table `ClusterSeqs`
--

DROP TABLE IF EXISTS `ClusterSeqs`;
/*!40101 SET @saved_cs_client     = @@character_set_client */;
/*!40101 SET character_set_client = utf8 */;
CREATE TABLE `ClusterSeqs` (
  `ClusterSeqID` int(11) NOT NULL AUTO_INCREMENT,
  `AlignedEnd` int(11) DEFAULT NULL,
  `AlignedStart` int(11) DEFAULT NULL,
  `LastModified` datetime(6) DEFAULT NULL,
  `Name` varchar(255) DEFAULT NULL,
  `Seq` longtext,
  `Start` int(11) DEFAULT NULL,
  `Strand` int(11) DEFAULT NULL,
  `ClusterCons` int(11) DEFAULT NULL,
  `SequenceID` int(11) DEFAULT NULL,
  PRIMARY KEY (`ClusterSeqID`),
  KEY `FK_dsjxu448lo4iqpswif2ututtv` (`ClusterCons`),
  KEY `FK_72w0hbbiv2tho9lcoe2n8oa21` (`SequenceID`),
  CONSTRAINT `FK_72w0hbbiv2tho9lcoe2n8oa21` FOREIGN KEY (`SequenceID`) REFERENCES `Sequences` (`SequenceID`),
  CONSTRAINT `FK_dsjxu448lo4iqpswif2ututtv` FOREIGN KEY (`ClusterCons`) REFERENCES `ClusterCons` (`ClusterConsID`)
) ENGINE=InnoDB AUTO_INCREMENT=10113 DEFAULT CHARSET=latin1;
/*!40101 SET character_set_client = @saved_cs_client */;

--
-- Dumping data for table `ClusterSeqs`
--

LOCK TABLES `ClusterSeqs` WRITE;
/*!40000 ALTER TABLE `ClusterSeqs` DISABLE KEYS */;
INSERT INTO `ClusterSeqs` VALUES (10111,12,0,'2007-04-03 00:00:00.000000','Test Cluster Seq 1','TACGATCAGCTACGATC',0,1,3,1),(10112,12,0,'2007-04-03 00:00:00.000000','Test Cluster Seq 2','TACGATCAGCTACGATC',0,2,4,2);
/*!40000 ALTER TABLE `ClusterSeqs` ENABLE KEYS */;
UNLOCK TABLES;

--
-- Table structure for table `CollectionInfos`
--

DROP TABLE IF EXISTS `CollectionInfos`;
/*!40101 SET @saved_cs_client     = @@character_set_client */;
/*!40101 SET character_set_client = utf8 */;
CREATE TABLE `CollectionInfos` (
  `CollectionInfoID` int(11) NOT NULL AUTO_INCREMENT,
  `AirTemperature` varchar(10) DEFAULT NULL,
  `BasinName` varchar(100) DEFAULT NULL,
  `City` varchar(200) DEFAULT NULL,
  `Collector` varchar(200) DEFAULT NULL,
  `CollectorType` varchar(50) DEFAULT NULL,
  `Continent` varchar(50) DEFAULT NULL,
  `CoordinateSystem` varchar(100) DEFAULT NULL,
  `Coordinates` varchar(100) DEFAULT NULL,
  `Country` varchar(50) DEFAULT NULL,
  `Day` varchar(10) DEFAULT NULL,
  `DecimalCoordinateSystem` varchar(100) DEFAULT NULL,
  `DecimalLatitude_OLD` varchar(100) DEFAULT NULL,
  `DecimalLongitude_OLD` varchar(100) DEFAULT NULL,
  `Depth` varchar(20) DEFAULT NULL,
  `EcoRegions` varchar(100) DEFAULT NULL,
  `Effort` varchar(50) DEFAULT NULL,
  `Elevation` varchar(50) DEFAULT NULL,
  `EndDay` varchar(10) DEFAULT NULL,
  `EndMonth` varchar(10) DEFAULT NULL,
  `EndYear` varchar(10) DEFAULT NULL,
  `EventTime` varchar(50) DEFAULT NULL,
  `FilterSize` varchar(50) DEFAULT NULL,
  `GeoreferencedBy` varchar(50) DEFAULT NULL,
  `GeoreferencedDate` date DEFAULT NULL,
  `GPSSource` varchar(50) DEFAULT NULL,
  `Habitat` varchar(50) DEFAULT NULL,
  `LastModified` datetime(6) DEFAULT NULL,
  `Latitude` varchar(100) DEFAULT NULL,
  `Longitude` varchar(100) DEFAULT NULL,
  `Month` varchar(10) DEFAULT NULL,
  `Notes` longtext,
  `Preparations` varchar(100) DEFAULT NULL,
  `Province` varchar(50) DEFAULT NULL,
  `RainFall` varchar(50) DEFAULT NULL,
  `RainVolumeCollected` varchar(50) DEFAULT NULL,
  `Region` varchar(50) DEFAULT NULL,
  `RiverStreamName` varchar(100) DEFAULT NULL,
  `SampleSource` varchar(100) DEFAULT NULL,
  `SamplerCollectionDate` date DEFAULT NULL,
  `SamplerInstallationDate` date DEFAULT NULL,
  `Sector` varchar(50) DEFAULT NULL,
  `Site` varchar(200) DEFAULT NULL,
  `SiteCodes` varchar(50) DEFAULT NULL,
  `StreamOrder` int(11) DEFAULT NULL,
  `Week` varchar(50) DEFAULT NULL,
  `Year` varchar(10) DEFAULT NULL,
  `ProtocolID` int(11) DEFAULT NULL,
  `DecimalLatitude` float DEFAULT NULL,
  `DecimalLongitude` float DEFAULT NULL,
  PRIMARY KEY (`CollectionInfoID`),
  KEY `collectionInfo_city_idx` (`City`),
  KEY `FK_s238mngbvqv10t8lwkgqb81xc` (`ProtocolID`),
  CONSTRAINT `FK_s238mngbvqv10t8lwkgqb81xc` FOREIGN KEY (`ProtocolID`) REFERENCES `Protocols` (`ProtocolID`)
) ENGINE=InnoDB AUTO_INCREMENT=111 DEFAULT CHARSET=latin1;
/*!40101 SET character_set_client = @saved_cs_client */;

--
-- Dumping data for table `CollectionInfos`
--

LOCK TABLES `CollectionInfos` WRITE;
/*!40000 ALTER TABLE `CollectionInfos` DISABLE KEYS */;
INSERT INTO `CollectionInfos` VALUES (1,NULL,NULL,'Congo','Rogue','aCollectorType','Africa','ZSystem','321 07 52N 526 05 63E','Africa','10','AlphaBetaCoordinateSystem','2.718281828','3.14159265359','',NULL,'AAFC Awareness Effort','7 feet above sea level',NULL,NULL,NULL,'Mornings','1','Some Guy','2012-12-21','7gps source',NULL,'2018-03-15 21:30:06.618000','40W','60N','11',NULL,'frozen','Africa','0.1','10','eRegion',NULL,NULL,'2007-01-15','2007-01-05','sector 7G','1G',NULL,NULL,'aWeek','2009',1,2.71828,3.14159),(2,NULL,NULL,'Vancover','Rogue',NULL,'North America','ZSystem','321 07 52N 526 05 63E','Canada','10','AlphaBetaCoordinateSystem','2.718281828','3.14159265359','',NULL,'AAFC Awareness Effort','6 feet above sea level',NULL,NULL,NULL,'',NULL,'Some Guy','2012-12-21','6gps source',NULL,'2018-03-15 21:30:06.440000','40W','60N','11',NULL,'','Vancover',NULL,NULL,'dRegion',NULL,NULL,'2009-11-10','2009-11-09','sector 7G','8G',NULL,NULL,NULL,'2009',1,2.71828,3.14159),(3,NULL,NULL,'Edmonton','Rogue','dCollectorType','North America','ZSystem','321 07 52N 526 05 63E','Canada','10','AlphaBetaCoordinateSystem','2.718281828','3.14159265359','',NULL,'AAFC Awareness Effort','5 feet above sea level',NULL,NULL,NULL,'','5','Some Guy','2012-12-21','5gps source',NULL,'2018-03-15 21:30:06.295000','40W','60N','11',NULL,'','Alberta','0.5','50','Edmonton Region 1',NULL,NULL,'2007-05-15','2007-05-05','sector 7G','7G',NULL,NULL,'dWeek','2009',1,2.71828,3.14159),(4,NULL,NULL,'Edmonton','Rogue','dCollectorType','North America','ZSystem','321 07 52N 526 05 63E','Canada','10','AlphaBetaCoordinateSystem','2.718281828','3.14159265359','',NULL,'AAFC Awareness Effort','5 feet above sea level',NULL,NULL,NULL,'','5','Some Guy','2012-12-21','5gps source',NULL,'2018-03-15 21:30:06.154000','40W','60N','11',NULL,'','Alberta','0.5','50','Edmonton Region 1',NULL,NULL,'2007-05-15','2007-05-05','sector 7G','7G',NULL,NULL,'dWeek','2009',1,2.71828,3.14159),(5,NULL,NULL,'Edmonton','Rogue','dCollectorType','North America','ZSystem','321 07 52N 526 05 63E','Canada','10','AlphaBetaCoordinateSystem','2.718281828','3.14159265359','',NULL,'AAFC Awareness Effort','5 feet above sea level',NULL,NULL,NULL,'','5','Some Guy','2012-12-21','5gps source',NULL,'2013-03-19 00:00:00.000000','40W','60N','11',NULL,'','Alberta','0.5','50','Edmonton Region 1',NULL,NULL,'2007-05-15','2007-05-05','sector 7G','7G',NULL,NULL,'dWeek','2009',1,2.71828,3.14159),(6,NULL,NULL,'Vancover','Rogue','','North America','ZSystem','321 07 52N 526 05 63E','Canada','10','AlphaBetaCoordinateSystem','2.718281828','3.14159265359','2M',NULL,'AAFC Awareness Effort','6 feet above sea level',NULL,NULL,NULL,'','','Some Guy','2012-12-21','6gps source',NULL,'2013-03-19 00:00:00.000000','40W','60N','11',NULL,'','Vancover','','','dRegion',NULL,NULL,'2009-11-10','2009-11-09','sector 7G','8G',NULL,NULL,'','2009',1,2.71828,3.14159),(7,NULL,NULL,'Congo','Rogue','aCollectorType','Africa','ZSystem','321 07 52N 526 05 63E','Africa','10','AlphaBetaCoordinateSystem','2.718281828','3.14159265359','',NULL,'AAFC Awareness Effort','7 feet above sea level',NULL,NULL,NULL,'','1','Some Guy','2012-12-21','7gps source',NULL,'2013-03-19 00:00:00.000000','40W','60N','11',NULL,'','Africa','0.1','10','eRegion',NULL,NULL,'2007-01-15','2007-01-05','sector 7G','1G',NULL,NULL,'aWeek','2009',1,2.71828,3.14159),(8,NULL,NULL,'London','Rogue','bCollectorType','Europe','ZSystem','321 07 52N 526 05 63E','England','10','AlphaBetaCoordinateSystem','2.718281828','3.14159265359','',NULL,'AAFC Awareness Effort','8 feet above sea level',NULL,NULL,NULL,'','2','Some Guy','2012-12-21','8gps source',NULL,'2013-03-19 00:00:00.000000','40W','60N','11',NULL,'','London','0.2','20','aRegion',NULL,NULL,'2007-02-15','2007-02-05','sector 7G','7G',NULL,NULL,'bWeek','2009',1,2.71828,3.14159),(12,NULL,NULL,'London','Rogue','bCollectorType','Europe','SwarmHiveMindSystem','905 820 64N 751 05 141E','England','10','OmegaZetaImperialCoordinateSystem','1.61803398875','e^(i*3.14)','',NULL,'Zergling Awareness Effort','8 feet above sea level',NULL,NULL,NULL,'','2','SS4 Goku','2050-01-01','8gps source',NULL,'2018-03-15 21:30:05.830000','40W','60N','11',NULL,'','London','0.2','20','aRegion',NULL,NULL,'2007-02-15','2007-02-05','sector 7G','7G',NULL,NULL,'bWeek','2009',1,1.61803,NULL),(13,NULL,NULL,'Hum','Rando','cCollectorType','South America','SwarmHiveMindSystem','905 820 64N 751 05 141E','UK','10','OmegaZetaImperialCoordinateSystem','1.61803398875','e^(i*3.14)','',NULL,'Zergling Awareness Effort','13 feet above sea level',NULL,NULL,NULL,'','3','SS4 Goku','2050-01-01','13gps source',NULL,'2013-03-19 00:00:00.000000','50W','80N','11',NULL,'','Bolivia','0.3','30','13aRegion',NULL,NULL,'2007-03-15','2007-03-05','sector 7G','7G',NULL,NULL,'cWeek','2009',1,1.61803,NULL),(14,NULL,NULL,'Hum','Rando','cCollectorType','South America','SwarmHiveMindSystem','905 820 64N 751 05 141E','UK','10','OmegaZetaImperialCoordinateSystem','1.61803398875','e^(i*3.14)','',NULL,'Zergling Awareness Effort','14 feet above sea level',NULL,NULL,NULL,'','3','SS4 Goku','2050-01-01','14gps source',NULL,'2013-03-19 00:00:00.000000','50W','80N','11',NULL,'','Bolivia','0.3','30','12aRegion',NULL,NULL,'2007-03-15','2007-03-05','sector 7G','7G',NULL,NULL,'cWeek','2009',1,1.61803,NULL),(15,NULL,NULL,'Strmsund (S)',NULL,NULL,NULL,'WGS84',NULL,'Sweden','23',NULL,NULL,NULL,NULL,NULL,NULL,NULL,NULL,NULL,NULL,NULL,NULL,NULL,NULL,NULL,NULL,'2018-03-15 21:30:05.676000',NULL,NULL,'9',NULL,NULL,'Jmtlands ln (S)',NULL,NULL,NULL,NULL,NULL,NULL,NULL,NULL,NULL,NULL,NULL,NULL,'2015',NULL,7144350,473722),(16,NULL,NULL,'Strmsund (S)',NULL,NULL,NULL,'WGS84',NULL,'Sweden','21',NULL,NULL,NULL,NULL,NULL,NULL,NULL,NULL,NULL,NULL,NULL,NULL,NULL,NULL,NULL,NULL,'2018-03-15 21:30:05.584000',NULL,NULL,'8',NULL,NULL,'Jmtlands ln (S)',NULL,NULL,NULL,NULL,NULL,NULL,NULL,NULL,NULL,NULL,NULL,NULL,'2015',NULL,7142940,476246),(17,NULL,NULL,'Strmsund (S)',NULL,NULL,NULL,'WGS84',NULL,'Sweden','10',NULL,NULL,NULL,NULL,NULL,NULL,NULL,NULL,NULL,NULL,NULL,NULL,NULL,NULL,NULL,NULL,'2018-03-15 21:30:05.492000',NULL,NULL,'10',NULL,NULL,'Jmtlands ln (S)',NULL,NULL,NULL,NULL,NULL,NULL,NULL,NULL,NULL,NULL,NULL,NULL,'2015',NULL,7146150,478044),(18,NULL,NULL,'Strmsund (S)',NULL,NULL,NULL,'WGS84',NULL,'Sweden','10',NULL,NULL,NULL,NULL,NULL,NULL,NULL,NULL,NULL,NULL,NULL,NULL,NULL,NULL,NULL,NULL,'2018-03-15 21:30:05.400000',NULL,NULL,'10',NULL,NULL,'Jmtlands ln (S)',NULL,NULL,NULL,NULL,NULL,NULL,NULL,NULL,NULL,NULL,NULL,NULL,'2015',NULL,7141060,477002),(19,NULL,NULL,'re (S)',NULL,NULL,NULL,'WGS84',NULL,'Sweden','7',NULL,NULL,NULL,NULL,NULL,NULL,NULL,NULL,NULL,NULL,NULL,NULL,NULL,NULL,NULL,NULL,'2018-03-15 21:30:05.308000',NULL,NULL,'10',NULL,NULL,'Jmtlands ln (S)',NULL,NULL,NULL,NULL,NULL,NULL,NULL,NULL,NULL,NULL,NULL,NULL,'2015',NULL,7092080,400959),(20,NULL,NULL,'re (S)',NULL,NULL,NULL,'WGS84',NULL,'Sweden','9',NULL,NULL,NULL,NULL,NULL,NULL,NULL,NULL,NULL,NULL,NULL,NULL,NULL,NULL,NULL,NULL,'2018-03-15 21:30:05.210000',NULL,NULL,'10',NULL,NULL,'Jmtlands ln (S)',NULL,NULL,NULL,NULL,NULL,NULL,NULL,NULL,NULL,NULL,NULL,NULL,'2015',NULL,7082950,404603),(21,NULL,NULL,'Sollefte (S)',NULL,NULL,NULL,'WGS84',NULL,'Sweden','22',NULL,NULL,NULL,NULL,NULL,NULL,NULL,NULL,NULL,NULL,NULL,NULL,NULL,NULL,NULL,NULL,'2018-03-15 21:30:05.114000',NULL,NULL,'9',NULL,NULL,'Vsternorrlands ln (S)',NULL,NULL,NULL,NULL,NULL,NULL,NULL,NULL,NULL,NULL,NULL,NULL,'2015',NULL,7092180,585381),(22,NULL,NULL,'Sollefte (S)',NULL,NULL,NULL,'WGS84',NULL,'Sweden','11',NULL,NULL,NULL,NULL,NULL,NULL,NULL,NULL,NULL,NULL,NULL,NULL,NULL,NULL,NULL,NULL,'2018-03-15 21:30:05.022000',NULL,NULL,'10',NULL,NULL,'Vsternorrlands ln (S)',NULL,NULL,NULL,NULL,NULL,NULL,NULL,NULL,NULL,NULL,NULL,NULL,'2015',NULL,7093920,588859),(23,NULL,NULL,'Sollefte (S)',NULL,NULL,NULL,'WGS84',NULL,'Sweden','6',NULL,NULL,NULL,NULL,NULL,NULL,NULL,NULL,NULL,NULL,NULL,NULL,NULL,NULL,NULL,NULL,'2018-03-15 21:30:04.928000',NULL,NULL,'9',NULL,NULL,'Vsternorrlands ln (S)',NULL,NULL,NULL,NULL,NULL,NULL,NULL,NULL,NULL,NULL,NULL,NULL,'2015',NULL,7095020,586091),(24,NULL,NULL,'Sollefte (S)',NULL,NULL,NULL,'WGS84',NULL,'Sweden','26',NULL,NULL,NULL,NULL,NULL,NULL,NULL,NULL,NULL,NULL,NULL,NULL,NULL,NULL,NULL,NULL,'2018-03-15 21:30:04.841000',NULL,NULL,'9',NULL,NULL,'Vsternorrlands ln (S)',NULL,NULL,NULL,NULL,NULL,NULL,NULL,NULL,NULL,NULL,NULL,NULL,'2015',NULL,7092050,586972),(25,NULL,NULL,'Sollefte (S)',NULL,NULL,NULL,'WGS84',NULL,'Sweden','22',NULL,NULL,NULL,NULL,NULL,NULL,NULL,NULL,NULL,NULL,NULL,NULL,NULL,NULL,NULL,NULL,'2018-03-15 21:30:04.758000',NULL,NULL,'9',NULL,NULL,'Vsternorrlands ln (S)',NULL,NULL,NULL,NULL,NULL,NULL,NULL,NULL,NULL,NULL,NULL,NULL,'2015',NULL,7091990,587044),(26,NULL,NULL,'Sollefte (S)',NULL,NULL,NULL,'WGS84',NULL,'Sweden','4',NULL,NULL,NULL,NULL,NULL,NULL,NULL,NULL,NULL,NULL,NULL,NULL,NULL,NULL,NULL,NULL,'2018-03-15 21:30:04.665000',NULL,NULL,'10',NULL,NULL,'Vsternorrlands ln (S)',NULL,NULL,NULL,NULL,NULL,NULL,NULL,NULL,NULL,NULL,NULL,NULL,'2015',NULL,7094400,587392),(27,NULL,NULL,'Sollefte (S)',NULL,NULL,NULL,'WGS84',NULL,'Sweden','17',NULL,NULL,NULL,NULL,NULL,NULL,NULL,NULL,NULL,NULL,NULL,NULL,NULL,NULL,NULL,NULL,'2018-03-15 21:30:04.579000',NULL,NULL,'10',NULL,NULL,'Vsternorrlands ln (S)',NULL,NULL,NULL,NULL,NULL,NULL,NULL,NULL,NULL,NULL,NULL,NULL,'2015',NULL,7092260,588731),(28,NULL,NULL,'Sollefte (S)',NULL,NULL,NULL,'WGS84',NULL,'Sweden','22',NULL,NULL,NULL,NULL,NULL,NULL,NULL,NULL,NULL,NULL,NULL,NULL,NULL,NULL,NULL,NULL,'2018-03-15 21:30:04.458000',NULL,NULL,'9',NULL,NULL,'Vsternorrlands ln (S)',NULL,NULL,NULL,NULL,NULL,NULL,NULL,NULL,NULL,NULL,NULL,NULL,'2015',NULL,7094460,587426),(29,NULL,NULL,'Strmsund (S)',NULL,NULL,NULL,'WGS84',NULL,'Sweden','5',NULL,NULL,NULL,NULL,NULL,NULL,NULL,NULL,NULL,NULL,NULL,NULL,NULL,NULL,NULL,NULL,'2018-03-15 21:30:04.373000',NULL,NULL,'10',NULL,NULL,'Jmtlands ln (S)',NULL,NULL,NULL,NULL,NULL,NULL,NULL,NULL,NULL,NULL,NULL,NULL,'2015',NULL,7087920,562236),(30,NULL,NULL,'Sollefte (S)',NULL,NULL,NULL,'WGS84',NULL,'Sweden','12',NULL,NULL,NULL,NULL,NULL,NULL,NULL,NULL,NULL,NULL,NULL,NULL,NULL,NULL,NULL,NULL,'2018-03-15 21:30:04.280000',NULL,NULL,'9',NULL,NULL,'Vsternorrlands ln (S)',NULL,NULL,NULL,NULL,NULL,NULL,NULL,NULL,NULL,NULL,NULL,NULL,'2015',NULL,7091970,587447),(31,NULL,NULL,'Sollefte (S)',NULL,NULL,NULL,'WGS84',NULL,'Sweden','26',NULL,NULL,NULL,NULL,NULL,NULL,NULL,NULL,NULL,NULL,NULL,NULL,NULL,NULL,NULL,NULL,'2018-03-15 21:30:04.199000',NULL,NULL,'9',NULL,NULL,'Vsternorrlands ln (S)',NULL,NULL,NULL,NULL,NULL,NULL,NULL,NULL,NULL,NULL,NULL,NULL,'2015',NULL,7093390,587286),(32,NULL,NULL,'Hrjedalen (S)',NULL,NULL,NULL,'WGS84',NULL,'Sweden','18',NULL,NULL,NULL,NULL,NULL,NULL,NULL,NULL,NULL,NULL,NULL,NULL,NULL,NULL,NULL,NULL,'2018-03-15 21:30:04.117000',NULL,NULL,'10',NULL,NULL,'Jmtlands ln (S)',NULL,NULL,NULL,NULL,NULL,NULL,NULL,NULL,NULL,NULL,NULL,NULL,'2015',NULL,6838280,458726),(33,NULL,NULL,'Hrjedalen (S)',NULL,NULL,NULL,'WGS84',NULL,'Sweden','8',NULL,NULL,NULL,NULL,NULL,NULL,NULL,NULL,NULL,NULL,NULL,NULL,NULL,NULL,NULL,NULL,'2018-03-15 21:30:04.030000',NULL,NULL,'10',NULL,NULL,'Jmtlands ln (S)',NULL,NULL,NULL,NULL,NULL,NULL,NULL,NULL,NULL,NULL,NULL,NULL,'2015',NULL,6847340,461113),(34,NULL,NULL,'Hrjedalen (S)',NULL,NULL,NULL,'WGS84',NULL,'Sweden','29',NULL,NULL,NULL,NULL,NULL,NULL,NULL,NULL,NULL,NULL,NULL,NULL,NULL,NULL,NULL,NULL,'2018-03-15 21:30:03.944000',NULL,NULL,'10',NULL,NULL,'Jmtlands ln (S)',NULL,NULL,NULL,NULL,NULL,NULL,NULL,NULL,NULL,NULL,NULL,NULL,'2015',NULL,6863160,441594),(35,NULL,NULL,'Hrjedalen (S)',NULL,NULL,NULL,'WGS84',NULL,'Sweden','27',NULL,NULL,NULL,NULL,NULL,NULL,NULL,NULL,NULL,NULL,NULL,NULL,NULL,NULL,NULL,NULL,'2018-03-15 21:30:03.859000',NULL,NULL,'8',NULL,NULL,'Jmtlands ln (S)',NULL,NULL,NULL,NULL,NULL,NULL,NULL,NULL,NULL,NULL,NULL,NULL,'2015',NULL,6885720,450306),(36,NULL,NULL,'Hrjedalen (S)',NULL,NULL,NULL,'WGS84',NULL,'Sweden','23',NULL,NULL,NULL,NULL,NULL,NULL,NULL,NULL,NULL,NULL,NULL,NULL,NULL,NULL,NULL,NULL,'2018-03-15 21:30:03.774000',NULL,NULL,'8',NULL,NULL,'Jmtlands ln (S)',NULL,NULL,NULL,NULL,NULL,NULL,NULL,NULL,NULL,NULL,NULL,NULL,'2015',NULL,6885720,450306),(37,NULL,NULL,'Hrjedalen (S)',NULL,NULL,NULL,'WGS84',NULL,'Sweden','10',NULL,NULL,NULL,NULL,NULL,NULL,NULL,NULL,NULL,NULL,NULL,NULL,NULL,NULL,NULL,NULL,'2018-03-15 21:30:03.695000',NULL,NULL,'9',NULL,NULL,'Jmtlands ln (S)',NULL,NULL,NULL,NULL,NULL,NULL,NULL,NULL,NULL,NULL,NULL,NULL,'2015',NULL,6860730,438687),(38,NULL,NULL,'Sollefte (S)',NULL,NULL,NULL,'WGS84',NULL,'Sweden','23',NULL,NULL,NULL,NULL,NULL,NULL,NULL,NULL,NULL,NULL,NULL,NULL,NULL,NULL,NULL,NULL,'2018-03-15 21:30:03.613000',NULL,NULL,'10',NULL,NULL,'Vsternorrlands ln (S)',NULL,NULL,NULL,NULL,NULL,NULL,NULL,NULL,NULL,NULL,NULL,NULL,'2015',NULL,7039450,569426),(39,NULL,NULL,'Sollefte (S)',NULL,NULL,NULL,'WGS84',NULL,'Sweden','15',NULL,NULL,NULL,NULL,NULL,NULL,NULL,NULL,NULL,NULL,NULL,NULL,NULL,NULL,NULL,NULL,'2018-03-15 21:30:03.532000',NULL,NULL,'10',NULL,NULL,'Vsternorrlands ln (S)',NULL,NULL,NULL,NULL,NULL,NULL,NULL,NULL,NULL,NULL,NULL,NULL,'2015',NULL,7041890,563295),(40,NULL,NULL,'rnskldsvik (S)',NULL,NULL,NULL,'WGS84',NULL,'Sweden','1',NULL,NULL,NULL,NULL,NULL,NULL,NULL,NULL,NULL,NULL,NULL,NULL,NULL,NULL,NULL,NULL,'2018-03-15 21:30:03.451000',NULL,NULL,'9',NULL,NULL,'Vsternorrlands ln (S)',NULL,NULL,NULL,NULL,NULL,NULL,NULL,NULL,NULL,NULL,NULL,NULL,'2015',NULL,7026060,644338),(41,NULL,NULL,'rnskldsvik (S)',NULL,NULL,NULL,'WGS84',NULL,'Sweden','12',NULL,NULL,NULL,NULL,NULL,NULL,NULL,NULL,NULL,NULL,NULL,NULL,NULL,NULL,NULL,NULL,'2018-03-15 21:30:03.369000',NULL,NULL,'9',NULL,NULL,'Vsternorrlands ln (S)',NULL,NULL,NULL,NULL,NULL,NULL,NULL,NULL,NULL,NULL,NULL,NULL,'2015',NULL,7056810,627418),(42,NULL,NULL,'rnskldsvik (S)',NULL,NULL,NULL,'WGS84',NULL,'Sweden','14',NULL,NULL,NULL,NULL,NULL,NULL,NULL,NULL,NULL,NULL,NULL,NULL,NULL,NULL,NULL,NULL,'2018-03-15 21:30:03.292000',NULL,NULL,'9',NULL,NULL,'Vsternorrlands ln (S)',NULL,NULL,NULL,NULL,NULL,NULL,NULL,NULL,NULL,NULL,NULL,NULL,'2015',NULL,7070130,628290),(43,NULL,NULL,'rnskldsvik (S)',NULL,NULL,NULL,'WGS84',NULL,'Sweden','11',NULL,NULL,NULL,NULL,NULL,NULL,NULL,NULL,NULL,NULL,NULL,NULL,NULL,NULL,NULL,NULL,'2018-03-15 21:30:03.219000',NULL,NULL,'10',NULL,NULL,'Vsternorrlands ln (S)',NULL,NULL,NULL,NULL,NULL,NULL,NULL,NULL,NULL,NULL,NULL,NULL,'2015',NULL,7044540,620688),(44,NULL,NULL,'Sollefte (S)',NULL,NULL,NULL,'WGS84',NULL,'Sweden','14',NULL,NULL,NULL,NULL,NULL,NULL,NULL,NULL,NULL,NULL,NULL,NULL,NULL,NULL,NULL,NULL,'2018-03-15 21:30:03.136000',NULL,NULL,'10',NULL,NULL,'Vsternorrlands ln (S)',NULL,NULL,NULL,NULL,NULL,NULL,NULL,NULL,NULL,NULL,NULL,NULL,'2015',NULL,7077600,604490),(45,NULL,NULL,'rnskldsvik (S)',NULL,NULL,NULL,'WGS84',NULL,'Sweden','10',NULL,NULL,NULL,NULL,NULL,NULL,NULL,NULL,NULL,NULL,NULL,NULL,NULL,NULL,NULL,NULL,'2018-03-15 21:30:03.050000',NULL,NULL,'10',NULL,NULL,'Vsternorrlands ln (S)',NULL,NULL,NULL,NULL,NULL,NULL,NULL,NULL,NULL,NULL,NULL,NULL,'2015',NULL,7052980,617972),(46,NULL,NULL,'rnskldsvik (S)',NULL,NULL,NULL,'WGS84',NULL,'Sweden','11',NULL,NULL,NULL,NULL,NULL,NULL,NULL,NULL,NULL,NULL,NULL,NULL,NULL,NULL,NULL,NULL,'2018-03-15 21:30:02.979000',NULL,NULL,'9',NULL,NULL,'Vsternorrlands ln (S)',NULL,NULL,NULL,NULL,NULL,NULL,NULL,NULL,NULL,NULL,NULL,NULL,'2015',NULL,7058300,627875),(47,NULL,NULL,'rnskldsvik (S)',NULL,NULL,NULL,'WGS84',NULL,'Sweden','5',NULL,NULL,NULL,NULL,NULL,NULL,NULL,NULL,NULL,NULL,NULL,NULL,NULL,NULL,NULL,NULL,'2018-03-15 21:30:02.895000',NULL,NULL,'9',NULL,NULL,'Vsternorrlands ln (S)',NULL,NULL,NULL,NULL,NULL,NULL,NULL,NULL,NULL,NULL,NULL,NULL,'2015',NULL,7059590,626141),(48,NULL,NULL,'rnskldsvik (S)',NULL,NULL,NULL,'WGS84',NULL,'Sweden','8',NULL,NULL,NULL,NULL,NULL,NULL,NULL,NULL,NULL,NULL,NULL,NULL,NULL,NULL,NULL,NULL,'2018-03-15 21:30:02.811000',NULL,NULL,'9',NULL,NULL,'Vsternorrlands ln (S)',NULL,NULL,NULL,NULL,NULL,NULL,NULL,NULL,NULL,NULL,NULL,NULL,'2015',NULL,7063300,624285),(49,NULL,NULL,'rnskldsvik (S)',NULL,NULL,NULL,'WGS84',NULL,'Sweden','8',NULL,NULL,NULL,NULL,NULL,NULL,NULL,NULL,NULL,NULL,NULL,NULL,NULL,NULL,NULL,NULL,'2018-03-15 21:30:02.738000',NULL,NULL,'10',NULL,NULL,'Vsternorrlands ln (S)',NULL,NULL,NULL,NULL,NULL,NULL,NULL,NULL,NULL,NULL,NULL,NULL,'2015',NULL,7063320,624377),(50,NULL,NULL,'rnskldsvik (S)',NULL,NULL,NULL,'WGS84',NULL,'Sweden','10',NULL,NULL,NULL,NULL,NULL,NULL,NULL,NULL,NULL,NULL,NULL,NULL,NULL,NULL,NULL,NULL,'2018-03-15 21:30:02.663000',NULL,NULL,'10',NULL,NULL,'Vsternorrlands ln (S)',NULL,NULL,NULL,NULL,NULL,NULL,NULL,NULL,NULL,NULL,NULL,NULL,'2015',NULL,7044480,618842),(51,NULL,NULL,'Sollefte (S)',NULL,NULL,NULL,'WGS84',NULL,'Sweden','27',NULL,NULL,NULL,NULL,NULL,NULL,NULL,NULL,NULL,NULL,NULL,NULL,NULL,NULL,NULL,NULL,'2018-03-15 21:30:02.569000',NULL,NULL,'9',NULL,NULL,'Vsternorrlands ln (S)',NULL,NULL,NULL,NULL,NULL,NULL,NULL,NULL,NULL,NULL,NULL,NULL,'2015',NULL,7042540,605328),(52,NULL,NULL,'Sollefte (S)',NULL,NULL,NULL,'WGS84',NULL,'Sweden','13',NULL,NULL,NULL,NULL,NULL,NULL,NULL,NULL,NULL,NULL,NULL,NULL,NULL,NULL,NULL,NULL,'2018-03-15 21:30:02.500000',NULL,NULL,'10',NULL,NULL,'Vsternorrlands ln (S)',NULL,NULL,NULL,NULL,NULL,NULL,NULL,NULL,NULL,NULL,NULL,NULL,'2015',NULL,7031160,605267),(53,NULL,NULL,'Sollefte (S)',NULL,NULL,NULL,'WGS84',NULL,'Sweden','7',NULL,NULL,NULL,NULL,NULL,NULL,NULL,NULL,NULL,NULL,NULL,NULL,NULL,NULL,NULL,NULL,'2018-03-15 21:30:02.435000',NULL,NULL,'10',NULL,NULL,'Vsternorrlands ln (S)',NULL,NULL,NULL,NULL,NULL,NULL,NULL,NULL,NULL,NULL,NULL,NULL,'2015',NULL,7036250,608993),(54,NULL,NULL,'Sollefte (S)',NULL,NULL,NULL,'WGS84',NULL,'Sweden','16',NULL,NULL,NULL,NULL,NULL,NULL,NULL,NULL,NULL,NULL,NULL,NULL,NULL,NULL,NULL,NULL,'2018-03-15 21:30:02.367000',NULL,NULL,'10',NULL,NULL,'Vsternorrlands ln (S)',NULL,NULL,NULL,NULL,NULL,NULL,NULL,NULL,NULL,NULL,NULL,NULL,'2015',NULL,7035560,602644),(55,NULL,NULL,'Sollefte (S)',NULL,NULL,NULL,'WGS84',NULL,'Sweden','14',NULL,NULL,NULL,NULL,NULL,NULL,NULL,NULL,NULL,NULL,NULL,NULL,NULL,NULL,NULL,NULL,'2018-03-15 21:30:02.297000',NULL,NULL,'10',NULL,NULL,'Vsternorrlands ln (S)',NULL,NULL,NULL,NULL,NULL,NULL,NULL,NULL,NULL,NULL,NULL,NULL,'2015',NULL,7044460,610991),(56,NULL,NULL,'Sollefte (S)',NULL,NULL,NULL,'WGS84',NULL,'Sweden','6',NULL,NULL,NULL,NULL,NULL,NULL,NULL,NULL,NULL,NULL,NULL,NULL,NULL,NULL,NULL,NULL,'2018-03-15 21:30:02.222000',NULL,NULL,'10',NULL,NULL,'Vsternorrlands ln (S)',NULL,NULL,NULL,NULL,NULL,NULL,NULL,NULL,NULL,NULL,NULL,NULL,'2015',NULL,7074880,580416),(57,NULL,NULL,'Sollefte (S)',NULL,NULL,NULL,'WGS84',NULL,'Sweden','16',NULL,NULL,NULL,NULL,NULL,NULL,NULL,NULL,NULL,NULL,NULL,NULL,NULL,NULL,NULL,NULL,'2018-03-15 21:30:02.158000',NULL,NULL,'9',NULL,NULL,'Vsternorrlands ln (S)',NULL,NULL,NULL,NULL,NULL,NULL,NULL,NULL,NULL,NULL,NULL,NULL,'2015',NULL,7071380,579726),(58,NULL,NULL,'rnskldsvik (S)',NULL,NULL,NULL,'WGS84',NULL,'Sweden','1',NULL,NULL,NULL,NULL,NULL,NULL,NULL,NULL,NULL,NULL,NULL,NULL,NULL,NULL,NULL,NULL,'2018-03-15 21:30:02.080000',NULL,NULL,'9',NULL,NULL,'Vsternorrlands ln (S)',NULL,NULL,NULL,NULL,NULL,NULL,NULL,NULL,NULL,NULL,NULL,NULL,'2015',NULL,7050440,651879),(59,NULL,NULL,'rnskldsvik (S)',NULL,NULL,NULL,'WGS84',NULL,'Sweden','30',NULL,NULL,NULL,NULL,NULL,NULL,NULL,NULL,NULL,NULL,NULL,NULL,NULL,NULL,NULL,NULL,'2018-03-15 21:30:02.015000',NULL,NULL,'9',NULL,NULL,'Vsternorrlands ln (S)',NULL,NULL,NULL,NULL,NULL,NULL,NULL,NULL,NULL,NULL,NULL,NULL,'2015',NULL,7054350,658060),(60,NULL,NULL,'rnskldsvik (S)',NULL,NULL,NULL,'WGS84',NULL,'Sweden','5',NULL,NULL,NULL,NULL,NULL,NULL,NULL,NULL,NULL,NULL,NULL,NULL,NULL,NULL,NULL,NULL,'2018-03-15 21:30:01.933000',NULL,NULL,'10',NULL,NULL,'Vsternorrlands ln (S)',NULL,NULL,NULL,NULL,NULL,NULL,NULL,NULL,NULL,NULL,NULL,NULL,'2015',NULL,7060440,657964),(61,NULL,NULL,'rnskldsvik (S)',NULL,NULL,NULL,'WGS84',NULL,'Sweden','17',NULL,NULL,NULL,NULL,NULL,NULL,NULL,NULL,NULL,NULL,NULL,NULL,NULL,NULL,NULL,NULL,'2018-03-15 21:30:01.852000',NULL,NULL,'10',NULL,NULL,'Vsternorrlands ln (S)',NULL,NULL,NULL,NULL,NULL,NULL,NULL,NULL,NULL,NULL,NULL,NULL,'2015',NULL,7060720,658053),(62,NULL,NULL,'rnskldsvik (S)',NULL,NULL,NULL,'WGS84',NULL,'Sweden','8',NULL,NULL,NULL,NULL,NULL,NULL,NULL,NULL,NULL,NULL,NULL,NULL,NULL,NULL,NULL,NULL,'2018-03-15 21:30:01.789000',NULL,NULL,'9',NULL,NULL,'Vsternorrlands ln (S)',NULL,NULL,NULL,NULL,NULL,NULL,NULL,NULL,NULL,NULL,NULL,NULL,'2015',NULL,7039310,675848),(63,NULL,NULL,'rnskldsvik (S)',NULL,NULL,NULL,'WGS84',NULL,'Sweden','23',NULL,NULL,NULL,NULL,NULL,NULL,NULL,NULL,NULL,NULL,NULL,NULL,NULL,NULL,NULL,NULL,'2018-03-15 21:30:01.698000',NULL,NULL,'10',NULL,NULL,'Vsternorrlands ln (S)',NULL,NULL,NULL,NULL,NULL,NULL,NULL,NULL,NULL,NULL,NULL,NULL,'2015',NULL,7042120,677123),(64,NULL,NULL,'rnskldsvik (S)',NULL,NULL,NULL,'WGS84',NULL,'Sweden','16',NULL,NULL,NULL,NULL,NULL,NULL,NULL,NULL,NULL,NULL,NULL,NULL,NULL,NULL,NULL,NULL,'2018-03-15 21:30:01.638000',NULL,NULL,'10',NULL,NULL,'Vsternorrlands ln (S)',NULL,NULL,NULL,NULL,NULL,NULL,NULL,NULL,NULL,NULL,NULL,NULL,'2015',NULL,7036570,674549),(65,NULL,NULL,'rnskldsvik (S)',NULL,NULL,NULL,'WGS84',NULL,'Sweden','8',NULL,NULL,NULL,NULL,NULL,NULL,NULL,NULL,NULL,NULL,NULL,NULL,NULL,NULL,NULL,NULL,'2018-03-15 21:30:01.574000',NULL,NULL,'9',NULL,NULL,'Vsternorrlands ln (S)',NULL,NULL,NULL,NULL,NULL,NULL,NULL,NULL,NULL,NULL,NULL,NULL,'2015',NULL,7041910,667410),(66,NULL,NULL,'rnskldsvik (S)',NULL,NULL,NULL,'WGS84',NULL,'Sweden','23',NULL,NULL,NULL,NULL,NULL,NULL,NULL,NULL,NULL,NULL,NULL,NULL,NULL,NULL,NULL,NULL,'2018-03-15 21:30:01.515000',NULL,NULL,'9',NULL,NULL,'Vsternorrlands ln (S)',NULL,NULL,NULL,NULL,NULL,NULL,NULL,NULL,NULL,NULL,NULL,NULL,'2015',NULL,7040130,675103),(67,NULL,NULL,'Krokom (S)',NULL,NULL,NULL,'WGS84',NULL,'Sweden','11',NULL,NULL,NULL,NULL,NULL,NULL,NULL,NULL,NULL,NULL,NULL,NULL,NULL,NULL,NULL,NULL,'2018-03-15 21:30:01.456000',NULL,NULL,'10',NULL,NULL,'Jmtlands ln (S)',NULL,NULL,NULL,NULL,NULL,NULL,NULL,NULL,NULL,NULL,NULL,NULL,'2015',NULL,7087200,478281),(68,NULL,NULL,'Krokom (S)',NULL,NULL,NULL,'WGS84',NULL,'Sweden','30',NULL,NULL,NULL,NULL,NULL,NULL,NULL,NULL,NULL,NULL,NULL,NULL,NULL,NULL,NULL,NULL,'2018-03-15 21:30:01.392000',NULL,NULL,'10',NULL,NULL,'Jmtlands ln (S)',NULL,NULL,NULL,NULL,NULL,NULL,NULL,NULL,NULL,NULL,NULL,NULL,'2015',NULL,7097470,482915),(69,NULL,NULL,'Krokom (S)',NULL,NULL,NULL,'WGS84',NULL,'Sweden','12',NULL,NULL,NULL,NULL,NULL,NULL,NULL,NULL,NULL,NULL,NULL,NULL,NULL,NULL,NULL,NULL,'2018-03-15 21:30:01.312000',NULL,NULL,'9',NULL,NULL,'Jmtlands ln (S)',NULL,NULL,NULL,NULL,NULL,NULL,NULL,NULL,NULL,NULL,NULL,NULL,'2015',NULL,7092910,484705),(70,NULL,NULL,'Krokom (S)',NULL,NULL,NULL,'WGS84',NULL,'Sweden','21',NULL,NULL,NULL,NULL,NULL,NULL,NULL,NULL,NULL,NULL,NULL,NULL,NULL,NULL,NULL,NULL,'2018-03-15 21:30:01.253000',NULL,NULL,'9',NULL,NULL,'Jmtlands ln (S)',NULL,NULL,NULL,NULL,NULL,NULL,NULL,NULL,NULL,NULL,NULL,NULL,'2015',NULL,7086780,477903),(71,NULL,NULL,'Strmsund (S)',NULL,NULL,NULL,'WGS84',NULL,'Sweden','10',NULL,NULL,NULL,NULL,NULL,NULL,NULL,NULL,NULL,NULL,NULL,NULL,NULL,NULL,NULL,NULL,'2018-03-15 21:30:01.192000',NULL,NULL,'9',NULL,NULL,'Jmtlands ln (S)',NULL,NULL,NULL,NULL,NULL,NULL,NULL,NULL,NULL,NULL,NULL,NULL,'2015',NULL,7125290,512032),(72,NULL,NULL,'Strmsund (S)',NULL,NULL,NULL,'WGS84',NULL,'Sweden','1',NULL,NULL,NULL,NULL,NULL,NULL,NULL,NULL,NULL,NULL,NULL,NULL,NULL,NULL,NULL,NULL,'2018-03-15 21:30:01.127000',NULL,NULL,'10',NULL,NULL,'Jmtlands ln (S)',NULL,NULL,NULL,NULL,NULL,NULL,NULL,NULL,NULL,NULL,NULL,NULL,'2015',NULL,7130400,511631),(73,NULL,NULL,'Strmsund (S)',NULL,NULL,NULL,'WGS84',NULL,'Sweden','22',NULL,NULL,NULL,NULL,NULL,NULL,NULL,NULL,NULL,NULL,NULL,NULL,NULL,NULL,NULL,NULL,'2018-03-15 21:30:01.064000',NULL,NULL,'8',NULL,NULL,'Jmtlands ln (S)',NULL,NULL,NULL,NULL,NULL,NULL,NULL,NULL,NULL,NULL,NULL,NULL,'2015',NULL,7128180,510866),(74,NULL,NULL,'Strmsund (S)',NULL,NULL,NULL,'WGS84',NULL,'Sweden','23',NULL,NULL,NULL,NULL,NULL,NULL,NULL,NULL,NULL,NULL,NULL,NULL,NULL,NULL,NULL,NULL,'2018-03-15 21:30:00.996000',NULL,NULL,'8',NULL,NULL,'Jmtlands ln (S)',NULL,NULL,NULL,NULL,NULL,NULL,NULL,NULL,NULL,NULL,NULL,NULL,'2015',NULL,7127910,509378),(75,NULL,NULL,'Strmsund (S)',NULL,NULL,NULL,'WGS84',NULL,'Sweden','20',NULL,NULL,NULL,NULL,NULL,NULL,NULL,NULL,NULL,NULL,NULL,NULL,NULL,NULL,NULL,NULL,'2018-03-15 21:30:00.941000',NULL,NULL,'9',NULL,NULL,'Jmtlands ln (S)',NULL,NULL,NULL,NULL,NULL,NULL,NULL,NULL,NULL,NULL,NULL,NULL,'2015',NULL,7091580,540809),(76,NULL,NULL,'Strmsund (S)',NULL,NULL,NULL,'WGS84',NULL,'Sweden','16',NULL,NULL,NULL,NULL,NULL,NULL,NULL,NULL,NULL,NULL,NULL,NULL,NULL,NULL,NULL,NULL,'2018-03-15 21:30:00.879000',NULL,NULL,'9',NULL,NULL,'Jmtlands ln (S)',NULL,NULL,NULL,NULL,NULL,NULL,NULL,NULL,NULL,NULL,NULL,NULL,'2015',NULL,7092870,536440),(77,NULL,NULL,'Strmsund (S)',NULL,NULL,NULL,'WGS84',NULL,'Sweden','26',NULL,NULL,NULL,NULL,NULL,NULL,NULL,NULL,NULL,NULL,NULL,NULL,NULL,NULL,NULL,NULL,'2018-03-15 21:30:00.821000',NULL,NULL,'9',NULL,NULL,'Jmtlands ln (S)',NULL,NULL,NULL,NULL,NULL,NULL,NULL,NULL,NULL,NULL,NULL,NULL,'2015',NULL,7092640,539167),(78,NULL,NULL,'Strmsund (S)',NULL,NULL,NULL,'WGS84',NULL,'Sweden','16',NULL,NULL,NULL,NULL,NULL,NULL,NULL,NULL,NULL,NULL,NULL,NULL,NULL,NULL,NULL,NULL,'2018-03-15 21:30:00.750000',NULL,NULL,'9',NULL,NULL,'Jmtlands ln (S)',NULL,NULL,NULL,NULL,NULL,NULL,NULL,NULL,NULL,NULL,NULL,NULL,'2015',NULL,7090700,541932),(79,NULL,NULL,'Strmsund (S)',NULL,NULL,NULL,'WGS84',NULL,'Sweden','4',NULL,NULL,NULL,NULL,NULL,NULL,NULL,NULL,NULL,NULL,NULL,NULL,NULL,NULL,NULL,NULL,'2018-03-15 21:30:00.680000',NULL,NULL,'10',NULL,NULL,'Jmtlands ln (S)',NULL,NULL,NULL,NULL,NULL,NULL,NULL,NULL,NULL,NULL,NULL,NULL,'2015',NULL,7088470,541170),(80,NULL,NULL,'Strmsund (S)',NULL,NULL,NULL,'WGS84',NULL,'Sweden','12',NULL,NULL,NULL,NULL,NULL,NULL,NULL,NULL,NULL,NULL,NULL,NULL,NULL,NULL,NULL,NULL,'2018-03-15 21:30:00.608000',NULL,NULL,'10',NULL,NULL,'Jmtlands ln (S)',NULL,NULL,NULL,NULL,NULL,NULL,NULL,NULL,NULL,NULL,NULL,NULL,'2015',NULL,7108910,524376),(81,NULL,NULL,'Strmsund (S)',NULL,NULL,NULL,'WGS84',NULL,'Sweden','10',NULL,NULL,NULL,NULL,NULL,NULL,NULL,NULL,NULL,NULL,NULL,NULL,NULL,NULL,NULL,NULL,'2018-03-15 21:30:00.533000',NULL,NULL,'10',NULL,NULL,'Jmtlands ln (S)',NULL,NULL,NULL,NULL,NULL,NULL,NULL,NULL,NULL,NULL,NULL,NULL,'2015',NULL,7111800,518914),(82,NULL,NULL,'Strmsund (S)',NULL,NULL,NULL,'WGS84',NULL,'Sweden','10',NULL,NULL,NULL,NULL,NULL,NULL,NULL,NULL,NULL,NULL,NULL,NULL,NULL,NULL,NULL,NULL,'2018-03-15 21:30:00.481000',NULL,NULL,'10',NULL,NULL,'Jmtlands ln (S)',NULL,NULL,NULL,NULL,NULL,NULL,NULL,NULL,NULL,NULL,NULL,NULL,'2015',NULL,7109880,521049),(83,NULL,NULL,'Strmsund (S)',NULL,NULL,NULL,'WGS84',NULL,'Sweden','31',NULL,NULL,NULL,NULL,NULL,NULL,NULL,NULL,NULL,NULL,NULL,NULL,NULL,NULL,NULL,NULL,'2018-03-15 21:30:00.429000',NULL,NULL,'8',NULL,NULL,'Jmtlands ln (S)',NULL,NULL,NULL,NULL,NULL,NULL,NULL,NULL,NULL,NULL,NULL,NULL,'2015',NULL,7110050,522892),(84,NULL,NULL,'Strmsund (S)',NULL,NULL,NULL,'WGS84',NULL,'Sweden','15',NULL,NULL,NULL,NULL,NULL,NULL,NULL,NULL,NULL,NULL,NULL,NULL,NULL,NULL,NULL,NULL,'2018-03-15 21:30:00.375000',NULL,NULL,'9',NULL,NULL,'Jmtlands ln (S)',NULL,NULL,NULL,NULL,NULL,NULL,NULL,NULL,NULL,NULL,NULL,NULL,'2015',NULL,7114080,529440),(85,NULL,NULL,'Strmsund (S)',NULL,NULL,NULL,'WGS84',NULL,'Sweden','2',NULL,NULL,NULL,NULL,NULL,NULL,NULL,NULL,NULL,NULL,NULL,NULL,NULL,NULL,NULL,NULL,'2018-03-15 21:30:00.326000',NULL,NULL,'10',NULL,NULL,'Jmtlands ln (S)',NULL,NULL,NULL,NULL,NULL,NULL,NULL,NULL,NULL,NULL,NULL,NULL,'2015',NULL,7102280,521849),(86,NULL,NULL,'Krokom (S)',NULL,NULL,NULL,'WGS84',NULL,'Sweden','14',NULL,NULL,NULL,NULL,NULL,NULL,NULL,NULL,NULL,NULL,NULL,NULL,NULL,NULL,NULL,NULL,'2018-03-15 21:30:00.277000',NULL,NULL,'9',NULL,NULL,'Jmtlands ln (S)',NULL,NULL,NULL,NULL,NULL,NULL,NULL,NULL,NULL,NULL,NULL,NULL,'2015',NULL,7098830,467200),(87,NULL,NULL,'Krokom (S)',NULL,NULL,NULL,'WGS84',NULL,'Sweden','21',NULL,NULL,NULL,NULL,NULL,NULL,NULL,NULL,NULL,NULL,NULL,NULL,NULL,NULL,NULL,NULL,'2018-03-15 21:30:00.226000',NULL,NULL,'8',NULL,NULL,'Jmtlands ln (S)',NULL,NULL,NULL,NULL,NULL,NULL,NULL,NULL,NULL,NULL,NULL,NULL,'2015',NULL,7099410,466613),(88,NULL,NULL,'Krokom (S)',NULL,NULL,NULL,'WGS84',NULL,'Sweden','25',NULL,NULL,NULL,NULL,NULL,NULL,NULL,NULL,NULL,NULL,NULL,NULL,NULL,NULL,NULL,NULL,'2018-03-15 21:30:00.162000',NULL,NULL,'8',NULL,NULL,'Jmtlands ln (S)',NULL,NULL,NULL,NULL,NULL,NULL,NULL,NULL,NULL,NULL,NULL,NULL,'2015',NULL,7094090,468873),(89,NULL,NULL,'Krokom (S)',NULL,NULL,NULL,'WGS84',NULL,'Sweden','28',NULL,NULL,NULL,NULL,NULL,NULL,NULL,NULL,NULL,NULL,NULL,NULL,NULL,NULL,NULL,NULL,'2018-03-15 21:30:00.094000',NULL,NULL,'8',NULL,NULL,'Jmtlands ln (S)',NULL,NULL,NULL,NULL,NULL,NULL,NULL,NULL,NULL,NULL,NULL,NULL,'2015',NULL,7105350,458023),(90,NULL,NULL,'re (S)',NULL,NULL,NULL,'WGS84',NULL,'Sweden','11',NULL,NULL,NULL,NULL,NULL,NULL,NULL,NULL,NULL,NULL,NULL,NULL,NULL,NULL,NULL,NULL,'2018-03-15 21:30:00.033000',NULL,NULL,'10',NULL,NULL,'Jmtlands ln (S)',NULL,NULL,NULL,NULL,NULL,NULL,NULL,NULL,NULL,NULL,NULL,NULL,'2015',NULL,7005620,404963),(91,NULL,NULL,'re (S)',NULL,NULL,NULL,'WGS84',NULL,'Sweden','3',NULL,NULL,NULL,NULL,NULL,NULL,NULL,NULL,NULL,NULL,NULL,NULL,NULL,NULL,NULL,NULL,'2018-03-15 21:29:59.972000',NULL,NULL,'10',NULL,NULL,'Jmtlands ln (S)',NULL,NULL,NULL,NULL,NULL,NULL,NULL,NULL,NULL,NULL,NULL,NULL,'2015',NULL,7014010,418001),(92,NULL,NULL,'re (S)',NULL,NULL,NULL,'WGS84',NULL,'Sweden','24',NULL,NULL,NULL,NULL,NULL,NULL,NULL,NULL,NULL,NULL,NULL,NULL,NULL,NULL,NULL,NULL,'2018-03-15 21:29:59.911000',NULL,NULL,'10',NULL,NULL,'Jmtlands ln (S)',NULL,NULL,NULL,NULL,NULL,NULL,NULL,NULL,NULL,NULL,NULL,NULL,'2015',NULL,7005140,439611),(93,NULL,NULL,'re (S)',NULL,NULL,NULL,'WGS84',NULL,'Sweden','3',NULL,NULL,NULL,NULL,NULL,NULL,NULL,NULL,NULL,NULL,NULL,NULL,NULL,NULL,NULL,NULL,'2018-03-15 21:29:59.848000',NULL,NULL,'10',NULL,NULL,'Jmtlands ln (S)',NULL,NULL,NULL,NULL,NULL,NULL,NULL,NULL,NULL,NULL,NULL,NULL,'2015',NULL,7011560,419466),(94,NULL,NULL,'re (S)',NULL,NULL,NULL,'WGS84',NULL,'Sweden','12',NULL,NULL,NULL,NULL,NULL,NULL,NULL,NULL,NULL,NULL,NULL,NULL,NULL,NULL,NULL,NULL,'2018-03-15 21:29:59.790000',NULL,NULL,'10',NULL,NULL,'Jmtlands ln (S)',NULL,NULL,NULL,NULL,NULL,NULL,NULL,NULL,NULL,NULL,NULL,NULL,'2015',NULL,7007570,405709),(95,NULL,NULL,'Strmsund (S)',NULL,NULL,NULL,'WGS84',NULL,'Sweden','7',NULL,NULL,NULL,NULL,NULL,NULL,NULL,NULL,NULL,NULL,NULL,NULL,NULL,NULL,NULL,NULL,'2018-03-15 21:29:59.734000',NULL,NULL,'10',NULL,NULL,'Jmtlands ln (S)',NULL,NULL,NULL,NULL,NULL,NULL,NULL,NULL,NULL,NULL,NULL,NULL,'2015',NULL,7137340,518537),(96,NULL,NULL,'Strmsund (S)',NULL,NULL,NULL,'WGS84',NULL,'Sweden','10',NULL,NULL,NULL,NULL,NULL,NULL,NULL,NULL,NULL,NULL,NULL,NULL,NULL,NULL,NULL,NULL,'2018-03-15 21:29:59.684000',NULL,NULL,'10',NULL,NULL,'Jmtlands ln (S)',NULL,NULL,NULL,NULL,NULL,NULL,NULL,NULL,NULL,NULL,NULL,NULL,'2015',NULL,7156940,522775),(97,NULL,NULL,'Strmsund (S)',NULL,NULL,NULL,'WGS84',NULL,'Sweden','19',NULL,NULL,NULL,NULL,NULL,NULL,NULL,NULL,NULL,NULL,NULL,NULL,NULL,NULL,NULL,NULL,'2018-03-15 21:29:59.644000',NULL,NULL,'9',NULL,NULL,'Jmtlands ln (S)',NULL,NULL,NULL,NULL,NULL,NULL,NULL,NULL,NULL,NULL,NULL,NULL,'2015',NULL,7141250,506333),(98,NULL,NULL,'Strmsund (S)',NULL,NULL,NULL,'WGS84',NULL,'Sweden','9',NULL,NULL,NULL,NULL,NULL,NULL,NULL,NULL,NULL,NULL,NULL,NULL,NULL,NULL,NULL,NULL,'2018-03-15 21:29:59.584000',NULL,NULL,'9',NULL,NULL,'Jmtlands ln (S)',NULL,NULL,NULL,NULL,NULL,NULL,NULL,NULL,NULL,NULL,NULL,NULL,'2015',NULL,7138270,497564),(99,NULL,NULL,'Strmsund (S)',NULL,NULL,NULL,'WGS84',NULL,'Sweden','29',NULL,NULL,NULL,NULL,NULL,NULL,NULL,NULL,NULL,NULL,NULL,NULL,NULL,NULL,NULL,NULL,'2018-03-15 21:29:59.546000',NULL,NULL,'9',NULL,NULL,'Jmtlands ln (S)',NULL,NULL,NULL,NULL,NULL,NULL,NULL,NULL,NULL,NULL,NULL,NULL,'2015',NULL,7100430,515415),(100,NULL,NULL,'Strmsund (S)',NULL,NULL,NULL,'WGS84',NULL,'Sweden','15',NULL,NULL,NULL,NULL,NULL,NULL,NULL,NULL,NULL,NULL,NULL,NULL,NULL,NULL,NULL,NULL,'2018-03-15 21:29:59.510000',NULL,NULL,'9',NULL,NULL,'Jmtlands ln (S)',NULL,NULL,NULL,NULL,NULL,NULL,NULL,NULL,NULL,NULL,NULL,NULL,'2015',NULL,7103090,514296),(101,NULL,NULL,'Strmsund (S)',NULL,NULL,NULL,'WGS84',NULL,'Sweden','27',NULL,NULL,NULL,NULL,NULL,NULL,NULL,NULL,NULL,NULL,NULL,NULL,NULL,NULL,NULL,NULL,'2018-03-15 21:29:59.475000',NULL,NULL,'10',NULL,NULL,'Jmtlands ln (S)',NULL,NULL,NULL,NULL,NULL,NULL,NULL,NULL,NULL,NULL,NULL,NULL,'2015',NULL,7119460,510258),(102,NULL,NULL,'Strmsund (S)',NULL,NULL,NULL,'WGS84',NULL,'Sweden','27',NULL,NULL,NULL,NULL,NULL,NULL,NULL,NULL,NULL,NULL,NULL,NULL,NULL,NULL,NULL,NULL,'2018-03-15 21:29:59.439000',NULL,NULL,'10',NULL,NULL,'Jmtlands ln (S)',NULL,NULL,NULL,NULL,NULL,NULL,NULL,NULL,NULL,NULL,NULL,NULL,'2015',NULL,7120330,508389),(103,NULL,NULL,'Strmsund (S)',NULL,NULL,NULL,'WGS84',NULL,'Sweden','28',NULL,NULL,NULL,NULL,NULL,NULL,NULL,NULL,NULL,NULL,NULL,NULL,NULL,NULL,NULL,NULL,'2018-03-15 21:29:59.403000',NULL,NULL,'10',NULL,NULL,'Jmtlands ln (S)',NULL,NULL,NULL,NULL,NULL,NULL,NULL,NULL,NULL,NULL,NULL,NULL,'2015',NULL,7118510,510337),(104,NULL,NULL,'Strmsund (S)',NULL,NULL,NULL,'WGS84',NULL,'Sweden','12',NULL,NULL,NULL,NULL,NULL,NULL,NULL,NULL,NULL,NULL,NULL,NULL,NULL,NULL,NULL,NULL,'2018-03-15 21:29:59.369000',NULL,NULL,'9',NULL,NULL,'Jmtlands ln (S)',NULL,NULL,NULL,NULL,NULL,NULL,NULL,NULL,NULL,NULL,NULL,NULL,'2015',NULL,7112720,508276),(105,NULL,NULL,'Strmsund (S)',NULL,NULL,NULL,'WGS84',NULL,'Sweden','17',NULL,NULL,NULL,NULL,NULL,NULL,NULL,NULL,NULL,NULL,NULL,NULL,NULL,NULL,NULL,NULL,'2018-03-15 21:29:59.337000',NULL,NULL,'10',NULL,NULL,'Jmtlands ln (S)',NULL,NULL,NULL,NULL,NULL,NULL,NULL,NULL,NULL,NULL,NULL,NULL,'2015',NULL,7118920,509585),(106,NULL,NULL,'Strmsund (S)',NULL,NULL,NULL,'WGS84',NULL,'Sweden','27',NULL,NULL,NULL,NULL,NULL,NULL,NULL,NULL,NULL,NULL,NULL,NULL,NULL,NULL,NULL,NULL,'2018-03-15 21:29:59.306000',NULL,NULL,'10',NULL,NULL,'Jmtlands ln (S)',NULL,NULL,NULL,NULL,NULL,NULL,NULL,NULL,NULL,NULL,NULL,NULL,'2015',NULL,7120600,510855),(107,NULL,NULL,'Strmsund (S)',NULL,NULL,NULL,'WGS84',NULL,'Sweden','27',NULL,NULL,NULL,NULL,NULL,NULL,NULL,NULL,NULL,NULL,NULL,NULL,NULL,NULL,NULL,NULL,'2018-03-15 21:29:59.274000',NULL,NULL,'10',NULL,NULL,'Jmtlands ln (S)',NULL,NULL,NULL,NULL,NULL,NULL,NULL,NULL,NULL,NULL,NULL,NULL,'2015',NULL,7118850,510828),(108,NULL,NULL,'Strmsund (S)',NULL,NULL,NULL,'WGS84',NULL,'Sweden','17',NULL,NULL,NULL,NULL,NULL,NULL,NULL,NULL,NULL,NULL,NULL,NULL,NULL,NULL,NULL,NULL,'2018-03-15 21:29:59.106000',NULL,NULL,'10',NULL,NULL,'Jmtlands ln (S)',NULL,NULL,NULL,NULL,NULL,NULL,NULL,NULL,NULL,NULL,NULL,NULL,'2015',NULL,7119770,511408),(109,NULL,NULL,'Strmsund (S)',NULL,NULL,NULL,'WGS84',NULL,'Sweden','22',NULL,NULL,NULL,NULL,NULL,NULL,NULL,NULL,NULL,NULL,NULL,NULL,NULL,NULL,NULL,NULL,'2018-03-15 21:29:58.975000',NULL,NULL,'9',NULL,NULL,'Jmtlands ln (S)',NULL,NULL,NULL,NULL,NULL,NULL,NULL,NULL,NULL,NULL,NULL,NULL,'2015',NULL,7118380,511138),(110,NULL,NULL,'Strmsund (S)',NULL,NULL,NULL,'WGS84',NULL,'Sweden','31',NULL,NULL,NULL,NULL,NULL,NULL,NULL,NULL,NULL,NULL,NULL,NULL,NULL,NULL,NULL,NULL,'2018-03-15 21:29:58.937000',NULL,NULL,'8',NULL,NULL,'Jmtlands ln (S)',NULL,NULL,NULL,NULL,NULL,NULL,NULL,NULL,NULL,NULL,NULL,NULL,'2015',NULL,7055510,519849);
/*!40000 ALTER TABLE `CollectionInfos` ENABLE KEYS */;
UNLOCK TABLES;

--
-- Table structure for table `CollectionInfos_AUD`
--

DROP TABLE IF EXISTS `CollectionInfos_AUD`;
/*!40101 SET @saved_cs_client     = @@character_set_client */;
/*!40101 SET character_set_client = utf8 */;
CREATE TABLE `CollectionInfos_AUD` (
  `CollectionInfoID` int(11) NOT NULL,
  `REV` int(11) NOT NULL,
  `REVTYPE` tinyint(4) DEFAULT NULL,
  `AirTemperature` varchar(10) DEFAULT NULL,
  `BasinName` varchar(100) DEFAULT NULL,
  `City` varchar(200) DEFAULT NULL,
  `Collector` varchar(200) DEFAULT NULL,
  `CollectorType` varchar(50) DEFAULT NULL,
  `Continent` varchar(50) DEFAULT NULL,
  `CoordinateSystem` varchar(100) DEFAULT NULL,
  `Coordinates` varchar(100) DEFAULT NULL,
  `Country` varchar(50) DEFAULT NULL,
  `Day` varchar(10) DEFAULT NULL,
  `DecimalCoordinateSystem` varchar(100) DEFAULT NULL,
  `DecimalLatitude_OLD` varchar(100) DEFAULT NULL,
  `DecimalLongitude_OLD` varchar(100) DEFAULT NULL,
  `Depth` varchar(20) DEFAULT NULL,
  `EcoRegions` varchar(100) DEFAULT NULL,
  `Effort` varchar(50) DEFAULT NULL,
  `Elevation` varchar(50) DEFAULT NULL,
  `EndDay` varchar(10) DEFAULT NULL,
  `EndMonth` varchar(10) DEFAULT NULL,
  `EndYear` varchar(10) DEFAULT NULL,
  `EventTime` varchar(50) DEFAULT NULL,
  `FilterSize` varchar(50) DEFAULT NULL,
  `GeoreferencedBy` varchar(50) DEFAULT NULL,
  `GeoreferencedDate` date DEFAULT NULL,
  `GPSSource` varchar(50) DEFAULT NULL,
  `Habitat` varchar(50) DEFAULT NULL,
  `Latitude` varchar(100) DEFAULT NULL,
  `Longitude` varchar(100) DEFAULT NULL,
  `Month` varchar(10) DEFAULT NULL,
  `Notes` longtext,
  `Preparations` varchar(100) DEFAULT NULL,
  `Province` varchar(50) DEFAULT NULL,
  `RainFall` varchar(50) DEFAULT NULL,
  `RainVolumeCollected` varchar(50) DEFAULT NULL,
  `Region` varchar(50) DEFAULT NULL,
  `RiverStreamName` varchar(100) DEFAULT NULL,
  `SampleSource` varchar(100) DEFAULT NULL,
  `SamplerCollectionDate` date DEFAULT NULL,
  `SamplerInstallationDate` date DEFAULT NULL,
  `Sector` varchar(50) DEFAULT NULL,
  `Site` varchar(200) DEFAULT NULL,
  `SiteCodes` varchar(50) DEFAULT NULL,
  `StreamOrder` int(11) DEFAULT NULL,
  `Week` varchar(50) DEFAULT NULL,
  `Year` varchar(10) DEFAULT NULL,
  `ProtocolID` int(11) DEFAULT NULL,
  `DecimalLatitude` float DEFAULT NULL,
  `DecimalLongitude` float DEFAULT NULL,
  PRIMARY KEY (`CollectionInfoID`,`REV`),
  KEY `FK_1xm6fatpxmudxlvx20wg8n5h5` (`REV`),
  CONSTRAINT `FK_1xm6fatpxmudxlvx20wg8n5h5` FOREIGN KEY (`REV`) REFERENCES `Revision` (`id`)
) ENGINE=InnoDB DEFAULT CHARSET=latin1;
/*!40101 SET character_set_client = @saved_cs_client */;

--
-- Dumping data for table `CollectionInfos_AUD`
--

LOCK TABLES `CollectionInfos_AUD` WRITE;
/*!40000 ALTER TABLE `CollectionInfos_AUD` DISABLE KEYS */;
INSERT INTO `CollectionInfos_AUD` VALUES (1,7,1,NULL,NULL,'Congo','Rogue','aCollectorType','Africa','ZSystem','321 07 52N 526 05 63E','Africa','10','AlphaBetaCoordinateSystem',NULL,NULL,'',NULL,'AAFC Awareness Effort','7 feet above sea level',NULL,NULL,NULL,'Mornings','1','Some Guy','2012-12-21','7gps source',NULL,'40W','60N','11',NULL,'frozen','Africa','0.1','10','eRegion',NULL,NULL,'2007-01-15','2007-01-05','sector 7G','1G',NULL,NULL,'aWeek','2009',1,2.71828,3.14159),(2,7,1,NULL,NULL,'Vancover','Rogue',NULL,'North America','ZSystem','321 07 52N 526 05 63E','Canada','10','AlphaBetaCoordinateSystem',NULL,NULL,'',NULL,'AAFC Awareness Effort','6 feet above sea level',NULL,NULL,NULL,'',NULL,'Some Guy','2012-12-21','6gps source',NULL,'40W','60N','11',NULL,'','Vancover',NULL,NULL,'dRegion',NULL,NULL,'2009-11-10','2009-11-09','sector 7G','8G',NULL,NULL,NULL,'2009',1,2.71828,3.14159),(3,7,1,NULL,NULL,'Edmonton','Rogue','dCollectorType','North America','ZSystem','321 07 52N 526 05 63E','Canada','10','AlphaBetaCoordinateSystem',NULL,NULL,'',NULL,'AAFC Awareness Effort','5 feet above sea level',NULL,NULL,NULL,'','5','Some Guy','2012-12-21','5gps source',NULL,'40W','60N','11',NULL,'','Alberta','0.5','50','Edmonton Region 1',NULL,NULL,'2007-05-15','2007-05-05','sector 7G','7G',NULL,NULL,'dWeek','2009',1,2.71828,3.14159),(4,7,1,NULL,NULL,'Edmonton','Rogue','dCollectorType','North America','ZSystem','321 07 52N 526 05 63E','Canada','10','AlphaBetaCoordinateSystem',NULL,NULL,'',NULL,'AAFC Awareness Effort','5 feet above sea level',NULL,NULL,NULL,'','5','Some Guy','2012-12-21','5gps source',NULL,'40W','60N','11',NULL,'','Alberta','0.5','50','Edmonton Region 1',NULL,NULL,'2007-05-15','2007-05-05','sector 7G','7G',NULL,NULL,'dWeek','2009',1,2.71828,3.14159),(12,7,1,NULL,NULL,'London','Rogue','bCollectorType','Europe','SwarmHiveMindSystem','905 820 64N 751 05 141E','England','10','OmegaZetaImperialCoordinateSystem',NULL,NULL,'',NULL,'Zergling Awareness Effort','8 feet above sea level',NULL,NULL,NULL,'','2','SS4 Goku','2050-01-01','8gps source',NULL,'40W','60N','11',NULL,'','London','0.2','20','aRegion',NULL,NULL,'2007-02-15','2007-02-05','sector 7G','7G',NULL,NULL,'bWeek','2009',1,1.61803,NULL),(15,6,0,NULL,NULL,'Strmsund (S)',NULL,NULL,NULL,'WGS84',NULL,NULL,'23',NULL,NULL,NULL,NULL,NULL,NULL,NULL,NULL,NULL,NULL,NULL,NULL,NULL,NULL,NULL,NULL,NULL,NULL,'9',NULL,NULL,'Jmtlands ln (S)',NULL,NULL,NULL,NULL,NULL,NULL,NULL,NULL,NULL,NULL,NULL,NULL,'2015',NULL,7144350,473722),(15,7,1,NULL,NULL,'Strmsund (S)',NULL,NULL,NULL,'WGS84',NULL,'Sweden','23',NULL,NULL,NULL,NULL,NULL,NULL,NULL,NULL,NULL,NULL,NULL,NULL,NULL,NULL,NULL,NULL,NULL,NULL,'9',NULL,NULL,'Jmtlands ln (S)',NULL,NULL,NULL,NULL,NULL,NULL,NULL,NULL,NULL,NULL,NULL,NULL,'2015',NULL,7144350,473722),(16,6,0,NULL,NULL,'Strmsund (S)',NULL,NULL,NULL,'WGS84',NULL,NULL,'21',NULL,NULL,NULL,NULL,NULL,NULL,NULL,NULL,NULL,NULL,NULL,NULL,NULL,NULL,NULL,NULL,NULL,NULL,'8',NULL,NULL,'Jmtlands ln (S)',NULL,NULL,NULL,NULL,NULL,NULL,NULL,NULL,NULL,NULL,NULL,NULL,'2015',NULL,7142940,476246),(16,7,1,NULL,NULL,'Strmsund (S)',NULL,NULL,NULL,'WGS84',NULL,'Sweden','21',NULL,NULL,NULL,NULL,NULL,NULL,NULL,NULL,NULL,NULL,NULL,NULL,NULL,NULL,NULL,NULL,NULL,NULL,'8',NULL,NULL,'Jmtlands ln (S)',NULL,NULL,NULL,NULL,NULL,NULL,NULL,NULL,NULL,NULL,NULL,NULL,'2015',NULL,7142940,476246),(17,6,0,NULL,NULL,'Strmsund (S)',NULL,NULL,NULL,'WGS84',NULL,NULL,'10',NULL,NULL,NULL,NULL,NULL,NULL,NULL,NULL,NULL,NULL,NULL,NULL,NULL,NULL,NULL,NULL,NULL,NULL,'10',NULL,NULL,'Jmtlands ln (S)',NULL,NULL,NULL,NULL,NULL,NULL,NULL,NULL,NULL,NULL,NULL,NULL,'2015',NULL,7146150,478044),(17,7,1,NULL,NULL,'Strmsund (S)',NULL,NULL,NULL,'WGS84',NULL,'Sweden','10',NULL,NULL,NULL,NULL,NULL,NULL,NULL,NULL,NULL,NULL,NULL,NULL,NULL,NULL,NULL,NULL,NULL,NULL,'10',NULL,NULL,'Jmtlands ln (S)',NULL,NULL,NULL,NULL,NULL,NULL,NULL,NULL,NULL,NULL,NULL,NULL,'2015',NULL,7146150,478044),(18,6,0,NULL,NULL,'Strmsund (S)',NULL,NULL,NULL,'WGS84',NULL,NULL,'10',NULL,NULL,NULL,NULL,NULL,NULL,NULL,NULL,NULL,NULL,NULL,NULL,NULL,NULL,NULL,NULL,NULL,NULL,'10',NULL,NULL,'Jmtlands ln (S)',NULL,NULL,NULL,NULL,NULL,NULL,NULL,NULL,NULL,NULL,NULL,NULL,'2015',NULL,7141060,477002),(18,7,1,NULL,NULL,'Strmsund (S)',NULL,NULL,NULL,'WGS84',NULL,'Sweden','10',NULL,NULL,NULL,NULL,NULL,NULL,NULL,NULL,NULL,NULL,NULL,NULL,NULL,NULL,NULL,NULL,NULL,NULL,'10',NULL,NULL,'Jmtlands ln (S)',NULL,NULL,NULL,NULL,NULL,NULL,NULL,NULL,NULL,NULL,NULL,NULL,'2015',NULL,7141060,477002),(19,6,0,NULL,NULL,'re (S)',NULL,NULL,NULL,'WGS84',NULL,NULL,'7',NULL,NULL,NULL,NULL,NULL,NULL,NULL,NULL,NULL,NULL,NULL,NULL,NULL,NULL,NULL,NULL,NULL,NULL,'10',NULL,NULL,'Jmtlands ln (S)',NULL,NULL,NULL,NULL,NULL,NULL,NULL,NULL,NULL,NULL,NULL,NULL,'2015',NULL,7092080,400959),(19,7,1,NULL,NULL,'re (S)',NULL,NULL,NULL,'WGS84',NULL,'Sweden','7',NULL,NULL,NULL,NULL,NULL,NULL,NULL,NULL,NULL,NULL,NULL,NULL,NULL,NULL,NULL,NULL,NULL,NULL,'10',NULL,NULL,'Jmtlands ln (S)',NULL,NULL,NULL,NULL,NULL,NULL,NULL,NULL,NULL,NULL,NULL,NULL,'2015',NULL,7092080,400959),(20,6,0,NULL,NULL,'re (S)',NULL,NULL,NULL,'WGS84',NULL,NULL,'9',NULL,NULL,NULL,NULL,NULL,NULL,NULL,NULL,NULL,NULL,NULL,NULL,NULL,NULL,NULL,NULL,NULL,NULL,'10',NULL,NULL,'Jmtlands ln (S)',NULL,NULL,NULL,NULL,NULL,NULL,NULL,NULL,NULL,NULL,NULL,NULL,'2015',NULL,7082950,404603),(20,7,1,NULL,NULL,'re (S)',NULL,NULL,NULL,'WGS84',NULL,'Sweden','9',NULL,NULL,NULL,NULL,NULL,NULL,NULL,NULL,NULL,NULL,NULL,NULL,NULL,NULL,NULL,NULL,NULL,NULL,'10',NULL,NULL,'Jmtlands ln (S)',NULL,NULL,NULL,NULL,NULL,NULL,NULL,NULL,NULL,NULL,NULL,NULL,'2015',NULL,7082950,404603),(21,6,0,NULL,NULL,'Sollefte (S)',NULL,NULL,NULL,'WGS84',NULL,NULL,'22',NULL,NULL,NULL,NULL,NULL,NULL,NULL,NULL,NULL,NULL,NULL,NULL,NULL,NULL,NULL,NULL,NULL,NULL,'9',NULL,NULL,'Vsternorrlands ln (S)',NULL,NULL,NULL,NULL,NULL,NULL,NULL,NULL,NULL,NULL,NULL,NULL,'2015',NULL,7092180,585381),(21,7,1,NULL,NULL,'Sollefte (S)',NULL,NULL,NULL,'WGS84',NULL,'Sweden','22',NULL,NULL,NULL,NULL,NULL,NULL,NULL,NULL,NULL,NULL,NULL,NULL,NULL,NULL,NULL,NULL,NULL,NULL,'9',NULL,NULL,'Vsternorrlands ln (S)',NULL,NULL,NULL,NULL,NULL,NULL,NULL,NULL,NULL,NULL,NULL,NULL,'2015',NULL,7092180,585381),(22,6,0,NULL,NULL,'Sollefte (S)',NULL,NULL,NULL,'WGS84',NULL,NULL,'11',NULL,NULL,NULL,NULL,NULL,NULL,NULL,NULL,NULL,NULL,NULL,NULL,NULL,NULL,NULL,NULL,NULL,NULL,'10',NULL,NULL,'Vsternorrlands ln (S)',NULL,NULL,NULL,NULL,NULL,NULL,NULL,NULL,NULL,NULL,NULL,NULL,'2015',NULL,7093920,588859),(22,7,1,NULL,NULL,'Sollefte (S)',NULL,NULL,NULL,'WGS84',NULL,'Sweden','11',NULL,NULL,NULL,NULL,NULL,NULL,NULL,NULL,NULL,NULL,NULL,NULL,NULL,NULL,NULL,NULL,NULL,NULL,'10',NULL,NULL,'Vsternorrlands ln (S)',NULL,NULL,NULL,NULL,NULL,NULL,NULL,NULL,NULL,NULL,NULL,NULL,'2015',NULL,7093920,588859),(23,6,0,NULL,NULL,'Sollefte (S)',NULL,NULL,NULL,'WGS84',NULL,NULL,'6',NULL,NULL,NULL,NULL,NULL,NULL,NULL,NULL,NULL,NULL,NULL,NULL,NULL,NULL,NULL,NULL,NULL,NULL,'9',NULL,NULL,'Vsternorrlands ln (S)',NULL,NULL,NULL,NULL,NULL,NULL,NULL,NULL,NULL,NULL,NULL,NULL,'2015',NULL,7095020,586091),(23,7,1,NULL,NULL,'Sollefte (S)',NULL,NULL,NULL,'WGS84',NULL,'Sweden','6',NULL,NULL,NULL,NULL,NULL,NULL,NULL,NULL,NULL,NULL,NULL,NULL,NULL,NULL,NULL,NULL,NULL,NULL,'9',NULL,NULL,'Vsternorrlands ln (S)',NULL,NULL,NULL,NULL,NULL,NULL,NULL,NULL,NULL,NULL,NULL,NULL,'2015',NULL,7095020,586091),(24,6,0,NULL,NULL,'Sollefte (S)',NULL,NULL,NULL,'WGS84',NULL,NULL,'26',NULL,NULL,NULL,NULL,NULL,NULL,NULL,NULL,NULL,NULL,NULL,NULL,NULL,NULL,NULL,NULL,NULL,NULL,'9',NULL,NULL,'Vsternorrlands ln (S)',NULL,NULL,NULL,NULL,NULL,NULL,NULL,NULL,NULL,NULL,NULL,NULL,'2015',NULL,7092050,586972),(24,7,1,NULL,NULL,'Sollefte (S)',NULL,NULL,NULL,'WGS84',NULL,'Sweden','26',NULL,NULL,NULL,NULL,NULL,NULL,NULL,NULL,NULL,NULL,NULL,NULL,NULL,NULL,NULL,NULL,NULL,NULL,'9',NULL,NULL,'Vsternorrlands ln (S)',NULL,NULL,NULL,NULL,NULL,NULL,NULL,NULL,NULL,NULL,NULL,NULL,'2015',NULL,7092050,586972),(25,6,0,NULL,NULL,'Sollefte (S)',NULL,NULL,NULL,'WGS84',NULL,NULL,'22',NULL,NULL,NULL,NULL,NULL,NULL,NULL,NULL,NULL,NULL,NULL,NULL,NULL,NULL,NULL,NULL,NULL,NULL,'9',NULL,NULL,'Vsternorrlands ln (S)',NULL,NULL,NULL,NULL,NULL,NULL,NULL,NULL,NULL,NULL,NULL,NULL,'2015',NULL,7091990,587044),(25,7,1,NULL,NULL,'Sollefte (S)',NULL,NULL,NULL,'WGS84',NULL,'Sweden','22',NULL,NULL,NULL,NULL,NULL,NULL,NULL,NULL,NULL,NULL,NULL,NULL,NULL,NULL,NULL,NULL,NULL,NULL,'9',NULL,NULL,'Vsternorrlands ln (S)',NULL,NULL,NULL,NULL,NULL,NULL,NULL,NULL,NULL,NULL,NULL,NULL,'2015',NULL,7091990,587044),(26,6,0,NULL,NULL,'Sollefte (S)',NULL,NULL,NULL,'WGS84',NULL,NULL,'4',NULL,NULL,NULL,NULL,NULL,NULL,NULL,NULL,NULL,NULL,NULL,NULL,NULL,NULL,NULL,NULL,NULL,NULL,'10',NULL,NULL,'Vsternorrlands ln (S)',NULL,NULL,NULL,NULL,NULL,NULL,NULL,NULL,NULL,NULL,NULL,NULL,'2015',NULL,7094400,587392),(26,7,1,NULL,NULL,'Sollefte (S)',NULL,NULL,NULL,'WGS84',NULL,'Sweden','4',NULL,NULL,NULL,NULL,NULL,NULL,NULL,NULL,NULL,NULL,NULL,NULL,NULL,NULL,NULL,NULL,NULL,NULL,'10',NULL,NULL,'Vsternorrlands ln (S)',NULL,NULL,NULL,NULL,NULL,NULL,NULL,NULL,NULL,NULL,NULL,NULL,'2015',NULL,7094400,587392),(27,6,0,NULL,NULL,'Sollefte (S)',NULL,NULL,NULL,'WGS84',NULL,NULL,'17',NULL,NULL,NULL,NULL,NULL,NULL,NULL,NULL,NULL,NULL,NULL,NULL,NULL,NULL,NULL,NULL,NULL,NULL,'10',NULL,NULL,'Vsternorrlands ln (S)',NULL,NULL,NULL,NULL,NULL,NULL,NULL,NULL,NULL,NULL,NULL,NULL,'2015',NULL,7092260,588731),(27,7,1,NULL,NULL,'Sollefte (S)',NULL,NULL,NULL,'WGS84',NULL,'Sweden','17',NULL,NULL,NULL,NULL,NULL,NULL,NULL,NULL,NULL,NULL,NULL,NULL,NULL,NULL,NULL,NULL,NULL,NULL,'10',NULL,NULL,'Vsternorrlands ln (S)',NULL,NULL,NULL,NULL,NULL,NULL,NULL,NULL,NULL,NULL,NULL,NULL,'2015',NULL,7092260,588731),(28,6,0,NULL,NULL,'Sollefte (S)',NULL,NULL,NULL,'WGS84',NULL,NULL,'22',NULL,NULL,NULL,NULL,NULL,NULL,NULL,NULL,NULL,NULL,NULL,NULL,NULL,NULL,NULL,NULL,NULL,NULL,'9',NULL,NULL,'Vsternorrlands ln (S)',NULL,NULL,NULL,NULL,NULL,NULL,NULL,NULL,NULL,NULL,NULL,NULL,'2015',NULL,7094460,587426),(28,7,1,NULL,NULL,'Sollefte (S)',NULL,NULL,NULL,'WGS84',NULL,'Sweden','22',NULL,NULL,NULL,NULL,NULL,NULL,NULL,NULL,NULL,NULL,NULL,NULL,NULL,NULL,NULL,NULL,NULL,NULL,'9',NULL,NULL,'Vsternorrlands ln (S)',NULL,NULL,NULL,NULL,NULL,NULL,NULL,NULL,NULL,NULL,NULL,NULL,'2015',NULL,7094460,587426),(29,6,0,NULL,NULL,'Strmsund (S)',NULL,NULL,NULL,'WGS84',NULL,NULL,'5',NULL,NULL,NULL,NULL,NULL,NULL,NULL,NULL,NULL,NULL,NULL,NULL,NULL,NULL,NULL,NULL,NULL,NULL,'10',NULL,NULL,'Jmtlands ln (S)',NULL,NULL,NULL,NULL,NULL,NULL,NULL,NULL,NULL,NULL,NULL,NULL,'2015',NULL,7087920,562236),(29,7,1,NULL,NULL,'Strmsund (S)',NULL,NULL,NULL,'WGS84',NULL,'Sweden','5',NULL,NULL,NULL,NULL,NULL,NULL,NULL,NULL,NULL,NULL,NULL,NULL,NULL,NULL,NULL,NULL,NULL,NULL,'10',NULL,NULL,'Jmtlands ln (S)',NULL,NULL,NULL,NULL,NULL,NULL,NULL,NULL,NULL,NULL,NULL,NULL,'2015',NULL,7087920,562236),(30,6,0,NULL,NULL,'Sollefte (S)',NULL,NULL,NULL,'WGS84',NULL,NULL,'12',NULL,NULL,NULL,NULL,NULL,NULL,NULL,NULL,NULL,NULL,NULL,NULL,NULL,NULL,NULL,NULL,NULL,NULL,'9',NULL,NULL,'Vsternorrlands ln (S)',NULL,NULL,NULL,NULL,NULL,NULL,NULL,NULL,NULL,NULL,NULL,NULL,'2015',NULL,7091970,587447),(30,7,1,NULL,NULL,'Sollefte (S)',NULL,NULL,NULL,'WGS84',NULL,'Sweden','12',NULL,NULL,NULL,NULL,NULL,NULL,NULL,NULL,NULL,NULL,NULL,NULL,NULL,NULL,NULL,NULL,NULL,NULL,'9',NULL,NULL,'Vsternorrlands ln (S)',NULL,NULL,NULL,NULL,NULL,NULL,NULL,NULL,NULL,NULL,NULL,NULL,'2015',NULL,7091970,587447),(31,6,0,NULL,NULL,'Sollefte (S)',NULL,NULL,NULL,'WGS84',NULL,NULL,'26',NULL,NULL,NULL,NULL,NULL,NULL,NULL,NULL,NULL,NULL,NULL,NULL,NULL,NULL,NULL,NULL,NULL,NULL,'9',NULL,NULL,'Vsternorrlands ln (S)',NULL,NULL,NULL,NULL,NULL,NULL,NULL,NULL,NULL,NULL,NULL,NULL,'2015',NULL,7093390,587286),(31,7,1,NULL,NULL,'Sollefte (S)',NULL,NULL,NULL,'WGS84',NULL,'Sweden','26',NULL,NULL,NULL,NULL,NULL,NULL,NULL,NULL,NULL,NULL,NULL,NULL,NULL,NULL,NULL,NULL,NULL,NULL,'9',NULL,NULL,'Vsternorrlands ln (S)',NULL,NULL,NULL,NULL,NULL,NULL,NULL,NULL,NULL,NULL,NULL,NULL,'2015',NULL,7093390,587286),(32,6,0,NULL,NULL,'Hrjedalen (S)',NULL,NULL,NULL,'WGS84',NULL,NULL,'18',NULL,NULL,NULL,NULL,NULL,NULL,NULL,NULL,NULL,NULL,NULL,NULL,NULL,NULL,NULL,NULL,NULL,NULL,'10',NULL,NULL,'Jmtlands ln (S)',NULL,NULL,NULL,NULL,NULL,NULL,NULL,NULL,NULL,NULL,NULL,NULL,'2015',NULL,6838280,458726),(32,7,1,NULL,NULL,'Hrjedalen (S)',NULL,NULL,NULL,'WGS84',NULL,'Sweden','18',NULL,NULL,NULL,NULL,NULL,NULL,NULL,NULL,NULL,NULL,NULL,NULL,NULL,NULL,NULL,NULL,NULL,NULL,'10',NULL,NULL,'Jmtlands ln (S)',NULL,NULL,NULL,NULL,NULL,NULL,NULL,NULL,NULL,NULL,NULL,NULL,'2015',NULL,6838280,458726),(33,6,0,NULL,NULL,'Hrjedalen (S)',NULL,NULL,NULL,'WGS84',NULL,NULL,'8',NULL,NULL,NULL,NULL,NULL,NULL,NULL,NULL,NULL,NULL,NULL,NULL,NULL,NULL,NULL,NULL,NULL,NULL,'10',NULL,NULL,'Jmtlands ln (S)',NULL,NULL,NULL,NULL,NULL,NULL,NULL,NULL,NULL,NULL,NULL,NULL,'2015',NULL,6847340,461113),(33,7,1,NULL,NULL,'Hrjedalen (S)',NULL,NULL,NULL,'WGS84',NULL,'Sweden','8',NULL,NULL,NULL,NULL,NULL,NULL,NULL,NULL,NULL,NULL,NULL,NULL,NULL,NULL,NULL,NULL,NULL,NULL,'10',NULL,NULL,'Jmtlands ln (S)',NULL,NULL,NULL,NULL,NULL,NULL,NULL,NULL,NULL,NULL,NULL,NULL,'2015',NULL,6847340,461113),(34,6,0,NULL,NULL,'Hrjedalen (S)',NULL,NULL,NULL,'WGS84',NULL,NULL,'29',NULL,NULL,NULL,NULL,NULL,NULL,NULL,NULL,NULL,NULL,NULL,NULL,NULL,NULL,NULL,NULL,NULL,NULL,'10',NULL,NULL,'Jmtlands ln (S)',NULL,NULL,NULL,NULL,NULL,NULL,NULL,NULL,NULL,NULL,NULL,NULL,'2015',NULL,6863160,441594),(34,7,1,NULL,NULL,'Hrjedalen (S)',NULL,NULL,NULL,'WGS84',NULL,'Sweden','29',NULL,NULL,NULL,NULL,NULL,NULL,NULL,NULL,NULL,NULL,NULL,NULL,NULL,NULL,NULL,NULL,NULL,NULL,'10',NULL,NULL,'Jmtlands ln (S)',NULL,NULL,NULL,NULL,NULL,NULL,NULL,NULL,NULL,NULL,NULL,NULL,'2015',NULL,6863160,441594),(35,6,0,NULL,NULL,'Hrjedalen (S)',NULL,NULL,NULL,'WGS84',NULL,NULL,'27',NULL,NULL,NULL,NULL,NULL,NULL,NULL,NULL,NULL,NULL,NULL,NULL,NULL,NULL,NULL,NULL,NULL,NULL,'8',NULL,NULL,'Jmtlands ln (S)',NULL,NULL,NULL,NULL,NULL,NULL,NULL,NULL,NULL,NULL,NULL,NULL,'2015',NULL,6885720,450306),(35,7,1,NULL,NULL,'Hrjedalen (S)',NULL,NULL,NULL,'WGS84',NULL,'Sweden','27',NULL,NULL,NULL,NULL,NULL,NULL,NULL,NULL,NULL,NULL,NULL,NULL,NULL,NULL,NULL,NULL,NULL,NULL,'8',NULL,NULL,'Jmtlands ln (S)',NULL,NULL,NULL,NULL,NULL,NULL,NULL,NULL,NULL,NULL,NULL,NULL,'2015',NULL,6885720,450306),(36,6,0,NULL,NULL,'Hrjedalen (S)',NULL,NULL,NULL,'WGS84',NULL,NULL,'23',NULL,NULL,NULL,NULL,NULL,NULL,NULL,NULL,NULL,NULL,NULL,NULL,NULL,NULL,NULL,NULL,NULL,NULL,'8',NULL,NULL,'Jmtlands ln (S)',NULL,NULL,NULL,NULL,NULL,NULL,NULL,NULL,NULL,NULL,NULL,NULL,'2015',NULL,6885720,450306),(36,7,1,NULL,NULL,'Hrjedalen (S)',NULL,NULL,NULL,'WGS84',NULL,'Sweden','23',NULL,NULL,NULL,NULL,NULL,NULL,NULL,NULL,NULL,NULL,NULL,NULL,NULL,NULL,NULL,NULL,NULL,NULL,'8',NULL,NULL,'Jmtlands ln (S)',NULL,NULL,NULL,NULL,NULL,NULL,NULL,NULL,NULL,NULL,NULL,NULL,'2015',NULL,6885720,450306),(37,6,0,NULL,NULL,'Hrjedalen (S)',NULL,NULL,NULL,'WGS84',NULL,NULL,'10',NULL,NULL,NULL,NULL,NULL,NULL,NULL,NULL,NULL,NULL,NULL,NULL,NULL,NULL,NULL,NULL,NULL,NULL,'9',NULL,NULL,'Jmtlands ln (S)',NULL,NULL,NULL,NULL,NULL,NULL,NULL,NULL,NULL,NULL,NULL,NULL,'2015',NULL,6860730,438687),(37,7,1,NULL,NULL,'Hrjedalen (S)',NULL,NULL,NULL,'WGS84',NULL,'Sweden','10',NULL,NULL,NULL,NULL,NULL,NULL,NULL,NULL,NULL,NULL,NULL,NULL,NULL,NULL,NULL,NULL,NULL,NULL,'9',NULL,NULL,'Jmtlands ln (S)',NULL,NULL,NULL,NULL,NULL,NULL,NULL,NULL,NULL,NULL,NULL,NULL,'2015',NULL,6860730,438687),(38,6,0,NULL,NULL,'Sollefte (S)',NULL,NULL,NULL,'WGS84',NULL,NULL,'23',NULL,NULL,NULL,NULL,NULL,NULL,NULL,NULL,NULL,NULL,NULL,NULL,NULL,NULL,NULL,NULL,NULL,NULL,'10',NULL,NULL,'Vsternorrlands ln (S)',NULL,NULL,NULL,NULL,NULL,NULL,NULL,NULL,NULL,NULL,NULL,NULL,'2015',NULL,7039450,569426),(38,7,1,NULL,NULL,'Sollefte (S)',NULL,NULL,NULL,'WGS84',NULL,'Sweden','23',NULL,NULL,NULL,NULL,NULL,NULL,NULL,NULL,NULL,NULL,NULL,NULL,NULL,NULL,NULL,NULL,NULL,NULL,'10',NULL,NULL,'Vsternorrlands ln (S)',NULL,NULL,NULL,NULL,NULL,NULL,NULL,NULL,NULL,NULL,NULL,NULL,'2015',NULL,7039450,569426),(39,6,0,NULL,NULL,'Sollefte (S)',NULL,NULL,NULL,'WGS84',NULL,NULL,'15',NULL,NULL,NULL,NULL,NULL,NULL,NULL,NULL,NULL,NULL,NULL,NULL,NULL,NULL,NULL,NULL,NULL,NULL,'10',NULL,NULL,'Vsternorrlands ln (S)',NULL,NULL,NULL,NULL,NULL,NULL,NULL,NULL,NULL,NULL,NULL,NULL,'2015',NULL,7041890,563295),(39,7,1,NULL,NULL,'Sollefte (S)',NULL,NULL,NULL,'WGS84',NULL,'Sweden','15',NULL,NULL,NULL,NULL,NULL,NULL,NULL,NULL,NULL,NULL,NULL,NULL,NULL,NULL,NULL,NULL,NULL,NULL,'10',NULL,NULL,'Vsternorrlands ln (S)',NULL,NULL,NULL,NULL,NULL,NULL,NULL,NULL,NULL,NULL,NULL,NULL,'2015',NULL,7041890,563295),(40,6,0,NULL,NULL,'rnskldsvik (S)',NULL,NULL,NULL,'WGS84',NULL,NULL,'1',NULL,NULL,NULL,NULL,NULL,NULL,NULL,NULL,NULL,NULL,NULL,NULL,NULL,NULL,NULL,NULL,NULL,NULL,'9',NULL,NULL,'Vsternorrlands ln (S)',NULL,NULL,NULL,NULL,NULL,NULL,NULL,NULL,NULL,NULL,NULL,NULL,'2015',NULL,7026060,644338),(40,7,1,NULL,NULL,'rnskldsvik (S)',NULL,NULL,NULL,'WGS84',NULL,'Sweden','1',NULL,NULL,NULL,NULL,NULL,NULL,NULL,NULL,NULL,NULL,NULL,NULL,NULL,NULL,NULL,NULL,NULL,NULL,'9',NULL,NULL,'Vsternorrlands ln (S)',NULL,NULL,NULL,NULL,NULL,NULL,NULL,NULL,NULL,NULL,NULL,NULL,'2015',NULL,7026060,644338),(41,6,0,NULL,NULL,'rnskldsvik (S)',NULL,NULL,NULL,'WGS84',NULL,NULL,'12',NULL,NULL,NULL,NULL,NULL,NULL,NULL,NULL,NULL,NULL,NULL,NULL,NULL,NULL,NULL,NULL,NULL,NULL,'9',NULL,NULL,'Vsternorrlands ln (S)',NULL,NULL,NULL,NULL,NULL,NULL,NULL,NULL,NULL,NULL,NULL,NULL,'2015',NULL,7056810,627418),(41,7,1,NULL,NULL,'rnskldsvik (S)',NULL,NULL,NULL,'WGS84',NULL,'Sweden','12',NULL,NULL,NULL,NULL,NULL,NULL,NULL,NULL,NULL,NULL,NULL,NULL,NULL,NULL,NULL,NULL,NULL,NULL,'9',NULL,NULL,'Vsternorrlands ln (S)',NULL,NULL,NULL,NULL,NULL,NULL,NULL,NULL,NULL,NULL,NULL,NULL,'2015',NULL,7056810,627418),(42,6,0,NULL,NULL,'rnskldsvik (S)',NULL,NULL,NULL,'WGS84',NULL,NULL,'14',NULL,NULL,NULL,NULL,NULL,NULL,NULL,NULL,NULL,NULL,NULL,NULL,NULL,NULL,NULL,NULL,NULL,NULL,'9',NULL,NULL,'Vsternorrlands ln (S)',NULL,NULL,NULL,NULL,NULL,NULL,NULL,NULL,NULL,NULL,NULL,NULL,'2015',NULL,7070130,628290),(42,7,1,NULL,NULL,'rnskldsvik (S)',NULL,NULL,NULL,'WGS84',NULL,'Sweden','14',NULL,NULL,NULL,NULL,NULL,NULL,NULL,NULL,NULL,NULL,NULL,NULL,NULL,NULL,NULL,NULL,NULL,NULL,'9',NULL,NULL,'Vsternorrlands ln (S)',NULL,NULL,NULL,NULL,NULL,NULL,NULL,NULL,NULL,NULL,NULL,NULL,'2015',NULL,7070130,628290),(43,6,0,NULL,NULL,'rnskldsvik (S)',NULL,NULL,NULL,'WGS84',NULL,NULL,'11',NULL,NULL,NULL,NULL,NULL,NULL,NULL,NULL,NULL,NULL,NULL,NULL,NULL,NULL,NULL,NULL,NULL,NULL,'10',NULL,NULL,'Vsternorrlands ln (S)',NULL,NULL,NULL,NULL,NULL,NULL,NULL,NULL,NULL,NULL,NULL,NULL,'2015',NULL,7044540,620688),(43,7,1,NULL,NULL,'rnskldsvik (S)',NULL,NULL,NULL,'WGS84',NULL,'Sweden','11',NULL,NULL,NULL,NULL,NULL,NULL,NULL,NULL,NULL,NULL,NULL,NULL,NULL,NULL,NULL,NULL,NULL,NULL,'10',NULL,NULL,'Vsternorrlands ln (S)',NULL,NULL,NULL,NULL,NULL,NULL,NULL,NULL,NULL,NULL,NULL,NULL,'2015',NULL,7044540,620688),(44,6,0,NULL,NULL,'Sollefte (S)',NULL,NULL,NULL,'WGS84',NULL,NULL,'14',NULL,NULL,NULL,NULL,NULL,NULL,NULL,NULL,NULL,NULL,NULL,NULL,NULL,NULL,NULL,NULL,NULL,NULL,'10',NULL,NULL,'Vsternorrlands ln (S)',NULL,NULL,NULL,NULL,NULL,NULL,NULL,NULL,NULL,NULL,NULL,NULL,'2015',NULL,7077600,604490),(44,7,1,NULL,NULL,'Sollefte (S)',NULL,NULL,NULL,'WGS84',NULL,'Sweden','14',NULL,NULL,NULL,NULL,NULL,NULL,NULL,NULL,NULL,NULL,NULL,NULL,NULL,NULL,NULL,NULL,NULL,NULL,'10',NULL,NULL,'Vsternorrlands ln (S)',NULL,NULL,NULL,NULL,NULL,NULL,NULL,NULL,NULL,NULL,NULL,NULL,'2015',NULL,7077600,604490),(45,6,0,NULL,NULL,'rnskldsvik (S)',NULL,NULL,NULL,'WGS84',NULL,NULL,'10',NULL,NULL,NULL,NULL,NULL,NULL,NULL,NULL,NULL,NULL,NULL,NULL,NULL,NULL,NULL,NULL,NULL,NULL,'10',NULL,NULL,'Vsternorrlands ln (S)',NULL,NULL,NULL,NULL,NULL,NULL,NULL,NULL,NULL,NULL,NULL,NULL,'2015',NULL,7052980,617972),(45,7,1,NULL,NULL,'rnskldsvik (S)',NULL,NULL,NULL,'WGS84',NULL,'Sweden','10',NULL,NULL,NULL,NULL,NULL,NULL,NULL,NULL,NULL,NULL,NULL,NULL,NULL,NULL,NULL,NULL,NULL,NULL,'10',NULL,NULL,'Vsternorrlands ln (S)',NULL,NULL,NULL,NULL,NULL,NULL,NULL,NULL,NULL,NULL,NULL,NULL,'2015',NULL,7052980,617972),(46,6,0,NULL,NULL,'rnskldsvik (S)',NULL,NULL,NULL,'WGS84',NULL,NULL,'11',NULL,NULL,NULL,NULL,NULL,NULL,NULL,NULL,NULL,NULL,NULL,NULL,NULL,NULL,NULL,NULL,NULL,NULL,'9',NULL,NULL,'Vsternorrlands ln (S)',NULL,NULL,NULL,NULL,NULL,NULL,NULL,NULL,NULL,NULL,NULL,NULL,'2015',NULL,7058300,627875),(46,7,1,NULL,NULL,'rnskldsvik (S)',NULL,NULL,NULL,'WGS84',NULL,'Sweden','11',NULL,NULL,NULL,NULL,NULL,NULL,NULL,NULL,NULL,NULL,NULL,NULL,NULL,NULL,NULL,NULL,NULL,NULL,'9',NULL,NULL,'Vsternorrlands ln (S)',NULL,NULL,NULL,NULL,NULL,NULL,NULL,NULL,NULL,NULL,NULL,NULL,'2015',NULL,7058300,627875),(47,6,0,NULL,NULL,'rnskldsvik (S)',NULL,NULL,NULL,'WGS84',NULL,NULL,'5',NULL,NULL,NULL,NULL,NULL,NULL,NULL,NULL,NULL,NULL,NULL,NULL,NULL,NULL,NULL,NULL,NULL,NULL,'9',NULL,NULL,'Vsternorrlands ln (S)',NULL,NULL,NULL,NULL,NULL,NULL,NULL,NULL,NULL,NULL,NULL,NULL,'2015',NULL,7059590,626141),(47,7,1,NULL,NULL,'rnskldsvik (S)',NULL,NULL,NULL,'WGS84',NULL,'Sweden','5',NULL,NULL,NULL,NULL,NULL,NULL,NULL,NULL,NULL,NULL,NULL,NULL,NULL,NULL,NULL,NULL,NULL,NULL,'9',NULL,NULL,'Vsternorrlands ln (S)',NULL,NULL,NULL,NULL,NULL,NULL,NULL,NULL,NULL,NULL,NULL,NULL,'2015',NULL,7059590,626141),(48,6,0,NULL,NULL,'rnskldsvik (S)',NULL,NULL,NULL,'WGS84',NULL,NULL,'8',NULL,NULL,NULL,NULL,NULL,NULL,NULL,NULL,NULL,NULL,NULL,NULL,NULL,NULL,NULL,NULL,NULL,NULL,'9',NULL,NULL,'Vsternorrlands ln (S)',NULL,NULL,NULL,NULL,NULL,NULL,NULL,NULL,NULL,NULL,NULL,NULL,'2015',NULL,7063300,624285),(48,7,1,NULL,NULL,'rnskldsvik (S)',NULL,NULL,NULL,'WGS84',NULL,'Sweden','8',NULL,NULL,NULL,NULL,NULL,NULL,NULL,NULL,NULL,NULL,NULL,NULL,NULL,NULL,NULL,NULL,NULL,NULL,'9',NULL,NULL,'Vsternorrlands ln (S)',NULL,NULL,NULL,NULL,NULL,NULL,NULL,NULL,NULL,NULL,NULL,NULL,'2015',NULL,7063300,624285),(49,6,0,NULL,NULL,'rnskldsvik (S)',NULL,NULL,NULL,'WGS84',NULL,NULL,'8',NULL,NULL,NULL,NULL,NULL,NULL,NULL,NULL,NULL,NULL,NULL,NULL,NULL,NULL,NULL,NULL,NULL,NULL,'10',NULL,NULL,'Vsternorrlands ln (S)',NULL,NULL,NULL,NULL,NULL,NULL,NULL,NULL,NULL,NULL,NULL,NULL,'2015',NULL,7063320,624377),(49,7,1,NULL,NULL,'rnskldsvik (S)',NULL,NULL,NULL,'WGS84',NULL,'Sweden','8',NULL,NULL,NULL,NULL,NULL,NULL,NULL,NULL,NULL,NULL,NULL,NULL,NULL,NULL,NULL,NULL,NULL,NULL,'10',NULL,NULL,'Vsternorrlands ln (S)',NULL,NULL,NULL,NULL,NULL,NULL,NULL,NULL,NULL,NULL,NULL,NULL,'2015',NULL,7063320,624377),(50,6,0,NULL,NULL,'rnskldsvik (S)',NULL,NULL,NULL,'WGS84',NULL,NULL,'10',NULL,NULL,NULL,NULL,NULL,NULL,NULL,NULL,NULL,NULL,NULL,NULL,NULL,NULL,NULL,NULL,NULL,NULL,'10',NULL,NULL,'Vsternorrlands ln (S)',NULL,NULL,NULL,NULL,NULL,NULL,NULL,NULL,NULL,NULL,NULL,NULL,'2015',NULL,7044480,618842),(50,7,1,NULL,NULL,'rnskldsvik (S)',NULL,NULL,NULL,'WGS84',NULL,'Sweden','10',NULL,NULL,NULL,NULL,NULL,NULL,NULL,NULL,NULL,NULL,NULL,NULL,NULL,NULL,NULL,NULL,NULL,NULL,'10',NULL,NULL,'Vsternorrlands ln (S)',NULL,NULL,NULL,NULL,NULL,NULL,NULL,NULL,NULL,NULL,NULL,NULL,'2015',NULL,7044480,618842),(51,6,0,NULL,NULL,'Sollefte (S)',NULL,NULL,NULL,'WGS84',NULL,NULL,'27',NULL,NULL,NULL,NULL,NULL,NULL,NULL,NULL,NULL,NULL,NULL,NULL,NULL,NULL,NULL,NULL,NULL,NULL,'9',NULL,NULL,'Vsternorrlands ln (S)',NULL,NULL,NULL,NULL,NULL,NULL,NULL,NULL,NULL,NULL,NULL,NULL,'2015',NULL,7042540,605328),(51,7,1,NULL,NULL,'Sollefte (S)',NULL,NULL,NULL,'WGS84',NULL,'Sweden','27',NULL,NULL,NULL,NULL,NULL,NULL,NULL,NULL,NULL,NULL,NULL,NULL,NULL,NULL,NULL,NULL,NULL,NULL,'9',NULL,NULL,'Vsternorrlands ln (S)',NULL,NULL,NULL,NULL,NULL,NULL,NULL,NULL,NULL,NULL,NULL,NULL,'2015',NULL,7042540,605328),(52,6,0,NULL,NULL,'Sollefte (S)',NULL,NULL,NULL,'WGS84',NULL,NULL,'13',NULL,NULL,NULL,NULL,NULL,NULL,NULL,NULL,NULL,NULL,NULL,NULL,NULL,NULL,NULL,NULL,NULL,NULL,'10',NULL,NULL,'Vsternorrlands ln (S)',NULL,NULL,NULL,NULL,NULL,NULL,NULL,NULL,NULL,NULL,NULL,NULL,'2015',NULL,7031160,605267),(52,7,1,NULL,NULL,'Sollefte (S)',NULL,NULL,NULL,'WGS84',NULL,'Sweden','13',NULL,NULL,NULL,NULL,NULL,NULL,NULL,NULL,NULL,NULL,NULL,NULL,NULL,NULL,NULL,NULL,NULL,NULL,'10',NULL,NULL,'Vsternorrlands ln (S)',NULL,NULL,NULL,NULL,NULL,NULL,NULL,NULL,NULL,NULL,NULL,NULL,'2015',NULL,7031160,605267),(53,6,0,NULL,NULL,'Sollefte (S)',NULL,NULL,NULL,'WGS84',NULL,NULL,'7',NULL,NULL,NULL,NULL,NULL,NULL,NULL,NULL,NULL,NULL,NULL,NULL,NULL,NULL,NULL,NULL,NULL,NULL,'10',NULL,NULL,'Vsternorrlands ln (S)',NULL,NULL,NULL,NULL,NULL,NULL,NULL,NULL,NULL,NULL,NULL,NULL,'2015',NULL,7036250,608993),(53,7,1,NULL,NULL,'Sollefte (S)',NULL,NULL,NULL,'WGS84',NULL,'Sweden','7',NULL,NULL,NULL,NULL,NULL,NULL,NULL,NULL,NULL,NULL,NULL,NULL,NULL,NULL,NULL,NULL,NULL,NULL,'10',NULL,NULL,'Vsternorrlands ln (S)',NULL,NULL,NULL,NULL,NULL,NULL,NULL,NULL,NULL,NULL,NULL,NULL,'2015',NULL,7036250,608993),(54,6,0,NULL,NULL,'Sollefte (S)',NULL,NULL,NULL,'WGS84',NULL,NULL,'16',NULL,NULL,NULL,NULL,NULL,NULL,NULL,NULL,NULL,NULL,NULL,NULL,NULL,NULL,NULL,NULL,NULL,NULL,'10',NULL,NULL,'Vsternorrlands ln (S)',NULL,NULL,NULL,NULL,NULL,NULL,NULL,NULL,NULL,NULL,NULL,NULL,'2015',NULL,7035560,602644),(54,7,1,NULL,NULL,'Sollefte (S)',NULL,NULL,NULL,'WGS84',NULL,'Sweden','16',NULL,NULL,NULL,NULL,NULL,NULL,NULL,NULL,NULL,NULL,NULL,NULL,NULL,NULL,NULL,NULL,NULL,NULL,'10',NULL,NULL,'Vsternorrlands ln (S)',NULL,NULL,NULL,NULL,NULL,NULL,NULL,NULL,NULL,NULL,NULL,NULL,'2015',NULL,7035560,602644),(55,6,0,NULL,NULL,'Sollefte (S)',NULL,NULL,NULL,'WGS84',NULL,NULL,'14',NULL,NULL,NULL,NULL,NULL,NULL,NULL,NULL,NULL,NULL,NULL,NULL,NULL,NULL,NULL,NULL,NULL,NULL,'10',NULL,NULL,'Vsternorrlands ln (S)',NULL,NULL,NULL,NULL,NULL,NULL,NULL,NULL,NULL,NULL,NULL,NULL,'2015',NULL,7044460,610991),(55,7,1,NULL,NULL,'Sollefte (S)',NULL,NULL,NULL,'WGS84',NULL,'Sweden','14',NULL,NULL,NULL,NULL,NULL,NULL,NULL,NULL,NULL,NULL,NULL,NULL,NULL,NULL,NULL,NULL,NULL,NULL,'10',NULL,NULL,'Vsternorrlands ln (S)',NULL,NULL,NULL,NULL,NULL,NULL,NULL,NULL,NULL,NULL,NULL,NULL,'2015',NULL,7044460,610991),(56,6,0,NULL,NULL,'Sollefte (S)',NULL,NULL,NULL,'WGS84',NULL,NULL,'6',NULL,NULL,NULL,NULL,NULL,NULL,NULL,NULL,NULL,NULL,NULL,NULL,NULL,NULL,NULL,NULL,NULL,NULL,'10',NULL,NULL,'Vsternorrlands ln (S)',NULL,NULL,NULL,NULL,NULL,NULL,NULL,NULL,NULL,NULL,NULL,NULL,'2015',NULL,7074880,580416),(56,7,1,NULL,NULL,'Sollefte (S)',NULL,NULL,NULL,'WGS84',NULL,'Sweden','6',NULL,NULL,NULL,NULL,NULL,NULL,NULL,NULL,NULL,NULL,NULL,NULL,NULL,NULL,NULL,NULL,NULL,NULL,'10',NULL,NULL,'Vsternorrlands ln (S)',NULL,NULL,NULL,NULL,NULL,NULL,NULL,NULL,NULL,NULL,NULL,NULL,'2015',NULL,7074880,580416),(57,6,0,NULL,NULL,'Sollefte (S)',NULL,NULL,NULL,'WGS84',NULL,NULL,'16',NULL,NULL,NULL,NULL,NULL,NULL,NULL,NULL,NULL,NULL,NULL,NULL,NULL,NULL,NULL,NULL,NULL,NULL,'9',NULL,NULL,'Vsternorrlands ln (S)',NULL,NULL,NULL,NULL,NULL,NULL,NULL,NULL,NULL,NULL,NULL,NULL,'2015',NULL,7071380,579726),(57,7,1,NULL,NULL,'Sollefte (S)',NULL,NULL,NULL,'WGS84',NULL,'Sweden','16',NULL,NULL,NULL,NULL,NULL,NULL,NULL,NULL,NULL,NULL,NULL,NULL,NULL,NULL,NULL,NULL,NULL,NULL,'9',NULL,NULL,'Vsternorrlands ln (S)',NULL,NULL,NULL,NULL,NULL,NULL,NULL,NULL,NULL,NULL,NULL,NULL,'2015',NULL,7071380,579726),(58,6,0,NULL,NULL,'rnskldsvik (S)',NULL,NULL,NULL,'WGS84',NULL,NULL,'1',NULL,NULL,NULL,NULL,NULL,NULL,NULL,NULL,NULL,NULL,NULL,NULL,NULL,NULL,NULL,NULL,NULL,NULL,'9',NULL,NULL,'Vsternorrlands ln (S)',NULL,NULL,NULL,NULL,NULL,NULL,NULL,NULL,NULL,NULL,NULL,NULL,'2015',NULL,7050440,651879),(58,7,1,NULL,NULL,'rnskldsvik (S)',NULL,NULL,NULL,'WGS84',NULL,'Sweden','1',NULL,NULL,NULL,NULL,NULL,NULL,NULL,NULL,NULL,NULL,NULL,NULL,NULL,NULL,NULL,NULL,NULL,NULL,'9',NULL,NULL,'Vsternorrlands ln (S)',NULL,NULL,NULL,NULL,NULL,NULL,NULL,NULL,NULL,NULL,NULL,NULL,'2015',NULL,7050440,651879),(59,6,0,NULL,NULL,'rnskldsvik (S)',NULL,NULL,NULL,'WGS84',NULL,NULL,'30',NULL,NULL,NULL,NULL,NULL,NULL,NULL,NULL,NULL,NULL,NULL,NULL,NULL,NULL,NULL,NULL,NULL,NULL,'9',NULL,NULL,'Vsternorrlands ln (S)',NULL,NULL,NULL,NULL,NULL,NULL,NULL,NULL,NULL,NULL,NULL,NULL,'2015',NULL,7054350,658060),(59,7,1,NULL,NULL,'rnskldsvik (S)',NULL,NULL,NULL,'WGS84',NULL,'Sweden','30',NULL,NULL,NULL,NULL,NULL,NULL,NULL,NULL,NULL,NULL,NULL,NULL,NULL,NULL,NULL,NULL,NULL,NULL,'9',NULL,NULL,'Vsternorrlands ln (S)',NULL,NULL,NULL,NULL,NULL,NULL,NULL,NULL,NULL,NULL,NULL,NULL,'2015',NULL,7054350,658060),(60,6,0,NULL,NULL,'rnskldsvik (S)',NULL,NULL,NULL,'WGS84',NULL,NULL,'5',NULL,NULL,NULL,NULL,NULL,NULL,NULL,NULL,NULL,NULL,NULL,NULL,NULL,NULL,NULL,NULL,NULL,NULL,'10',NULL,NULL,'Vsternorrlands ln (S)',NULL,NULL,NULL,NULL,NULL,NULL,NULL,NULL,NULL,NULL,NULL,NULL,'2015',NULL,7060440,657964),(60,7,1,NULL,NULL,'rnskldsvik (S)',NULL,NULL,NULL,'WGS84',NULL,'Sweden','5',NULL,NULL,NULL,NULL,NULL,NULL,NULL,NULL,NULL,NULL,NULL,NULL,NULL,NULL,NULL,NULL,NULL,NULL,'10',NULL,NULL,'Vsternorrlands ln (S)',NULL,NULL,NULL,NULL,NULL,NULL,NULL,NULL,NULL,NULL,NULL,NULL,'2015',NULL,7060440,657964),(61,6,0,NULL,NULL,'rnskldsvik (S)',NULL,NULL,NULL,'WGS84',NULL,NULL,'17',NULL,NULL,NULL,NULL,NULL,NULL,NULL,NULL,NULL,NULL,NULL,NULL,NULL,NULL,NULL,NULL,NULL,NULL,'10',NULL,NULL,'Vsternorrlands ln (S)',NULL,NULL,NULL,NULL,NULL,NULL,NULL,NULL,NULL,NULL,NULL,NULL,'2015',NULL,7060720,658053),(61,7,1,NULL,NULL,'rnskldsvik (S)',NULL,NULL,NULL,'WGS84',NULL,'Sweden','17',NULL,NULL,NULL,NULL,NULL,NULL,NULL,NULL,NULL,NULL,NULL,NULL,NULL,NULL,NULL,NULL,NULL,NULL,'10',NULL,NULL,'Vsternorrlands ln (S)',NULL,NULL,NULL,NULL,NULL,NULL,NULL,NULL,NULL,NULL,NULL,NULL,'2015',NULL,7060720,658053),(62,6,0,NULL,NULL,'rnskldsvik (S)',NULL,NULL,NULL,'WGS84',NULL,NULL,'8',NULL,NULL,NULL,NULL,NULL,NULL,NULL,NULL,NULL,NULL,NULL,NULL,NULL,NULL,NULL,NULL,NULL,NULL,'9',NULL,NULL,'Vsternorrlands ln (S)',NULL,NULL,NULL,NULL,NULL,NULL,NULL,NULL,NULL,NULL,NULL,NULL,'2015',NULL,7039310,675848),(62,7,1,NULL,NULL,'rnskldsvik (S)',NULL,NULL,NULL,'WGS84',NULL,'Sweden','8',NULL,NULL,NULL,NULL,NULL,NULL,NULL,NULL,NULL,NULL,NULL,NULL,NULL,NULL,NULL,NULL,NULL,NULL,'9',NULL,NULL,'Vsternorrlands ln (S)',NULL,NULL,NULL,NULL,NULL,NULL,NULL,NULL,NULL,NULL,NULL,NULL,'2015',NULL,7039310,675848),(63,6,0,NULL,NULL,'rnskldsvik (S)',NULL,NULL,NULL,'WGS84',NULL,NULL,'23',NULL,NULL,NULL,NULL,NULL,NULL,NULL,NULL,NULL,NULL,NULL,NULL,NULL,NULL,NULL,NULL,NULL,NULL,'10',NULL,NULL,'Vsternorrlands ln (S)',NULL,NULL,NULL,NULL,NULL,NULL,NULL,NULL,NULL,NULL,NULL,NULL,'2015',NULL,7042120,677123),(63,7,1,NULL,NULL,'rnskldsvik (S)',NULL,NULL,NULL,'WGS84',NULL,'Sweden','23',NULL,NULL,NULL,NULL,NULL,NULL,NULL,NULL,NULL,NULL,NULL,NULL,NULL,NULL,NULL,NULL,NULL,NULL,'10',NULL,NULL,'Vsternorrlands ln (S)',NULL,NULL,NULL,NULL,NULL,NULL,NULL,NULL,NULL,NULL,NULL,NULL,'2015',NULL,7042120,677123),(64,6,0,NULL,NULL,'rnskldsvik (S)',NULL,NULL,NULL,'WGS84',NULL,NULL,'16',NULL,NULL,NULL,NULL,NULL,NULL,NULL,NULL,NULL,NULL,NULL,NULL,NULL,NULL,NULL,NULL,NULL,NULL,'10',NULL,NULL,'Vsternorrlands ln (S)',NULL,NULL,NULL,NULL,NULL,NULL,NULL,NULL,NULL,NULL,NULL,NULL,'2015',NULL,7036570,674549),(64,7,1,NULL,NULL,'rnskldsvik (S)',NULL,NULL,NULL,'WGS84',NULL,'Sweden','16',NULL,NULL,NULL,NULL,NULL,NULL,NULL,NULL,NULL,NULL,NULL,NULL,NULL,NULL,NULL,NULL,NULL,NULL,'10',NULL,NULL,'Vsternorrlands ln (S)',NULL,NULL,NULL,NULL,NULL,NULL,NULL,NULL,NULL,NULL,NULL,NULL,'2015',NULL,7036570,674549),(65,6,0,NULL,NULL,'rnskldsvik (S)',NULL,NULL,NULL,'WGS84',NULL,NULL,'8',NULL,NULL,NULL,NULL,NULL,NULL,NULL,NULL,NULL,NULL,NULL,NULL,NULL,NULL,NULL,NULL,NULL,NULL,'9',NULL,NULL,'Vsternorrlands ln (S)',NULL,NULL,NULL,NULL,NULL,NULL,NULL,NULL,NULL,NULL,NULL,NULL,'2015',NULL,7041910,667410),(65,7,1,NULL,NULL,'rnskldsvik (S)',NULL,NULL,NULL,'WGS84',NULL,'Sweden','8',NULL,NULL,NULL,NULL,NULL,NULL,NULL,NULL,NULL,NULL,NULL,NULL,NULL,NULL,NULL,NULL,NULL,NULL,'9',NULL,NULL,'Vsternorrlands ln (S)',NULL,NULL,NULL,NULL,NULL,NULL,NULL,NULL,NULL,NULL,NULL,NULL,'2015',NULL,7041910,667410),(66,6,0,NULL,NULL,'rnskldsvik (S)',NULL,NULL,NULL,'WGS84',NULL,NULL,'23',NULL,NULL,NULL,NULL,NULL,NULL,NULL,NULL,NULL,NULL,NULL,NULL,NULL,NULL,NULL,NULL,NULL,NULL,'9',NULL,NULL,'Vsternorrlands ln (S)',NULL,NULL,NULL,NULL,NULL,NULL,NULL,NULL,NULL,NULL,NULL,NULL,'2015',NULL,7040130,675103),(66,7,1,NULL,NULL,'rnskldsvik (S)',NULL,NULL,NULL,'WGS84',NULL,'Sweden','23',NULL,NULL,NULL,NULL,NULL,NULL,NULL,NULL,NULL,NULL,NULL,NULL,NULL,NULL,NULL,NULL,NULL,NULL,'9',NULL,NULL,'Vsternorrlands ln (S)',NULL,NULL,NULL,NULL,NULL,NULL,NULL,NULL,NULL,NULL,NULL,NULL,'2015',NULL,7040130,675103),(67,6,0,NULL,NULL,'Krokom (S)',NULL,NULL,NULL,'WGS84',NULL,NULL,'11',NULL,NULL,NULL,NULL,NULL,NULL,NULL,NULL,NULL,NULL,NULL,NULL,NULL,NULL,NULL,NULL,NULL,NULL,'10',NULL,NULL,'Jmtlands ln (S)',NULL,NULL,NULL,NULL,NULL,NULL,NULL,NULL,NULL,NULL,NULL,NULL,'2015',NULL,7087200,478281),(67,7,1,NULL,NULL,'Krokom (S)',NULL,NULL,NULL,'WGS84',NULL,'Sweden','11',NULL,NULL,NULL,NULL,NULL,NULL,NULL,NULL,NULL,NULL,NULL,NULL,NULL,NULL,NULL,NULL,NULL,NULL,'10',NULL,NULL,'Jmtlands ln (S)',NULL,NULL,NULL,NULL,NULL,NULL,NULL,NULL,NULL,NULL,NULL,NULL,'2015',NULL,7087200,478281),(68,6,0,NULL,NULL,'Krokom (S)',NULL,NULL,NULL,'WGS84',NULL,NULL,'30',NULL,NULL,NULL,NULL,NULL,NULL,NULL,NULL,NULL,NULL,NULL,NULL,NULL,NULL,NULL,NULL,NULL,NULL,'10',NULL,NULL,'Jmtlands ln (S)',NULL,NULL,NULL,NULL,NULL,NULL,NULL,NULL,NULL,NULL,NULL,NULL,'2015',NULL,7097470,482915),(68,7,1,NULL,NULL,'Krokom (S)',NULL,NULL,NULL,'WGS84',NULL,'Sweden','30',NULL,NULL,NULL,NULL,NULL,NULL,NULL,NULL,NULL,NULL,NULL,NULL,NULL,NULL,NULL,NULL,NULL,NULL,'10',NULL,NULL,'Jmtlands ln (S)',NULL,NULL,NULL,NULL,NULL,NULL,NULL,NULL,NULL,NULL,NULL,NULL,'2015',NULL,7097470,482915),(69,6,0,NULL,NULL,'Krokom (S)',NULL,NULL,NULL,'WGS84',NULL,NULL,'12',NULL,NULL,NULL,NULL,NULL,NULL,NULL,NULL,NULL,NULL,NULL,NULL,NULL,NULL,NULL,NULL,NULL,NULL,'9',NULL,NULL,'Jmtlands ln (S)',NULL,NULL,NULL,NULL,NULL,NULL,NULL,NULL,NULL,NULL,NULL,NULL,'2015',NULL,7092910,484705),(69,7,1,NULL,NULL,'Krokom (S)',NULL,NULL,NULL,'WGS84',NULL,'Sweden','12',NULL,NULL,NULL,NULL,NULL,NULL,NULL,NULL,NULL,NULL,NULL,NULL,NULL,NULL,NULL,NULL,NULL,NULL,'9',NULL,NULL,'Jmtlands ln (S)',NULL,NULL,NULL,NULL,NULL,NULL,NULL,NULL,NULL,NULL,NULL,NULL,'2015',NULL,7092910,484705),(70,6,0,NULL,NULL,'Krokom (S)',NULL,NULL,NULL,'WGS84',NULL,NULL,'21',NULL,NULL,NULL,NULL,NULL,NULL,NULL,NULL,NULL,NULL,NULL,NULL,NULL,NULL,NULL,NULL,NULL,NULL,'9',NULL,NULL,'Jmtlands ln (S)',NULL,NULL,NULL,NULL,NULL,NULL,NULL,NULL,NULL,NULL,NULL,NULL,'2015',NULL,7086780,477903),(70,7,1,NULL,NULL,'Krokom (S)',NULL,NULL,NULL,'WGS84',NULL,'Sweden','21',NULL,NULL,NULL,NULL,NULL,NULL,NULL,NULL,NULL,NULL,NULL,NULL,NULL,NULL,NULL,NULL,NULL,NULL,'9',NULL,NULL,'Jmtlands ln (S)',NULL,NULL,NULL,NULL,NULL,NULL,NULL,NULL,NULL,NULL,NULL,NULL,'2015',NULL,7086780,477903),(71,6,0,NULL,NULL,'Strmsund (S)',NULL,NULL,NULL,'WGS84',NULL,NULL,'10',NULL,NULL,NULL,NULL,NULL,NULL,NULL,NULL,NULL,NULL,NULL,NULL,NULL,NULL,NULL,NULL,NULL,NULL,'9',NULL,NULL,'Jmtlands ln (S)',NULL,NULL,NULL,NULL,NULL,NULL,NULL,NULL,NULL,NULL,NULL,NULL,'2015',NULL,7125290,512032),(71,7,1,NULL,NULL,'Strmsund (S)',NULL,NULL,NULL,'WGS84',NULL,'Sweden','10',NULL,NULL,NULL,NULL,NULL,NULL,NULL,NULL,NULL,NULL,NULL,NULL,NULL,NULL,NULL,NULL,NULL,NULL,'9',NULL,NULL,'Jmtlands ln (S)',NULL,NULL,NULL,NULL,NULL,NULL,NULL,NULL,NULL,NULL,NULL,NULL,'2015',NULL,7125290,512032),(72,6,0,NULL,NULL,'Strmsund (S)',NULL,NULL,NULL,'WGS84',NULL,NULL,'1',NULL,NULL,NULL,NULL,NULL,NULL,NULL,NULL,NULL,NULL,NULL,NULL,NULL,NULL,NULL,NULL,NULL,NULL,'10',NULL,NULL,'Jmtlands ln (S)',NULL,NULL,NULL,NULL,NULL,NULL,NULL,NULL,NULL,NULL,NULL,NULL,'2015',NULL,7130400,511631),(72,7,1,NULL,NULL,'Strmsund (S)',NULL,NULL,NULL,'WGS84',NULL,'Sweden','1',NULL,NULL,NULL,NULL,NULL,NULL,NULL,NULL,NULL,NULL,NULL,NULL,NULL,NULL,NULL,NULL,NULL,NULL,'10',NULL,NULL,'Jmtlands ln (S)',NULL,NULL,NULL,NULL,NULL,NULL,NULL,NULL,NULL,NULL,NULL,NULL,'2015',NULL,7130400,511631),(73,6,0,NULL,NULL,'Strmsund (S)',NULL,NULL,NULL,'WGS84',NULL,NULL,'22',NULL,NULL,NULL,NULL,NULL,NULL,NULL,NULL,NULL,NULL,NULL,NULL,NULL,NULL,NULL,NULL,NULL,NULL,'8',NULL,NULL,'Jmtlands ln (S)',NULL,NULL,NULL,NULL,NULL,NULL,NULL,NULL,NULL,NULL,NULL,NULL,'2015',NULL,7128180,510866),(73,7,1,NULL,NULL,'Strmsund (S)',NULL,NULL,NULL,'WGS84',NULL,'Sweden','22',NULL,NULL,NULL,NULL,NULL,NULL,NULL,NULL,NULL,NULL,NULL,NULL,NULL,NULL,NULL,NULL,NULL,NULL,'8',NULL,NULL,'Jmtlands ln (S)',NULL,NULL,NULL,NULL,NULL,NULL,NULL,NULL,NULL,NULL,NULL,NULL,'2015',NULL,7128180,510866),(74,6,0,NULL,NULL,'Strmsund (S)',NULL,NULL,NULL,'WGS84',NULL,NULL,'23',NULL,NULL,NULL,NULL,NULL,NULL,NULL,NULL,NULL,NULL,NULL,NULL,NULL,NULL,NULL,NULL,NULL,NULL,'8',NULL,NULL,'Jmtlands ln (S)',NULL,NULL,NULL,NULL,NULL,NULL,NULL,NULL,NULL,NULL,NULL,NULL,'2015',NULL,7127910,509378),(74,7,1,NULL,NULL,'Strmsund (S)',NULL,NULL,NULL,'WGS84',NULL,'Sweden','23',NULL,NULL,NULL,NULL,NULL,NULL,NULL,NULL,NULL,NULL,NULL,NULL,NULL,NULL,NULL,NULL,NULL,NULL,'8',NULL,NULL,'Jmtlands ln (S)',NULL,NULL,NULL,NULL,NULL,NULL,NULL,NULL,NULL,NULL,NULL,NULL,'2015',NULL,7127910,509378),(75,6,0,NULL,NULL,'Strmsund (S)',NULL,NULL,NULL,'WGS84',NULL,NULL,'20',NULL,NULL,NULL,NULL,NULL,NULL,NULL,NULL,NULL,NULL,NULL,NULL,NULL,NULL,NULL,NULL,NULL,NULL,'9',NULL,NULL,'Jmtlands ln (S)',NULL,NULL,NULL,NULL,NULL,NULL,NULL,NULL,NULL,NULL,NULL,NULL,'2015',NULL,7091580,540809),(75,7,1,NULL,NULL,'Strmsund (S)',NULL,NULL,NULL,'WGS84',NULL,'Sweden','20',NULL,NULL,NULL,NULL,NULL,NULL,NULL,NULL,NULL,NULL,NULL,NULL,NULL,NULL,NULL,NULL,NULL,NULL,'9',NULL,NULL,'Jmtlands ln (S)',NULL,NULL,NULL,NULL,NULL,NULL,NULL,NULL,NULL,NULL,NULL,NULL,'2015',NULL,7091580,540809),(76,6,0,NULL,NULL,'Strmsund (S)',NULL,NULL,NULL,'WGS84',NULL,NULL,'16',NULL,NULL,NULL,NULL,NULL,NULL,NULL,NULL,NULL,NULL,NULL,NULL,NULL,NULL,NULL,NULL,NULL,NULL,'9',NULL,NULL,'Jmtlands ln (S)',NULL,NULL,NULL,NULL,NULL,NULL,NULL,NULL,NULL,NULL,NULL,NULL,'2015',NULL,7092870,536440),(76,7,1,NULL,NULL,'Strmsund (S)',NULL,NULL,NULL,'WGS84',NULL,'Sweden','16',NULL,NULL,NULL,NULL,NULL,NULL,NULL,NULL,NULL,NULL,NULL,NULL,NULL,NULL,NULL,NULL,NULL,NULL,'9',NULL,NULL,'Jmtlands ln (S)',NULL,NULL,NULL,NULL,NULL,NULL,NULL,NULL,NULL,NULL,NULL,NULL,'2015',NULL,7092870,536440),(77,6,0,NULL,NULL,'Strmsund (S)',NULL,NULL,NULL,'WGS84',NULL,NULL,'26',NULL,NULL,NULL,NULL,NULL,NULL,NULL,NULL,NULL,NULL,NULL,NULL,NULL,NULL,NULL,NULL,NULL,NULL,'9',NULL,NULL,'Jmtlands ln (S)',NULL,NULL,NULL,NULL,NULL,NULL,NULL,NULL,NULL,NULL,NULL,NULL,'2015',NULL,7092640,539167),(77,7,1,NULL,NULL,'Strmsund (S)',NULL,NULL,NULL,'WGS84',NULL,'Sweden','26',NULL,NULL,NULL,NULL,NULL,NULL,NULL,NULL,NULL,NULL,NULL,NULL,NULL,NULL,NULL,NULL,NULL,NULL,'9',NULL,NULL,'Jmtlands ln (S)',NULL,NULL,NULL,NULL,NULL,NULL,NULL,NULL,NULL,NULL,NULL,NULL,'2015',NULL,7092640,539167),(78,6,0,NULL,NULL,'Strmsund (S)',NULL,NULL,NULL,'WGS84',NULL,NULL,'16',NULL,NULL,NULL,NULL,NULL,NULL,NULL,NULL,NULL,NULL,NULL,NULL,NULL,NULL,NULL,NULL,NULL,NULL,'9',NULL,NULL,'Jmtlands ln (S)',NULL,NULL,NULL,NULL,NULL,NULL,NULL,NULL,NULL,NULL,NULL,NULL,'2015',NULL,7090700,541932),(78,7,1,NULL,NULL,'Strmsund (S)',NULL,NULL,NULL,'WGS84',NULL,'Sweden','16',NULL,NULL,NULL,NULL,NULL,NULL,NULL,NULL,NULL,NULL,NULL,NULL,NULL,NULL,NULL,NULL,NULL,NULL,'9',NULL,NULL,'Jmtlands ln (S)',NULL,NULL,NULL,NULL,NULL,NULL,NULL,NULL,NULL,NULL,NULL,NULL,'2015',NULL,7090700,541932),(79,6,0,NULL,NULL,'Strmsund (S)',NULL,NULL,NULL,'WGS84',NULL,NULL,'4',NULL,NULL,NULL,NULL,NULL,NULL,NULL,NULL,NULL,NULL,NULL,NULL,NULL,NULL,NULL,NULL,NULL,NULL,'10',NULL,NULL,'Jmtlands ln (S)',NULL,NULL,NULL,NULL,NULL,NULL,NULL,NULL,NULL,NULL,NULL,NULL,'2015',NULL,7088470,541170),(79,7,1,NULL,NULL,'Strmsund (S)',NULL,NULL,NULL,'WGS84',NULL,'Sweden','4',NULL,NULL,NULL,NULL,NULL,NULL,NULL,NULL,NULL,NULL,NULL,NULL,NULL,NULL,NULL,NULL,NULL,NULL,'10',NULL,NULL,'Jmtlands ln (S)',NULL,NULL,NULL,NULL,NULL,NULL,NULL,NULL,NULL,NULL,NULL,NULL,'2015',NULL,7088470,541170),(80,6,0,NULL,NULL,'Strmsund (S)',NULL,NULL,NULL,'WGS84',NULL,NULL,'12',NULL,NULL,NULL,NULL,NULL,NULL,NULL,NULL,NULL,NULL,NULL,NULL,NULL,NULL,NULL,NULL,NULL,NULL,'10',NULL,NULL,'Jmtlands ln (S)',NULL,NULL,NULL,NULL,NULL,NULL,NULL,NULL,NULL,NULL,NULL,NULL,'2015',NULL,7108910,524376),(80,7,1,NULL,NULL,'Strmsund (S)',NULL,NULL,NULL,'WGS84',NULL,'Sweden','12',NULL,NULL,NULL,NULL,NULL,NULL,NULL,NULL,NULL,NULL,NULL,NULL,NULL,NULL,NULL,NULL,NULL,NULL,'10',NULL,NULL,'Jmtlands ln (S)',NULL,NULL,NULL,NULL,NULL,NULL,NULL,NULL,NULL,NULL,NULL,NULL,'2015',NULL,7108910,524376),(81,6,0,NULL,NULL,'Strmsund (S)',NULL,NULL,NULL,'WGS84',NULL,NULL,'10',NULL,NULL,NULL,NULL,NULL,NULL,NULL,NULL,NULL,NULL,NULL,NULL,NULL,NULL,NULL,NULL,NULL,NULL,'10',NULL,NULL,'Jmtlands ln (S)',NULL,NULL,NULL,NULL,NULL,NULL,NULL,NULL,NULL,NULL,NULL,NULL,'2015',NULL,7111800,518914),(81,7,1,NULL,NULL,'Strmsund (S)',NULL,NULL,NULL,'WGS84',NULL,'Sweden','10',NULL,NULL,NULL,NULL,NULL,NULL,NULL,NULL,NULL,NULL,NULL,NULL,NULL,NULL,NULL,NULL,NULL,NULL,'10',NULL,NULL,'Jmtlands ln (S)',NULL,NULL,NULL,NULL,NULL,NULL,NULL,NULL,NULL,NULL,NULL,NULL,'2015',NULL,7111800,518914),(82,6,0,NULL,NULL,'Strmsund (S)',NULL,NULL,NULL,'WGS84',NULL,NULL,'10',NULL,NULL,NULL,NULL,NULL,NULL,NULL,NULL,NULL,NULL,NULL,NULL,NULL,NULL,NULL,NULL,NULL,NULL,'10',NULL,NULL,'Jmtlands ln (S)',NULL,NULL,NULL,NULL,NULL,NULL,NULL,NULL,NULL,NULL,NULL,NULL,'2015',NULL,7109880,521049),(82,7,1,NULL,NULL,'Strmsund (S)',NULL,NULL,NULL,'WGS84',NULL,'Sweden','10',NULL,NULL,NULL,NULL,NULL,NULL,NULL,NULL,NULL,NULL,NULL,NULL,NULL,NULL,NULL,NULL,NULL,NULL,'10',NULL,NULL,'Jmtlands ln (S)',NULL,NULL,NULL,NULL,NULL,NULL,NULL,NULL,NULL,NULL,NULL,NULL,'2015',NULL,7109880,521049),(83,6,0,NULL,NULL,'Strmsund (S)',NULL,NULL,NULL,'WGS84',NULL,NULL,'31',NULL,NULL,NULL,NULL,NULL,NULL,NULL,NULL,NULL,NULL,NULL,NULL,NULL,NULL,NULL,NULL,NULL,NULL,'8',NULL,NULL,'Jmtlands ln (S)',NULL,NULL,NULL,NULL,NULL,NULL,NULL,NULL,NULL,NULL,NULL,NULL,'2015',NULL,7110050,522892),(83,7,1,NULL,NULL,'Strmsund (S)',NULL,NULL,NULL,'WGS84',NULL,'Sweden','31',NULL,NULL,NULL,NULL,NULL,NULL,NULL,NULL,NULL,NULL,NULL,NULL,NULL,NULL,NULL,NULL,NULL,NULL,'8',NULL,NULL,'Jmtlands ln (S)',NULL,NULL,NULL,NULL,NULL,NULL,NULL,NULL,NULL,NULL,NULL,NULL,'2015',NULL,7110050,522892),(84,6,0,NULL,NULL,'Strmsund (S)',NULL,NULL,NULL,'WGS84',NULL,NULL,'15',NULL,NULL,NULL,NULL,NULL,NULL,NULL,NULL,NULL,NULL,NULL,NULL,NULL,NULL,NULL,NULL,NULL,NULL,'9',NULL,NULL,'Jmtlands ln (S)',NULL,NULL,NULL,NULL,NULL,NULL,NULL,NULL,NULL,NULL,NULL,NULL,'2015',NULL,7114080,529440),(84,7,1,NULL,NULL,'Strmsund (S)',NULL,NULL,NULL,'WGS84',NULL,'Sweden','15',NULL,NULL,NULL,NULL,NULL,NULL,NULL,NULL,NULL,NULL,NULL,NULL,NULL,NULL,NULL,NULL,NULL,NULL,'9',NULL,NULL,'Jmtlands ln (S)',NULL,NULL,NULL,NULL,NULL,NULL,NULL,NULL,NULL,NULL,NULL,NULL,'2015',NULL,7114080,529440),(85,6,0,NULL,NULL,'Strmsund (S)',NULL,NULL,NULL,'WGS84',NULL,NULL,'2',NULL,NULL,NULL,NULL,NULL,NULL,NULL,NULL,NULL,NULL,NULL,NULL,NULL,NULL,NULL,NULL,NULL,NULL,'10',NULL,NULL,'Jmtlands ln (S)',NULL,NULL,NULL,NULL,NULL,NULL,NULL,NULL,NULL,NULL,NULL,NULL,'2015',NULL,7102280,521849),(85,7,1,NULL,NULL,'Strmsund (S)',NULL,NULL,NULL,'WGS84',NULL,'Sweden','2',NULL,NULL,NULL,NULL,NULL,NULL,NULL,NULL,NULL,NULL,NULL,NULL,NULL,NULL,NULL,NULL,NULL,NULL,'10',NULL,NULL,'Jmtlands ln (S)',NULL,NULL,NULL,NULL,NULL,NULL,NULL,NULL,NULL,NULL,NULL,NULL,'2015',NULL,7102280,521849),(86,6,0,NULL,NULL,'Krokom (S)',NULL,NULL,NULL,'WGS84',NULL,NULL,'14',NULL,NULL,NULL,NULL,NULL,NULL,NULL,NULL,NULL,NULL,NULL,NULL,NULL,NULL,NULL,NULL,NULL,NULL,'9',NULL,NULL,'Jmtlands ln (S)',NULL,NULL,NULL,NULL,NULL,NULL,NULL,NULL,NULL,NULL,NULL,NULL,'2015',NULL,7098830,467200),(86,7,1,NULL,NULL,'Krokom (S)',NULL,NULL,NULL,'WGS84',NULL,'Sweden','14',NULL,NULL,NULL,NULL,NULL,NULL,NULL,NULL,NULL,NULL,NULL,NULL,NULL,NULL,NULL,NULL,NULL,NULL,'9',NULL,NULL,'Jmtlands ln (S)',NULL,NULL,NULL,NULL,NULL,NULL,NULL,NULL,NULL,NULL,NULL,NULL,'2015',NULL,7098830,467200),(87,6,0,NULL,NULL,'Krokom (S)',NULL,NULL,NULL,'WGS84',NULL,NULL,'21',NULL,NULL,NULL,NULL,NULL,NULL,NULL,NULL,NULL,NULL,NULL,NULL,NULL,NULL,NULL,NULL,NULL,NULL,'8',NULL,NULL,'Jmtlands ln (S)',NULL,NULL,NULL,NULL,NULL,NULL,NULL,NULL,NULL,NULL,NULL,NULL,'2015',NULL,7099410,466613),(87,7,1,NULL,NULL,'Krokom (S)',NULL,NULL,NULL,'WGS84',NULL,'Sweden','21',NULL,NULL,NULL,NULL,NULL,NULL,NULL,NULL,NULL,NULL,NULL,NULL,NULL,NULL,NULL,NULL,NULL,NULL,'8',NULL,NULL,'Jmtlands ln (S)',NULL,NULL,NULL,NULL,NULL,NULL,NULL,NULL,NULL,NULL,NULL,NULL,'2015',NULL,7099410,466613),(88,6,0,NULL,NULL,'Krokom (S)',NULL,NULL,NULL,'WGS84',NULL,NULL,'25',NULL,NULL,NULL,NULL,NULL,NULL,NULL,NULL,NULL,NULL,NULL,NULL,NULL,NULL,NULL,NULL,NULL,NULL,'8',NULL,NULL,'Jmtlands ln (S)',NULL,NULL,NULL,NULL,NULL,NULL,NULL,NULL,NULL,NULL,NULL,NULL,'2015',NULL,7094090,468873),(88,7,1,NULL,NULL,'Krokom (S)',NULL,NULL,NULL,'WGS84',NULL,'Sweden','25',NULL,NULL,NULL,NULL,NULL,NULL,NULL,NULL,NULL,NULL,NULL,NULL,NULL,NULL,NULL,NULL,NULL,NULL,'8',NULL,NULL,'Jmtlands ln (S)',NULL,NULL,NULL,NULL,NULL,NULL,NULL,NULL,NULL,NULL,NULL,NULL,'2015',NULL,7094090,468873),(89,6,0,NULL,NULL,'Krokom (S)',NULL,NULL,NULL,'WGS84',NULL,NULL,'28',NULL,NULL,NULL,NULL,NULL,NULL,NULL,NULL,NULL,NULL,NULL,NULL,NULL,NULL,NULL,NULL,NULL,NULL,'8',NULL,NULL,'Jmtlands ln (S)',NULL,NULL,NULL,NULL,NULL,NULL,NULL,NULL,NULL,NULL,NULL,NULL,'2015',NULL,7105350,458023),(89,7,1,NULL,NULL,'Krokom (S)',NULL,NULL,NULL,'WGS84',NULL,'Sweden','28',NULL,NULL,NULL,NULL,NULL,NULL,NULL,NULL,NULL,NULL,NULL,NULL,NULL,NULL,NULL,NULL,NULL,NULL,'8',NULL,NULL,'Jmtlands ln (S)',NULL,NULL,NULL,NULL,NULL,NULL,NULL,NULL,NULL,NULL,NULL,NULL,'2015',NULL,7105350,458023),(90,6,0,NULL,NULL,'re (S)',NULL,NULL,NULL,'WGS84',NULL,NULL,'11',NULL,NULL,NULL,NULL,NULL,NULL,NULL,NULL,NULL,NULL,NULL,NULL,NULL,NULL,NULL,NULL,NULL,NULL,'10',NULL,NULL,'Jmtlands ln (S)',NULL,NULL,NULL,NULL,NULL,NULL,NULL,NULL,NULL,NULL,NULL,NULL,'2015',NULL,7005620,404963),(90,7,1,NULL,NULL,'re (S)',NULL,NULL,NULL,'WGS84',NULL,'Sweden','11',NULL,NULL,NULL,NULL,NULL,NULL,NULL,NULL,NULL,NULL,NULL,NULL,NULL,NULL,NULL,NULL,NULL,NULL,'10',NULL,NULL,'Jmtlands ln (S)',NULL,NULL,NULL,NULL,NULL,NULL,NULL,NULL,NULL,NULL,NULL,NULL,'2015',NULL,7005620,404963),(91,6,0,NULL,NULL,'re (S)',NULL,NULL,NULL,'WGS84',NULL,NULL,'3',NULL,NULL,NULL,NULL,NULL,NULL,NULL,NULL,NULL,NULL,NULL,NULL,NULL,NULL,NULL,NULL,NULL,NULL,'10',NULL,NULL,'Jmtlands ln (S)',NULL,NULL,NULL,NULL,NULL,NULL,NULL,NULL,NULL,NULL,NULL,NULL,'2015',NULL,7014010,418001),(91,7,1,NULL,NULL,'re (S)',NULL,NULL,NULL,'WGS84',NULL,'Sweden','3',NULL,NULL,NULL,NULL,NULL,NULL,NULL,NULL,NULL,NULL,NULL,NULL,NULL,NULL,NULL,NULL,NULL,NULL,'10',NULL,NULL,'Jmtlands ln (S)',NULL,NULL,NULL,NULL,NULL,NULL,NULL,NULL,NULL,NULL,NULL,NULL,'2015',NULL,7014010,418001),(92,6,0,NULL,NULL,'re (S)',NULL,NULL,NULL,'WGS84',NULL,NULL,'24',NULL,NULL,NULL,NULL,NULL,NULL,NULL,NULL,NULL,NULL,NULL,NULL,NULL,NULL,NULL,NULL,NULL,NULL,'10',NULL,NULL,'Jmtlands ln (S)',NULL,NULL,NULL,NULL,NULL,NULL,NULL,NULL,NULL,NULL,NULL,NULL,'2015',NULL,7005140,439611),(92,7,1,NULL,NULL,'re (S)',NULL,NULL,NULL,'WGS84',NULL,'Sweden','24',NULL,NULL,NULL,NULL,NULL,NULL,NULL,NULL,NULL,NULL,NULL,NULL,NULL,NULL,NULL,NULL,NULL,NULL,'10',NULL,NULL,'Jmtlands ln (S)',NULL,NULL,NULL,NULL,NULL,NULL,NULL,NULL,NULL,NULL,NULL,NULL,'2015',NULL,7005140,439611),(93,6,0,NULL,NULL,'re (S)',NULL,NULL,NULL,'WGS84',NULL,NULL,'3',NULL,NULL,NULL,NULL,NULL,NULL,NULL,NULL,NULL,NULL,NULL,NULL,NULL,NULL,NULL,NULL,NULL,NULL,'10',NULL,NULL,'Jmtlands ln (S)',NULL,NULL,NULL,NULL,NULL,NULL,NULL,NULL,NULL,NULL,NULL,NULL,'2015',NULL,7011560,419466),(93,7,1,NULL,NULL,'re (S)',NULL,NULL,NULL,'WGS84',NULL,'Sweden','3',NULL,NULL,NULL,NULL,NULL,NULL,NULL,NULL,NULL,NULL,NULL,NULL,NULL,NULL,NULL,NULL,NULL,NULL,'10',NULL,NULL,'Jmtlands ln (S)',NULL,NULL,NULL,NULL,NULL,NULL,NULL,NULL,NULL,NULL,NULL,NULL,'2015',NULL,7011560,419466),(94,6,0,NULL,NULL,'re (S)',NULL,NULL,NULL,'WGS84',NULL,NULL,'12',NULL,NULL,NULL,NULL,NULL,NULL,NULL,NULL,NULL,NULL,NULL,NULL,NULL,NULL,NULL,NULL,NULL,NULL,'10',NULL,NULL,'Jmtlands ln (S)',NULL,NULL,NULL,NULL,NULL,NULL,NULL,NULL,NULL,NULL,NULL,NULL,'2015',NULL,7007570,405709),(94,7,1,NULL,NULL,'re (S)',NULL,NULL,NULL,'WGS84',NULL,'Sweden','12',NULL,NULL,NULL,NULL,NULL,NULL,NULL,NULL,NULL,NULL,NULL,NULL,NULL,NULL,NULL,NULL,NULL,NULL,'10',NULL,NULL,'Jmtlands ln (S)',NULL,NULL,NULL,NULL,NULL,NULL,NULL,NULL,NULL,NULL,NULL,NULL,'2015',NULL,7007570,405709),(95,6,0,NULL,NULL,'Strmsund (S)',NULL,NULL,NULL,'WGS84',NULL,NULL,'7',NULL,NULL,NULL,NULL,NULL,NULL,NULL,NULL,NULL,NULL,NULL,NULL,NULL,NULL,NULL,NULL,NULL,NULL,'10',NULL,NULL,'Jmtlands ln (S)',NULL,NULL,NULL,NULL,NULL,NULL,NULL,NULL,NULL,NULL,NULL,NULL,'2015',NULL,7137340,518537),(95,7,1,NULL,NULL,'Strmsund (S)',NULL,NULL,NULL,'WGS84',NULL,'Sweden','7',NULL,NULL,NULL,NULL,NULL,NULL,NULL,NULL,NULL,NULL,NULL,NULL,NULL,NULL,NULL,NULL,NULL,NULL,'10',NULL,NULL,'Jmtlands ln (S)',NULL,NULL,NULL,NULL,NULL,NULL,NULL,NULL,NULL,NULL,NULL,NULL,'2015',NULL,7137340,518537),(96,6,0,NULL,NULL,'Strmsund (S)',NULL,NULL,NULL,'WGS84',NULL,NULL,'10',NULL,NULL,NULL,NULL,NULL,NULL,NULL,NULL,NULL,NULL,NULL,NULL,NULL,NULL,NULL,NULL,NULL,NULL,'10',NULL,NULL,'Jmtlands ln (S)',NULL,NULL,NULL,NULL,NULL,NULL,NULL,NULL,NULL,NULL,NULL,NULL,'2015',NULL,7156940,522775),(96,7,1,NULL,NULL,'Strmsund (S)',NULL,NULL,NULL,'WGS84',NULL,'Sweden','10',NULL,NULL,NULL,NULL,NULL,NULL,NULL,NULL,NULL,NULL,NULL,NULL,NULL,NULL,NULL,NULL,NULL,NULL,'10',NULL,NULL,'Jmtlands ln (S)',NULL,NULL,NULL,NULL,NULL,NULL,NULL,NULL,NULL,NULL,NULL,NULL,'2015',NULL,7156940,522775),(97,6,0,NULL,NULL,'Strmsund (S)',NULL,NULL,NULL,'WGS84',NULL,NULL,'19',NULL,NULL,NULL,NULL,NULL,NULL,NULL,NULL,NULL,NULL,NULL,NULL,NULL,NULL,NULL,NULL,NULL,NULL,'9',NULL,NULL,'Jmtlands ln (S)',NULL,NULL,NULL,NULL,NULL,NULL,NULL,NULL,NULL,NULL,NULL,NULL,'2015',NULL,7141250,506333),(97,7,1,NULL,NULL,'Strmsund (S)',NULL,NULL,NULL,'WGS84',NULL,'Sweden','19',NULL,NULL,NULL,NULL,NULL,NULL,NULL,NULL,NULL,NULL,NULL,NULL,NULL,NULL,NULL,NULL,NULL,NULL,'9',NULL,NULL,'Jmtlands ln (S)',NULL,NULL,NULL,NULL,NULL,NULL,NULL,NULL,NULL,NULL,NULL,NULL,'2015',NULL,7141250,506333),(98,6,0,NULL,NULL,'Strmsund (S)',NULL,NULL,NULL,'WGS84',NULL,NULL,'9',NULL,NULL,NULL,NULL,NULL,NULL,NULL,NULL,NULL,NULL,NULL,NULL,NULL,NULL,NULL,NULL,NULL,NULL,'9',NULL,NULL,'Jmtlands ln (S)',NULL,NULL,NULL,NULL,NULL,NULL,NULL,NULL,NULL,NULL,NULL,NULL,'2015',NULL,7138270,497564),(98,7,1,NULL,NULL,'Strmsund (S)',NULL,NULL,NULL,'WGS84',NULL,'Sweden','9',NULL,NULL,NULL,NULL,NULL,NULL,NULL,NULL,NULL,NULL,NULL,NULL,NULL,NULL,NULL,NULL,NULL,NULL,'9',NULL,NULL,'Jmtlands ln (S)',NULL,NULL,NULL,NULL,NULL,NULL,NULL,NULL,NULL,NULL,NULL,NULL,'2015',NULL,7138270,497564),(99,6,0,NULL,NULL,'Strmsund (S)',NULL,NULL,NULL,'WGS84',NULL,NULL,'29',NULL,NULL,NULL,NULL,NULL,NULL,NULL,NULL,NULL,NULL,NULL,NULL,NULL,NULL,NULL,NULL,NULL,NULL,'9',NULL,NULL,'Jmtlands ln (S)',NULL,NULL,NULL,NULL,NULL,NULL,NULL,NULL,NULL,NULL,NULL,NULL,'2015',NULL,7100430,515415),(99,7,1,NULL,NULL,'Strmsund (S)',NULL,NULL,NULL,'WGS84',NULL,'Sweden','29',NULL,NULL,NULL,NULL,NULL,NULL,NULL,NULL,NULL,NULL,NULL,NULL,NULL,NULL,NULL,NULL,NULL,NULL,'9',NULL,NULL,'Jmtlands ln (S)',NULL,NULL,NULL,NULL,NULL,NULL,NULL,NULL,NULL,NULL,NULL,NULL,'2015',NULL,7100430,515415),(100,6,0,NULL,NULL,'Strmsund (S)',NULL,NULL,NULL,'WGS84',NULL,NULL,'15',NULL,NULL,NULL,NULL,NULL,NULL,NULL,NULL,NULL,NULL,NULL,NULL,NULL,NULL,NULL,NULL,NULL,NULL,'9',NULL,NULL,'Jmtlands ln (S)',NULL,NULL,NULL,NULL,NULL,NULL,NULL,NULL,NULL,NULL,NULL,NULL,'2015',NULL,7103090,514296),(100,7,1,NULL,NULL,'Strmsund (S)',NULL,NULL,NULL,'WGS84',NULL,'Sweden','15',NULL,NULL,NULL,NULL,NULL,NULL,NULL,NULL,NULL,NULL,NULL,NULL,NULL,NULL,NULL,NULL,NULL,NULL,'9',NULL,NULL,'Jmtlands ln (S)',NULL,NULL,NULL,NULL,NULL,NULL,NULL,NULL,NULL,NULL,NULL,NULL,'2015',NULL,7103090,514296),(101,6,0,NULL,NULL,'Strmsund (S)',NULL,NULL,NULL,'WGS84',NULL,NULL,'27',NULL,NULL,NULL,NULL,NULL,NULL,NULL,NULL,NULL,NULL,NULL,NULL,NULL,NULL,NULL,NULL,NULL,NULL,'10',NULL,NULL,'Jmtlands ln (S)',NULL,NULL,NULL,NULL,NULL,NULL,NULL,NULL,NULL,NULL,NULL,NULL,'2015',NULL,7119460,510258),(101,7,1,NULL,NULL,'Strmsund (S)',NULL,NULL,NULL,'WGS84',NULL,'Sweden','27',NULL,NULL,NULL,NULL,NULL,NULL,NULL,NULL,NULL,NULL,NULL,NULL,NULL,NULL,NULL,NULL,NULL,NULL,'10',NULL,NULL,'Jmtlands ln (S)',NULL,NULL,NULL,NULL,NULL,NULL,NULL,NULL,NULL,NULL,NULL,NULL,'2015',NULL,7119460,510258),(102,6,0,NULL,NULL,'Strmsund (S)',NULL,NULL,NULL,'WGS84',NULL,NULL,'27',NULL,NULL,NULL,NULL,NULL,NULL,NULL,NULL,NULL,NULL,NULL,NULL,NULL,NULL,NULL,NULL,NULL,NULL,'10',NULL,NULL,'Jmtlands ln (S)',NULL,NULL,NULL,NULL,NULL,NULL,NULL,NULL,NULL,NULL,NULL,NULL,'2015',NULL,7120330,508389),(102,7,1,NULL,NULL,'Strmsund (S)',NULL,NULL,NULL,'WGS84',NULL,'Sweden','27',NULL,NULL,NULL,NULL,NULL,NULL,NULL,NULL,NULL,NULL,NULL,NULL,NULL,NULL,NULL,NULL,NULL,NULL,'10',NULL,NULL,'Jmtlands ln (S)',NULL,NULL,NULL,NULL,NULL,NULL,NULL,NULL,NULL,NULL,NULL,NULL,'2015',NULL,7120330,508389),(103,6,0,NULL,NULL,'Strmsund (S)',NULL,NULL,NULL,'WGS84',NULL,NULL,'28',NULL,NULL,NULL,NULL,NULL,NULL,NULL,NULL,NULL,NULL,NULL,NULL,NULL,NULL,NULL,NULL,NULL,NULL,'10',NULL,NULL,'Jmtlands ln (S)',NULL,NULL,NULL,NULL,NULL,NULL,NULL,NULL,NULL,NULL,NULL,NULL,'2015',NULL,7118510,510337),(103,7,1,NULL,NULL,'Strmsund (S)',NULL,NULL,NULL,'WGS84',NULL,'Sweden','28',NULL,NULL,NULL,NULL,NULL,NULL,NULL,NULL,NULL,NULL,NULL,NULL,NULL,NULL,NULL,NULL,NULL,NULL,'10',NULL,NULL,'Jmtlands ln (S)',NULL,NULL,NULL,NULL,NULL,NULL,NULL,NULL,NULL,NULL,NULL,NULL,'2015',NULL,7118510,510337),(104,6,0,NULL,NULL,'Strmsund (S)',NULL,NULL,NULL,'WGS84',NULL,NULL,'12',NULL,NULL,NULL,NULL,NULL,NULL,NULL,NULL,NULL,NULL,NULL,NULL,NULL,NULL,NULL,NULL,NULL,NULL,'9',NULL,NULL,'Jmtlands ln (S)',NULL,NULL,NULL,NULL,NULL,NULL,NULL,NULL,NULL,NULL,NULL,NULL,'2015',NULL,7112720,508276),(104,7,1,NULL,NULL,'Strmsund (S)',NULL,NULL,NULL,'WGS84',NULL,'Sweden','12',NULL,NULL,NULL,NULL,NULL,NULL,NULL,NULL,NULL,NULL,NULL,NULL,NULL,NULL,NULL,NULL,NULL,NULL,'9',NULL,NULL,'Jmtlands ln (S)',NULL,NULL,NULL,NULL,NULL,NULL,NULL,NULL,NULL,NULL,NULL,NULL,'2015',NULL,7112720,508276),(105,6,0,NULL,NULL,'Strmsund (S)',NULL,NULL,NULL,'WGS84',NULL,NULL,'17',NULL,NULL,NULL,NULL,NULL,NULL,NULL,NULL,NULL,NULL,NULL,NULL,NULL,NULL,NULL,NULL,NULL,NULL,'10',NULL,NULL,'Jmtlands ln (S)',NULL,NULL,NULL,NULL,NULL,NULL,NULL,NULL,NULL,NULL,NULL,NULL,'2015',NULL,7118920,509585),(105,7,1,NULL,NULL,'Strmsund (S)',NULL,NULL,NULL,'WGS84',NULL,'Sweden','17',NULL,NULL,NULL,NULL,NULL,NULL,NULL,NULL,NULL,NULL,NULL,NULL,NULL,NULL,NULL,NULL,NULL,NULL,'10',NULL,NULL,'Jmtlands ln (S)',NULL,NULL,NULL,NULL,NULL,NULL,NULL,NULL,NULL,NULL,NULL,NULL,'2015',NULL,7118920,509585),(106,6,0,NULL,NULL,'Strmsund (S)',NULL,NULL,NULL,'WGS84',NULL,NULL,'27',NULL,NULL,NULL,NULL,NULL,NULL,NULL,NULL,NULL,NULL,NULL,NULL,NULL,NULL,NULL,NULL,NULL,NULL,'10',NULL,NULL,'Jmtlands ln (S)',NULL,NULL,NULL,NULL,NULL,NULL,NULL,NULL,NULL,NULL,NULL,NULL,'2015',NULL,7120600,510855),(106,7,1,NULL,NULL,'Strmsund (S)',NULL,NULL,NULL,'WGS84',NULL,'Sweden','27',NULL,NULL,NULL,NULL,NULL,NULL,NULL,NULL,NULL,NULL,NULL,NULL,NULL,NULL,NULL,NULL,NULL,NULL,'10',NULL,NULL,'Jmtlands ln (S)',NULL,NULL,NULL,NULL,NULL,NULL,NULL,NULL,NULL,NULL,NULL,NULL,'2015',NULL,7120600,510855),(107,6,0,NULL,NULL,'Strmsund (S)',NULL,NULL,NULL,'WGS84',NULL,NULL,'27',NULL,NULL,NULL,NULL,NULL,NULL,NULL,NULL,NULL,NULL,NULL,NULL,NULL,NULL,NULL,NULL,NULL,NULL,'10',NULL,NULL,'Jmtlands ln (S)',NULL,NULL,NULL,NULL,NULL,NULL,NULL,NULL,NULL,NULL,NULL,NULL,'2015',NULL,7118850,510828),(107,7,1,NULL,NULL,'Strmsund (S)',NULL,NULL,NULL,'WGS84',NULL,'Sweden','27',NULL,NULL,NULL,NULL,NULL,NULL,NULL,NULL,NULL,NULL,NULL,NULL,NULL,NULL,NULL,NULL,NULL,NULL,'10',NULL,NULL,'Jmtlands ln (S)',NULL,NULL,NULL,NULL,NULL,NULL,NULL,NULL,NULL,NULL,NULL,NULL,'2015',NULL,7118850,510828),(108,6,0,NULL,NULL,'Strmsund (S)',NULL,NULL,NULL,'WGS84',NULL,NULL,'17',NULL,NULL,NULL,NULL,NULL,NULL,NULL,NULL,NULL,NULL,NULL,NULL,NULL,NULL,NULL,NULL,NULL,NULL,'10',NULL,NULL,'Jmtlands ln (S)',NULL,NULL,NULL,NULL,NULL,NULL,NULL,NULL,NULL,NULL,NULL,NULL,'2015',NULL,7119770,511408),(108,7,1,NULL,NULL,'Strmsund (S)',NULL,NULL,NULL,'WGS84',NULL,'Sweden','17',NULL,NULL,NULL,NULL,NULL,NULL,NULL,NULL,NULL,NULL,NULL,NULL,NULL,NULL,NULL,NULL,NULL,NULL,'10',NULL,NULL,'Jmtlands ln (S)',NULL,NULL,NULL,NULL,NULL,NULL,NULL,NULL,NULL,NULL,NULL,NULL,'2015',NULL,7119770,511408),(109,6,0,NULL,NULL,'Strmsund (S)',NULL,NULL,NULL,'WGS84',NULL,NULL,'22',NULL,NULL,NULL,NULL,NULL,NULL,NULL,NULL,NULL,NULL,NULL,NULL,NULL,NULL,NULL,NULL,NULL,NULL,'9',NULL,NULL,'Jmtlands ln (S)',NULL,NULL,NULL,NULL,NULL,NULL,NULL,NULL,NULL,NULL,NULL,NULL,'2015',NULL,7118380,511138),(109,7,1,NULL,NULL,'Strmsund (S)',NULL,NULL,NULL,'WGS84',NULL,'Sweden','22',NULL,NULL,NULL,NULL,NULL,NULL,NULL,NULL,NULL,NULL,NULL,NULL,NULL,NULL,NULL,NULL,NULL,NULL,'9',NULL,NULL,'Jmtlands ln (S)',NULL,NULL,NULL,NULL,NULL,NULL,NULL,NULL,NULL,NULL,NULL,NULL,'2015',NULL,7118380,511138),(110,6,0,NULL,NULL,'Strmsund (S)',NULL,NULL,NULL,'WGS84',NULL,NULL,'31',NULL,NULL,NULL,NULL,NULL,NULL,NULL,NULL,NULL,NULL,NULL,NULL,NULL,NULL,NULL,NULL,NULL,NULL,'8',NULL,NULL,'Jmtlands ln (S)',NULL,NULL,NULL,NULL,NULL,NULL,NULL,NULL,NULL,NULL,NULL,NULL,'2015',NULL,7055510,519849),(110,7,1,NULL,NULL,'Strmsund (S)',NULL,NULL,NULL,'WGS84',NULL,'Sweden','31',NULL,NULL,NULL,NULL,NULL,NULL,NULL,NULL,NULL,NULL,NULL,NULL,NULL,NULL,NULL,NULL,NULL,NULL,'8',NULL,NULL,'Jmtlands ln (S)',NULL,NULL,NULL,NULL,NULL,NULL,NULL,NULL,NULL,NULL,NULL,NULL,'2015',NULL,7055510,519849);
/*!40000 ALTER TABLE `CollectionInfos_AUD` ENABLE KEYS */;
UNLOCK TABLES;

--
-- Table structure for table `ContainerTypes`
--

DROP TABLE IF EXISTS `ContainerTypes`;
/*!40101 SET @saved_cs_client     = @@character_set_client */;
/*!40101 SET character_set_client = utf8 */;
CREATE TABLE `ContainerTypes` (
  `ContainerTypeID` int(11) NOT NULL AUTO_INCREMENT,
  `BaseType` varchar(50) NOT NULL,
  `LastModified` datetime(6) DEFAULT NULL,
  `Name` varchar(50) NOT NULL,
  `NumberOfColumns` int(11) NOT NULL,
  `NumberOfRows` int(11) NOT NULL,
  `NumberOfWells` int(11) NOT NULL,
  `GroupID` int(11) DEFAULT NULL,
  PRIMARY KEY (`ContainerTypeID`),
  UNIQUE KEY `UK_ij5h5jfwxkt0ppev6h0ra5cqo` (`Name`,`GroupID`),
  KEY `FK_jhw6u82ksauethycw3p0nuadr` (`GroupID`),
  CONSTRAINT `FK_jhw6u82ksauethycw3p0nuadr` FOREIGN KEY (`GroupID`) REFERENCES `Groups` (`GroupID`)
) ENGINE=InnoDB AUTO_INCREMENT=4 DEFAULT CHARSET=latin1;
/*!40101 SET character_set_client = @saved_cs_client */;

--
-- Dumping data for table `ContainerTypes`
--

LOCK TABLES `ContainerTypes` WRITE;
/*!40000 ALTER TABLE `ContainerTypes` DISABLE KEYS */;
INSERT INTO `ContainerTypes` VALUES (1,'Plate','2013-03-19 00:00:00.000000','96 Well 12x8 Plate',12,8,96,1),(2,'Test Tube Rack','2013-03-19 00:00:00.000000','25 Cell 5x5 Test Tube Rack',5,5,25,3),(3,'Primer Box','2013-03-19 00:00:00.000000','15x50 Primer Box',15,50,750,3);
/*!40000 ALTER TABLE `ContainerTypes` ENABLE KEYS */;
UNLOCK TABLES;

--
-- Table structure for table `Containers`
--

DROP TABLE IF EXISTS `Containers`;
/*!40101 SET @saved_cs_client     = @@character_set_client */;
/*!40101 SET character_set_client = utf8 */;
CREATE TABLE `Containers` (
  `ContainerID` int(11) NOT NULL AUTO_INCREMENT,
  `ContainerNumber` varchar(50) NOT NULL,
  `FillByRow` bit(1) NOT NULL,
  `LastModified` datetime(6) DEFAULT NULL,
  `ContainerTypeID` int(11) NOT NULL,
  `GroupID` int(11) DEFAULT NULL,
  `StorageID` int(11) DEFAULT NULL,
  `UnitSectionID` int(11) DEFAULT NULL,
  PRIMARY KEY (`ContainerID`),
  UNIQUE KEY `UK_rllpdna6qkanrondp46qn6a41` (`ContainerNumber`,`StorageID`,`GroupID`),
  KEY `FK_sii753dw6tfwj8lc4iokho2q` (`ContainerTypeID`),
  KEY `FK_8b01ws3lovo12oxco33193f2n` (`GroupID`),
  KEY `FK_qrjwbqax7ro6uos8jllr4noyi` (`StorageID`),
  KEY `FK_4hmy3nk8ec60v0ahr5fpr7vny` (`UnitSectionID`),
  CONSTRAINT `FK_4hmy3nk8ec60v0ahr5fpr7vny` FOREIGN KEY (`UnitSectionID`) REFERENCES `UnitSections` (`UnitSectionID`),
  CONSTRAINT `FK_8b01ws3lovo12oxco33193f2n` FOREIGN KEY (`GroupID`) REFERENCES `Groups` (`GroupID`),
  CONSTRAINT `FK_qrjwbqax7ro6uos8jllr4noyi` FOREIGN KEY (`StorageID`) REFERENCES `Storages` (`StorageID`),
  CONSTRAINT `FK_sii753dw6tfwj8lc4iokho2q` FOREIGN KEY (`ContainerTypeID`) REFERENCES `ContainerTypes` (`ContainerTypeID`)
) ENGINE=InnoDB AUTO_INCREMENT=10 DEFAULT CHARSET=latin1;
/*!40101 SET character_set_client = @saved_cs_client */;

--
-- Dumping data for table `Containers`
--

LOCK TABLES `Containers` WRITE;
/*!40000 ALTER TABLE `Containers` DISABLE KEYS */;
INSERT INTO `Containers` VALUES (1,'1','','2013-03-19 00:00:00.000000',1,1,1,1),(2,'2','','2013-03-19 00:00:00.000000',1,1,1,2),(3,'3','','2013-03-19 00:00:00.000000',2,1,1,3),(4,'4','','2013-03-19 00:00:00.000000',2,3,1,4),(5,'5','','2013-03-19 00:00:00.000000',1,3,2,5),(6,'6','','2013-03-19 00:00:00.000000',3,3,2,5),(7,'Test Barcoding Container','','2013-03-19 00:00:00.000000',1,1,1,1),(9,'3000142742','','2018-03-15 20:29:13.654000',1,1,NULL,NULL);
/*!40000 ALTER TABLE `Containers` ENABLE KEYS */;
UNLOCK TABLES;

--
-- Table structure for table `Countries`
--

DROP TABLE IF EXISTS `Countries`;
/*!40101 SET @saved_cs_client     = @@character_set_client */;
/*!40101 SET character_set_client = utf8 */;
CREATE TABLE `Countries` (
  `CountryId` int(11) NOT NULL AUTO_INCREMENT,
  `Abbrev` varchar(100) DEFAULT NULL,
  `LastModified` datetime(6) DEFAULT NULL,
  `Name` varchar(512) NOT NULL,
  `Note` varchar(512) DEFAULT NULL,
  PRIMARY KEY (`CountryId`)
) ENGINE=InnoDB AUTO_INCREMENT=2 DEFAULT CHARSET=latin1;
/*!40101 SET character_set_client = @saved_cs_client */;

--
-- Dumping data for table `Countries`
--

LOCK TABLES `Countries` WRITE;
/*!40000 ALTER TABLE `Countries` DISABLE KEYS */;
INSERT INTO `Countries` VALUES (1,'SW','2013-03-19 00:00:00.000000','Somewhere','');
/*!40000 ALTER TABLE `Countries` ENABLE KEYS */;
UNLOCK TABLES;

--
-- Table structure for table `Datasets`
--

DROP TABLE IF EXISTS `Datasets`;
/*!40101 SET @saved_cs_client     = @@character_set_client */;
/*!40101 SET character_set_client = utf8 */;
CREATE TABLE `Datasets` (
  `DatasetID` int(11) NOT NULL AUTO_INCREMENT,
  `DatasetType` varchar(20) NOT NULL,
  `Description` longtext,
  `Directory` varchar(255) DEFAULT NULL,
  `Filename` varchar(50) DEFAULT NULL,
  `FilterProgramFile` varchar(255) DEFAULT NULL,
  `LastModified` datetime(6) DEFAULT NULL,
  `Name` varchar(50) NOT NULL,
  `Query` varchar(255) DEFAULT NULL,
  `URL` varchar(255) DEFAULT NULL,
  PRIMARY KEY (`DatasetID`),
  UNIQUE KEY `UK_nemceqssvsiayn95cwo2n4l3k` (`Name`)
) ENGINE=InnoDB AUTO_INCREMENT=3 DEFAULT CHARSET=latin1;
/*!40101 SET character_set_client = @saved_cs_client */;

--
-- Dumping data for table `Datasets`
--

LOCK TABLES `Datasets` WRITE;
/*!40000 ALTER TABLE `Datasets` DISABLE KEYS */;
INSERT INTO `Datasets` VALUES (1,'Nucleotide','','','','','2007-04-03 00:00:00.000000','Some dataset','',''),(2,'Nucleotide','','','','','2007-04-03 00:00:00.000000','Some other dataset','','');
/*!40000 ALTER TABLE `Datasets` ENABLE KEYS */;
UNLOCK TABLES;

--
-- Table structure for table `EmailAddrs`
--

DROP TABLE IF EXISTS `EmailAddrs`;
/*!40101 SET @saved_cs_client     = @@character_set_client */;
/*!40101 SET character_set_client = utf8 */;
CREATE TABLE `EmailAddrs` (
  `EmailID` int(11) NOT NULL AUTO_INCREMENT,
  `EmailAddr` varchar(60) NOT NULL,
  `EmailType` varchar(20) NOT NULL,
  `LastModified` datetime(6) DEFAULT NULL,
  `PrimaryEmail` bit(1) NOT NULL,
  `PeopleID` int(11) DEFAULT NULL,
  PRIMARY KEY (`EmailID`),
  KEY `FK_lwuk6hh8xifok37n2yry6owi2` (`PeopleID`),
  CONSTRAINT `FK_lwuk6hh8xifok37n2yry6owi2` FOREIGN KEY (`PeopleID`) REFERENCES `People` (`PeopleID`)
) ENGINE=InnoDB DEFAULT CHARSET=latin1;
/*!40101 SET character_set_client = @saved_cs_client */;

--
-- Dumping data for table `EmailAddrs`
--

LOCK TABLES `EmailAddrs` WRITE;
/*!40000 ALTER TABLE `EmailAddrs` DISABLE KEYS */;
/*!40000 ALTER TABLE `EmailAddrs` ENABLE KEYS */;
UNLOCK TABLES;

--
-- Table structure for table `Events`
--

DROP TABLE IF EXISTS `Events`;
/*!40101 SET @saved_cs_client     = @@character_set_client */;
/*!40101 SET character_set_client = utf8 */;
CREATE TABLE `Events` (
  `EventID` int(11) NOT NULL AUTO_INCREMENT,
  `argument` varchar(255) DEFAULT NULL,
  `Entity` varchar(255) NOT NULL,
  `Filter` varchar(255) DEFAULT NULL,
  `Operation` varchar(255) NOT NULL,
  `TaskID` int(11) NOT NULL,
  PRIMARY KEY (`EventID`),
  KEY `FK_r6bjqv7jmvqu5j2kbf017wvwv` (`TaskID`),
  CONSTRAINT `FK_r6bjqv7jmvqu5j2kbf017wvwv` FOREIGN KEY (`TaskID`) REFERENCES `Tasks` (`TaskID`)
) ENGINE=InnoDB DEFAULT CHARSET=latin1;
/*!40101 SET character_set_client = @saved_cs_client */;

--
-- Dumping data for table `Events`
--

LOCK TABLES `Events` WRITE;
/*!40000 ALTER TABLE `Events` DISABLE KEYS */;
/*!40000 ALTER TABLE `Events` ENABLE KEYS */;
UNLOCK TABLES;

--
-- Table structure for table `FeatureLocations`
--

DROP TABLE IF EXISTS `FeatureLocations`;
/*!40101 SET @saved_cs_client     = @@character_set_client */;
/*!40101 SET character_set_client = utf8 */;
CREATE TABLE `FeatureLocations` (
  `FeatureLocationID` int(11) NOT NULL AUTO_INCREMENT,
  `End` int(11) NOT NULL,
  `FeatureSequence` longtext,
  `Frame` int(11) NOT NULL,
  `LastModified` datetime(6) DEFAULT NULL,
  `Start` int(11) NOT NULL,
  `Strand` int(11) NOT NULL,
  `FeatureID` int(11) DEFAULT NULL,
  PRIMARY KEY (`FeatureLocationID`),
  KEY `FK_thvqsq3ko7r52yfedudeab4vr` (`FeatureID`),
  CONSTRAINT `FK_thvqsq3ko7r52yfedudeab4vr` FOREIGN KEY (`FeatureID`) REFERENCES `Features` (`FeatureID`)
) ENGINE=InnoDB AUTO_INCREMENT=68 DEFAULT CHARSET=latin1;
/*!40101 SET character_set_client = @saved_cs_client */;

--
-- Dumping data for table `FeatureLocations`
--

LOCK TABLES `FeatureLocations` WRITE;
/*!40000 ALTER TABLE `FeatureLocations` DISABLE KEYS */;
INSERT INTO `FeatureLocations` VALUES (67,5,'GA',1,'2013-03-19 00:00:00.000000',3,1,10);
/*!40000 ALTER TABLE `FeatureLocations` ENABLE KEYS */;
UNLOCK TABLES;

--
-- Table structure for table `FeatureLocations_AUD`
--

DROP TABLE IF EXISTS `FeatureLocations_AUD`;
/*!40101 SET @saved_cs_client     = @@character_set_client */;
/*!40101 SET character_set_client = utf8 */;
CREATE TABLE `FeatureLocations_AUD` (
  `FeatureLocationID` int(11) NOT NULL,
  `REV` int(11) NOT NULL,
  `REVTYPE` tinyint(4) DEFAULT NULL,
  `End` int(11) DEFAULT NULL,
  `FeatureSequence` longtext,
  `Frame` int(11) DEFAULT NULL,
  `Start` int(11) DEFAULT NULL,
  `Strand` int(11) DEFAULT NULL,
  `FeatureID` int(11) DEFAULT NULL,
  PRIMARY KEY (`FeatureLocationID`,`REV`),
  KEY `FK_p9o0sc50cparbgwdhviasv27e` (`REV`),
  CONSTRAINT `FK_p9o0sc50cparbgwdhviasv27e` FOREIGN KEY (`REV`) REFERENCES `Revision` (`id`)
) ENGINE=InnoDB DEFAULT CHARSET=latin1;
/*!40101 SET character_set_client = @saved_cs_client */;

--
-- Dumping data for table `FeatureLocations_AUD`
--

LOCK TABLES `FeatureLocations_AUD` WRITE;
/*!40000 ALTER TABLE `FeatureLocations_AUD` DISABLE KEYS */;
/*!40000 ALTER TABLE `FeatureLocations_AUD` ENABLE KEYS */;
UNLOCK TABLES;

--
-- Table structure for table `Features`
--

DROP TABLE IF EXISTS `Features`;
/*!40101 SET @saved_cs_client     = @@character_set_client */;
/*!40101 SET character_set_client = utf8 */;
CREATE TABLE `Features` (
  `FeatureID` int(11) NOT NULL AUTO_INCREMENT,
  `DateCreated` datetime NOT NULL,
  `Description` longtext,
  `FeatureDefault` bit(1) NOT NULL,
  `LastModified` datetime(6) DEFAULT NULL,
  `Name` varchar(255) NOT NULL,
  `Link2FeatureID` int(11) DEFAULT NULL,
  `RegionID` int(11) DEFAULT NULL,
  `SequenceID` int(11) DEFAULT NULL,
  PRIMARY KEY (`FeatureID`),
  KEY `FK_b4jkqt4yxxuuwre2sum1lys12` (`Link2FeatureID`),
  KEY `FK_qps6ai7tcwe35281n22f5qgac` (`RegionID`),
  KEY `FK_c4u5jdc3fu4776plhw40lwqh9` (`SequenceID`),
  CONSTRAINT `FK_b4jkqt4yxxuuwre2sum1lys12` FOREIGN KEY (`Link2FeatureID`) REFERENCES `Features` (`FeatureID`),
  CONSTRAINT `FK_c4u5jdc3fu4776plhw40lwqh9` FOREIGN KEY (`SequenceID`) REFERENCES `Sequences` (`SequenceID`),
  CONSTRAINT `FK_qps6ai7tcwe35281n22f5qgac` FOREIGN KEY (`RegionID`) REFERENCES `Regions` (`TagID`)
) ENGINE=InnoDB AUTO_INCREMENT=11 DEFAULT CHARSET=latin1;
/*!40101 SET character_set_client = @saved_cs_client */;

--
-- Dumping data for table `Features`
--

LOCK TABLES `Features` WRITE;
/*!40000 ALTER TABLE `Features` DISABLE KEYS */;
INSERT INTO `Features` VALUES (10,'2007-04-03 00:00:00','Test Feature of type Test Feature Type','\0','2013-03-19 00:00:00.000000','Test Feature',NULL,2,1);
/*!40000 ALTER TABLE `Features` ENABLE KEYS */;
UNLOCK TABLES;

--
-- Table structure for table `Features_AUD`
--

DROP TABLE IF EXISTS `Features_AUD`;
/*!40101 SET @saved_cs_client     = @@character_set_client */;
/*!40101 SET character_set_client = utf8 */;
CREATE TABLE `Features_AUD` (
  `FeatureID` int(11) NOT NULL,
  `REV` int(11) NOT NULL,
  `REVTYPE` tinyint(4) DEFAULT NULL,
  `DateCreated` datetime DEFAULT NULL,
  `Description` longtext,
  `FeatureDefault` bit(1) DEFAULT NULL,
  `Name` varchar(255) DEFAULT NULL,
  `Link2FeatureID` int(11) DEFAULT NULL,
  `RegionID` int(11) DEFAULT NULL,
  `SequenceID` int(11) DEFAULT NULL,
  PRIMARY KEY (`FeatureID`,`REV`),
  KEY `FK_i5819kpc7x3sxes3meew98m7n` (`REV`),
  CONSTRAINT `FK_i5819kpc7x3sxes3meew98m7n` FOREIGN KEY (`REV`) REFERENCES `Revision` (`id`)
) ENGINE=InnoDB DEFAULT CHARSET=latin1;
/*!40101 SET character_set_client = @saved_cs_client */;

--
-- Dumping data for table `Features_AUD`
--

LOCK TABLES `Features_AUD` WRITE;
/*!40000 ALTER TABLE `Features_AUD` DISABLE KEYS */;
/*!40000 ALTER TABLE `Features_AUD` ENABLE KEYS */;
UNLOCK TABLES;

--
-- Table structure for table `FileSystemWatcherEntry`
--

DROP TABLE IF EXISTS `FileSystemWatcherEntry`;
/*!40101 SET @saved_cs_client     = @@character_set_client */;
/*!40101 SET character_set_client = utf8 */;
CREATE TABLE `FileSystemWatcherEntry` (
  `FileSystemWatcherEntryID` int(11) NOT NULL AUTO_INCREMENT,
  `AutoLink` bit(1) NOT NULL,
  `AutoLinkingRegex` varchar(255) DEFAULT NULL,
  `EntityType` varchar(255) NOT NULL,
  `FieldToLink` varchar(255) DEFAULT NULL,
  `FileNameFilter` varchar(255) DEFAULT NULL,
  `LastModified` datetime(6) DEFAULT NULL,
  `Path` varchar(255) NOT NULL,
  `Recursive` bit(1) NOT NULL,
  PRIMARY KEY (`FileSystemWatcherEntryID`),
  UNIQUE KEY `UK_fbuc77csbl7qcicve29l7d04a` (`Path`)
) ENGINE=InnoDB DEFAULT CHARSET=latin1;
/*!40101 SET character_set_client = @saved_cs_client */;

--
-- Dumping data for table `FileSystemWatcherEntry`
--

LOCK TABLES `FileSystemWatcherEntry` WRITE;
/*!40000 ALTER TABLE `FileSystemWatcherEntry` DISABLE KEYS */;
/*!40000 ALTER TABLE `FileSystemWatcherEntry` ENABLE KEYS */;
UNLOCK TABLES;

--
-- Table structure for table `Fragments`
--

DROP TABLE IF EXISTS `Fragments`;
/*!40101 SET @saved_cs_client     = @@character_set_client */;
/*!40101 SET character_set_client = utf8 */;
CREATE TABLE `Fragments` (
  `FragmentID` int(11) NOT NULL AUTO_INCREMENT,
  `CreationDate` datetime(6) DEFAULT NULL,
  `FileDir` varchar(255) DEFAULT NULL,
  `FileName` varchar(255) DEFAULT NULL,
  `LastModified` datetime(6) DEFAULT NULL,
  `Name` varchar(255) NOT NULL,
  `Note` varchar(1024) DEFAULT NULL,
  `Result` varchar(50) DEFAULT NULL,
  `GroupID` int(11) DEFAULT NULL,
  `PcrBatchID` int(11) DEFAULT NULL,
  `PcrReactionID` int(11) DEFAULT NULL,
  `RegionID` int(11) DEFAULT NULL,
  `SampleID` int(11) DEFAULT NULL,
  `SeqBatchID` int(11) DEFAULT NULL,
  `SeqReactionID` int(11) DEFAULT NULL,
  `SpecimenID` int(11) DEFAULT NULL,
  PRIMARY KEY (`FragmentID`),
  KEY `fragment_name_idx` (`Name`),
  KEY `FK_690ir8h4t5713e5g8bpjxuqbv` (`GroupID`),
  KEY `FK_btqnax4uj78wdq9hc58g2s3ey` (`PcrBatchID`),
  KEY `FK_is4e1n5v2h6ynpek902c5h7bu` (`PcrReactionID`),
  KEY `FK_nfv5dwm6h44wnc721jf51uigy` (`RegionID`),
  KEY `FK_jsofbufrsm6m5h8qisfhkv9or` (`SampleID`),
  KEY `FK_n4b3g85fdqd5j407l6n3pmy3b` (`SeqBatchID`),
  KEY `FK_gcnjlac5jn8tln0ug2qkftf9b` (`SeqReactionID`),
  KEY `FK_7kanmm9rrhdfnmdx641s6f68j` (`SpecimenID`),
  CONSTRAINT `FK_690ir8h4t5713e5g8bpjxuqbv` FOREIGN KEY (`GroupID`) REFERENCES `Groups` (`GroupID`),
  CONSTRAINT `FK_7kanmm9rrhdfnmdx641s6f68j` FOREIGN KEY (`SpecimenID`) REFERENCES `Specimens` (`SpecimenID`),
  CONSTRAINT `FK_btqnax4uj78wdq9hc58g2s3ey` FOREIGN KEY (`PcrBatchID`) REFERENCES `PcrBatchs` (`PCRBatchID`),
  CONSTRAINT `FK_gcnjlac5jn8tln0ug2qkftf9b` FOREIGN KEY (`SeqReactionID`) REFERENCES `SeqReactions` (`SeqReactionID`),
  CONSTRAINT `FK_is4e1n5v2h6ynpek902c5h7bu` FOREIGN KEY (`PcrReactionID`) REFERENCES `PcrReactions` (`PcrReactionID`),
  CONSTRAINT `FK_jsofbufrsm6m5h8qisfhkv9or` FOREIGN KEY (`SampleID`) REFERENCES `Samples` (`SampleID`),
  CONSTRAINT `FK_n4b3g85fdqd5j407l6n3pmy3b` FOREIGN KEY (`SeqBatchID`) REFERENCES `SeqBatchs` (`SeqBatchID`),
  CONSTRAINT `FK_nfv5dwm6h44wnc721jf51uigy` FOREIGN KEY (`RegionID`) REFERENCES `Regions` (`TagID`)
) ENGINE=InnoDB AUTO_INCREMENT=3 DEFAULT CHARSET=latin1;
/*!40101 SET character_set_client = @saved_cs_client */;

--
-- Dumping data for table `Fragments`
--

LOCK TABLES `Fragments` WRITE;
/*!40000 ALTER TABLE `Fragments` DISABLE KEYS */;
INSERT INTO `Fragments` VALUES (1,'2015-01-09 00:00:00.000000','/Users/fragments/run1','frag1.fsa','2015-02-09 00:00:00.000000','frag1','sequence is faint','faint',2,NULL,1,NULL,1,1,NULL,1),(2,'2015-01-09 00:00:00.000000','/Users/fragments/run2','frag2.fsa','2015-02-09 00:00:00.000000','frag002','sequence is faint','good',2,NULL,1,NULL,2,1,NULL,2);
/*!40000 ALTER TABLE `Fragments` ENABLE KEYS */;
UNLOCK TABLES;

--
-- Table structure for table `Fragments_AUD`
--

DROP TABLE IF EXISTS `Fragments_AUD`;
/*!40101 SET @saved_cs_client     = @@character_set_client */;
/*!40101 SET character_set_client = utf8 */;
CREATE TABLE `Fragments_AUD` (
  `FragmentID` int(11) NOT NULL,
  `REV` int(11) NOT NULL,
  `REVTYPE` tinyint(4) DEFAULT NULL,
  `CreationDate` datetime(6) DEFAULT NULL,
  `FileDir` varchar(255) DEFAULT NULL,
  `FileName` varchar(255) DEFAULT NULL,
  `Name` varchar(255) DEFAULT NULL,
  `Note` varchar(1024) DEFAULT NULL,
  `Result` varchar(50) DEFAULT NULL,
  `GroupID` int(11) DEFAULT NULL,
  `PcrBatchID` int(11) DEFAULT NULL,
  `PcrReactionID` int(11) DEFAULT NULL,
  `RegionID` int(11) DEFAULT NULL,
  `SampleID` int(11) DEFAULT NULL,
  `SeqBatchID` int(11) DEFAULT NULL,
  `SeqReactionID` int(11) DEFAULT NULL,
  `SpecimenID` int(11) DEFAULT NULL,
  PRIMARY KEY (`FragmentID`,`REV`),
  KEY `FK_c3c6aipgssi2std58qr8hltxa` (`REV`),
  CONSTRAINT `FK_c3c6aipgssi2std58qr8hltxa` FOREIGN KEY (`REV`) REFERENCES `Revision` (`id`)
) ENGINE=InnoDB DEFAULT CHARSET=latin1;
/*!40101 SET character_set_client = @saved_cs_client */;

--
-- Dumping data for table `Fragments_AUD`
--

LOCK TABLES `Fragments_AUD` WRITE;
/*!40000 ALTER TABLE `Fragments_AUD` DISABLE KEYS */;
/*!40000 ALTER TABLE `Fragments_AUD` ENABLE KEYS */;
UNLOCK TABLES;

--
-- Table structure for table `FungalInfos`
--

DROP TABLE IF EXISTS `FungalInfos`;
/*!40101 SET @saved_cs_client     = @@character_set_client */;
/*!40101 SET character_set_client = utf8 */;
CREATE TABLE `FungalInfos` (
  `FungalInfoID` int(11) NOT NULL AUTO_INCREMENT,
  `CCFCNumber` varchar(50) DEFAULT NULL,
  `DAOMGroup` varchar(50) DEFAULT NULL,
  `DAOMNumber` varchar(50) DEFAULT NULL,
  `Culture` bit(1) DEFAULT NULL,
  `CultureType` varchar(50) DEFAULT NULL,
  `IsolateNumber` varchar(50) DEFAULT NULL,
  `IsolatedBy` varchar(50) DEFAULT NULL,
  `IsolationDate` date DEFAULT NULL,
  `LastModified` datetime(6) DEFAULT NULL,
  `Notes` varchar(1024) DEFAULT NULL,
  `ReceivedFrom` varchar(255) DEFAULT NULL,
  `SavedAs` varchar(50) DEFAULT NULL,
  `ToCCFC` date DEFAULT NULL,
  `ToDAOM` date DEFAULT NULL,
  PRIMARY KEY (`FungalInfoID`)
) ENGINE=InnoDB AUTO_INCREMENT=111 DEFAULT CHARSET=latin1;
/*!40101 SET character_set_client = @saved_cs_client */;

--
-- Dumping data for table `FungalInfos`
--

LOCK TABLES `FungalInfos` WRITE;
/*!40000 ALTER TABLE `FungalInfos` DISABLE KEYS */;
INSERT INTO `FungalInfos` VALUES (1,'CCFC23','Dunno','DAOM2323','\0','Water','KAS 1','Keith Seifert','2007-01-05','2018-03-15 21:30:06.618000',NULL,'bob1','Culture','2007-01-05','2007-01-05'),(2,'CCFC2','Dunno2','DAOM2323','\0','Water2','KAS 2','Keith Seifert','2002-01-05','2018-03-15 21:30:06.440000',NULL,'bob2','Culture2','2004-01-02','2004-02-05'),(3,'CCFC3','Dunno','DAOM233','\0','Water3','KAS 3','Keith3 Seifert','2003-01-05','2018-03-15 21:30:06.295000',NULL,'bob3','Culture3','2007-01-03','2007-03-05'),(4,'CCFC4','soil4','DAOM24','\0','Water4','KAS 4','Keith4 Seifert','2004-01-05','2018-03-15 21:30:06.154000',NULL,'bob4','Culture4','2007-04-05','2007-01-05'),(5,'CCFC5','soil5','DAOM25','\0','Water5','KAS 5','Keith4 Seifert','2005-01-05','2018-03-15 21:30:05.994000',NULL,'bob5','Culture5','2007-05-05','2007-01-05'),(12,'CCFC12','soil12','DAOM212','\0','Water12','KAS 12','Keith4 Seifert','2004-05-12','2018-03-15 21:30:05.830000',NULL,'bob12','Culture12','2005-05-12','2005-01-05'),(13,'CCFC13','soil12','DAOM213',NULL,'Water13','XYZ 13','Mat Poff','2004-05-12','2013-03-19 00:00:00.000000',NULL,'bob13','Culture13','2005-05-13','2005-01-05'),(14,'CCFC14','soil14','DAOM214',NULL,'Water14','XYZ 14','Mat Poff','2004-05-14','2013-03-19 00:00:00.000000',NULL,'bob14','Culture14','2005-05-14','2005-01-05'),(15,NULL,NULL,NULL,'\0',NULL,NULL,NULL,NULL,'2018-03-15 21:30:05.676000',NULL,NULL,NULL,NULL,NULL),(16,NULL,NULL,NULL,'\0',NULL,NULL,NULL,NULL,'2018-03-15 21:30:05.584000',NULL,NULL,NULL,NULL,NULL),(17,NULL,NULL,NULL,'\0',NULL,NULL,NULL,NULL,'2018-03-15 21:30:05.492000',NULL,NULL,NULL,NULL,NULL),(18,NULL,NULL,NULL,'\0',NULL,NULL,NULL,NULL,'2018-03-15 21:30:05.400000',NULL,NULL,NULL,NULL,NULL),(19,NULL,NULL,NULL,'\0',NULL,NULL,NULL,NULL,'2018-03-15 21:30:05.308000',NULL,NULL,NULL,NULL,NULL),(20,NULL,NULL,NULL,'\0',NULL,NULL,NULL,NULL,'2018-03-15 21:30:05.210000',NULL,NULL,NULL,NULL,NULL),(21,NULL,NULL,NULL,'\0',NULL,NULL,NULL,NULL,'2018-03-15 21:30:05.114000',NULL,NULL,NULL,NULL,NULL),(22,NULL,NULL,NULL,'\0',NULL,NULL,NULL,NULL,'2018-03-15 21:30:05.022000',NULL,NULL,NULL,NULL,NULL),(23,NULL,NULL,NULL,'\0',NULL,NULL,NULL,NULL,'2018-03-15 21:30:04.928000',NULL,NULL,NULL,NULL,NULL),(24,NULL,NULL,NULL,'\0',NULL,NULL,NULL,NULL,'2018-03-15 21:30:04.841000',NULL,NULL,NULL,NULL,NULL),(25,NULL,NULL,NULL,'\0',NULL,NULL,NULL,NULL,'2018-03-15 21:30:04.758000',NULL,NULL,NULL,NULL,NULL),(26,NULL,NULL,NULL,'\0',NULL,NULL,NULL,NULL,'2018-03-15 21:30:04.665000',NULL,NULL,NULL,NULL,NULL),(27,NULL,NULL,NULL,'\0',NULL,NULL,NULL,NULL,'2018-03-15 21:30:04.579000',NULL,NULL,NULL,NULL,NULL),(28,NULL,NULL,NULL,'\0',NULL,NULL,NULL,NULL,'2018-03-15 21:30:04.458000',NULL,NULL,NULL,NULL,NULL),(29,NULL,NULL,NULL,'\0',NULL,NULL,NULL,NULL,'2018-03-15 21:30:04.373000',NULL,NULL,NULL,NULL,NULL),(30,NULL,NULL,NULL,'\0',NULL,NULL,NULL,NULL,'2018-03-15 21:30:04.280000',NULL,NULL,NULL,NULL,NULL),(31,NULL,NULL,NULL,'\0',NULL,NULL,NULL,NULL,'2018-03-15 21:30:04.199000',NULL,NULL,NULL,NULL,NULL),(32,NULL,NULL,NULL,'\0',NULL,NULL,NULL,NULL,'2018-03-15 21:30:04.117000',NULL,NULL,NULL,NULL,NULL),(33,NULL,NULL,NULL,'\0',NULL,NULL,NULL,NULL,'2018-03-15 21:30:04.030000',NULL,NULL,NULL,NULL,NULL),(34,NULL,NULL,NULL,'\0',NULL,NULL,NULL,NULL,'2018-03-15 21:30:03.944000',NULL,NULL,NULL,NULL,NULL),(35,NULL,NULL,NULL,'\0',NULL,NULL,NULL,NULL,'2018-03-15 21:30:03.859000',NULL,NULL,NULL,NULL,NULL),(36,NULL,NULL,NULL,'\0',NULL,NULL,NULL,NULL,'2018-03-15 21:30:03.774000',NULL,NULL,NULL,NULL,NULL),(37,NULL,NULL,NULL,'\0',NULL,NULL,NULL,NULL,'2018-03-15 21:30:03.695000',NULL,NULL,NULL,NULL,NULL),(38,NULL,NULL,NULL,'\0',NULL,NULL,NULL,NULL,'2018-03-15 21:30:03.613000',NULL,NULL,NULL,NULL,NULL),(39,NULL,NULL,NULL,'\0',NULL,NULL,NULL,NULL,'2018-03-15 21:30:03.533000',NULL,NULL,NULL,NULL,NULL),(40,NULL,NULL,NULL,'\0',NULL,NULL,NULL,NULL,'2018-03-15 21:30:03.451000',NULL,NULL,NULL,NULL,NULL),(41,NULL,NULL,NULL,'\0',NULL,NULL,NULL,NULL,'2018-03-15 21:30:03.369000',NULL,NULL,NULL,NULL,NULL),(42,NULL,NULL,NULL,'\0',NULL,NULL,NULL,NULL,'2018-03-15 21:30:03.292000',NULL,NULL,NULL,NULL,NULL),(43,NULL,NULL,NULL,'\0',NULL,NULL,NULL,NULL,'2018-03-15 21:30:03.219000',NULL,NULL,NULL,NULL,NULL),(44,NULL,NULL,NULL,'\0',NULL,NULL,NULL,NULL,'2018-03-15 21:30:03.136000',NULL,NULL,NULL,NULL,NULL),(45,NULL,NULL,NULL,'\0',NULL,NULL,NULL,NULL,'2018-03-15 21:30:03.050000',NULL,NULL,NULL,NULL,NULL),(46,NULL,NULL,NULL,'\0',NULL,NULL,NULL,NULL,'2018-03-15 21:30:02.979000',NULL,NULL,NULL,NULL,NULL),(47,NULL,NULL,NULL,'\0',NULL,NULL,NULL,NULL,'2018-03-15 21:30:02.895000',NULL,NULL,NULL,NULL,NULL),(48,NULL,NULL,NULL,'\0',NULL,NULL,NULL,NULL,'2018-03-15 21:30:02.811000',NULL,NULL,NULL,NULL,NULL),(49,NULL,NULL,NULL,'\0',NULL,NULL,NULL,NULL,'2018-03-15 21:30:02.738000',NULL,NULL,NULL,NULL,NULL),(50,NULL,NULL,NULL,'\0',NULL,NULL,NULL,NULL,'2018-03-15 21:30:02.663000',NULL,NULL,NULL,NULL,NULL),(51,NULL,NULL,NULL,'\0',NULL,NULL,NULL,NULL,'2018-03-15 21:30:02.569000',NULL,NULL,NULL,NULL,NULL),(52,NULL,NULL,NULL,'\0',NULL,NULL,NULL,NULL,'2018-03-15 21:30:02.500000',NULL,NULL,NULL,NULL,NULL),(53,NULL,NULL,NULL,'\0',NULL,NULL,NULL,NULL,'2018-03-15 21:30:02.435000',NULL,NULL,NULL,NULL,NULL),(54,NULL,NULL,NULL,'\0',NULL,NULL,NULL,NULL,'2018-03-15 21:30:02.367000',NULL,NULL,NULL,NULL,NULL),(55,NULL,NULL,NULL,'\0',NULL,NULL,NULL,NULL,'2018-03-15 21:30:02.297000',NULL,NULL,NULL,NULL,NULL),(56,NULL,NULL,NULL,'\0',NULL,NULL,NULL,NULL,'2018-03-15 21:30:02.222000',NULL,NULL,NULL,NULL,NULL),(57,NULL,NULL,NULL,'\0',NULL,NULL,NULL,NULL,'2018-03-15 21:30:02.158000',NULL,NULL,NULL,NULL,NULL),(58,NULL,NULL,NULL,'\0',NULL,NULL,NULL,NULL,'2018-03-15 21:30:02.080000',NULL,NULL,NULL,NULL,NULL),(59,NULL,NULL,NULL,'\0',NULL,NULL,NULL,NULL,'2018-03-15 21:30:02.015000',NULL,NULL,NULL,NULL,NULL),(60,NULL,NULL,NULL,'\0',NULL,NULL,NULL,NULL,'2018-03-15 21:30:01.933000',NULL,NULL,NULL,NULL,NULL),(61,NULL,NULL,NULL,'\0',NULL,NULL,NULL,NULL,'2018-03-15 21:30:01.852000',NULL,NULL,NULL,NULL,NULL),(62,NULL,NULL,NULL,'\0',NULL,NULL,NULL,NULL,'2018-03-15 21:30:01.789000',NULL,NULL,NULL,NULL,NULL),(63,NULL,NULL,NULL,'\0',NULL,NULL,NULL,NULL,'2018-03-15 21:30:01.698000',NULL,NULL,NULL,NULL,NULL),(64,NULL,NULL,NULL,'\0',NULL,NULL,NULL,NULL,'2018-03-15 21:30:01.638000',NULL,NULL,NULL,NULL,NULL),(65,NULL,NULL,NULL,'\0',NULL,NULL,NULL,NULL,'2018-03-15 21:30:01.574000',NULL,NULL,NULL,NULL,NULL),(66,NULL,NULL,NULL,'\0',NULL,NULL,NULL,NULL,'2018-03-15 21:30:01.515000',NULL,NULL,NULL,NULL,NULL),(67,NULL,NULL,NULL,'\0',NULL,NULL,NULL,NULL,'2018-03-15 21:30:01.456000',NULL,NULL,NULL,NULL,NULL),(68,NULL,NULL,NULL,'\0',NULL,NULL,NULL,NULL,'2018-03-15 21:30:01.392000',NULL,NULL,NULL,NULL,NULL),(69,NULL,NULL,NULL,'\0',NULL,NULL,NULL,NULL,'2018-03-15 21:30:01.312000',NULL,NULL,NULL,NULL,NULL),(70,NULL,NULL,NULL,'\0',NULL,NULL,NULL,NULL,'2018-03-15 21:30:01.253000',NULL,NULL,NULL,NULL,NULL),(71,NULL,NULL,NULL,'\0',NULL,NULL,NULL,NULL,'2018-03-15 21:30:01.192000',NULL,NULL,NULL,NULL,NULL),(72,NULL,NULL,NULL,'\0',NULL,NULL,NULL,NULL,'2018-03-15 21:30:01.127000',NULL,NULL,NULL,NULL,NULL),(73,NULL,NULL,NULL,'\0',NULL,NULL,NULL,NULL,'2018-03-15 21:30:01.064000',NULL,NULL,NULL,NULL,NULL),(74,NULL,NULL,NULL,'\0',NULL,NULL,NULL,NULL,'2018-03-15 21:30:00.996000',NULL,NULL,NULL,NULL,NULL),(75,NULL,NULL,NULL,'\0',NULL,NULL,NULL,NULL,'2018-03-15 21:30:00.941000',NULL,NULL,NULL,NULL,NULL),(76,NULL,NULL,NULL,'\0',NULL,NULL,NULL,NULL,'2018-03-15 21:30:00.879000',NULL,NULL,NULL,NULL,NULL),(77,NULL,NULL,NULL,'\0',NULL,NULL,NULL,NULL,'2018-03-15 21:30:00.821000',NULL,NULL,NULL,NULL,NULL),(78,NULL,NULL,NULL,'\0',NULL,NULL,NULL,NULL,'2018-03-15 21:30:00.750000',NULL,NULL,NULL,NULL,NULL),(79,NULL,NULL,NULL,'\0',NULL,NULL,NULL,NULL,'2018-03-15 21:30:00.680000',NULL,NULL,NULL,NULL,NULL),(80,NULL,NULL,NULL,'\0',NULL,NULL,NULL,NULL,'2018-03-15 21:30:00.608000',NULL,NULL,NULL,NULL,NULL),(81,NULL,NULL,NULL,'\0',NULL,NULL,NULL,NULL,'2018-03-15 21:30:00.533000',NULL,NULL,NULL,NULL,NULL),(82,NULL,NULL,NULL,'\0',NULL,NULL,NULL,NULL,'2018-03-15 21:30:00.481000',NULL,NULL,NULL,NULL,NULL),(83,NULL,NULL,NULL,'\0',NULL,NULL,NULL,NULL,'2018-03-15 21:30:00.429000',NULL,NULL,NULL,NULL,NULL),(84,NULL,NULL,NULL,'\0',NULL,NULL,NULL,NULL,'2018-03-15 21:30:00.375000',NULL,NULL,NULL,NULL,NULL),(85,NULL,NULL,NULL,'\0',NULL,NULL,NULL,NULL,'2018-03-15 21:30:00.326000',NULL,NULL,NULL,NULL,NULL),(86,NULL,NULL,NULL,'\0',NULL,NULL,NULL,NULL,'2018-03-15 21:30:00.277000',NULL,NULL,NULL,NULL,NULL),(87,NULL,NULL,NULL,'\0',NULL,NULL,NULL,NULL,'2018-03-15 21:30:00.226000',NULL,NULL,NULL,NULL,NULL),(88,NULL,NULL,NULL,'\0',NULL,NULL,NULL,NULL,'2018-03-15 21:30:00.162000',NULL,NULL,NULL,NULL,NULL),(89,NULL,NULL,NULL,'\0',NULL,NULL,NULL,NULL,'2018-03-15 21:30:00.094000',NULL,NULL,NULL,NULL,NULL),(90,NULL,NULL,NULL,'\0',NULL,NULL,NULL,NULL,'2018-03-15 21:30:00.033000',NULL,NULL,NULL,NULL,NULL),(91,NULL,NULL,NULL,'\0',NULL,NULL,NULL,NULL,'2018-03-15 21:29:59.972000',NULL,NULL,NULL,NULL,NULL),(92,NULL,NULL,NULL,'\0',NULL,NULL,NULL,NULL,'2018-03-15 21:29:59.911000',NULL,NULL,NULL,NULL,NULL),(93,NULL,NULL,NULL,'\0',NULL,NULL,NULL,NULL,'2018-03-15 21:29:59.848000',NULL,NULL,NULL,NULL,NULL),(94,NULL,NULL,NULL,'\0',NULL,NULL,NULL,NULL,'2018-03-15 21:29:59.790000',NULL,NULL,NULL,NULL,NULL),(95,NULL,NULL,NULL,'\0',NULL,NULL,NULL,NULL,'2018-03-15 21:29:59.734000',NULL,NULL,NULL,NULL,NULL),(96,NULL,NULL,NULL,'\0',NULL,NULL,NULL,NULL,'2018-03-15 21:29:59.684000',NULL,NULL,NULL,NULL,NULL),(97,NULL,NULL,NULL,'\0',NULL,NULL,NULL,NULL,'2018-03-15 21:29:59.644000',NULL,NULL,NULL,NULL,NULL),(98,NULL,NULL,NULL,'\0',NULL,NULL,NULL,NULL,'2018-03-15 21:29:59.584000',NULL,NULL,NULL,NULL,NULL),(99,NULL,NULL,NULL,'\0',NULL,NULL,NULL,NULL,'2018-03-15 21:29:59.546000',NULL,NULL,NULL,NULL,NULL),(100,NULL,NULL,NULL,'\0',NULL,NULL,NULL,NULL,'2018-03-15 21:29:59.511000',NULL,NULL,NULL,NULL,NULL),(101,NULL,NULL,NULL,'\0',NULL,NULL,NULL,NULL,'2018-03-15 21:29:59.475000',NULL,NULL,NULL,NULL,NULL),(102,NULL,NULL,NULL,'\0',NULL,NULL,NULL,NULL,'2018-03-15 21:29:59.439000',NULL,NULL,NULL,NULL,NULL),(103,NULL,NULL,NULL,'\0',NULL,NULL,NULL,NULL,'2018-03-15 21:29:59.403000',NULL,NULL,NULL,NULL,NULL),(104,NULL,NULL,NULL,'\0',NULL,NULL,NULL,NULL,'2018-03-15 21:29:59.369000',NULL,NULL,NULL,NULL,NULL),(105,NULL,NULL,NULL,'\0',NULL,NULL,NULL,NULL,'2018-03-15 21:29:59.337000',NULL,NULL,NULL,NULL,NULL),(106,NULL,NULL,NULL,'\0',NULL,NULL,NULL,NULL,'2018-03-15 21:29:59.306000',NULL,NULL,NULL,NULL,NULL),(107,NULL,NULL,NULL,'\0',NULL,NULL,NULL,NULL,'2018-03-15 21:29:59.274000',NULL,NULL,NULL,NULL,NULL),(108,NULL,NULL,NULL,'\0',NULL,NULL,NULL,NULL,'2018-03-15 21:29:59.106000',NULL,NULL,NULL,NULL,NULL),(109,NULL,NULL,NULL,'\0',NULL,NULL,NULL,NULL,'2018-03-15 21:29:58.975000',NULL,NULL,NULL,NULL,NULL),(110,NULL,NULL,NULL,'\0',NULL,NULL,NULL,NULL,'2018-03-15 21:29:58.937000',NULL,NULL,NULL,NULL,NULL);
/*!40000 ALTER TABLE `FungalInfos` ENABLE KEYS */;
UNLOCK TABLES;

--
-- Table structure for table `FungalInfos_AUD`
--

DROP TABLE IF EXISTS `FungalInfos_AUD`;
/*!40101 SET @saved_cs_client     = @@character_set_client */;
/*!40101 SET character_set_client = utf8 */;
CREATE TABLE `FungalInfos_AUD` (
  `FungalInfoID` int(11) NOT NULL,
  `REV` int(11) NOT NULL,
  `REVTYPE` tinyint(4) DEFAULT NULL,
  `CCFCNumber` varchar(50) DEFAULT NULL,
  `DAOMGroup` varchar(50) DEFAULT NULL,
  `DAOMNumber` varchar(50) DEFAULT NULL,
  `Culture` bit(1) DEFAULT NULL,
  `CultureType` varchar(50) DEFAULT NULL,
  `IsolateNumber` varchar(50) DEFAULT NULL,
  `IsolatedBy` varchar(50) DEFAULT NULL,
  `IsolationDate` date DEFAULT NULL,
  `Notes` varchar(1024) DEFAULT NULL,
  `ReceivedFrom` varchar(255) DEFAULT NULL,
  `SavedAs` varchar(50) DEFAULT NULL,
  `ToCCFC` date DEFAULT NULL,
  `ToDAOM` date DEFAULT NULL,
  PRIMARY KEY (`FungalInfoID`,`REV`),
  KEY `FK_60m2opdbdh0oovy8ojgwg2kf3` (`REV`),
  CONSTRAINT `FK_60m2opdbdh0oovy8ojgwg2kf3` FOREIGN KEY (`REV`) REFERENCES `Revision` (`id`)
) ENGINE=InnoDB DEFAULT CHARSET=latin1;
/*!40101 SET character_set_client = @saved_cs_client */;

--
-- Dumping data for table `FungalInfos_AUD`
--

LOCK TABLES `FungalInfos_AUD` WRITE;
/*!40000 ALTER TABLE `FungalInfos_AUD` DISABLE KEYS */;
INSERT INTO `FungalInfos_AUD` VALUES (1,7,1,'CCFC23','Dunno','DAOM2323','\0','Water','KAS 1','Keith Seifert','2007-01-05',NULL,'bob1','Culture','2007-01-05','2007-01-05'),(2,7,1,'CCFC2','Dunno2','DAOM2323','\0','Water2','KAS 2','Keith Seifert','2002-01-05',NULL,'bob2','Culture2','2004-01-02','2004-02-05'),(3,7,1,'CCFC3','Dunno','DAOM233','\0','Water3','KAS 3','Keith3 Seifert','2003-01-05',NULL,'bob3','Culture3','2007-01-03','2007-03-05'),(4,7,1,'CCFC4','soil4','DAOM24','\0','Water4','KAS 4','Keith4 Seifert','2004-01-05',NULL,'bob4','Culture4','2007-04-05','2007-01-05'),(5,7,1,'CCFC5','soil5','DAOM25','\0','Water5','KAS 5','Keith4 Seifert','2005-01-05',NULL,'bob5','Culture5','2007-05-05','2007-01-05'),(12,7,1,'CCFC12','soil12','DAOM212','\0','Water12','KAS 12','Keith4 Seifert','2004-05-12',NULL,'bob12','Culture12','2005-05-12','2005-01-05'),(15,6,0,NULL,NULL,NULL,NULL,NULL,NULL,NULL,NULL,NULL,NULL,NULL,NULL,NULL),(15,7,1,NULL,NULL,NULL,'\0',NULL,NULL,NULL,NULL,NULL,NULL,NULL,NULL,NULL),(16,6,0,NULL,NULL,NULL,NULL,NULL,NULL,NULL,NULL,NULL,NULL,NULL,NULL,NULL),(16,7,1,NULL,NULL,NULL,'\0',NULL,NULL,NULL,NULL,NULL,NULL,NULL,NULL,NULL),(17,6,0,NULL,NULL,NULL,NULL,NULL,NULL,NULL,NULL,NULL,NULL,NULL,NULL,NULL),(17,7,1,NULL,NULL,NULL,'\0',NULL,NULL,NULL,NULL,NULL,NULL,NULL,NULL,NULL),(18,6,0,NULL,NULL,NULL,NULL,NULL,NULL,NULL,NULL,NULL,NULL,NULL,NULL,NULL),(18,7,1,NULL,NULL,NULL,'\0',NULL,NULL,NULL,NULL,NULL,NULL,NULL,NULL,NULL),(19,6,0,NULL,NULL,NULL,NULL,NULL,NULL,NULL,NULL,NULL,NULL,NULL,NULL,NULL),(19,7,1,NULL,NULL,NULL,'\0',NULL,NULL,NULL,NULL,NULL,NULL,NULL,NULL,NULL),(20,6,0,NULL,NULL,NULL,NULL,NULL,NULL,NULL,NULL,NULL,NULL,NULL,NULL,NULL),(20,7,1,NULL,NULL,NULL,'\0',NULL,NULL,NULL,NULL,NULL,NULL,NULL,NULL,NULL),(21,6,0,NULL,NULL,NULL,NULL,NULL,NULL,NULL,NULL,NULL,NULL,NULL,NULL,NULL),(21,7,1,NULL,NULL,NULL,'\0',NULL,NULL,NULL,NULL,NULL,NULL,NULL,NULL,NULL),(22,6,0,NULL,NULL,NULL,NULL,NULL,NULL,NULL,NULL,NULL,NULL,NULL,NULL,NULL),(22,7,1,NULL,NULL,NULL,'\0',NULL,NULL,NULL,NULL,NULL,NULL,NULL,NULL,NULL),(23,6,0,NULL,NULL,NULL,NULL,NULL,NULL,NULL,NULL,NULL,NULL,NULL,NULL,NULL),(23,7,1,NULL,NULL,NULL,'\0',NULL,NULL,NULL,NULL,NULL,NULL,NULL,NULL,NULL),(24,6,0,NULL,NULL,NULL,NULL,NULL,NULL,NULL,NULL,NULL,NULL,NULL,NULL,NULL),(24,7,1,NULL,NULL,NULL,'\0',NULL,NULL,NULL,NULL,NULL,NULL,NULL,NULL,NULL),(25,6,0,NULL,NULL,NULL,NULL,NULL,NULL,NULL,NULL,NULL,NULL,NULL,NULL,NULL),(25,7,1,NULL,NULL,NULL,'\0',NULL,NULL,NULL,NULL,NULL,NULL,NULL,NULL,NULL),(26,6,0,NULL,NULL,NULL,NULL,NULL,NULL,NULL,NULL,NULL,NULL,NULL,NULL,NULL),(26,7,1,NULL,NULL,NULL,'\0',NULL,NULL,NULL,NULL,NULL,NULL,NULL,NULL,NULL),(27,6,0,NULL,NULL,NULL,NULL,NULL,NULL,NULL,NULL,NULL,NULL,NULL,NULL,NULL),(27,7,1,NULL,NULL,NULL,'\0',NULL,NULL,NULL,NULL,NULL,NULL,NULL,NULL,NULL),(28,6,0,NULL,NULL,NULL,NULL,NULL,NULL,NULL,NULL,NULL,NULL,NULL,NULL,NULL),(28,7,1,NULL,NULL,NULL,'\0',NULL,NULL,NULL,NULL,NULL,NULL,NULL,NULL,NULL),(29,6,0,NULL,NULL,NULL,NULL,NULL,NULL,NULL,NULL,NULL,NULL,NULL,NULL,NULL),(29,7,1,NULL,NULL,NULL,'\0',NULL,NULL,NULL,NULL,NULL,NULL,NULL,NULL,NULL),(30,6,0,NULL,NULL,NULL,NULL,NULL,NULL,NULL,NULL,NULL,NULL,NULL,NULL,NULL),(30,7,1,NULL,NULL,NULL,'\0',NULL,NULL,NULL,NULL,NULL,NULL,NULL,NULL,NULL),(31,6,0,NULL,NULL,NULL,NULL,NULL,NULL,NULL,NULL,NULL,NULL,NULL,NULL,NULL),(31,7,1,NULL,NULL,NULL,'\0',NULL,NULL,NULL,NULL,NULL,NULL,NULL,NULL,NULL),(32,6,0,NULL,NULL,NULL,NULL,NULL,NULL,NULL,NULL,NULL,NULL,NULL,NULL,NULL),(32,7,1,NULL,NULL,NULL,'\0',NULL,NULL,NULL,NULL,NULL,NULL,NULL,NULL,NULL),(33,6,0,NULL,NULL,NULL,NULL,NULL,NULL,NULL,NULL,NULL,NULL,NULL,NULL,NULL),(33,7,1,NULL,NULL,NULL,'\0',NULL,NULL,NULL,NULL,NULL,NULL,NULL,NULL,NULL),(34,6,0,NULL,NULL,NULL,NULL,NULL,NULL,NULL,NULL,NULL,NULL,NULL,NULL,NULL),(34,7,1,NULL,NULL,NULL,'\0',NULL,NULL,NULL,NULL,NULL,NULL,NULL,NULL,NULL),(35,6,0,NULL,NULL,NULL,NULL,NULL,NULL,NULL,NULL,NULL,NULL,NULL,NULL,NULL),(35,7,1,NULL,NULL,NULL,'\0',NULL,NULL,NULL,NULL,NULL,NULL,NULL,NULL,NULL),(36,6,0,NULL,NULL,NULL,NULL,NULL,NULL,NULL,NULL,NULL,NULL,NULL,NULL,NULL),(36,7,1,NULL,NULL,NULL,'\0',NULL,NULL,NULL,NULL,NULL,NULL,NULL,NULL,NULL),(37,6,0,NULL,NULL,NULL,NULL,NULL,NULL,NULL,NULL,NULL,NULL,NULL,NULL,NULL),(37,7,1,NULL,NULL,NULL,'\0',NULL,NULL,NULL,NULL,NULL,NULL,NULL,NULL,NULL),(38,6,0,NULL,NULL,NULL,NULL,NULL,NULL,NULL,NULL,NULL,NULL,NULL,NULL,NULL),(38,7,1,NULL,NULL,NULL,'\0',NULL,NULL,NULL,NULL,NULL,NULL,NULL,NULL,NULL),(39,6,0,NULL,NULL,NULL,NULL,NULL,NULL,NULL,NULL,NULL,NULL,NULL,NULL,NULL),(39,7,1,NULL,NULL,NULL,'\0',NULL,NULL,NULL,NULL,NULL,NULL,NULL,NULL,NULL),(40,6,0,NULL,NULL,NULL,NULL,NULL,NULL,NULL,NULL,NULL,NULL,NULL,NULL,NULL),(40,7,1,NULL,NULL,NULL,'\0',NULL,NULL,NULL,NULL,NULL,NULL,NULL,NULL,NULL),(41,6,0,NULL,NULL,NULL,NULL,NULL,NULL,NULL,NULL,NULL,NULL,NULL,NULL,NULL),(41,7,1,NULL,NULL,NULL,'\0',NULL,NULL,NULL,NULL,NULL,NULL,NULL,NULL,NULL),(42,6,0,NULL,NULL,NULL,NULL,NULL,NULL,NULL,NULL,NULL,NULL,NULL,NULL,NULL),(42,7,1,NULL,NULL,NULL,'\0',NULL,NULL,NULL,NULL,NULL,NULL,NULL,NULL,NULL),(43,6,0,NULL,NULL,NULL,NULL,NULL,NULL,NULL,NULL,NULL,NULL,NULL,NULL,NULL),(43,7,1,NULL,NULL,NULL,'\0',NULL,NULL,NULL,NULL,NULL,NULL,NULL,NULL,NULL),(44,6,0,NULL,NULL,NULL,NULL,NULL,NULL,NULL,NULL,NULL,NULL,NULL,NULL,NULL),(44,7,1,NULL,NULL,NULL,'\0',NULL,NULL,NULL,NULL,NULL,NULL,NULL,NULL,NULL),(45,6,0,NULL,NULL,NULL,NULL,NULL,NULL,NULL,NULL,NULL,NULL,NULL,NULL,NULL),(45,7,1,NULL,NULL,NULL,'\0',NULL,NULL,NULL,NULL,NULL,NULL,NULL,NULL,NULL),(46,6,0,NULL,NULL,NULL,NULL,NULL,NULL,NULL,NULL,NULL,NULL,NULL,NULL,NULL),(46,7,1,NULL,NULL,NULL,'\0',NULL,NULL,NULL,NULL,NULL,NULL,NULL,NULL,NULL),(47,6,0,NULL,NULL,NULL,NULL,NULL,NULL,NULL,NULL,NULL,NULL,NULL,NULL,NULL),(47,7,1,NULL,NULL,NULL,'\0',NULL,NULL,NULL,NULL,NULL,NULL,NULL,NULL,NULL),(48,6,0,NULL,NULL,NULL,NULL,NULL,NULL,NULL,NULL,NULL,NULL,NULL,NULL,NULL),(48,7,1,NULL,NULL,NULL,'\0',NULL,NULL,NULL,NULL,NULL,NULL,NULL,NULL,NULL),(49,6,0,NULL,NULL,NULL,NULL,NULL,NULL,NULL,NULL,NULL,NULL,NULL,NULL,NULL),(49,7,1,NULL,NULL,NULL,'\0',NULL,NULL,NULL,NULL,NULL,NULL,NULL,NULL,NULL),(50,6,0,NULL,NULL,NULL,NULL,NULL,NULL,NULL,NULL,NULL,NULL,NULL,NULL,NULL),(50,7,1,NULL,NULL,NULL,'\0',NULL,NULL,NULL,NULL,NULL,NULL,NULL,NULL,NULL),(51,6,0,NULL,NULL,NULL,NULL,NULL,NULL,NULL,NULL,NULL,NULL,NULL,NULL,NULL),(51,7,1,NULL,NULL,NULL,'\0',NULL,NULL,NULL,NULL,NULL,NULL,NULL,NULL,NULL),(52,6,0,NULL,NULL,NULL,NULL,NULL,NULL,NULL,NULL,NULL,NULL,NULL,NULL,NULL),(52,7,1,NULL,NULL,NULL,'\0',NULL,NULL,NULL,NULL,NULL,NULL,NULL,NULL,NULL),(53,6,0,NULL,NULL,NULL,NULL,NULL,NULL,NULL,NULL,NULL,NULL,NULL,NULL,NULL),(53,7,1,NULL,NULL,NULL,'\0',NULL,NULL,NULL,NULL,NULL,NULL,NULL,NULL,NULL),(54,6,0,NULL,NULL,NULL,NULL,NULL,NULL,NULL,NULL,NULL,NULL,NULL,NULL,NULL),(54,7,1,NULL,NULL,NULL,'\0',NULL,NULL,NULL,NULL,NULL,NULL,NULL,NULL,NULL),(55,6,0,NULL,NULL,NULL,NULL,NULL,NULL,NULL,NULL,NULL,NULL,NULL,NULL,NULL),(55,7,1,NULL,NULL,NULL,'\0',NULL,NULL,NULL,NULL,NULL,NULL,NULL,NULL,NULL),(56,6,0,NULL,NULL,NULL,NULL,NULL,NULL,NULL,NULL,NULL,NULL,NULL,NULL,NULL),(56,7,1,NULL,NULL,NULL,'\0',NULL,NULL,NULL,NULL,NULL,NULL,NULL,NULL,NULL),(57,6,0,NULL,NULL,NULL,NULL,NULL,NULL,NULL,NULL,NULL,NULL,NULL,NULL,NULL),(57,7,1,NULL,NULL,NULL,'\0',NULL,NULL,NULL,NULL,NULL,NULL,NULL,NULL,NULL),(58,6,0,NULL,NULL,NULL,NULL,NULL,NULL,NULL,NULL,NULL,NULL,NULL,NULL,NULL),(58,7,1,NULL,NULL,NULL,'\0',NULL,NULL,NULL,NULL,NULL,NULL,NULL,NULL,NULL),(59,6,0,NULL,NULL,NULL,NULL,NULL,NULL,NULL,NULL,NULL,NULL,NULL,NULL,NULL),(59,7,1,NULL,NULL,NULL,'\0',NULL,NULL,NULL,NULL,NULL,NULL,NULL,NULL,NULL),(60,6,0,NULL,NULL,NULL,NULL,NULL,NULL,NULL,NULL,NULL,NULL,NULL,NULL,NULL),(60,7,1,NULL,NULL,NULL,'\0',NULL,NULL,NULL,NULL,NULL,NULL,NULL,NULL,NULL),(61,6,0,NULL,NULL,NULL,NULL,NULL,NULL,NULL,NULL,NULL,NULL,NULL,NULL,NULL),(61,7,1,NULL,NULL,NULL,'\0',NULL,NULL,NULL,NULL,NULL,NULL,NULL,NULL,NULL),(62,6,0,NULL,NULL,NULL,NULL,NULL,NULL,NULL,NULL,NULL,NULL,NULL,NULL,NULL),(62,7,1,NULL,NULL,NULL,'\0',NULL,NULL,NULL,NULL,NULL,NULL,NULL,NULL,NULL),(63,6,0,NULL,NULL,NULL,NULL,NULL,NULL,NULL,NULL,NULL,NULL,NULL,NULL,NULL),(63,7,1,NULL,NULL,NULL,'\0',NULL,NULL,NULL,NULL,NULL,NULL,NULL,NULL,NULL),(64,6,0,NULL,NULL,NULL,NULL,NULL,NULL,NULL,NULL,NULL,NULL,NULL,NULL,NULL),(64,7,1,NULL,NULL,NULL,'\0',NULL,NULL,NULL,NULL,NULL,NULL,NULL,NULL,NULL),(65,6,0,NULL,NULL,NULL,NULL,NULL,NULL,NULL,NULL,NULL,NULL,NULL,NULL,NULL),(65,7,1,NULL,NULL,NULL,'\0',NULL,NULL,NULL,NULL,NULL,NULL,NULL,NULL,NULL),(66,6,0,NULL,NULL,NULL,NULL,NULL,NULL,NULL,NULL,NULL,NULL,NULL,NULL,NULL),(66,7,1,NULL,NULL,NULL,'\0',NULL,NULL,NULL,NULL,NULL,NULL,NULL,NULL,NULL),(67,6,0,NULL,NULL,NULL,NULL,NULL,NULL,NULL,NULL,NULL,NULL,NULL,NULL,NULL),(67,7,1,NULL,NULL,NULL,'\0',NULL,NULL,NULL,NULL,NULL,NULL,NULL,NULL,NULL),(68,6,0,NULL,NULL,NULL,NULL,NULL,NULL,NULL,NULL,NULL,NULL,NULL,NULL,NULL),(68,7,1,NULL,NULL,NULL,'\0',NULL,NULL,NULL,NULL,NULL,NULL,NULL,NULL,NULL),(69,6,0,NULL,NULL,NULL,NULL,NULL,NULL,NULL,NULL,NULL,NULL,NULL,NULL,NULL),(69,7,1,NULL,NULL,NULL,'\0',NULL,NULL,NULL,NULL,NULL,NULL,NULL,NULL,NULL),(70,6,0,NULL,NULL,NULL,NULL,NULL,NULL,NULL,NULL,NULL,NULL,NULL,NULL,NULL),(70,7,1,NULL,NULL,NULL,'\0',NULL,NULL,NULL,NULL,NULL,NULL,NULL,NULL,NULL),(71,6,0,NULL,NULL,NULL,NULL,NULL,NULL,NULL,NULL,NULL,NULL,NULL,NULL,NULL),(71,7,1,NULL,NULL,NULL,'\0',NULL,NULL,NULL,NULL,NULL,NULL,NULL,NULL,NULL),(72,6,0,NULL,NULL,NULL,NULL,NULL,NULL,NULL,NULL,NULL,NULL,NULL,NULL,NULL),(72,7,1,NULL,NULL,NULL,'\0',NULL,NULL,NULL,NULL,NULL,NULL,NULL,NULL,NULL),(73,6,0,NULL,NULL,NULL,NULL,NULL,NULL,NULL,NULL,NULL,NULL,NULL,NULL,NULL),(73,7,1,NULL,NULL,NULL,'\0',NULL,NULL,NULL,NULL,NULL,NULL,NULL,NULL,NULL),(74,6,0,NULL,NULL,NULL,NULL,NULL,NULL,NULL,NULL,NULL,NULL,NULL,NULL,NULL),(74,7,1,NULL,NULL,NULL,'\0',NULL,NULL,NULL,NULL,NULL,NULL,NULL,NULL,NULL),(75,6,0,NULL,NULL,NULL,NULL,NULL,NULL,NULL,NULL,NULL,NULL,NULL,NULL,NULL),(75,7,1,NULL,NULL,NULL,'\0',NULL,NULL,NULL,NULL,NULL,NULL,NULL,NULL,NULL),(76,6,0,NULL,NULL,NULL,NULL,NULL,NULL,NULL,NULL,NULL,NULL,NULL,NULL,NULL),(76,7,1,NULL,NULL,NULL,'\0',NULL,NULL,NULL,NULL,NULL,NULL,NULL,NULL,NULL),(77,6,0,NULL,NULL,NULL,NULL,NULL,NULL,NULL,NULL,NULL,NULL,NULL,NULL,NULL),(77,7,1,NULL,NULL,NULL,'\0',NULL,NULL,NULL,NULL,NULL,NULL,NULL,NULL,NULL),(78,6,0,NULL,NULL,NULL,NULL,NULL,NULL,NULL,NULL,NULL,NULL,NULL,NULL,NULL),(78,7,1,NULL,NULL,NULL,'\0',NULL,NULL,NULL,NULL,NULL,NULL,NULL,NULL,NULL),(79,6,0,NULL,NULL,NULL,NULL,NULL,NULL,NULL,NULL,NULL,NULL,NULL,NULL,NULL),(79,7,1,NULL,NULL,NULL,'\0',NULL,NULL,NULL,NULL,NULL,NULL,NULL,NULL,NULL),(80,6,0,NULL,NULL,NULL,NULL,NULL,NULL,NULL,NULL,NULL,NULL,NULL,NULL,NULL),(80,7,1,NULL,NULL,NULL,'\0',NULL,NULL,NULL,NULL,NULL,NULL,NULL,NULL,NULL),(81,6,0,NULL,NULL,NULL,NULL,NULL,NULL,NULL,NULL,NULL,NULL,NULL,NULL,NULL),(81,7,1,NULL,NULL,NULL,'\0',NULL,NULL,NULL,NULL,NULL,NULL,NULL,NULL,NULL),(82,6,0,NULL,NULL,NULL,NULL,NULL,NULL,NULL,NULL,NULL,NULL,NULL,NULL,NULL),(82,7,1,NULL,NULL,NULL,'\0',NULL,NULL,NULL,NULL,NULL,NULL,NULL,NULL,NULL),(83,6,0,NULL,NULL,NULL,NULL,NULL,NULL,NULL,NULL,NULL,NULL,NULL,NULL,NULL),(83,7,1,NULL,NULL,NULL,'\0',NULL,NULL,NULL,NULL,NULL,NULL,NULL,NULL,NULL),(84,6,0,NULL,NULL,NULL,NULL,NULL,NULL,NULL,NULL,NULL,NULL,NULL,NULL,NULL),(84,7,1,NULL,NULL,NULL,'\0',NULL,NULL,NULL,NULL,NULL,NULL,NULL,NULL,NULL),(85,6,0,NULL,NULL,NULL,NULL,NULL,NULL,NULL,NULL,NULL,NULL,NULL,NULL,NULL),(85,7,1,NULL,NULL,NULL,'\0',NULL,NULL,NULL,NULL,NULL,NULL,NULL,NULL,NULL),(86,6,0,NULL,NULL,NULL,NULL,NULL,NULL,NULL,NULL,NULL,NULL,NULL,NULL,NULL),(86,7,1,NULL,NULL,NULL,'\0',NULL,NULL,NULL,NULL,NULL,NULL,NULL,NULL,NULL),(87,6,0,NULL,NULL,NULL,NULL,NULL,NULL,NULL,NULL,NULL,NULL,NULL,NULL,NULL),(87,7,1,NULL,NULL,NULL,'\0',NULL,NULL,NULL,NULL,NULL,NULL,NULL,NULL,NULL),(88,6,0,NULL,NULL,NULL,NULL,NULL,NULL,NULL,NULL,NULL,NULL,NULL,NULL,NULL),(88,7,1,NULL,NULL,NULL,'\0',NULL,NULL,NULL,NULL,NULL,NULL,NULL,NULL,NULL),(89,6,0,NULL,NULL,NULL,NULL,NULL,NULL,NULL,NULL,NULL,NULL,NULL,NULL,NULL),(89,7,1,NULL,NULL,NULL,'\0',NULL,NULL,NULL,NULL,NULL,NULL,NULL,NULL,NULL),(90,6,0,NULL,NULL,NULL,NULL,NULL,NULL,NULL,NULL,NULL,NULL,NULL,NULL,NULL),(90,7,1,NULL,NULL,NULL,'\0',NULL,NULL,NULL,NULL,NULL,NULL,NULL,NULL,NULL),(91,6,0,NULL,NULL,NULL,NULL,NULL,NULL,NULL,NULL,NULL,NULL,NULL,NULL,NULL),(91,7,1,NULL,NULL,NULL,'\0',NULL,NULL,NULL,NULL,NULL,NULL,NULL,NULL,NULL),(92,6,0,NULL,NULL,NULL,NULL,NULL,NULL,NULL,NULL,NULL,NULL,NULL,NULL,NULL),(92,7,1,NULL,NULL,NULL,'\0',NULL,NULL,NULL,NULL,NULL,NULL,NULL,NULL,NULL),(93,6,0,NULL,NULL,NULL,NULL,NULL,NULL,NULL,NULL,NULL,NULL,NULL,NULL,NULL),(93,7,1,NULL,NULL,NULL,'\0',NULL,NULL,NULL,NULL,NULL,NULL,NULL,NULL,NULL),(94,6,0,NULL,NULL,NULL,NULL,NULL,NULL,NULL,NULL,NULL,NULL,NULL,NULL,NULL),(94,7,1,NULL,NULL,NULL,'\0',NULL,NULL,NULL,NULL,NULL,NULL,NULL,NULL,NULL),(95,6,0,NULL,NULL,NULL,NULL,NULL,NULL,NULL,NULL,NULL,NULL,NULL,NULL,NULL),(95,7,1,NULL,NULL,NULL,'\0',NULL,NULL,NULL,NULL,NULL,NULL,NULL,NULL,NULL),(96,6,0,NULL,NULL,NULL,NULL,NULL,NULL,NULL,NULL,NULL,NULL,NULL,NULL,NULL),(96,7,1,NULL,NULL,NULL,'\0',NULL,NULL,NULL,NULL,NULL,NULL,NULL,NULL,NULL),(97,6,0,NULL,NULL,NULL,NULL,NULL,NULL,NULL,NULL,NULL,NULL,NULL,NULL,NULL),(97,7,1,NULL,NULL,NULL,'\0',NULL,NULL,NULL,NULL,NULL,NULL,NULL,NULL,NULL),(98,6,0,NULL,NULL,NULL,NULL,NULL,NULL,NULL,NULL,NULL,NULL,NULL,NULL,NULL),(98,7,1,NULL,NULL,NULL,'\0',NULL,NULL,NULL,NULL,NULL,NULL,NULL,NULL,NULL),(99,6,0,NULL,NULL,NULL,NULL,NULL,NULL,NULL,NULL,NULL,NULL,NULL,NULL,NULL),(99,7,1,NULL,NULL,NULL,'\0',NULL,NULL,NULL,NULL,NULL,NULL,NULL,NULL,NULL),(100,6,0,NULL,NULL,NULL,NULL,NULL,NULL,NULL,NULL,NULL,NULL,NULL,NULL,NULL),(100,7,1,NULL,NULL,NULL,'\0',NULL,NULL,NULL,NULL,NULL,NULL,NULL,NULL,NULL),(101,6,0,NULL,NULL,NULL,NULL,NULL,NULL,NULL,NULL,NULL,NULL,NULL,NULL,NULL),(101,7,1,NULL,NULL,NULL,'\0',NULL,NULL,NULL,NULL,NULL,NULL,NULL,NULL,NULL),(102,6,0,NULL,NULL,NULL,NULL,NULL,NULL,NULL,NULL,NULL,NULL,NULL,NULL,NULL),(102,7,1,NULL,NULL,NULL,'\0',NULL,NULL,NULL,NULL,NULL,NULL,NULL,NULL,NULL),(103,6,0,NULL,NULL,NULL,NULL,NULL,NULL,NULL,NULL,NULL,NULL,NULL,NULL,NULL),(103,7,1,NULL,NULL,NULL,'\0',NULL,NULL,NULL,NULL,NULL,NULL,NULL,NULL,NULL),(104,6,0,NULL,NULL,NULL,NULL,NULL,NULL,NULL,NULL,NULL,NULL,NULL,NULL,NULL),(104,7,1,NULL,NULL,NULL,'\0',NULL,NULL,NULL,NULL,NULL,NULL,NULL,NULL,NULL),(105,6,0,NULL,NULL,NULL,NULL,NULL,NULL,NULL,NULL,NULL,NULL,NULL,NULL,NULL),(105,7,1,NULL,NULL,NULL,'\0',NULL,NULL,NULL,NULL,NULL,NULL,NULL,NULL,NULL),(106,6,0,NULL,NULL,NULL,NULL,NULL,NULL,NULL,NULL,NULL,NULL,NULL,NULL,NULL),(106,7,1,NULL,NULL,NULL,'\0',NULL,NULL,NULL,NULL,NULL,NULL,NULL,NULL,NULL),(107,6,0,NULL,NULL,NULL,NULL,NULL,NULL,NULL,NULL,NULL,NULL,NULL,NULL,NULL),(107,7,1,NULL,NULL,NULL,'\0',NULL,NULL,NULL,NULL,NULL,NULL,NULL,NULL,NULL),(108,6,0,NULL,NULL,NULL,NULL,NULL,NULL,NULL,NULL,NULL,NULL,NULL,NULL,NULL),(108,7,1,NULL,NULL,NULL,'\0',NULL,NULL,NULL,NULL,NULL,NULL,NULL,NULL,NULL),(109,6,0,NULL,NULL,NULL,NULL,NULL,NULL,NULL,NULL,NULL,NULL,NULL,NULL,NULL),(109,7,1,NULL,NULL,NULL,'\0',NULL,NULL,NULL,NULL,NULL,NULL,NULL,NULL,NULL),(110,6,0,NULL,NULL,NULL,NULL,NULL,NULL,NULL,NULL,NULL,NULL,NULL,NULL,NULL),(110,7,1,NULL,NULL,NULL,'\0',NULL,NULL,NULL,NULL,NULL,NULL,NULL,NULL,NULL);
/*!40000 ALTER TABLE `FungalInfos_AUD` ENABLE KEYS */;
UNLOCK TABLES;

--
-- Table structure for table `Genotypes`
--

DROP TABLE IF EXISTS `Genotypes`;
/*!40101 SET @saved_cs_client     = @@character_set_client */;
/*!40101 SET character_set_client = utf8 */;
CREATE TABLE `Genotypes` (
  `GenotypeID` int(11) NOT NULL AUTO_INCREMENT,
  `AnalysisProgram` varchar(50) DEFAULT NULL,
  `Dye` varchar(50) DEFAULT NULL,
  `FragmentFileName` varchar(100) NOT NULL,
  `GeneMapperProjectName` varchar(50) DEFAULT NULL,
  `MachineName` varchar(50) DEFAULT NULL,
  `Marker` varchar(50) DEFAULT NULL,
  `Polymer` varchar(50) DEFAULT NULL,
  `ProjectFileName` varchar(100) NOT NULL,
  `SizeStandard` varchar(50) DEFAULT NULL,
  `FragmentID` int(11) DEFAULT NULL,
  `GroupID` int(11) DEFAULT NULL,
  `PcrReactionID` int(11) DEFAULT NULL,
  `SampleID` int(11) DEFAULT NULL,
  `SeqReactionID` int(11) DEFAULT NULL,
  `SpecimenID` int(11) DEFAULT NULL,
  PRIMARY KEY (`GenotypeID`),
  KEY `FK_k7l4tnbth2y7o68pirvugiewk` (`FragmentID`),
  KEY `FK_rpbwh1f9k66r13ma96vy1wmvq` (`GroupID`),
  KEY `FK_rn5embtsuc9p9bbs027gun5px` (`PcrReactionID`),
  KEY `FK_agn2dbwsghp1adwacwp995vsu` (`SampleID`),
  KEY `FK_6v2oc6eppswssh1e5sqe9bnrk` (`SeqReactionID`),
  KEY `FK_3cwj5t84yd9qrhe8q0q9lc95k` (`SpecimenID`),
  CONSTRAINT `FK_3cwj5t84yd9qrhe8q0q9lc95k` FOREIGN KEY (`SpecimenID`) REFERENCES `Specimens` (`SpecimenID`),
  CONSTRAINT `FK_6v2oc6eppswssh1e5sqe9bnrk` FOREIGN KEY (`SeqReactionID`) REFERENCES `SeqReactions` (`SeqReactionID`),
  CONSTRAINT `FK_agn2dbwsghp1adwacwp995vsu` FOREIGN KEY (`SampleID`) REFERENCES `Samples` (`SampleID`),
  CONSTRAINT `FK_k7l4tnbth2y7o68pirvugiewk` FOREIGN KEY (`FragmentID`) REFERENCES `Fragments` (`FragmentID`),
  CONSTRAINT `FK_rn5embtsuc9p9bbs027gun5px` FOREIGN KEY (`PcrReactionID`) REFERENCES `PcrReactions` (`PcrReactionID`),
  CONSTRAINT `FK_rpbwh1f9k66r13ma96vy1wmvq` FOREIGN KEY (`GroupID`) REFERENCES `Groups` (`GroupID`)
) ENGINE=InnoDB AUTO_INCREMENT=103 DEFAULT CHARSET=latin1;
/*!40101 SET character_set_client = @saved_cs_client */;

--
-- Dumping data for table `Genotypes`
--

LOCK TABLES `Genotypes` WRITE;
/*!40000 ALTER TABLE `Genotypes` DISABLE KEYS */;
INSERT INTO `Genotypes` VALUES (1,NULL,'dye1','frag1.fsa','Project 1',NULL,'COI',NULL,'Project 1.csv',NULL,1,1,NULL,NULL,NULL,1),(2,NULL,'dye2','frag2.fsa','Project 2',NULL,'ITS',NULL,'Project 2.csv',NULL,1,1,NULL,NULL,NULL,2),(3,NULL,'dye2','frag_002_A10_Frag#132_SH_ME_PT12_73_SSR_RSA2168_154','Project 3',NULL,'ITS',NULL,'Project 3.csv',NULL,1,2,4,1,4,2),(4,NULL,'dye2','frag2.fsa','Project 4',NULL,'ITS',NULL,'Project 4.csv',NULL,1,2,4,1,4,2),(5,NULL,'dye2','frag2.fsa','Project 5',NULL,'ITS',NULL,'Project 5.csv',NULL,1,2,NULL,NULL,NULL,2),(6,NULL,'dye2','frag2.fsa','Project 6',NULL,'ITS',NULL,'Project 6.csv',NULL,1,2,NULL,NULL,NULL,2),(7,NULL,'','',NULL,NULL,NULL,NULL,'',NULL,NULL,1,NULL,8,NULL,15),(8,NULL,'','',NULL,NULL,NULL,NULL,'',NULL,NULL,1,NULL,9,NULL,16),(9,NULL,'','',NULL,NULL,NULL,NULL,'',NULL,NULL,1,NULL,10,NULL,17),(10,NULL,'','',NULL,NULL,NULL,NULL,'',NULL,NULL,1,NULL,11,NULL,18),(11,NULL,'','',NULL,NULL,NULL,NULL,'',NULL,NULL,1,NULL,12,NULL,19),(12,NULL,'','',NULL,NULL,NULL,NULL,'',NULL,NULL,1,NULL,13,NULL,20),(13,NULL,'','',NULL,NULL,NULL,NULL,'',NULL,NULL,1,NULL,14,NULL,21),(14,NULL,'','',NULL,NULL,NULL,NULL,'',NULL,NULL,1,NULL,15,NULL,22),(15,NULL,'','',NULL,NULL,NULL,NULL,'',NULL,NULL,1,NULL,16,NULL,23),(16,NULL,'','',NULL,NULL,NULL,NULL,'',NULL,NULL,1,NULL,17,NULL,24),(17,NULL,'','',NULL,NULL,NULL,NULL,'',NULL,NULL,1,NULL,18,NULL,25),(18,NULL,'','',NULL,NULL,NULL,NULL,'',NULL,NULL,1,NULL,19,NULL,26),(19,NULL,'','',NULL,NULL,NULL,NULL,'',NULL,NULL,1,NULL,20,NULL,27),(20,NULL,'','',NULL,NULL,NULL,NULL,'',NULL,NULL,1,NULL,21,NULL,28),(21,NULL,'','',NULL,NULL,NULL,NULL,'',NULL,NULL,1,NULL,22,NULL,29),(22,NULL,'','',NULL,NULL,NULL,NULL,'',NULL,NULL,1,NULL,23,NULL,30),(23,NULL,'','',NULL,NULL,NULL,NULL,'',NULL,NULL,1,NULL,24,NULL,31),(24,NULL,'','',NULL,NULL,NULL,NULL,'',NULL,NULL,1,NULL,25,NULL,32),(25,NULL,'','',NULL,NULL,NULL,NULL,'',NULL,NULL,1,NULL,26,NULL,33),(26,NULL,'','',NULL,NULL,NULL,NULL,'',NULL,NULL,1,NULL,27,NULL,34),(27,NULL,'','',NULL,NULL,NULL,NULL,'',NULL,NULL,1,NULL,28,NULL,35),(28,NULL,'','',NULL,NULL,NULL,NULL,'',NULL,NULL,1,NULL,29,NULL,36),(29,NULL,'','',NULL,NULL,NULL,NULL,'',NULL,NULL,1,NULL,30,NULL,37),(30,NULL,'','',NULL,NULL,NULL,NULL,'',NULL,NULL,1,NULL,31,NULL,38),(31,NULL,'','',NULL,NULL,NULL,NULL,'',NULL,NULL,1,NULL,32,NULL,39),(32,NULL,'','',NULL,NULL,NULL,NULL,'',NULL,NULL,1,NULL,33,NULL,40),(33,NULL,'','',NULL,NULL,NULL,NULL,'',NULL,NULL,1,NULL,34,NULL,41),(34,NULL,'','',NULL,NULL,NULL,NULL,'',NULL,NULL,1,NULL,35,NULL,42),(35,NULL,'','',NULL,NULL,NULL,NULL,'',NULL,NULL,1,NULL,36,NULL,43),(36,NULL,'','',NULL,NULL,NULL,NULL,'',NULL,NULL,1,NULL,37,NULL,44),(37,NULL,'','',NULL,NULL,NULL,NULL,'',NULL,NULL,1,NULL,38,NULL,45),(38,NULL,'','',NULL,NULL,NULL,NULL,'',NULL,NULL,1,NULL,39,NULL,46),(39,NULL,'','',NULL,NULL,NULL,NULL,'',NULL,NULL,1,NULL,40,NULL,47),(40,NULL,'','',NULL,NULL,NULL,NULL,'',NULL,NULL,1,NULL,41,NULL,48),(41,NULL,'','',NULL,NULL,NULL,NULL,'',NULL,NULL,1,NULL,42,NULL,49),(42,NULL,'','',NULL,NULL,NULL,NULL,'',NULL,NULL,1,NULL,43,NULL,50),(43,NULL,'','',NULL,NULL,NULL,NULL,'',NULL,NULL,1,NULL,44,NULL,51),(44,NULL,'','',NULL,NULL,NULL,NULL,'',NULL,NULL,1,NULL,45,NULL,52),(45,NULL,'','',NULL,NULL,NULL,NULL,'',NULL,NULL,1,NULL,46,NULL,53),(46,NULL,'','',NULL,NULL,NULL,NULL,'',NULL,NULL,1,NULL,47,NULL,54),(47,NULL,'','',NULL,NULL,NULL,NULL,'',NULL,NULL,1,NULL,48,NULL,55),(48,NULL,'','',NULL,NULL,NULL,NULL,'',NULL,NULL,1,NULL,49,NULL,56),(49,NULL,'','',NULL,NULL,NULL,NULL,'',NULL,NULL,1,NULL,50,NULL,57),(50,NULL,'','',NULL,NULL,NULL,NULL,'',NULL,NULL,1,NULL,51,NULL,58),(51,NULL,'','',NULL,NULL,NULL,NULL,'',NULL,NULL,1,NULL,52,NULL,59),(52,NULL,'','',NULL,NULL,NULL,NULL,'',NULL,NULL,1,NULL,53,NULL,60),(53,NULL,'','',NULL,NULL,NULL,NULL,'',NULL,NULL,1,NULL,54,NULL,61),(54,NULL,'','',NULL,NULL,NULL,NULL,'',NULL,NULL,1,NULL,55,NULL,62),(55,NULL,'','',NULL,NULL,NULL,NULL,'',NULL,NULL,1,NULL,56,NULL,63),(56,NULL,'','',NULL,NULL,NULL,NULL,'',NULL,NULL,1,NULL,57,NULL,64),(57,NULL,'','',NULL,NULL,NULL,NULL,'',NULL,NULL,1,NULL,58,NULL,65),(58,NULL,'','',NULL,NULL,NULL,NULL,'',NULL,NULL,1,NULL,59,NULL,66),(59,NULL,'','',NULL,NULL,NULL,NULL,'',NULL,NULL,1,NULL,60,NULL,67),(60,NULL,'','',NULL,NULL,NULL,NULL,'',NULL,NULL,1,NULL,61,NULL,68),(61,NULL,'','',NULL,NULL,NULL,NULL,'',NULL,NULL,1,NULL,62,NULL,69),(62,NULL,'','',NULL,NULL,NULL,NULL,'',NULL,NULL,1,NULL,63,NULL,70),(63,NULL,'','',NULL,NULL,NULL,NULL,'',NULL,NULL,1,NULL,64,NULL,71),(64,NULL,'','',NULL,NULL,NULL,NULL,'',NULL,NULL,1,NULL,65,NULL,72),(65,NULL,'','',NULL,NULL,NULL,NULL,'',NULL,NULL,1,NULL,66,NULL,73),(66,NULL,'','',NULL,NULL,NULL,NULL,'',NULL,NULL,1,NULL,67,NULL,74),(67,NULL,'','',NULL,NULL,NULL,NULL,'',NULL,NULL,1,NULL,68,NULL,75),(68,NULL,'','',NULL,NULL,NULL,NULL,'',NULL,NULL,1,NULL,69,NULL,76),(69,NULL,'','',NULL,NULL,NULL,NULL,'',NULL,NULL,1,NULL,70,NULL,77),(70,NULL,'','',NULL,NULL,NULL,NULL,'',NULL,NULL,1,NULL,71,NULL,78),(71,NULL,'','',NULL,NULL,NULL,NULL,'',NULL,NULL,1,NULL,72,NULL,79),(72,NULL,'','',NULL,NULL,NULL,NULL,'',NULL,NULL,1,NULL,73,NULL,80),(73,NULL,'','',NULL,NULL,NULL,NULL,'',NULL,NULL,1,NULL,74,NULL,81),(74,NULL,'','',NULL,NULL,NULL,NULL,'',NULL,NULL,1,NULL,75,NULL,82),(75,NULL,'','',NULL,NULL,NULL,NULL,'',NULL,NULL,1,NULL,76,NULL,83),(76,NULL,'','',NULL,NULL,NULL,NULL,'',NULL,NULL,1,NULL,77,NULL,84),(77,NULL,'','',NULL,NULL,NULL,NULL,'',NULL,NULL,1,NULL,78,NULL,85),(78,NULL,'','',NULL,NULL,NULL,NULL,'',NULL,NULL,1,NULL,79,NULL,86),(79,NULL,'','',NULL,NULL,NULL,NULL,'',NULL,NULL,1,NULL,80,NULL,87),(80,NULL,'','',NULL,NULL,NULL,NULL,'',NULL,NULL,1,NULL,81,NULL,88),(81,NULL,'','',NULL,NULL,NULL,NULL,'',NULL,NULL,1,NULL,82,NULL,89),(82,NULL,'','',NULL,NULL,NULL,NULL,'',NULL,NULL,1,NULL,83,NULL,90),(83,NULL,'','',NULL,NULL,NULL,NULL,'',NULL,NULL,1,NULL,84,NULL,91),(84,NULL,'','',NULL,NULL,NULL,NULL,'',NULL,NULL,1,NULL,85,NULL,92),(85,NULL,'','',NULL,NULL,NULL,NULL,'',NULL,NULL,1,NULL,86,NULL,93),(86,NULL,'','',NULL,NULL,NULL,NULL,'',NULL,NULL,1,NULL,87,NULL,94),(87,NULL,'','',NULL,NULL,NULL,NULL,'',NULL,NULL,1,NULL,88,NULL,95),(88,NULL,'','',NULL,NULL,NULL,NULL,'',NULL,NULL,1,NULL,89,NULL,96),(89,NULL,'','',NULL,NULL,NULL,NULL,'',NULL,NULL,1,NULL,90,NULL,97),(90,NULL,'','',NULL,NULL,NULL,NULL,'',NULL,NULL,1,NULL,91,NULL,98),(91,NULL,'','',NULL,NULL,NULL,NULL,'',NULL,NULL,1,NULL,92,NULL,99),(92,NULL,'','',NULL,NULL,NULL,NULL,'',NULL,NULL,1,NULL,93,NULL,100),(93,NULL,'','',NULL,NULL,NULL,NULL,'',NULL,NULL,1,NULL,94,NULL,101),(94,NULL,'','',NULL,NULL,NULL,NULL,'',NULL,NULL,1,NULL,95,NULL,102),(95,NULL,'','',NULL,NULL,NULL,NULL,'',NULL,NULL,1,NULL,96,NULL,103),(96,NULL,'','',NULL,NULL,NULL,NULL,'',NULL,NULL,1,NULL,97,NULL,104),(97,NULL,'','',NULL,NULL,NULL,NULL,'',NULL,NULL,1,NULL,98,NULL,105),(98,NULL,'','',NULL,NULL,NULL,NULL,'',NULL,NULL,1,NULL,99,NULL,106),(99,NULL,'','',NULL,NULL,NULL,NULL,'',NULL,NULL,1,NULL,100,NULL,107),(100,NULL,'','',NULL,NULL,NULL,NULL,'',NULL,NULL,1,NULL,101,NULL,108),(101,NULL,'','',NULL,NULL,NULL,NULL,'',NULL,NULL,1,NULL,102,NULL,109),(102,NULL,'','',NULL,NULL,NULL,NULL,'',NULL,NULL,1,NULL,103,NULL,110);
/*!40000 ALTER TABLE `Genotypes` ENABLE KEYS */;
UNLOCK TABLES;

--
-- Table structure for table `Genotypes_AUD`
--

DROP TABLE IF EXISTS `Genotypes_AUD`;
/*!40101 SET @saved_cs_client     = @@character_set_client */;
/*!40101 SET character_set_client = utf8 */;
CREATE TABLE `Genotypes_AUD` (
  `GenotypeID` int(11) NOT NULL,
  `REV` int(11) NOT NULL,
  `REVTYPE` tinyint(4) DEFAULT NULL,
  `AnalysisProgram` varchar(50) DEFAULT NULL,
  `Dye` varchar(50) DEFAULT NULL,
  `FragmentFileName` varchar(100) DEFAULT NULL,
  `GeneMapperProjectName` varchar(50) DEFAULT NULL,
  `MachineName` varchar(50) DEFAULT NULL,
  `Marker` varchar(50) DEFAULT NULL,
  `Polymer` varchar(50) DEFAULT NULL,
  `ProjectFileName` varchar(100) DEFAULT NULL,
  `SizeStandard` varchar(50) DEFAULT NULL,
  `FragmentID` int(11) DEFAULT NULL,
  `GroupID` int(11) DEFAULT NULL,
  `PcrReactionID` int(11) DEFAULT NULL,
  `SampleID` int(11) DEFAULT NULL,
  `SeqReactionID` int(11) DEFAULT NULL,
  `SpecimenID` int(11) DEFAULT NULL,
  PRIMARY KEY (`GenotypeID`,`REV`),
  KEY `FK_5251so8coqx5l8rxh8yb4kwoq` (`REV`),
  CONSTRAINT `FK_5251so8coqx5l8rxh8yb4kwoq` FOREIGN KEY (`REV`) REFERENCES `Revision` (`id`)
) ENGINE=InnoDB DEFAULT CHARSET=latin1;
/*!40101 SET character_set_client = @saved_cs_client */;

--
-- Dumping data for table `Genotypes_AUD`
--

LOCK TABLES `Genotypes_AUD` WRITE;
/*!40000 ALTER TABLE `Genotypes_AUD` DISABLE KEYS */;
INSERT INTO `Genotypes_AUD` VALUES (7,6,0,NULL,'','',NULL,NULL,NULL,NULL,'',NULL,NULL,1,NULL,8,NULL,15),(8,6,0,NULL,'','',NULL,NULL,NULL,NULL,'',NULL,NULL,1,NULL,9,NULL,16),(9,6,0,NULL,'','',NULL,NULL,NULL,NULL,'',NULL,NULL,1,NULL,10,NULL,17),(10,6,0,NULL,'','',NULL,NULL,NULL,NULL,'',NULL,NULL,1,NULL,11,NULL,18),(11,6,0,NULL,'','',NULL,NULL,NULL,NULL,'',NULL,NULL,1,NULL,12,NULL,19),(12,6,0,NULL,'','',NULL,NULL,NULL,NULL,'',NULL,NULL,1,NULL,13,NULL,20),(13,6,0,NULL,'','',NULL,NULL,NULL,NULL,'',NULL,NULL,1,NULL,14,NULL,21),(14,6,0,NULL,'','',NULL,NULL,NULL,NULL,'',NULL,NULL,1,NULL,15,NULL,22),(15,6,0,NULL,'','',NULL,NULL,NULL,NULL,'',NULL,NULL,1,NULL,16,NULL,23),(16,6,0,NULL,'','',NULL,NULL,NULL,NULL,'',NULL,NULL,1,NULL,17,NULL,24),(17,6,0,NULL,'','',NULL,NULL,NULL,NULL,'',NULL,NULL,1,NULL,18,NULL,25),(18,6,0,NULL,'','',NULL,NULL,NULL,NULL,'',NULL,NULL,1,NULL,19,NULL,26),(19,6,0,NULL,'','',NULL,NULL,NULL,NULL,'',NULL,NULL,1,NULL,20,NULL,27),(20,6,0,NULL,'','',NULL,NULL,NULL,NULL,'',NULL,NULL,1,NULL,21,NULL,28),(21,6,0,NULL,'','',NULL,NULL,NULL,NULL,'',NULL,NULL,1,NULL,22,NULL,29),(22,6,0,NULL,'','',NULL,NULL,NULL,NULL,'',NULL,NULL,1,NULL,23,NULL,30),(23,6,0,NULL,'','',NULL,NULL,NULL,NULL,'',NULL,NULL,1,NULL,24,NULL,31),(24,6,0,NULL,'','',NULL,NULL,NULL,NULL,'',NULL,NULL,1,NULL,25,NULL,32),(25,6,0,NULL,'','',NULL,NULL,NULL,NULL,'',NULL,NULL,1,NULL,26,NULL,33),(26,6,0,NULL,'','',NULL,NULL,NULL,NULL,'',NULL,NULL,1,NULL,27,NULL,34),(27,6,0,NULL,'','',NULL,NULL,NULL,NULL,'',NULL,NULL,1,NULL,28,NULL,35),(28,6,0,NULL,'','',NULL,NULL,NULL,NULL,'',NULL,NULL,1,NULL,29,NULL,36),(29,6,0,NULL,'','',NULL,NULL,NULL,NULL,'',NULL,NULL,1,NULL,30,NULL,37),(30,6,0,NULL,'','',NULL,NULL,NULL,NULL,'',NULL,NULL,1,NULL,31,NULL,38),(31,6,0,NULL,'','',NULL,NULL,NULL,NULL,'',NULL,NULL,1,NULL,32,NULL,39),(32,6,0,NULL,'','',NULL,NULL,NULL,NULL,'',NULL,NULL,1,NULL,33,NULL,40),(33,6,0,NULL,'','',NULL,NULL,NULL,NULL,'',NULL,NULL,1,NULL,34,NULL,41),(34,6,0,NULL,'','',NULL,NULL,NULL,NULL,'',NULL,NULL,1,NULL,35,NULL,42),(35,6,0,NULL,'','',NULL,NULL,NULL,NULL,'',NULL,NULL,1,NULL,36,NULL,43),(36,6,0,NULL,'','',NULL,NULL,NULL,NULL,'',NULL,NULL,1,NULL,37,NULL,44),(37,6,0,NULL,'','',NULL,NULL,NULL,NULL,'',NULL,NULL,1,NULL,38,NULL,45),(38,6,0,NULL,'','',NULL,NULL,NULL,NULL,'',NULL,NULL,1,NULL,39,NULL,46),(39,6,0,NULL,'','',NULL,NULL,NULL,NULL,'',NULL,NULL,1,NULL,40,NULL,47),(40,6,0,NULL,'','',NULL,NULL,NULL,NULL,'',NULL,NULL,1,NULL,41,NULL,48),(41,6,0,NULL,'','',NULL,NULL,NULL,NULL,'',NULL,NULL,1,NULL,42,NULL,49),(42,6,0,NULL,'','',NULL,NULL,NULL,NULL,'',NULL,NULL,1,NULL,43,NULL,50),(43,6,0,NULL,'','',NULL,NULL,NULL,NULL,'',NULL,NULL,1,NULL,44,NULL,51),(44,6,0,NULL,'','',NULL,NULL,NULL,NULL,'',NULL,NULL,1,NULL,45,NULL,52),(45,6,0,NULL,'','',NULL,NULL,NULL,NULL,'',NULL,NULL,1,NULL,46,NULL,53),(46,6,0,NULL,'','',NULL,NULL,NULL,NULL,'',NULL,NULL,1,NULL,47,NULL,54),(47,6,0,NULL,'','',NULL,NULL,NULL,NULL,'',NULL,NULL,1,NULL,48,NULL,55),(48,6,0,NULL,'','',NULL,NULL,NULL,NULL,'',NULL,NULL,1,NULL,49,NULL,56),(49,6,0,NULL,'','',NULL,NULL,NULL,NULL,'',NULL,NULL,1,NULL,50,NULL,57),(50,6,0,NULL,'','',NULL,NULL,NULL,NULL,'',NULL,NULL,1,NULL,51,NULL,58),(51,6,0,NULL,'','',NULL,NULL,NULL,NULL,'',NULL,NULL,1,NULL,52,NULL,59),(52,6,0,NULL,'','',NULL,NULL,NULL,NULL,'',NULL,NULL,1,NULL,53,NULL,60),(53,6,0,NULL,'','',NULL,NULL,NULL,NULL,'',NULL,NULL,1,NULL,54,NULL,61),(54,6,0,NULL,'','',NULL,NULL,NULL,NULL,'',NULL,NULL,1,NULL,55,NULL,62),(55,6,0,NULL,'','',NULL,NULL,NULL,NULL,'',NULL,NULL,1,NULL,56,NULL,63),(56,6,0,NULL,'','',NULL,NULL,NULL,NULL,'',NULL,NULL,1,NULL,57,NULL,64),(57,6,0,NULL,'','',NULL,NULL,NULL,NULL,'',NULL,NULL,1,NULL,58,NULL,65),(58,6,0,NULL,'','',NULL,NULL,NULL,NULL,'',NULL,NULL,1,NULL,59,NULL,66),(59,6,0,NULL,'','',NULL,NULL,NULL,NULL,'',NULL,NULL,1,NULL,60,NULL,67),(60,6,0,NULL,'','',NULL,NULL,NULL,NULL,'',NULL,NULL,1,NULL,61,NULL,68),(61,6,0,NULL,'','',NULL,NULL,NULL,NULL,'',NULL,NULL,1,NULL,62,NULL,69),(62,6,0,NULL,'','',NULL,NULL,NULL,NULL,'',NULL,NULL,1,NULL,63,NULL,70),(63,6,0,NULL,'','',NULL,NULL,NULL,NULL,'',NULL,NULL,1,NULL,64,NULL,71),(64,6,0,NULL,'','',NULL,NULL,NULL,NULL,'',NULL,NULL,1,NULL,65,NULL,72),(65,6,0,NULL,'','',NULL,NULL,NULL,NULL,'',NULL,NULL,1,NULL,66,NULL,73),(66,6,0,NULL,'','',NULL,NULL,NULL,NULL,'',NULL,NULL,1,NULL,67,NULL,74),(67,6,0,NULL,'','',NULL,NULL,NULL,NULL,'',NULL,NULL,1,NULL,68,NULL,75),(68,6,0,NULL,'','',NULL,NULL,NULL,NULL,'',NULL,NULL,1,NULL,69,NULL,76),(69,6,0,NULL,'','',NULL,NULL,NULL,NULL,'',NULL,NULL,1,NULL,70,NULL,77),(70,6,0,NULL,'','',NULL,NULL,NULL,NULL,'',NULL,NULL,1,NULL,71,NULL,78),(71,6,0,NULL,'','',NULL,NULL,NULL,NULL,'',NULL,NULL,1,NULL,72,NULL,79),(72,6,0,NULL,'','',NULL,NULL,NULL,NULL,'',NULL,NULL,1,NULL,73,NULL,80),(73,6,0,NULL,'','',NULL,NULL,NULL,NULL,'',NULL,NULL,1,NULL,74,NULL,81),(74,6,0,NULL,'','',NULL,NULL,NULL,NULL,'',NULL,NULL,1,NULL,75,NULL,82),(75,6,0,NULL,'','',NULL,NULL,NULL,NULL,'',NULL,NULL,1,NULL,76,NULL,83),(76,6,0,NULL,'','',NULL,NULL,NULL,NULL,'',NULL,NULL,1,NULL,77,NULL,84),(77,6,0,NULL,'','',NULL,NULL,NULL,NULL,'',NULL,NULL,1,NULL,78,NULL,85),(78,6,0,NULL,'','',NULL,NULL,NULL,NULL,'',NULL,NULL,1,NULL,79,NULL,86),(79,6,0,NULL,'','',NULL,NULL,NULL,NULL,'',NULL,NULL,1,NULL,80,NULL,87),(80,6,0,NULL,'','',NULL,NULL,NULL,NULL,'',NULL,NULL,1,NULL,81,NULL,88),(81,6,0,NULL,'','',NULL,NULL,NULL,NULL,'',NULL,NULL,1,NULL,82,NULL,89),(82,6,0,NULL,'','',NULL,NULL,NULL,NULL,'',NULL,NULL,1,NULL,83,NULL,90),(83,6,0,NULL,'','',NULL,NULL,NULL,NULL,'',NULL,NULL,1,NULL,84,NULL,91),(84,6,0,NULL,'','',NULL,NULL,NULL,NULL,'',NULL,NULL,1,NULL,85,NULL,92),(85,6,0,NULL,'','',NULL,NULL,NULL,NULL,'',NULL,NULL,1,NULL,86,NULL,93),(86,6,0,NULL,'','',NULL,NULL,NULL,NULL,'',NULL,NULL,1,NULL,87,NULL,94),(87,6,0,NULL,'','',NULL,NULL,NULL,NULL,'',NULL,NULL,1,NULL,88,NULL,95),(88,6,0,NULL,'','',NULL,NULL,NULL,NULL,'',NULL,NULL,1,NULL,89,NULL,96),(89,6,0,NULL,'','',NULL,NULL,NULL,NULL,'',NULL,NULL,1,NULL,90,NULL,97),(90,6,0,NULL,'','',NULL,NULL,NULL,NULL,'',NULL,NULL,1,NULL,91,NULL,98),(91,6,0,NULL,'','',NULL,NULL,NULL,NULL,'',NULL,NULL,1,NULL,92,NULL,99),(92,6,0,NULL,'','',NULL,NULL,NULL,NULL,'',NULL,NULL,1,NULL,93,NULL,100),(93,6,0,NULL,'','',NULL,NULL,NULL,NULL,'',NULL,NULL,1,NULL,94,NULL,101),(94,6,0,NULL,'','',NULL,NULL,NULL,NULL,'',NULL,NULL,1,NULL,95,NULL,102),(95,6,0,NULL,'','',NULL,NULL,NULL,NULL,'',NULL,NULL,1,NULL,96,NULL,103),(96,6,0,NULL,'','',NULL,NULL,NULL,NULL,'',NULL,NULL,1,NULL,97,NULL,104),(97,6,0,NULL,'','',NULL,NULL,NULL,NULL,'',NULL,NULL,1,NULL,98,NULL,105),(98,6,0,NULL,'','',NULL,NULL,NULL,NULL,'',NULL,NULL,1,NULL,99,NULL,106),(99,6,0,NULL,'','',NULL,NULL,NULL,NULL,'',NULL,NULL,1,NULL,100,NULL,107),(100,6,0,NULL,'','',NULL,NULL,NULL,NULL,'',NULL,NULL,1,NULL,101,NULL,108),(101,6,0,NULL,'','',NULL,NULL,NULL,NULL,'',NULL,NULL,1,NULL,102,NULL,109),(102,6,0,NULL,'','',NULL,NULL,NULL,NULL,'',NULL,NULL,1,NULL,103,NULL,110);
/*!40000 ALTER TABLE `Genotypes_AUD` ENABLE KEYS */;
UNLOCK TABLES;

--
-- Table structure for table `Genotypes_Alleles`
--

DROP TABLE IF EXISTS `Genotypes_Alleles`;
/*!40101 SET @saved_cs_client     = @@character_set_client */;
/*!40101 SET character_set_client = utf8 */;
CREATE TABLE `Genotypes_Alleles` (
  `Genotypes_GenotypeID` int(11) NOT NULL,
  `alleles_ID` int(11) NOT NULL,
  PRIMARY KEY (`Genotypes_GenotypeID`,`alleles_ID`),
  UNIQUE KEY `UK_p9aeysdiexcu7dr041maq74bd` (`alleles_ID`),
  CONSTRAINT `FK_jsstmpg0ykv0ka19vwsjh86ap` FOREIGN KEY (`Genotypes_GenotypeID`) REFERENCES `Genotypes` (`GenotypeID`),
  CONSTRAINT `FK_p9aeysdiexcu7dr041maq74bd` FOREIGN KEY (`alleles_ID`) REFERENCES `Alleles` (`ID`)
) ENGINE=InnoDB DEFAULT CHARSET=latin1;
/*!40101 SET character_set_client = @saved_cs_client */;

--
-- Dumping data for table `Genotypes_Alleles`
--

LOCK TABLES `Genotypes_Alleles` WRITE;
/*!40000 ALTER TABLE `Genotypes_Alleles` DISABLE KEYS */;
/*!40000 ALTER TABLE `Genotypes_Alleles` ENABLE KEYS */;
UNLOCK TABLES;

--
-- Table structure for table `Genotypes_Alleles_AUD`
--

DROP TABLE IF EXISTS `Genotypes_Alleles_AUD`;
/*!40101 SET @saved_cs_client     = @@character_set_client */;
/*!40101 SET character_set_client = utf8 */;
CREATE TABLE `Genotypes_Alleles_AUD` (
  `REV` int(11) NOT NULL,
  `Genotypes_GenotypeID` int(11) NOT NULL,
  `alleles_ID` int(11) NOT NULL,
  `REVTYPE` tinyint(4) DEFAULT NULL,
  PRIMARY KEY (`REV`,`Genotypes_GenotypeID`,`alleles_ID`),
  CONSTRAINT `FK_9544thckmnk9s5b7pnnhebp6l` FOREIGN KEY (`REV`) REFERENCES `Revision` (`id`)
) ENGINE=InnoDB DEFAULT CHARSET=latin1;
/*!40101 SET character_set_client = @saved_cs_client */;

--
-- Dumping data for table `Genotypes_Alleles_AUD`
--

LOCK TABLES `Genotypes_Alleles_AUD` WRITE;
/*!40000 ALTER TABLE `Genotypes_Alleles_AUD` DISABLE KEYS */;
/*!40000 ALTER TABLE `Genotypes_Alleles_AUD` ENABLE KEYS */;
UNLOCK TABLES;

--
-- Table structure for table `GoHits`
--

DROP TABLE IF EXISTS `GoHits`;
/*!40101 SET @saved_cs_client     = @@character_set_client */;
/*!40101 SET character_set_client = utf8 */;
CREATE TABLE `GoHits` (
  `GoHitID` int(11) NOT NULL AUTO_INCREMENT,
  `GoBiologicalProc` bit(1) NOT NULL,
  `GoCellularComp` bit(1) NOT NULL,
  `GoDefinition` longtext,
  `GoHitNumber` varchar(20) NOT NULL,
  `GoMolecularFunc` bit(1) NOT NULL,
  `GoTerm` longtext,
  `LastModified` datetime(6) DEFAULT NULL,
  `GoProjectID` int(11) DEFAULT NULL,
  PRIMARY KEY (`GoHitID`),
  KEY `FK_jt00wmbuf1wewbs6lxhhvrnhl` (`GoProjectID`),
  CONSTRAINT `FK_jt00wmbuf1wewbs6lxhhvrnhl` FOREIGN KEY (`GoProjectID`) REFERENCES `GoProjects` (`GoProjectID`)
) ENGINE=InnoDB DEFAULT CHARSET=latin1;
/*!40101 SET character_set_client = @saved_cs_client */;

--
-- Dumping data for table `GoHits`
--

LOCK TABLES `GoHits` WRITE;
/*!40000 ALTER TABLE `GoHits` DISABLE KEYS */;
/*!40000 ALTER TABLE `GoHits` ENABLE KEYS */;
UNLOCK TABLES;

--
-- Table structure for table `GoProjects`
--

DROP TABLE IF EXISTS `GoProjects`;
/*!40101 SET @saved_cs_client     = @@character_set_client */;
/*!40101 SET character_set_client = utf8 */;
CREATE TABLE `GoProjects` (
  `GoProjectID` int(11) NOT NULL AUTO_INCREMENT,
  `DateCreated` datetime NOT NULL,
  `Description` longtext,
  `LastModified` datetime(6) DEFAULT NULL,
  `ProjectName` varchar(50) NOT NULL,
  `ProjectID` int(11) DEFAULT NULL,
  PRIMARY KEY (`GoProjectID`),
  UNIQUE KEY `UK_9id627ihsxoaojj0d5pxkyp5d` (`ProjectName`),
  KEY `FK_mqehuefgg1n7lejxjaurysses` (`ProjectID`),
  CONSTRAINT `FK_mqehuefgg1n7lejxjaurysses` FOREIGN KEY (`ProjectID`) REFERENCES `Projects` (`ProjectID`)
) ENGINE=InnoDB DEFAULT CHARSET=latin1;
/*!40101 SET character_set_client = @saved_cs_client */;

--
-- Dumping data for table `GoProjects`
--

LOCK TABLES `GoProjects` WRITE;
/*!40000 ALTER TABLE `GoProjects` DISABLE KEYS */;
/*!40000 ALTER TABLE `GoProjects` ENABLE KEYS */;
UNLOCK TABLES;

--
-- Table structure for table `Groups`
--

DROP TABLE IF EXISTS `Groups`;
/*!40101 SET @saved_cs_client     = @@character_set_client */;
/*!40101 SET character_set_client = utf8 */;
CREATE TABLE `Groups` (
  `GroupID` int(11) NOT NULL AUTO_INCREMENT,
  `DefaultRights` varchar(20) DEFAULT NULL,
  `Description` longtext,
  `GroupName` varchar(50) NOT NULL,
  `LastModified` datetime(6) DEFAULT NULL,
  PRIMARY KEY (`GroupID`),
  UNIQUE KEY `UK_lysadmheq7r9mxfllh6byrp0k` (`GroupName`)
) ENGINE=InnoDB AUTO_INCREMENT=9 DEFAULT CHARSET=latin1;
/*!40101 SET character_set_client = @saved_cs_client */;

--
-- Dumping data for table `Groups`
--

LOCK TABLES `Groups` WRITE;
/*!40000 ALTER TABLE `Groups` DISABLE KEYS */;
INSERT INTO `Groups` VALUES (1,'0000',NULL,'Admin Group','2013-03-19 00:00:00.000000'),(2,'0000',NULL,'User Group','2013-03-19 00:00:00.000000'),(3,'0000',NULL,'TEST Group','2013-03-19 00:00:00.000000'),(4,'0000',NULL,'CNC Loan Diptera','2013-03-19 00:00:00.000000'),(5,'0000',NULL,'CNC Loan General','2013-03-19 00:00:00.000000'),(6,'0000',NULL,'CNC Loan Staff','2013-03-19 00:00:00.000000'),(7,'0000',NULL,'CNC Loan Client','2013-03-19 00:00:00.000000'),(8,'1000',NULL,'Public','2016-06-15 00:00:00.000000');
/*!40000 ALTER TABLE `Groups` ENABLE KEYS */;
UNLOCK TABLES;

--
-- Table structure for table `Hosts`
--

DROP TABLE IF EXISTS `Hosts`;
/*!40101 SET @saved_cs_client     = @@character_set_client */;
/*!40101 SET character_set_client = utf8 */;
CREATE TABLE `Hosts` (
  `HostID` int(11) NOT NULL AUTO_INCREMENT,
  `Description` varchar(512) DEFAULT NULL,
  `Habitat` varchar(512) DEFAULT NULL,
  `HostETC` varchar(225) DEFAULT NULL,
  `LastModified` datetime(6) DEFAULT NULL,
  `Part` varchar(50) DEFAULT NULL,
  `TaxonID` int(11) DEFAULT NULL,
  `TaxonomyID` int(11) DEFAULT NULL,
  PRIMARY KEY (`HostID`),
  KEY `FK_klgh9npei7xn60sbiv941cn5e` (`TaxonID`),
  KEY `FK_i0qacll44p0uklvkejag31tf3` (`TaxonomyID`),
  CONSTRAINT `FK_i0qacll44p0uklvkejag31tf3` FOREIGN KEY (`TaxonomyID`) REFERENCES `Taxonomys` (`TaxonomyID`),
  CONSTRAINT `FK_klgh9npei7xn60sbiv941cn5e` FOREIGN KEY (`TaxonID`) REFERENCES `Taxa` (`TaxonID`)
) ENGINE=InnoDB AUTO_INCREMENT=111 DEFAULT CHARSET=latin1;
/*!40101 SET character_set_client = @saved_cs_client */;

--
-- Dumping data for table `Hosts`
--

LOCK TABLES `Hosts` WRITE;
/*!40000 ALTER TABLE `Hosts` DISABLE KEYS */;
INSERT INTO `Hosts` VALUES (1,'description 1','habitat 1','host etc 1','2013-03-19 00:00:00.000000','part 1',NULL,5),(2,'description 2','habitat 2','host etc 2','2013-03-19 00:00:00.000000','part 2',NULL,6),(3,'description 3','habitat 3','host etc 3','2013-03-19 00:00:00.000000','part 3',NULL,7),(4,'description 4','habitat 4','host etc 4','2013-03-19 00:00:00.000000','part 4',NULL,5),(5,'description 5','habitat 5','host etc 5','2013-03-19 00:00:00.000000','part 5',NULL,5),(12,'description 12','habitat 12','host etc 12','2013-03-19 00:00:00.000000','part 12',NULL,8),(13,'description 13','habitat 13','host etc 13','2013-03-19 00:00:00.000000','part 13',NULL,8),(14,'description 14','habitat 14','host etc 14','2013-03-19 00:00:00.000000','part 14',NULL,8),(15,NULL,NULL,NULL,'2018-03-15 20:53:09.505000',NULL,NULL,102),(16,NULL,NULL,NULL,'2018-03-15 20:53:09.826000',NULL,NULL,104),(17,NULL,NULL,NULL,'2018-03-15 20:53:10.255000',NULL,NULL,106),(18,NULL,NULL,NULL,'2018-03-15 20:53:11.091000',NULL,NULL,108),(19,NULL,NULL,NULL,'2018-03-15 20:53:11.481000',NULL,NULL,110),(20,NULL,NULL,NULL,'2018-03-15 20:53:11.824000',NULL,NULL,112),(21,NULL,NULL,NULL,'2018-03-15 20:53:11.986000',NULL,NULL,114),(22,NULL,NULL,NULL,'2018-03-15 20:53:12.144000',NULL,NULL,116),(23,NULL,NULL,NULL,'2018-03-15 20:53:12.317000',NULL,NULL,118),(24,NULL,NULL,NULL,'2018-03-15 20:53:12.494000',NULL,NULL,120),(25,NULL,NULL,NULL,'2018-03-15 20:53:12.638000',NULL,NULL,122),(26,NULL,NULL,NULL,'2018-03-15 20:53:12.770000',NULL,NULL,124),(27,NULL,NULL,NULL,'2018-03-15 20:53:12.898000',NULL,NULL,126),(28,NULL,NULL,NULL,'2018-03-15 20:53:13.031000',NULL,NULL,128),(29,NULL,NULL,NULL,'2018-03-15 20:53:13.174000',NULL,NULL,130),(30,NULL,NULL,NULL,'2018-03-15 20:53:13.462000',NULL,NULL,132),(31,NULL,NULL,NULL,'2018-03-15 20:53:13.611000',NULL,NULL,134),(32,NULL,NULL,NULL,'2018-03-15 20:53:13.777000',NULL,NULL,136),(33,NULL,NULL,NULL,'2018-03-15 20:53:13.950000',NULL,NULL,138),(34,NULL,NULL,NULL,'2018-03-15 20:53:14.095000',NULL,NULL,140),(35,NULL,NULL,NULL,'2018-03-15 20:53:14.243000',NULL,NULL,142),(36,NULL,NULL,NULL,'2018-03-15 20:53:14.395000',NULL,NULL,144),(37,NULL,NULL,NULL,'2018-03-15 20:53:14.573000',NULL,NULL,146),(38,NULL,NULL,NULL,'2018-03-15 20:53:14.777000',NULL,NULL,148),(39,NULL,NULL,NULL,'2018-03-15 20:53:14.963000',NULL,NULL,150),(40,NULL,NULL,NULL,'2018-03-15 20:53:15.135000',NULL,NULL,152),(41,NULL,NULL,NULL,'2018-03-15 20:53:15.330000',NULL,NULL,154),(42,NULL,NULL,NULL,'2018-03-15 20:53:15.519000',NULL,NULL,156),(43,NULL,NULL,NULL,'2018-03-15 20:53:15.754000',NULL,NULL,158),(44,NULL,NULL,NULL,'2018-03-15 20:53:15.928000',NULL,NULL,160),(45,NULL,NULL,NULL,'2018-03-15 20:53:16.123000',NULL,NULL,162),(46,NULL,NULL,NULL,'2018-03-15 20:53:16.283000',NULL,NULL,164),(47,NULL,NULL,NULL,'2018-03-15 20:53:16.522000',NULL,NULL,166),(48,NULL,NULL,NULL,'2018-03-15 20:53:16.685000',NULL,NULL,168),(49,NULL,NULL,NULL,'2018-03-15 20:53:16.866000',NULL,NULL,170),(50,NULL,NULL,NULL,'2018-03-15 20:53:17.090000',NULL,NULL,172),(51,NULL,NULL,NULL,'2018-03-15 20:53:17.261000',NULL,NULL,174),(52,NULL,NULL,NULL,'2018-03-15 20:53:17.441000',NULL,NULL,176),(53,NULL,NULL,NULL,'2018-03-15 20:53:17.644000',NULL,NULL,178),(54,NULL,NULL,NULL,'2018-03-15 20:53:17.866000',NULL,NULL,180),(55,NULL,NULL,NULL,'2018-03-15 20:53:18.039000',NULL,NULL,182),(56,NULL,NULL,NULL,'2018-03-15 20:53:18.254000',NULL,NULL,184),(57,NULL,NULL,NULL,'2018-03-15 20:53:18.443000',NULL,NULL,186),(58,NULL,NULL,NULL,'2018-03-15 20:53:18.605000',NULL,NULL,188),(59,NULL,NULL,NULL,'2018-03-15 20:53:18.774000',NULL,NULL,190),(60,NULL,NULL,NULL,'2018-03-15 20:53:18.948000',NULL,NULL,192),(61,NULL,NULL,NULL,'2018-03-15 20:53:19.122000',NULL,NULL,194),(62,NULL,NULL,NULL,'2018-03-15 20:53:19.288000',NULL,NULL,196),(63,NULL,NULL,NULL,'2018-03-15 20:53:19.447000',NULL,NULL,198),(64,NULL,NULL,NULL,'2018-03-15 20:53:19.593000',NULL,NULL,200),(65,NULL,NULL,NULL,'2018-03-15 20:53:19.746000',NULL,NULL,202),(66,NULL,NULL,NULL,'2018-03-15 20:53:19.922000',NULL,NULL,204),(67,NULL,NULL,NULL,'2018-03-15 20:53:20.070000',NULL,NULL,206),(68,NULL,NULL,NULL,'2018-03-15 20:53:20.229000',NULL,NULL,208),(69,NULL,NULL,NULL,'2018-03-15 20:53:20.431000',NULL,NULL,210),(70,NULL,NULL,NULL,'2018-03-15 20:53:20.647000',NULL,NULL,212),(71,NULL,NULL,NULL,'2018-03-15 20:53:20.804000',NULL,NULL,214),(72,NULL,NULL,NULL,'2018-03-15 20:53:20.976000',NULL,NULL,216),(73,NULL,NULL,NULL,'2018-03-15 20:53:21.167000',NULL,NULL,218),(74,NULL,NULL,NULL,'2018-03-15 20:53:21.355000',NULL,NULL,220),(75,NULL,NULL,NULL,'2018-03-15 20:53:21.514000',NULL,NULL,222),(76,NULL,NULL,NULL,'2018-03-15 20:53:21.668000',NULL,NULL,224),(77,NULL,NULL,NULL,'2018-03-15 20:53:21.842000',NULL,NULL,226),(78,NULL,NULL,NULL,'2018-03-15 20:53:22.015000',NULL,NULL,228),(79,NULL,NULL,NULL,'2018-03-15 20:53:22.197000',NULL,NULL,230),(80,NULL,NULL,NULL,'2018-03-15 20:53:22.476000',NULL,NULL,232),(81,NULL,NULL,NULL,'2018-03-15 20:53:22.647000',NULL,NULL,234),(82,NULL,NULL,NULL,'2018-03-15 20:53:22.838000',NULL,NULL,236),(83,NULL,NULL,NULL,'2018-03-15 20:53:22.988000',NULL,NULL,238),(84,NULL,NULL,NULL,'2018-03-15 20:53:23.200000',NULL,NULL,240),(85,NULL,NULL,NULL,'2018-03-15 20:53:23.375000',NULL,NULL,242),(86,NULL,NULL,NULL,'2018-03-15 20:53:23.539000',NULL,NULL,244),(87,NULL,NULL,NULL,'2018-03-15 20:53:23.696000',NULL,NULL,246),(88,NULL,NULL,NULL,'2018-03-15 20:53:23.862000',NULL,NULL,248),(89,NULL,NULL,NULL,'2018-03-15 20:53:24.160000',NULL,NULL,250),(90,NULL,NULL,NULL,'2018-03-15 20:53:24.492000',NULL,NULL,252),(91,NULL,NULL,NULL,'2018-03-15 20:53:24.670000',NULL,NULL,254),(92,NULL,NULL,NULL,'2018-03-15 20:53:24.847000',NULL,NULL,256),(93,NULL,NULL,NULL,'2018-03-15 20:53:25.042000',NULL,NULL,258),(94,NULL,NULL,NULL,'2018-03-15 20:53:25.209000',NULL,NULL,260),(95,NULL,NULL,NULL,'2018-03-15 20:53:25.384000',NULL,NULL,262),(96,NULL,NULL,NULL,'2018-03-15 20:53:25.547000',NULL,NULL,264),(97,NULL,NULL,NULL,'2018-03-15 20:53:25.717000',NULL,NULL,266),(98,NULL,NULL,NULL,'2018-03-15 20:53:26.137000',NULL,NULL,268),(99,NULL,NULL,NULL,'2018-03-15 20:53:26.306000',NULL,NULL,270),(100,NULL,NULL,NULL,'2018-03-15 20:53:26.472000',NULL,NULL,272),(101,NULL,NULL,NULL,'2018-03-15 20:53:26.647000',NULL,NULL,274),(102,NULL,NULL,NULL,'2018-03-15 20:53:26.828000',NULL,NULL,276),(103,NULL,NULL,NULL,'2018-03-15 20:53:27.006000',NULL,NULL,278),(104,NULL,NULL,NULL,'2018-03-15 20:53:27.181000',NULL,NULL,280),(105,NULL,NULL,NULL,'2018-03-15 20:53:27.358000',NULL,NULL,282),(106,NULL,NULL,NULL,'2018-03-15 20:53:27.536000',NULL,NULL,284),(107,NULL,NULL,NULL,'2018-03-15 20:53:27.722000',NULL,NULL,286),(108,NULL,NULL,NULL,'2018-03-15 20:53:27.937000',NULL,NULL,288),(109,NULL,NULL,NULL,'2018-03-15 20:53:28.126000',NULL,NULL,290),(110,NULL,NULL,NULL,'2018-03-15 20:53:28.406000',NULL,NULL,292);
/*!40000 ALTER TABLE `Hosts` ENABLE KEYS */;
UNLOCK TABLES;

--
-- Table structure for table `Hosts_AUD`
--

DROP TABLE IF EXISTS `Hosts_AUD`;
/*!40101 SET @saved_cs_client     = @@character_set_client */;
/*!40101 SET character_set_client = utf8 */;
CREATE TABLE `Hosts_AUD` (
  `HostID` int(11) NOT NULL,
  `REV` int(11) NOT NULL,
  `REVTYPE` tinyint(4) DEFAULT NULL,
  `Description` varchar(512) DEFAULT NULL,
  `Habitat` varchar(512) DEFAULT NULL,
  `HostETC` varchar(225) DEFAULT NULL,
  `Part` varchar(50) DEFAULT NULL,
  `TaxonID` int(11) DEFAULT NULL,
  `TaxonomyID` int(11) DEFAULT NULL,
  PRIMARY KEY (`HostID`,`REV`),
  KEY `FK_f1ko8oiulps3jmtxrq9f87mmj` (`REV`),
  CONSTRAINT `FK_f1ko8oiulps3jmtxrq9f87mmj` FOREIGN KEY (`REV`) REFERENCES `Revision` (`id`)
) ENGINE=InnoDB DEFAULT CHARSET=latin1;
/*!40101 SET character_set_client = @saved_cs_client */;

--
-- Dumping data for table `Hosts_AUD`
--

LOCK TABLES `Hosts_AUD` WRITE;
/*!40000 ALTER TABLE `Hosts_AUD` DISABLE KEYS */;
INSERT INTO `Hosts_AUD` VALUES (15,6,0,NULL,NULL,NULL,NULL,NULL,102),(16,6,0,NULL,NULL,NULL,NULL,NULL,104),(17,6,0,NULL,NULL,NULL,NULL,NULL,106),(18,6,0,NULL,NULL,NULL,NULL,NULL,108),(19,6,0,NULL,NULL,NULL,NULL,NULL,110),(20,6,0,NULL,NULL,NULL,NULL,NULL,112),(21,6,0,NULL,NULL,NULL,NULL,NULL,114),(22,6,0,NULL,NULL,NULL,NULL,NULL,116),(23,6,0,NULL,NULL,NULL,NULL,NULL,118),(24,6,0,NULL,NULL,NULL,NULL,NULL,120),(25,6,0,NULL,NULL,NULL,NULL,NULL,122),(26,6,0,NULL,NULL,NULL,NULL,NULL,124),(27,6,0,NULL,NULL,NULL,NULL,NULL,126),(28,6,0,NULL,NULL,NULL,NULL,NULL,128),(29,6,0,NULL,NULL,NULL,NULL,NULL,130),(30,6,0,NULL,NULL,NULL,NULL,NULL,132),(31,6,0,NULL,NULL,NULL,NULL,NULL,134),(32,6,0,NULL,NULL,NULL,NULL,NULL,136),(33,6,0,NULL,NULL,NULL,NULL,NULL,138),(34,6,0,NULL,NULL,NULL,NULL,NULL,140),(35,6,0,NULL,NULL,NULL,NULL,NULL,142),(36,6,0,NULL,NULL,NULL,NULL,NULL,144),(37,6,0,NULL,NULL,NULL,NULL,NULL,146),(38,6,0,NULL,NULL,NULL,NULL,NULL,148),(39,6,0,NULL,NULL,NULL,NULL,NULL,150),(40,6,0,NULL,NULL,NULL,NULL,NULL,152),(41,6,0,NULL,NULL,NULL,NULL,NULL,154),(42,6,0,NULL,NULL,NULL,NULL,NULL,156),(43,6,0,NULL,NULL,NULL,NULL,NULL,158),(44,6,0,NULL,NULL,NULL,NULL,NULL,160),(45,6,0,NULL,NULL,NULL,NULL,NULL,162),(46,6,0,NULL,NULL,NULL,NULL,NULL,164),(47,6,0,NULL,NULL,NULL,NULL,NULL,166),(48,6,0,NULL,NULL,NULL,NULL,NULL,168),(49,6,0,NULL,NULL,NULL,NULL,NULL,170),(50,6,0,NULL,NULL,NULL,NULL,NULL,172),(51,6,0,NULL,NULL,NULL,NULL,NULL,174),(52,6,0,NULL,NULL,NULL,NULL,NULL,176),(53,6,0,NULL,NULL,NULL,NULL,NULL,178),(54,6,0,NULL,NULL,NULL,NULL,NULL,180),(55,6,0,NULL,NULL,NULL,NULL,NULL,182),(56,6,0,NULL,NULL,NULL,NULL,NULL,184),(57,6,0,NULL,NULL,NULL,NULL,NULL,186),(58,6,0,NULL,NULL,NULL,NULL,NULL,188),(59,6,0,NULL,NULL,NULL,NULL,NULL,190),(60,6,0,NULL,NULL,NULL,NULL,NULL,192),(61,6,0,NULL,NULL,NULL,NULL,NULL,194),(62,6,0,NULL,NULL,NULL,NULL,NULL,196),(63,6,0,NULL,NULL,NULL,NULL,NULL,198),(64,6,0,NULL,NULL,NULL,NULL,NULL,200),(65,6,0,NULL,NULL,NULL,NULL,NULL,202),(66,6,0,NULL,NULL,NULL,NULL,NULL,204),(67,6,0,NULL,NULL,NULL,NULL,NULL,206),(68,6,0,NULL,NULL,NULL,NULL,NULL,208),(69,6,0,NULL,NULL,NULL,NULL,NULL,210),(70,6,0,NULL,NULL,NULL,NULL,NULL,212),(71,6,0,NULL,NULL,NULL,NULL,NULL,214),(72,6,0,NULL,NULL,NULL,NULL,NULL,216),(73,6,0,NULL,NULL,NULL,NULL,NULL,218),(74,6,0,NULL,NULL,NULL,NULL,NULL,220),(75,6,0,NULL,NULL,NULL,NULL,NULL,222),(76,6,0,NULL,NULL,NULL,NULL,NULL,224),(77,6,0,NULL,NULL,NULL,NULL,NULL,226),(78,6,0,NULL,NULL,NULL,NULL,NULL,228),(79,6,0,NULL,NULL,NULL,NULL,NULL,230),(80,6,0,NULL,NULL,NULL,NULL,NULL,232),(81,6,0,NULL,NULL,NULL,NULL,NULL,234),(82,6,0,NULL,NULL,NULL,NULL,NULL,236),(83,6,0,NULL,NULL,NULL,NULL,NULL,238),(84,6,0,NULL,NULL,NULL,NULL,NULL,240),(85,6,0,NULL,NULL,NULL,NULL,NULL,242),(86,6,0,NULL,NULL,NULL,NULL,NULL,244),(87,6,0,NULL,NULL,NULL,NULL,NULL,246),(88,6,0,NULL,NULL,NULL,NULL,NULL,248),(89,6,0,NULL,NULL,NULL,NULL,NULL,250),(90,6,0,NULL,NULL,NULL,NULL,NULL,252),(91,6,0,NULL,NULL,NULL,NULL,NULL,254),(92,6,0,NULL,NULL,NULL,NULL,NULL,256),(93,6,0,NULL,NULL,NULL,NULL,NULL,258),(94,6,0,NULL,NULL,NULL,NULL,NULL,260),(95,6,0,NULL,NULL,NULL,NULL,NULL,262),(96,6,0,NULL,NULL,NULL,NULL,NULL,264),(97,6,0,NULL,NULL,NULL,NULL,NULL,266),(98,6,0,NULL,NULL,NULL,NULL,NULL,268),(99,6,0,NULL,NULL,NULL,NULL,NULL,270),(100,6,0,NULL,NULL,NULL,NULL,NULL,272),(101,6,0,NULL,NULL,NULL,NULL,NULL,274),(102,6,0,NULL,NULL,NULL,NULL,NULL,276),(103,6,0,NULL,NULL,NULL,NULL,NULL,278),(104,6,0,NULL,NULL,NULL,NULL,NULL,280),(105,6,0,NULL,NULL,NULL,NULL,NULL,282),(106,6,0,NULL,NULL,NULL,NULL,NULL,284),(107,6,0,NULL,NULL,NULL,NULL,NULL,286),(108,6,0,NULL,NULL,NULL,NULL,NULL,288),(109,6,0,NULL,NULL,NULL,NULL,NULL,290),(110,6,0,NULL,NULL,NULL,NULL,NULL,292);
/*!40000 ALTER TABLE `Hosts_AUD` ENABLE KEYS */;
UNLOCK TABLES;

--
-- Table structure for table `HybProjects`
--

DROP TABLE IF EXISTS `HybProjects`;
/*!40101 SET @saved_cs_client     = @@character_set_client */;
/*!40101 SET character_set_client = utf8 */;
CREATE TABLE `HybProjects` (
  `HyProjectID` int(11) NOT NULL AUTO_INCREMENT,
  `Description` longtext,
  `LastModified` datetime(6) DEFAULT NULL,
  `Name` varchar(50) NOT NULL,
  PRIMARY KEY (`HyProjectID`)
) ENGINE=InnoDB DEFAULT CHARSET=latin1;
/*!40101 SET character_set_client = @saved_cs_client */;

--
-- Dumping data for table `HybProjects`
--

LOCK TABLES `HybProjects` WRITE;
/*!40000 ALTER TABLE `HybProjects` DISABLE KEYS */;
/*!40000 ALTER TABLE `HybProjects` ENABLE KEYS */;
UNLOCK TABLES;

--
-- Table structure for table `HybProjectsProjects`
--

DROP TABLE IF EXISTS `HybProjectsProjects`;
/*!40101 SET @saved_cs_client     = @@character_set_client */;
/*!40101 SET character_set_client = utf8 */;
CREATE TABLE `HybProjectsProjects` (
  `HybProjectsProjectID` int(11) NOT NULL AUTO_INCREMENT,
  `HyProjectID` int(11) DEFAULT NULL,
  `ProjectID` int(11) DEFAULT NULL,
  PRIMARY KEY (`HybProjectsProjectID`),
  KEY `FK_2uf57ss4mb8chcq4jlq5tmtwv` (`HyProjectID`),
  KEY `FK_ebs36c3v9l1trpqs5obdfxmt4` (`ProjectID`),
  CONSTRAINT `FK_2uf57ss4mb8chcq4jlq5tmtwv` FOREIGN KEY (`HyProjectID`) REFERENCES `HybProjects` (`HyProjectID`),
  CONSTRAINT `FK_ebs36c3v9l1trpqs5obdfxmt4` FOREIGN KEY (`ProjectID`) REFERENCES `Projects` (`ProjectID`)
) ENGINE=InnoDB DEFAULT CHARSET=latin1;
/*!40101 SET character_set_client = @saved_cs_client */;

--
-- Dumping data for table `HybProjectsProjects`
--

LOCK TABLES `HybProjectsProjects` WRITE;
/*!40000 ALTER TABLE `HybProjectsProjects` DISABLE KEYS */;
/*!40000 ALTER TABLE `HybProjectsProjects` ENABLE KEYS */;
UNLOCK TABLES;

--
-- Table structure for table `Hybridizations`
--

DROP TABLE IF EXISTS `Hybridizations`;
/*!40101 SET @saved_cs_client     = @@character_set_client */;
/*!40101 SET character_set_client = utf8 */;
CREATE TABLE `Hybridizations` (
  `HybridizationID` int(11) NOT NULL AUTO_INCREMENT,
  `Date` datetime NOT NULL,
  `Description` longtext,
  `Duplicate` bit(1) NOT NULL,
  `ExpositionTime` time NOT NULL,
  `ImageDir` varchar(255) DEFAULT NULL,
  `ImageFileName` varchar(50) DEFAULT NULL,
  `LastModified` datetime(6) DEFAULT NULL,
  `ArrayTypeID` int(11) DEFAULT NULL,
  `HyProjectID` int(11) DEFAULT NULL,
  PRIMARY KEY (`HybridizationID`),
  KEY `FK_nyf42lnk7bl6lvvutnqm8u4vy` (`ArrayTypeID`),
  KEY `FK_mqt6y55s7tmnvab0suukcp22v` (`HyProjectID`),
  CONSTRAINT `FK_mqt6y55s7tmnvab0suukcp22v` FOREIGN KEY (`HyProjectID`) REFERENCES `HybProjects` (`HyProjectID`),
  CONSTRAINT `FK_nyf42lnk7bl6lvvutnqm8u4vy` FOREIGN KEY (`ArrayTypeID`) REFERENCES `ArrayTypes` (`ArrayTypeID`)
) ENGINE=InnoDB DEFAULT CHARSET=latin1;
/*!40101 SET character_set_client = @saved_cs_client */;

--
-- Dumping data for table `Hybridizations`
--

LOCK TABLES `Hybridizations` WRITE;
/*!40000 ALTER TABLE `Hybridizations` DISABLE KEYS */;
/*!40000 ALTER TABLE `Hybridizations` ENABLE KEYS */;
UNLOCK TABLES;

--
-- Table structure for table `INT_GROUP_TO_MESSAGE`
--

DROP TABLE IF EXISTS `INT_GROUP_TO_MESSAGE`;
/*!40101 SET @saved_cs_client     = @@character_set_client */;
/*!40101 SET character_set_client = utf8 */;
CREATE TABLE `INT_GROUP_TO_MESSAGE` (
  `GROUP_KEY` char(36) NOT NULL,
  `MESSAGE_ID` char(36) NOT NULL,
  PRIMARY KEY (`GROUP_KEY`,`MESSAGE_ID`)
) ENGINE=InnoDB DEFAULT CHARSET=latin1;
/*!40101 SET character_set_client = @saved_cs_client */;

--
-- Dumping data for table `INT_GROUP_TO_MESSAGE`
--

LOCK TABLES `INT_GROUP_TO_MESSAGE` WRITE;
/*!40000 ALTER TABLE `INT_GROUP_TO_MESSAGE` DISABLE KEYS */;
/*!40000 ALTER TABLE `INT_GROUP_TO_MESSAGE` ENABLE KEYS */;
UNLOCK TABLES;

--
-- Table structure for table `INT_MESSAGE`
--

DROP TABLE IF EXISTS `INT_MESSAGE`;
/*!40101 SET @saved_cs_client     = @@character_set_client */;
/*!40101 SET character_set_client = utf8 */;
CREATE TABLE `INT_MESSAGE` (
  `MESSAGE_ID` char(36) NOT NULL,
  `REGION` varchar(100) DEFAULT NULL,
  `CREATED_DATE` datetime(6) NOT NULL,
  `MESSAGE_BYTES` blob,
  PRIMARY KEY (`MESSAGE_ID`),
  KEY `INT_MESSAGE_IX1` (`CREATED_DATE`)
) ENGINE=InnoDB DEFAULT CHARSET=latin1;
/*!40101 SET character_set_client = @saved_cs_client */;

--
-- Dumping data for table `INT_MESSAGE`
--

LOCK TABLES `INT_MESSAGE` WRITE;
/*!40000 ALTER TABLE `INT_MESSAGE` DISABLE KEYS */;
/*!40000 ALTER TABLE `INT_MESSAGE` ENABLE KEYS */;
UNLOCK TABLES;

--
-- Table structure for table `INT_MESSAGE_GROUP`
--

DROP TABLE IF EXISTS `INT_MESSAGE_GROUP`;
/*!40101 SET @saved_cs_client     = @@character_set_client */;
/*!40101 SET character_set_client = utf8 */;
CREATE TABLE `INT_MESSAGE_GROUP` (
  `GROUP_KEY` char(36) NOT NULL,
  `REGION` varchar(100) DEFAULT NULL,
  `MARKED` bigint(20) DEFAULT NULL,
  `COMPLETE` bigint(20) DEFAULT NULL,
  `LAST_RELEASED_SEQUENCE` bigint(20) DEFAULT NULL,
  `CREATED_DATE` datetime(6) NOT NULL,
  `UPDATED_DATE` datetime(6) DEFAULT NULL,
  PRIMARY KEY (`GROUP_KEY`)
) ENGINE=InnoDB DEFAULT CHARSET=latin1;
/*!40101 SET character_set_client = @saved_cs_client */;

--
-- Dumping data for table `INT_MESSAGE_GROUP`
--

LOCK TABLES `INT_MESSAGE_GROUP` WRITE;
/*!40000 ALTER TABLE `INT_MESSAGE_GROUP` DISABLE KEYS */;
/*!40000 ALTER TABLE `INT_MESSAGE_GROUP` ENABLE KEYS */;
UNLOCK TABLES;

--
-- Table structure for table `Identifications`
--

DROP TABLE IF EXISTS `Identifications`;
/*!40101 SET @saved_cs_client     = @@character_set_client */;
/*!40101 SET character_set_client = utf8 */;
CREATE TABLE `Identifications` (
  `IdentificationID` int(11) NOT NULL AUTO_INCREMENT,
  `Accepted` bit(1) NOT NULL,
  `Day` varchar(10) DEFAULT NULL,
  `Error` varchar(50) DEFAULT NULL,
  `EvidenceNotes` varchar(1024) DEFAULT NULL,
  `IdentifiedBy` varchar(200) DEFAULT NULL,
  `IdentifierEmail` varchar(200) DEFAULT NULL,
  `LastModified` datetime(6) DEFAULT NULL,
  `LifeCycle` varchar(20) DEFAULT NULL,
  `Month` varchar(10) DEFAULT NULL,
  `NCBITaxonID` varchar(12) DEFAULT NULL,
  `Representative` bit(1) DEFAULT NULL,
  `Result` varchar(50) DEFAULT NULL,
  `Year` varchar(10) DEFAULT NULL,
  `SequenceID` int(11) DEFAULT NULL,
  `SpecimenID` int(11) DEFAULT NULL,
  `TaxonID` int(11) DEFAULT NULL,
  `TaxonomyID` int(11) DEFAULT NULL,
  PRIMARY KEY (`IdentificationID`),
  KEY `FK_16rjw3tn0pbitl26qtce8a0iq` (`SequenceID`),
  KEY `FK_nabkyxwrsp4lhr4uihk8idcru` (`SpecimenID`),
  KEY `FK_sdfpg9um9vmjk132spagwfp3q` (`TaxonID`),
  KEY `FK_mvxonmas5vjv82wb2nym1na41` (`TaxonomyID`),
  CONSTRAINT `FK_16rjw3tn0pbitl26qtce8a0iq` FOREIGN KEY (`SequenceID`) REFERENCES `Sequences` (`SequenceID`),
  CONSTRAINT `FK_mvxonmas5vjv82wb2nym1na41` FOREIGN KEY (`TaxonomyID`) REFERENCES `Taxonomys` (`TaxonomyID`),
  CONSTRAINT `FK_nabkyxwrsp4lhr4uihk8idcru` FOREIGN KEY (`SpecimenID`) REFERENCES `Specimens` (`SpecimenID`),
  CONSTRAINT `FK_sdfpg9um9vmjk132spagwfp3q` FOREIGN KEY (`TaxonID`) REFERENCES `Taxa` (`TaxonID`)
) ENGINE=InnoDB AUTO_INCREMENT=197 DEFAULT CHARSET=latin1;
/*!40101 SET character_set_client = @saved_cs_client */;

--
-- Dumping data for table `Identifications`
--

LOCK TABLES `Identifications` WRITE;
/*!40000 ALTER TABLE `Identifications` DISABLE KEYS */;
INSERT INTO `Identifications` VALUES (1,'','10','an error',NULL,'Tom Jones','aEmail@email.com','2018-03-15 21:30:06.618000',NULL,'11',NULL,'','Errored','2007',NULL,1,NULL,1),(2,'','10','test error',NULL,'Tommy','aEmail@email.com','2018-03-15 21:30:06.440000',NULL,'11',NULL,'\0','Errored','2002',NULL,2,NULL,2),(3,'','10','',NULL,'Tom','a3Email@email.com','2018-03-15 21:30:06.295000',NULL,'11',NULL,'','Grouped:Identified','2003',NULL,3,NULL,3),(4,'','10','',NULL,'Jones','a4Email@email.com','2018-03-15 21:30:06.154000',NULL,'11',NULL,'','Grouped:Identified','2004',NULL,4,NULL,4),(5,'','10','',NULL,'Smith','a5Email@email.com','2018-03-15 21:30:05.994000',NULL,'11',NULL,'\0','Grouped:Identified','2005',NULL,5,NULL,5),(12,'','10','12error',NULL,'Smith','a12Email@email.com','2018-03-15 21:30:05.830000',NULL,'11',NULL,'','Errored','2012',NULL,12,NULL,12),(13,'','10','12error',NULL,'Smith','a12Email@email.com','2013-03-19 00:00:00.000000','','11',NULL,'','Errored','2012',NULL,13,NULL,13),(14,'','10','12error',NULL,'Smith','a12Email@email.com','2013-03-19 00:00:00.000000','','11',NULL,'','Errored','2012',NULL,14,NULL,14),(100,'','10','100error',NULL,'Smith','a100Email@email.com','2013-03-19 00:00:00.000000','','11',NULL,'','Errored','2012',1,100,NULL,100),(101,'',NULL,NULL,NULL,NULL,NULL,'2018-03-15 20:53:09.458000',NULL,NULL,NULL,NULL,NULL,NULL,NULL,NULL,NULL,101),(102,'',NULL,NULL,NULL,NULL,NULL,'2018-03-15 20:53:09.787000',NULL,NULL,NULL,NULL,NULL,NULL,NULL,NULL,NULL,103),(103,'',NULL,NULL,NULL,NULL,NULL,'2018-03-15 20:53:10.171000',NULL,NULL,NULL,NULL,NULL,NULL,NULL,NULL,NULL,105),(104,'',NULL,NULL,NULL,NULL,NULL,'2018-03-15 20:53:11.061000',NULL,NULL,NULL,NULL,NULL,NULL,NULL,NULL,NULL,107),(105,'',NULL,NULL,NULL,NULL,NULL,'2018-03-15 20:53:11.368000',NULL,NULL,NULL,NULL,NULL,NULL,NULL,NULL,NULL,109),(106,'',NULL,NULL,NULL,NULL,NULL,'2018-03-15 20:53:11.734000',NULL,NULL,NULL,NULL,NULL,NULL,NULL,NULL,NULL,111),(107,'',NULL,NULL,NULL,NULL,NULL,'2018-03-15 20:53:11.967000',NULL,NULL,NULL,NULL,NULL,NULL,NULL,NULL,NULL,113),(108,'',NULL,NULL,NULL,NULL,NULL,'2018-03-15 20:53:12.122000',NULL,NULL,NULL,NULL,NULL,NULL,NULL,NULL,NULL,115),(109,'',NULL,NULL,NULL,NULL,NULL,'2018-03-15 20:53:12.304000',NULL,NULL,NULL,NULL,NULL,NULL,NULL,NULL,NULL,117),(110,'',NULL,NULL,NULL,NULL,NULL,'2018-03-15 20:53:12.469000',NULL,NULL,NULL,NULL,NULL,NULL,NULL,NULL,NULL,119),(111,'',NULL,NULL,NULL,NULL,NULL,'2018-03-15 20:53:12.615000',NULL,NULL,NULL,NULL,NULL,NULL,NULL,NULL,NULL,121),(112,'',NULL,NULL,NULL,NULL,NULL,'2018-03-15 20:53:12.755000',NULL,NULL,NULL,NULL,NULL,NULL,NULL,NULL,NULL,123),(113,'',NULL,NULL,NULL,NULL,NULL,'2018-03-15 20:53:12.884000',NULL,NULL,NULL,NULL,NULL,NULL,NULL,NULL,NULL,125),(114,'',NULL,NULL,NULL,NULL,NULL,'2018-03-15 20:53:13.018000',NULL,NULL,NULL,NULL,NULL,NULL,NULL,NULL,NULL,127),(115,'',NULL,NULL,NULL,NULL,NULL,'2018-03-15 20:53:13.154000',NULL,NULL,NULL,NULL,NULL,NULL,NULL,NULL,NULL,129),(116,'',NULL,NULL,NULL,NULL,NULL,'2018-03-15 20:53:13.326000',NULL,NULL,NULL,NULL,NULL,NULL,NULL,NULL,NULL,131),(117,'',NULL,NULL,NULL,NULL,NULL,'2018-03-15 20:53:13.584000',NULL,NULL,NULL,NULL,NULL,NULL,NULL,NULL,NULL,133),(118,'',NULL,NULL,NULL,NULL,NULL,'2018-03-15 20:53:13.755000',NULL,NULL,NULL,NULL,NULL,NULL,NULL,NULL,NULL,135),(119,'',NULL,NULL,NULL,NULL,NULL,'2018-03-15 20:53:13.934000',NULL,NULL,NULL,NULL,NULL,NULL,NULL,NULL,NULL,137),(120,'',NULL,NULL,NULL,NULL,NULL,'2018-03-15 20:53:14.082000',NULL,NULL,NULL,NULL,NULL,NULL,NULL,NULL,NULL,139),(121,'',NULL,NULL,NULL,NULL,NULL,'2018-03-15 20:53:14.227000',NULL,NULL,NULL,NULL,NULL,NULL,NULL,NULL,NULL,141),(122,'',NULL,NULL,NULL,NULL,NULL,'2018-03-15 20:53:14.379000',NULL,NULL,NULL,NULL,NULL,NULL,NULL,NULL,NULL,143),(123,'',NULL,NULL,NULL,NULL,NULL,'2018-03-15 20:53:14.549000',NULL,NULL,NULL,NULL,NULL,NULL,NULL,NULL,NULL,145),(124,'',NULL,NULL,NULL,NULL,NULL,'2018-03-15 20:53:14.757000',NULL,NULL,NULL,NULL,NULL,NULL,NULL,NULL,NULL,147),(125,'',NULL,NULL,NULL,NULL,NULL,'2018-03-15 20:53:14.942000',NULL,NULL,NULL,NULL,NULL,NULL,NULL,NULL,NULL,149),(126,'',NULL,NULL,NULL,NULL,NULL,'2018-03-15 20:53:15.117000',NULL,NULL,NULL,NULL,NULL,NULL,NULL,NULL,NULL,151),(127,'',NULL,NULL,NULL,NULL,NULL,'2018-03-15 20:53:15.310000',NULL,NULL,NULL,NULL,NULL,NULL,NULL,NULL,NULL,153),(128,'',NULL,NULL,NULL,NULL,NULL,'2018-03-15 20:53:15.500000',NULL,NULL,NULL,NULL,NULL,NULL,NULL,NULL,NULL,155),(129,'',NULL,NULL,NULL,NULL,NULL,'2018-03-15 20:53:15.736000',NULL,NULL,NULL,NULL,NULL,NULL,NULL,NULL,NULL,157),(130,'',NULL,NULL,NULL,NULL,NULL,'2018-03-15 20:53:15.907000',NULL,NULL,NULL,NULL,NULL,NULL,NULL,NULL,NULL,159),(131,'',NULL,NULL,NULL,NULL,NULL,'2018-03-15 20:53:16.104000',NULL,NULL,NULL,NULL,NULL,NULL,NULL,NULL,NULL,161),(132,'',NULL,NULL,NULL,NULL,NULL,'2018-03-15 20:53:16.259000',NULL,NULL,NULL,NULL,NULL,NULL,NULL,NULL,NULL,163),(133,'',NULL,NULL,NULL,NULL,NULL,'2018-03-15 20:53:16.505000',NULL,NULL,NULL,NULL,NULL,NULL,NULL,NULL,NULL,165),(134,'',NULL,NULL,NULL,NULL,NULL,'2018-03-15 20:53:16.671000',NULL,NULL,NULL,NULL,NULL,NULL,NULL,NULL,NULL,167),(135,'',NULL,NULL,NULL,NULL,NULL,'2018-03-15 20:53:16.844000',NULL,NULL,NULL,NULL,NULL,NULL,NULL,NULL,NULL,169),(136,'',NULL,NULL,NULL,NULL,NULL,'2018-03-15 20:53:17.063000',NULL,NULL,NULL,NULL,NULL,NULL,NULL,NULL,NULL,171),(137,'',NULL,NULL,NULL,NULL,NULL,'2018-03-15 20:53:17.244000',NULL,NULL,NULL,NULL,NULL,NULL,NULL,NULL,NULL,173),(138,'',NULL,NULL,NULL,NULL,NULL,'2018-03-15 20:53:17.424000',NULL,NULL,NULL,NULL,NULL,NULL,NULL,NULL,NULL,175),(139,'',NULL,NULL,NULL,NULL,NULL,'2018-03-15 20:53:17.622000',NULL,NULL,NULL,NULL,NULL,NULL,NULL,NULL,NULL,177),(140,'',NULL,NULL,NULL,NULL,NULL,'2018-03-15 20:53:17.846000',NULL,NULL,NULL,NULL,NULL,NULL,NULL,NULL,NULL,179),(141,'',NULL,NULL,NULL,NULL,NULL,'2018-03-15 20:53:18.024000',NULL,NULL,NULL,NULL,NULL,NULL,NULL,NULL,NULL,181),(142,'',NULL,NULL,NULL,NULL,NULL,'2018-03-15 20:53:18.230000',NULL,NULL,NULL,NULL,NULL,NULL,NULL,NULL,NULL,183),(143,'',NULL,NULL,NULL,NULL,NULL,'2018-03-15 20:53:18.424000',NULL,NULL,NULL,NULL,NULL,NULL,NULL,NULL,NULL,185),(144,'',NULL,NULL,NULL,NULL,NULL,'2018-03-15 20:53:18.589000',NULL,NULL,NULL,NULL,NULL,NULL,NULL,NULL,NULL,187),(145,'',NULL,NULL,NULL,NULL,NULL,'2018-03-15 20:53:18.754000',NULL,NULL,NULL,NULL,NULL,NULL,NULL,NULL,NULL,189),(146,'',NULL,NULL,NULL,NULL,NULL,'2018-03-15 20:53:18.932000',NULL,NULL,NULL,NULL,NULL,NULL,NULL,NULL,NULL,191),(147,'',NULL,NULL,NULL,NULL,NULL,'2018-03-15 20:53:19.104000',NULL,NULL,NULL,NULL,NULL,NULL,NULL,NULL,NULL,193),(148,'',NULL,NULL,NULL,NULL,NULL,'2018-03-15 20:53:19.273000',NULL,NULL,NULL,NULL,NULL,NULL,NULL,NULL,NULL,195),(149,'',NULL,NULL,NULL,NULL,NULL,'2018-03-15 20:53:19.431000',NULL,NULL,NULL,NULL,NULL,NULL,NULL,NULL,NULL,197),(150,'',NULL,NULL,NULL,NULL,NULL,'2018-03-15 20:53:19.577000',NULL,NULL,NULL,NULL,NULL,NULL,NULL,NULL,NULL,199),(151,'',NULL,NULL,NULL,NULL,NULL,'2018-03-15 20:53:19.731000',NULL,NULL,NULL,NULL,NULL,NULL,NULL,NULL,NULL,201),(152,'',NULL,NULL,NULL,NULL,NULL,'2018-03-15 20:53:19.906000',NULL,NULL,NULL,NULL,NULL,NULL,NULL,NULL,NULL,203),(153,'',NULL,NULL,NULL,NULL,NULL,'2018-03-15 20:53:20.054000',NULL,NULL,NULL,NULL,NULL,NULL,NULL,NULL,NULL,205),(154,'',NULL,NULL,NULL,NULL,NULL,'2018-03-15 20:53:20.213000',NULL,NULL,NULL,NULL,NULL,NULL,NULL,NULL,NULL,207),(155,'',NULL,NULL,NULL,NULL,NULL,'2018-03-15 20:53:20.416000',NULL,NULL,NULL,NULL,NULL,NULL,NULL,NULL,NULL,209),(156,'',NULL,NULL,NULL,NULL,NULL,'2018-03-15 20:53:20.629000',NULL,NULL,NULL,NULL,NULL,NULL,NULL,NULL,NULL,211),(157,'',NULL,NULL,NULL,NULL,NULL,'2018-03-15 20:53:20.784000',NULL,NULL,NULL,NULL,NULL,NULL,NULL,NULL,NULL,213),(158,'',NULL,NULL,NULL,NULL,NULL,'2018-03-15 20:53:20.957000',NULL,NULL,NULL,NULL,NULL,NULL,NULL,NULL,NULL,215),(159,'',NULL,NULL,NULL,NULL,NULL,'2018-03-15 20:53:21.144000',NULL,NULL,NULL,NULL,NULL,NULL,NULL,NULL,NULL,217),(160,'',NULL,NULL,NULL,NULL,NULL,'2018-03-15 20:53:21.340000',NULL,NULL,NULL,NULL,NULL,NULL,NULL,NULL,NULL,219),(161,'',NULL,NULL,NULL,NULL,NULL,'2018-03-15 20:53:21.497000',NULL,NULL,NULL,NULL,NULL,NULL,NULL,NULL,NULL,221),(162,'',NULL,NULL,NULL,NULL,NULL,'2018-03-15 20:53:21.651000',NULL,NULL,NULL,NULL,NULL,NULL,NULL,NULL,NULL,223),(163,'',NULL,NULL,NULL,NULL,NULL,'2018-03-15 20:53:21.824000',NULL,NULL,NULL,NULL,NULL,NULL,NULL,NULL,NULL,225),(164,'',NULL,NULL,NULL,NULL,NULL,'2018-03-15 20:53:21.997000',NULL,NULL,NULL,NULL,NULL,NULL,NULL,NULL,NULL,227),(165,'',NULL,NULL,NULL,NULL,NULL,'2018-03-15 20:53:22.179000',NULL,NULL,NULL,NULL,NULL,NULL,NULL,NULL,NULL,229),(166,'',NULL,NULL,NULL,NULL,NULL,'2018-03-15 20:53:22.390000',NULL,NULL,NULL,NULL,NULL,NULL,NULL,NULL,NULL,231),(167,'',NULL,NULL,NULL,NULL,NULL,'2018-03-15 20:53:22.623000',NULL,NULL,NULL,NULL,NULL,NULL,NULL,NULL,NULL,233),(168,'',NULL,NULL,NULL,NULL,NULL,'2018-03-15 20:53:22.822000',NULL,NULL,NULL,NULL,NULL,NULL,NULL,NULL,NULL,235),(169,'',NULL,NULL,NULL,NULL,NULL,'2018-03-15 20:53:22.971000',NULL,NULL,NULL,NULL,NULL,NULL,NULL,NULL,NULL,237),(170,'',NULL,NULL,NULL,NULL,NULL,'2018-03-15 20:53:23.175000',NULL,NULL,NULL,NULL,NULL,NULL,NULL,NULL,NULL,239),(171,'',NULL,NULL,NULL,NULL,NULL,'2018-03-15 20:53:23.347000',NULL,NULL,NULL,NULL,NULL,NULL,NULL,NULL,NULL,241),(172,'',NULL,NULL,NULL,NULL,NULL,'2018-03-15 20:53:23.523000',NULL,NULL,NULL,NULL,NULL,NULL,NULL,NULL,NULL,243),(173,'',NULL,NULL,NULL,NULL,NULL,'2018-03-15 20:53:23.678000',NULL,NULL,NULL,NULL,NULL,NULL,NULL,NULL,NULL,245),(174,'',NULL,NULL,NULL,NULL,NULL,'2018-03-15 20:53:23.847000',NULL,NULL,NULL,NULL,NULL,NULL,NULL,NULL,NULL,247),(175,'',NULL,NULL,NULL,NULL,NULL,'2018-03-15 20:53:23.998000',NULL,NULL,NULL,NULL,NULL,NULL,NULL,NULL,NULL,249),(176,'',NULL,NULL,NULL,NULL,NULL,'2018-03-15 20:53:24.474000',NULL,NULL,NULL,NULL,NULL,NULL,NULL,NULL,NULL,251),(177,'',NULL,NULL,NULL,NULL,NULL,'2018-03-15 20:53:24.654000',NULL,NULL,NULL,NULL,NULL,NULL,NULL,NULL,NULL,253),(178,'',NULL,NULL,NULL,NULL,NULL,'2018-03-15 20:53:24.831000',NULL,NULL,NULL,NULL,NULL,NULL,NULL,NULL,NULL,255),(179,'',NULL,NULL,NULL,NULL,NULL,'2018-03-15 20:53:25.026000',NULL,NULL,NULL,NULL,NULL,NULL,NULL,NULL,NULL,257),(180,'',NULL,NULL,NULL,NULL,NULL,'2018-03-15 20:53:25.192000',NULL,NULL,NULL,NULL,NULL,NULL,NULL,NULL,NULL,259),(181,'',NULL,NULL,NULL,NULL,NULL,'2018-03-15 20:53:25.359000',NULL,NULL,NULL,NULL,NULL,NULL,NULL,NULL,NULL,261),(182,'',NULL,NULL,NULL,NULL,NULL,'2018-03-15 20:53:25.529000',NULL,NULL,NULL,NULL,NULL,NULL,NULL,NULL,NULL,263),(183,'',NULL,NULL,NULL,NULL,NULL,'2018-03-15 20:53:25.699000',NULL,NULL,NULL,NULL,NULL,NULL,NULL,NULL,NULL,265),(184,'',NULL,NULL,NULL,NULL,NULL,'2018-03-15 20:53:26.082000',NULL,NULL,NULL,NULL,NULL,NULL,NULL,NULL,NULL,267),(185,'',NULL,NULL,NULL,NULL,NULL,'2018-03-15 20:53:26.289000',NULL,NULL,NULL,NULL,NULL,NULL,NULL,NULL,NULL,269),(186,'',NULL,NULL,NULL,NULL,NULL,'2018-03-15 20:53:26.455000',NULL,NULL,NULL,NULL,NULL,NULL,NULL,NULL,NULL,271),(187,'',NULL,NULL,NULL,NULL,NULL,'2018-03-15 20:53:26.629000',NULL,NULL,NULL,NULL,NULL,NULL,NULL,NULL,NULL,273),(188,'',NULL,NULL,NULL,NULL,NULL,'2018-03-15 20:53:26.811000',NULL,NULL,NULL,NULL,NULL,NULL,NULL,NULL,NULL,275),(189,'',NULL,NULL,NULL,NULL,NULL,'2018-03-15 20:53:26.986000',NULL,NULL,NULL,NULL,NULL,NULL,NULL,NULL,NULL,277),(190,'',NULL,NULL,NULL,NULL,NULL,'2018-03-15 20:53:27.163000',NULL,NULL,NULL,NULL,NULL,NULL,NULL,NULL,NULL,279),(191,'',NULL,NULL,NULL,NULL,NULL,'2018-03-15 20:53:27.341000',NULL,NULL,NULL,NULL,NULL,NULL,NULL,NULL,NULL,281),(192,'',NULL,NULL,NULL,NULL,NULL,'2018-03-15 20:53:27.518000',NULL,NULL,NULL,NULL,NULL,NULL,NULL,NULL,NULL,283),(193,'',NULL,NULL,NULL,NULL,NULL,'2018-03-15 20:53:27.703000',NULL,NULL,NULL,NULL,NULL,NULL,NULL,NULL,NULL,285),(194,'',NULL,NULL,NULL,NULL,NULL,'2018-03-15 20:53:27.915000',NULL,NULL,NULL,NULL,NULL,NULL,NULL,NULL,NULL,287),(195,'',NULL,NULL,NULL,NULL,NULL,'2018-03-15 20:53:28.107000',NULL,NULL,NULL,NULL,NULL,NULL,NULL,NULL,NULL,289),(196,'',NULL,NULL,NULL,NULL,NULL,'2018-03-15 20:53:28.387000',NULL,NULL,NULL,NULL,NULL,NULL,NULL,NULL,NULL,291);
/*!40000 ALTER TABLE `Identifications` ENABLE KEYS */;
UNLOCK TABLES;

--
-- Table structure for table `Identifications_AUD`
--

DROP TABLE IF EXISTS `Identifications_AUD`;
/*!40101 SET @saved_cs_client     = @@character_set_client */;
/*!40101 SET character_set_client = utf8 */;
CREATE TABLE `Identifications_AUD` (
  `IdentificationID` int(11) NOT NULL,
  `REV` int(11) NOT NULL,
  `REVTYPE` tinyint(4) DEFAULT NULL,
  `Accepted` bit(1) DEFAULT NULL,
  `Day` varchar(10) DEFAULT NULL,
  `Error` varchar(50) DEFAULT NULL,
  `EvidenceNotes` varchar(1024) DEFAULT NULL,
  `IdentifiedBy` varchar(200) DEFAULT NULL,
  `IdentifierEmail` varchar(200) DEFAULT NULL,
  `LifeCycle` varchar(20) DEFAULT NULL,
  `Month` varchar(10) DEFAULT NULL,
  `NCBITaxonID` varchar(12) DEFAULT NULL,
  `Representative` bit(1) DEFAULT NULL,
  `Result` varchar(50) DEFAULT NULL,
  `Year` varchar(10) DEFAULT NULL,
  `SequenceID` int(11) DEFAULT NULL,
  `SpecimenID` int(11) DEFAULT NULL,
  `TaxonID` int(11) DEFAULT NULL,
  `TaxonomyID` int(11) DEFAULT NULL,
  PRIMARY KEY (`IdentificationID`,`REV`),
  KEY `FK_q9hx6uro42m6jguo0ubywc73b` (`REV`),
  CONSTRAINT `FK_q9hx6uro42m6jguo0ubywc73b` FOREIGN KEY (`REV`) REFERENCES `Revision` (`id`)
) ENGINE=InnoDB DEFAULT CHARSET=latin1;
/*!40101 SET character_set_client = @saved_cs_client */;

--
-- Dumping data for table `Identifications_AUD`
--

LOCK TABLES `Identifications_AUD` WRITE;
/*!40000 ALTER TABLE `Identifications_AUD` DISABLE KEYS */;
INSERT INTO `Identifications_AUD` VALUES (1,7,1,'','10','an error',NULL,'Tom Jones','aEmail@email.com',NULL,'11',NULL,'','Errored','2007',NULL,1,NULL,1),(2,7,1,'','10','test error',NULL,'Tommy','aEmail@email.com',NULL,'11',NULL,'\0','Errored','2002',NULL,2,NULL,2),(3,7,1,'','10','',NULL,'Tom','a3Email@email.com',NULL,'11',NULL,'','Grouped:Identified','2003',NULL,3,NULL,3),(4,7,1,'','10','',NULL,'Jones','a4Email@email.com',NULL,'11',NULL,'','Grouped:Identified','2004',NULL,4,NULL,4),(5,7,1,'','10','',NULL,'Smith','a5Email@email.com',NULL,'11',NULL,'\0','Grouped:Identified','2005',NULL,5,NULL,5),(12,7,1,'','10','12error',NULL,'Smith','a12Email@email.com',NULL,'11',NULL,'','Errored','2012',NULL,12,NULL,12),(101,6,0,'',NULL,NULL,NULL,NULL,NULL,NULL,NULL,NULL,NULL,NULL,NULL,NULL,NULL,NULL,101),(102,6,0,'',NULL,NULL,NULL,NULL,NULL,NULL,NULL,NULL,NULL,NULL,NULL,NULL,NULL,NULL,103),(103,6,0,'',NULL,NULL,NULL,NULL,NULL,NULL,NULL,NULL,NULL,NULL,NULL,NULL,NULL,NULL,105),(104,6,0,'',NULL,NULL,NULL,NULL,NULL,NULL,NULL,NULL,NULL,NULL,NULL,NULL,NULL,NULL,107),(105,6,0,'',NULL,NULL,NULL,NULL,NULL,NULL,NULL,NULL,NULL,NULL,NULL,NULL,NULL,NULL,109),(106,6,0,'',NULL,NULL,NULL,NULL,NULL,NULL,NULL,NULL,NULL,NULL,NULL,NULL,NULL,NULL,111),(107,6,0,'',NULL,NULL,NULL,NULL,NULL,NULL,NULL,NULL,NULL,NULL,NULL,NULL,NULL,NULL,113),(108,6,0,'',NULL,NULL,NULL,NULL,NULL,NULL,NULL,NULL,NULL,NULL,NULL,NULL,NULL,NULL,115),(109,6,0,'',NULL,NULL,NULL,NULL,NULL,NULL,NULL,NULL,NULL,NULL,NULL,NULL,NULL,NULL,117),(110,6,0,'',NULL,NULL,NULL,NULL,NULL,NULL,NULL,NULL,NULL,NULL,NULL,NULL,NULL,NULL,119),(111,6,0,'',NULL,NULL,NULL,NULL,NULL,NULL,NULL,NULL,NULL,NULL,NULL,NULL,NULL,NULL,121),(112,6,0,'',NULL,NULL,NULL,NULL,NULL,NULL,NULL,NULL,NULL,NULL,NULL,NULL,NULL,NULL,123),(113,6,0,'',NULL,NULL,NULL,NULL,NULL,NULL,NULL,NULL,NULL,NULL,NULL,NULL,NULL,NULL,125),(114,6,0,'',NULL,NULL,NULL,NULL,NULL,NULL,NULL,NULL,NULL,NULL,NULL,NULL,NULL,NULL,127),(115,6,0,'',NULL,NULL,NULL,NULL,NULL,NULL,NULL,NULL,NULL,NULL,NULL,NULL,NULL,NULL,129),(116,6,0,'',NULL,NULL,NULL,NULL,NULL,NULL,NULL,NULL,NULL,NULL,NULL,NULL,NULL,NULL,131),(117,6,0,'',NULL,NULL,NULL,NULL,NULL,NULL,NULL,NULL,NULL,NULL,NULL,NULL,NULL,NULL,133),(118,6,0,'',NULL,NULL,NULL,NULL,NULL,NULL,NULL,NULL,NULL,NULL,NULL,NULL,NULL,NULL,135),(119,6,0,'',NULL,NULL,NULL,NULL,NULL,NULL,NULL,NULL,NULL,NULL,NULL,NULL,NULL,NULL,137),(120,6,0,'',NULL,NULL,NULL,NULL,NULL,NULL,NULL,NULL,NULL,NULL,NULL,NULL,NULL,NULL,139),(121,6,0,'',NULL,NULL,NULL,NULL,NULL,NULL,NULL,NULL,NULL,NULL,NULL,NULL,NULL,NULL,141),(122,6,0,'',NULL,NULL,NULL,NULL,NULL,NULL,NULL,NULL,NULL,NULL,NULL,NULL,NULL,NULL,143),(123,6,0,'',NULL,NULL,NULL,NULL,NULL,NULL,NULL,NULL,NULL,NULL,NULL,NULL,NULL,NULL,145),(124,6,0,'',NULL,NULL,NULL,NULL,NULL,NULL,NULL,NULL,NULL,NULL,NULL,NULL,NULL,NULL,147),(125,6,0,'',NULL,NULL,NULL,NULL,NULL,NULL,NULL,NULL,NULL,NULL,NULL,NULL,NULL,NULL,149),(126,6,0,'',NULL,NULL,NULL,NULL,NULL,NULL,NULL,NULL,NULL,NULL,NULL,NULL,NULL,NULL,151),(127,6,0,'',NULL,NULL,NULL,NULL,NULL,NULL,NULL,NULL,NULL,NULL,NULL,NULL,NULL,NULL,153),(128,6,0,'',NULL,NULL,NULL,NULL,NULL,NULL,NULL,NULL,NULL,NULL,NULL,NULL,NULL,NULL,155),(129,6,0,'',NULL,NULL,NULL,NULL,NULL,NULL,NULL,NULL,NULL,NULL,NULL,NULL,NULL,NULL,157),(130,6,0,'',NULL,NULL,NULL,NULL,NULL,NULL,NULL,NULL,NULL,NULL,NULL,NULL,NULL,NULL,159),(131,6,0,'',NULL,NULL,NULL,NULL,NULL,NULL,NULL,NULL,NULL,NULL,NULL,NULL,NULL,NULL,161),(132,6,0,'',NULL,NULL,NULL,NULL,NULL,NULL,NULL,NULL,NULL,NULL,NULL,NULL,NULL,NULL,163),(133,6,0,'',NULL,NULL,NULL,NULL,NULL,NULL,NULL,NULL,NULL,NULL,NULL,NULL,NULL,NULL,165),(134,6,0,'',NULL,NULL,NULL,NULL,NULL,NULL,NULL,NULL,NULL,NULL,NULL,NULL,NULL,NULL,167),(135,6,0,'',NULL,NULL,NULL,NULL,NULL,NULL,NULL,NULL,NULL,NULL,NULL,NULL,NULL,NULL,169),(136,6,0,'',NULL,NULL,NULL,NULL,NULL,NULL,NULL,NULL,NULL,NULL,NULL,NULL,NULL,NULL,171),(137,6,0,'',NULL,NULL,NULL,NULL,NULL,NULL,NULL,NULL,NULL,NULL,NULL,NULL,NULL,NULL,173),(138,6,0,'',NULL,NULL,NULL,NULL,NULL,NULL,NULL,NULL,NULL,NULL,NULL,NULL,NULL,NULL,175),(139,6,0,'',NULL,NULL,NULL,NULL,NULL,NULL,NULL,NULL,NULL,NULL,NULL,NULL,NULL,NULL,177),(140,6,0,'',NULL,NULL,NULL,NULL,NULL,NULL,NULL,NULL,NULL,NULL,NULL,NULL,NULL,NULL,179),(141,6,0,'',NULL,NULL,NULL,NULL,NULL,NULL,NULL,NULL,NULL,NULL,NULL,NULL,NULL,NULL,181),(142,6,0,'',NULL,NULL,NULL,NULL,NULL,NULL,NULL,NULL,NULL,NULL,NULL,NULL,NULL,NULL,183),(143,6,0,'',NULL,NULL,NULL,NULL,NULL,NULL,NULL,NULL,NULL,NULL,NULL,NULL,NULL,NULL,185),(144,6,0,'',NULL,NULL,NULL,NULL,NULL,NULL,NULL,NULL,NULL,NULL,NULL,NULL,NULL,NULL,187),(145,6,0,'',NULL,NULL,NULL,NULL,NULL,NULL,NULL,NULL,NULL,NULL,NULL,NULL,NULL,NULL,189),(146,6,0,'',NULL,NULL,NULL,NULL,NULL,NULL,NULL,NULL,NULL,NULL,NULL,NULL,NULL,NULL,191),(147,6,0,'',NULL,NULL,NULL,NULL,NULL,NULL,NULL,NULL,NULL,NULL,NULL,NULL,NULL,NULL,193),(148,6,0,'',NULL,NULL,NULL,NULL,NULL,NULL,NULL,NULL,NULL,NULL,NULL,NULL,NULL,NULL,195),(149,6,0,'',NULL,NULL,NULL,NULL,NULL,NULL,NULL,NULL,NULL,NULL,NULL,NULL,NULL,NULL,197),(150,6,0,'',NULL,NULL,NULL,NULL,NULL,NULL,NULL,NULL,NULL,NULL,NULL,NULL,NULL,NULL,199),(151,6,0,'',NULL,NULL,NULL,NULL,NULL,NULL,NULL,NULL,NULL,NULL,NULL,NULL,NULL,NULL,201),(152,6,0,'',NULL,NULL,NULL,NULL,NULL,NULL,NULL,NULL,NULL,NULL,NULL,NULL,NULL,NULL,203),(153,6,0,'',NULL,NULL,NULL,NULL,NULL,NULL,NULL,NULL,NULL,NULL,NULL,NULL,NULL,NULL,205),(154,6,0,'',NULL,NULL,NULL,NULL,NULL,NULL,NULL,NULL,NULL,NULL,NULL,NULL,NULL,NULL,207),(155,6,0,'',NULL,NULL,NULL,NULL,NULL,NULL,NULL,NULL,NULL,NULL,NULL,NULL,NULL,NULL,209),(156,6,0,'',NULL,NULL,NULL,NULL,NULL,NULL,NULL,NULL,NULL,NULL,NULL,NULL,NULL,NULL,211),(157,6,0,'',NULL,NULL,NULL,NULL,NULL,NULL,NULL,NULL,NULL,NULL,NULL,NULL,NULL,NULL,213),(158,6,0,'',NULL,NULL,NULL,NULL,NULL,NULL,NULL,NULL,NULL,NULL,NULL,NULL,NULL,NULL,215),(159,6,0,'',NULL,NULL,NULL,NULL,NULL,NULL,NULL,NULL,NULL,NULL,NULL,NULL,NULL,NULL,217),(160,6,0,'',NULL,NULL,NULL,NULL,NULL,NULL,NULL,NULL,NULL,NULL,NULL,NULL,NULL,NULL,219),(161,6,0,'',NULL,NULL,NULL,NULL,NULL,NULL,NULL,NULL,NULL,NULL,NULL,NULL,NULL,NULL,221),(162,6,0,'',NULL,NULL,NULL,NULL,NULL,NULL,NULL,NULL,NULL,NULL,NULL,NULL,NULL,NULL,223),(163,6,0,'',NULL,NULL,NULL,NULL,NULL,NULL,NULL,NULL,NULL,NULL,NULL,NULL,NULL,NULL,225),(164,6,0,'',NULL,NULL,NULL,NULL,NULL,NULL,NULL,NULL,NULL,NULL,NULL,NULL,NULL,NULL,227),(165,6,0,'',NULL,NULL,NULL,NULL,NULL,NULL,NULL,NULL,NULL,NULL,NULL,NULL,NULL,NULL,229),(166,6,0,'',NULL,NULL,NULL,NULL,NULL,NULL,NULL,NULL,NULL,NULL,NULL,NULL,NULL,NULL,231),(167,6,0,'',NULL,NULL,NULL,NULL,NULL,NULL,NULL,NULL,NULL,NULL,NULL,NULL,NULL,NULL,233),(168,6,0,'',NULL,NULL,NULL,NULL,NULL,NULL,NULL,NULL,NULL,NULL,NULL,NULL,NULL,NULL,235),(169,6,0,'',NULL,NULL,NULL,NULL,NULL,NULL,NULL,NULL,NULL,NULL,NULL,NULL,NULL,NULL,237),(170,6,0,'',NULL,NULL,NULL,NULL,NULL,NULL,NULL,NULL,NULL,NULL,NULL,NULL,NULL,NULL,239),(171,6,0,'',NULL,NULL,NULL,NULL,NULL,NULL,NULL,NULL,NULL,NULL,NULL,NULL,NULL,NULL,241),(172,6,0,'',NULL,NULL,NULL,NULL,NULL,NULL,NULL,NULL,NULL,NULL,NULL,NULL,NULL,NULL,243),(173,6,0,'',NULL,NULL,NULL,NULL,NULL,NULL,NULL,NULL,NULL,NULL,NULL,NULL,NULL,NULL,245),(174,6,0,'',NULL,NULL,NULL,NULL,NULL,NULL,NULL,NULL,NULL,NULL,NULL,NULL,NULL,NULL,247),(175,6,0,'',NULL,NULL,NULL,NULL,NULL,NULL,NULL,NULL,NULL,NULL,NULL,NULL,NULL,NULL,249),(176,6,0,'',NULL,NULL,NULL,NULL,NULL,NULL,NULL,NULL,NULL,NULL,NULL,NULL,NULL,NULL,251),(177,6,0,'',NULL,NULL,NULL,NULL,NULL,NULL,NULL,NULL,NULL,NULL,NULL,NULL,NULL,NULL,253),(178,6,0,'',NULL,NULL,NULL,NULL,NULL,NULL,NULL,NULL,NULL,NULL,NULL,NULL,NULL,NULL,255),(179,6,0,'',NULL,NULL,NULL,NULL,NULL,NULL,NULL,NULL,NULL,NULL,NULL,NULL,NULL,NULL,257),(180,6,0,'',NULL,NULL,NULL,NULL,NULL,NULL,NULL,NULL,NULL,NULL,NULL,NULL,NULL,NULL,259),(181,6,0,'',NULL,NULL,NULL,NULL,NULL,NULL,NULL,NULL,NULL,NULL,NULL,NULL,NULL,NULL,261),(182,6,0,'',NULL,NULL,NULL,NULL,NULL,NULL,NULL,NULL,NULL,NULL,NULL,NULL,NULL,NULL,263),(183,6,0,'',NULL,NULL,NULL,NULL,NULL,NULL,NULL,NULL,NULL,NULL,NULL,NULL,NULL,NULL,265),(184,6,0,'',NULL,NULL,NULL,NULL,NULL,NULL,NULL,NULL,NULL,NULL,NULL,NULL,NULL,NULL,267),(185,6,0,'',NULL,NULL,NULL,NULL,NULL,NULL,NULL,NULL,NULL,NULL,NULL,NULL,NULL,NULL,269),(186,6,0,'',NULL,NULL,NULL,NULL,NULL,NULL,NULL,NULL,NULL,NULL,NULL,NULL,NULL,NULL,271),(187,6,0,'',NULL,NULL,NULL,NULL,NULL,NULL,NULL,NULL,NULL,NULL,NULL,NULL,NULL,NULL,273),(188,6,0,'',NULL,NULL,NULL,NULL,NULL,NULL,NULL,NULL,NULL,NULL,NULL,NULL,NULL,NULL,275),(189,6,0,'',NULL,NULL,NULL,NULL,NULL,NULL,NULL,NULL,NULL,NULL,NULL,NULL,NULL,NULL,277),(190,6,0,'',NULL,NULL,NULL,NULL,NULL,NULL,NULL,NULL,NULL,NULL,NULL,NULL,NULL,NULL,279),(191,6,0,'',NULL,NULL,NULL,NULL,NULL,NULL,NULL,NULL,NULL,NULL,NULL,NULL,NULL,NULL,281),(192,6,0,'',NULL,NULL,NULL,NULL,NULL,NULL,NULL,NULL,NULL,NULL,NULL,NULL,NULL,NULL,283),(193,6,0,'',NULL,NULL,NULL,NULL,NULL,NULL,NULL,NULL,NULL,NULL,NULL,NULL,NULL,NULL,285),(194,6,0,'',NULL,NULL,NULL,NULL,NULL,NULL,NULL,NULL,NULL,NULL,NULL,NULL,NULL,NULL,287),(195,6,0,'',NULL,NULL,NULL,NULL,NULL,NULL,NULL,NULL,NULL,NULL,NULL,NULL,NULL,NULL,289),(196,6,0,'',NULL,NULL,NULL,NULL,NULL,NULL,NULL,NULL,NULL,NULL,NULL,NULL,NULL,NULL,291);
/*!40000 ALTER TABLE `Identifications_AUD` ENABLE KEYS */;
UNLOCK TABLES;

--
-- Table structure for table `ImportPermitAttach`
--

DROP TABLE IF EXISTS `ImportPermitAttach`;
/*!40101 SET @saved_cs_client     = @@character_set_client */;
/*!40101 SET character_set_client = utf8 */;
CREATE TABLE `ImportPermitAttach` (
  `ImportPermitAttachId` int(11) NOT NULL AUTO_INCREMENT,
  `DateEntered` date NOT NULL,
  `FileExtension` varchar(255) DEFAULT NULL,
  `FileName` varchar(255) NOT NULL,
  `FileTitle` varchar(255) DEFAULT NULL,
  `Height` int(11) DEFAULT NULL,
  `Notes` varchar(1024) DEFAULT NULL,
  `Width` int(11) DEFAULT NULL,
  `ImportPermitId` int(11) NOT NULL,
  PRIMARY KEY (`ImportPermitAttachId`),
  KEY `FK_8op37369nil7onkhfvwsjx8qg` (`ImportPermitId`),
  CONSTRAINT `FK_8op37369nil7onkhfvwsjx8qg` FOREIGN KEY (`ImportPermitId`) REFERENCES `ImportPermits` (`ImportPermitID`)
) ENGINE=InnoDB DEFAULT CHARSET=latin1;
/*!40101 SET character_set_client = @saved_cs_client */;

--
-- Dumping data for table `ImportPermitAttach`
--

LOCK TABLES `ImportPermitAttach` WRITE;
/*!40000 ALTER TABLE `ImportPermitAttach` DISABLE KEYS */;
/*!40000 ALTER TABLE `ImportPermitAttach` ENABLE KEYS */;
UNLOCK TABLES;

--
-- Table structure for table `ImportPermitEvents`
--

DROP TABLE IF EXISTS `ImportPermitEvents`;
/*!40101 SET @saved_cs_client     = @@character_set_client */;
/*!40101 SET character_set_client = utf8 */;
CREATE TABLE `ImportPermitEvents` (
  `ImportPermitEventID` int(11) NOT NULL AUTO_INCREMENT,
  `ImportationDate` date DEFAULT NULL,
  `ImportedBy` varchar(200) DEFAULT NULL,
  `LastModified` datetime(6) DEFAULT NULL,
  `NumberOfSamples` varchar(50) DEFAULT NULL,
  `ImportPermitID` int(11) DEFAULT NULL,
  PRIMARY KEY (`ImportPermitEventID`),
  KEY `FK_kn41lnvoh0wd5wo2otg013lnw` (`ImportPermitID`),
  CONSTRAINT `FK_kn41lnvoh0wd5wo2otg013lnw` FOREIGN KEY (`ImportPermitID`) REFERENCES `ImportPermits` (`ImportPermitID`)
) ENGINE=InnoDB AUTO_INCREMENT=9 DEFAULT CHARSET=latin1;
/*!40101 SET character_set_client = @saved_cs_client */;

--
-- Dumping data for table `ImportPermitEvents`
--

LOCK TABLES `ImportPermitEvents` WRITE;
/*!40000 ALTER TABLE `ImportPermitEvents` DISABLE KEYS */;
INSERT INTO `ImportPermitEvents` VALUES (1,'2007-01-05','Bob','2013-03-19 00:00:00.000000','7+',1),(2,'2003-04-05','Jean','2013-03-19 00:00:00.000000','12',2),(3,'2007-01-05','Xavier','2013-03-19 00:00:00.000000','1',3),(4,'2007-01-05','Logan','2013-03-19 00:00:00.000000','12000',4),(5,'2008-01-05','John','2013-03-19 00:00:00.000000','120',5),(6,'2005-01-05','Peter','2013-03-19 00:00:00.000000','4',6),(7,'2003-01-05','Ron','2013-03-19 00:00:00.000000','1',1),(8,'2003-01-05','Greg','2013-03-19 00:00:00.000000','2',3);
/*!40000 ALTER TABLE `ImportPermitEvents` ENABLE KEYS */;
UNLOCK TABLES;

--
-- Table structure for table `ImportPermitEvents_AUD`
--

DROP TABLE IF EXISTS `ImportPermitEvents_AUD`;
/*!40101 SET @saved_cs_client     = @@character_set_client */;
/*!40101 SET character_set_client = utf8 */;
CREATE TABLE `ImportPermitEvents_AUD` (
  `ImportPermitEventID` int(11) NOT NULL,
  `REV` int(11) NOT NULL,
  `REVTYPE` tinyint(4) DEFAULT NULL,
  `ImportationDate` date DEFAULT NULL,
  `ImportedBy` varchar(200) DEFAULT NULL,
  `NumberOfSamples` varchar(50) DEFAULT NULL,
  `ImportPermitID` int(11) DEFAULT NULL,
  PRIMARY KEY (`ImportPermitEventID`,`REV`),
  KEY `FK_3gp7w8nmhjrync27b1vmjm1d3` (`REV`),
  CONSTRAINT `FK_3gp7w8nmhjrync27b1vmjm1d3` FOREIGN KEY (`REV`) REFERENCES `Revision` (`id`)
) ENGINE=InnoDB DEFAULT CHARSET=latin1;
/*!40101 SET character_set_client = @saved_cs_client */;

--
-- Dumping data for table `ImportPermitEvents_AUD`
--

LOCK TABLES `ImportPermitEvents_AUD` WRITE;
/*!40000 ALTER TABLE `ImportPermitEvents_AUD` DISABLE KEYS */;
INSERT INTO `ImportPermitEvents_AUD` VALUES (9,3,0,NULL,NULL,NULL,36),(9,4,2,NULL,NULL,NULL,NULL);
/*!40000 ALTER TABLE `ImportPermitEvents_AUD` ENABLE KEYS */;
UNLOCK TABLES;

--
-- Table structure for table `ImportPermits`
--

DROP TABLE IF EXISTS `ImportPermits`;
/*!40101 SET @saved_cs_client     = @@character_set_client */;
/*!40101 SET character_set_client = utf8 */;
CREATE TABLE `ImportPermits` (
  `ImportPermitID` int(11) NOT NULL AUTO_INCREMENT,
  `CFIAPermitNumber` varchar(50) NOT NULL,
  `Country` varchar(50) DEFAULT NULL,
  `LastModified` datetime(6) DEFAULT NULL,
  `GroupID` int(11) DEFAULT NULL,
  PRIMARY KEY (`ImportPermitID`),
  UNIQUE KEY `UK_l2q8blrlithu5ngexk2at256h` (`CFIAPermitNumber`),
  KEY `FK_8t3csx2jn8t4wvjfyx0o87wsv` (`GroupID`),
  CONSTRAINT `FK_8t3csx2jn8t4wvjfyx0o87wsv` FOREIGN KEY (`GroupID`) REFERENCES `Groups` (`GroupID`)
) ENGINE=InnoDB AUTO_INCREMENT=15 DEFAULT CHARSET=latin1;
/*!40101 SET character_set_client = @saved_cs_client */;

--
-- Dumping data for table `ImportPermits`
--

LOCK TABLES `ImportPermits` WRITE;
/*!40000 ALTER TABLE `ImportPermits` DISABLE KEYS */;
INSERT INTO `ImportPermits` VALUES (1,'T-100','China','2013-03-19 00:00:00.000000',1),(2,'T-200','Africa','2013-03-19 00:00:00.000000',1),(3,'T-300','Japan','2013-03-19 00:00:00.000000',3),(4,'T-400','India','2013-03-19 00:00:00.000000',3),(5,'T-1000','UK','2013-03-19 00:00:00.000000',3),(6,'T-3000','America','2013-03-19 00:00:00.000000',3),(12,'T-112','Bolivia','2013-03-19 00:00:00.000000',1),(13,'T-113','Bolivia','2013-03-19 00:00:00.000000',1),(14,'T-114','Bolivia','2013-03-19 00:00:00.000000',1);
/*!40000 ALTER TABLE `ImportPermits` ENABLE KEYS */;
UNLOCK TABLES;

--
-- Table structure for table `ImportPermits_AUD`
--

DROP TABLE IF EXISTS `ImportPermits_AUD`;
/*!40101 SET @saved_cs_client     = @@character_set_client */;
/*!40101 SET character_set_client = utf8 */;
CREATE TABLE `ImportPermits_AUD` (
  `ImportPermitID` int(11) NOT NULL,
  `REV` int(11) NOT NULL,
  `REVTYPE` tinyint(4) DEFAULT NULL,
  `CFIAPermitNumber` varchar(50) DEFAULT NULL,
  `Country` varchar(50) DEFAULT NULL,
  `GroupID` int(11) DEFAULT NULL,
  PRIMARY KEY (`ImportPermitID`,`REV`),
  KEY `FK_9yt5xppi0c6phhbb9a0uo0klr` (`REV`),
  CONSTRAINT `FK_9yt5xppi0c6phhbb9a0uo0klr` FOREIGN KEY (`REV`) REFERENCES `Revision` (`id`)
) ENGINE=InnoDB DEFAULT CHARSET=latin1;
/*!40101 SET character_set_client = @saved_cs_client */;

--
-- Dumping data for table `ImportPermits_AUD`
--

LOCK TABLES `ImportPermits_AUD` WRITE;
/*!40000 ALTER TABLE `ImportPermits_AUD` DISABLE KEYS */;
INSERT INTO `ImportPermits_AUD` VALUES (3,1,1,'T-Update','Country Update',2),(36,2,0,'T-Test','Canada',2),(36,3,1,'T-Test','Canada',2),(36,4,2,NULL,NULL,NULL);
/*!40000 ALTER TABLE `ImportPermits_AUD` ENABLE KEYS */;
UNLOCK TABLES;

--
-- Table structure for table `LabelFormats`
--

DROP TABLE IF EXISTS `LabelFormats`;
/*!40101 SET @saved_cs_client     = @@character_set_client */;
/*!40101 SET character_set_client = utf8 */;
CREATE TABLE `LabelFormats` (
  `LabelFormatID` int(11) NOT NULL AUTO_INCREMENT,
  `Description` varchar(255) NOT NULL,
  `LabelFormatName` varchar(50) NOT NULL,
  `LastModified` datetime(6) DEFAULT NULL,
  `RibbonType` varchar(50) NOT NULL,
  PRIMARY KEY (`LabelFormatID`)
) ENGINE=InnoDB AUTO_INCREMENT=4 DEFAULT CHARSET=latin1;
/*!40101 SET character_set_client = @saved_cs_client */;

--
-- Dumping data for table `LabelFormats`
--

LOCK TABLES `LabelFormats` WRITE;
/*!40000 ALTER TABLE `LabelFormats` DISABLE KEYS */;
INSERT INTO `LabelFormats` VALUES (1,'Tube + Cap Label','THT-142','2013-03-19 00:00:00.000000','R60XX'),(2,'This is a THT-163 Label','THT-163','2013-03-19 00:00:00.000000','R43XX'),(3,'A sheet of paper','8.5x11','2013-03-19 00:00:00.000000','Laser');
/*!40000 ALTER TABLE `LabelFormats` ENABLE KEYS */;
UNLOCK TABLES;

--
-- Table structure for table `LabelTemplates`
--

DROP TABLE IF EXISTS `LabelTemplates`;
/*!40101 SET @saved_cs_client     = @@character_set_client */;
/*!40101 SET character_set_client = utf8 */;
CREATE TABLE `LabelTemplates` (
  `LabelTemplateID` int(11) NOT NULL AUTO_INCREMENT,
  `Description` longtext,
  `LabelFile` longtext,
  `LabelTemplateName` varchar(50) NOT NULL,
  `LastModified` datetime(6) DEFAULT NULL,
  `BarcodeableMapID` int(11) DEFAULT NULL,
  `LabelFormatID` int(11) DEFAULT NULL,
  PRIMARY KEY (`LabelTemplateID`),
  KEY `FK_7ni5bxxry15ocko3jkdtblh0l` (`BarcodeableMapID`),
  KEY `FK_df6kifjhg2ci1s074w5cho48g` (`LabelFormatID`),
  CONSTRAINT `FK_7ni5bxxry15ocko3jkdtblh0l` FOREIGN KEY (`BarcodeableMapID`) REFERENCES `BarcodeableMaps` (`BarcodeableMapID`),
  CONSTRAINT `FK_df6kifjhg2ci1s074w5cho48g` FOREIGN KEY (`LabelFormatID`) REFERENCES `LabelFormats` (`LabelFormatID`)
) ENGINE=InnoDB AUTO_INCREMENT=10 DEFAULT CHARSET=latin1;
/*!40101 SET character_set_client = @saved_cs_client */;

--
-- Dumping data for table `LabelTemplates`
--

LOCK TABLES `LabelTemplates` WRITE;
/*!40000 ALTER TABLE `LabelTemplates` DISABLE KEYS */;
INSERT INTO `LabelTemplates` VALUES (2,'A template for DAOM specimen','c:\\sentinel\\labels\\test_specimen_printing1_v3.lab','DAOM Label','2013-03-19 00:00:00.000000',1,1),(5,'Generic Specimen Replicate label with tube cap and strip label','c:\\sentinel\\labels\\seifertk_specimen_replicate_June_2013.lab','Specimen Replicate Label','2013-03-19 00:00:00.000000',1,1),(6,'Long strip label for side of plates','Plate Label File','Plate Label','2013-03-19 00:00:00.000000',1,2),(7,'Generic template for printing DNA Samples. Prints to a THT-163 format label.','c:\\sentinel\\labels\\default_sample_June_2013.lab','Sample Template','2013-03-19 00:00:00.000000',2,2),(8,'Generic template for printing Pcr Primers. Prints to a THT-163 format label.','c:\\sentinel\\labels\\LEV_primer_June_2013.lab','PcrPrimer Template','2013-03-19 00:00:00.000000',7,2),(9,'Generic template for printing Container labels. Prints to a THT-163 format label.','c:\\sentinel\\labels\\default_container_June_2013.lab','Container Template','2013-03-19 00:00:00.000000',3,2);
/*!40000 ALTER TABLE `LabelTemplates` ENABLE KEYS */;
UNLOCK TABLES;

--
-- Table structure for table `Lexicon`
--

DROP TABLE IF EXISTS `Lexicon`;
/*!40101 SET @saved_cs_client     = @@character_set_client */;
/*!40101 SET character_set_client = utf8 */;
CREATE TABLE `Lexicon` (
  `LexiconID` int(11) NOT NULL AUTO_INCREMENT,
  `LastModified` datetime(6) DEFAULT NULL,
  `LastModifiedBy` varchar(80) NOT NULL,
  `LexStr` varchar(500) NOT NULL,
  `LanguageID` int(11) NOT NULL,
  PRIMARY KEY (`LexiconID`),
  KEY `FK_j2o9mp4t113b0nuulwkidj9kh` (`LanguageID`),
  CONSTRAINT `FK_j2o9mp4t113b0nuulwkidj9kh` FOREIGN KEY (`LanguageID`) REFERENCES `UsageKeys` (`UsageKeysID`)
) ENGINE=InnoDB AUTO_INCREMENT=5 DEFAULT CHARSET=latin1;
/*!40101 SET character_set_client = @saved_cs_client */;

--
-- Dumping data for table `Lexicon`
--

LOCK TABLES `Lexicon` WRITE;
/*!40000 ALTER TABLE `Lexicon` DISABLE KEYS */;
INSERT INTO `Lexicon` VALUES (1,'2013-03-19 00:00:00.000000','John','taxonomy',1),(2,'2013-03-19 00:00:00.000000','John','biology',1),(3,'2013-03-19 00:00:00.000000','John','distribution',1),(4,'2013-03-19 00:00:00.000000','John','morphology',1);
/*!40000 ALTER TABLE `Lexicon` ENABLE KEYS */;
UNLOCK TABLES;

--
-- Table structure for table `LexiconGroups`
--

DROP TABLE IF EXISTS `LexiconGroups`;
/*!40101 SET @saved_cs_client     = @@character_set_client */;
/*!40101 SET character_set_client = utf8 */;
CREATE TABLE `LexiconGroups` (
  `LexiconGroupID` int(11) NOT NULL AUTO_INCREMENT,
  `LastModified` datetime(6) DEFAULT NULL,
  `GroupID` int(11) DEFAULT NULL,
  `LexiconID` int(11) DEFAULT NULL,
  PRIMARY KEY (`LexiconGroupID`),
  KEY `FK_7wr7n039uaxxytw4qwac0401p` (`GroupID`),
  KEY `FK_3ak1ms9na75m4spxnkp9hkn4g` (`LexiconID`),
  CONSTRAINT `FK_3ak1ms9na75m4spxnkp9hkn4g` FOREIGN KEY (`LexiconID`) REFERENCES `Lexicon` (`LexiconID`),
  CONSTRAINT `FK_7wr7n039uaxxytw4qwac0401p` FOREIGN KEY (`GroupID`) REFERENCES `Groups` (`GroupID`)
) ENGINE=InnoDB DEFAULT CHARSET=latin1;
/*!40101 SET character_set_client = @saved_cs_client */;

--
-- Dumping data for table `LexiconGroups`
--

LOCK TABLES `LexiconGroups` WRITE;
/*!40000 ALTER TABLE `LexiconGroups` DISABLE KEYS */;
/*!40000 ALTER TABLE `LexiconGroups` ENABLE KEYS */;
UNLOCK TABLES;

--
-- Table structure for table `LexiconUsage`
--

DROP TABLE IF EXISTS `LexiconUsage`;
/*!40101 SET @saved_cs_client     = @@character_set_client */;
/*!40101 SET character_set_client = utf8 */;
CREATE TABLE `LexiconUsage` (
  `LexiconUsageID` int(11) NOT NULL AUTO_INCREMENT,
  `LastModified` datetime(6) DEFAULT NULL,
  `LexiconID` int(11) DEFAULT NULL,
  `UsageID` int(11) DEFAULT NULL,
  PRIMARY KEY (`LexiconUsageID`),
  KEY `FK_lobmdymx6yfsxg526yp1xjt2y` (`LexiconID`),
  KEY `FK_3mvttib8prndkuvcuts418msh` (`UsageID`),
  CONSTRAINT `FK_3mvttib8prndkuvcuts418msh` FOREIGN KEY (`UsageID`) REFERENCES `UsageKeys` (`UsageKeysID`),
  CONSTRAINT `FK_lobmdymx6yfsxg526yp1xjt2y` FOREIGN KEY (`LexiconID`) REFERENCES `Lexicon` (`LexiconID`)
) ENGINE=InnoDB DEFAULT CHARSET=latin1;
/*!40101 SET character_set_client = @saved_cs_client */;

--
-- Dumping data for table `LexiconUsage`
--

LOCK TABLES `LexiconUsage` WRITE;
/*!40000 ALTER TABLE `LexiconUsage` DISABLE KEYS */;
/*!40000 ALTER TABLE `LexiconUsage` ENABLE KEYS */;
UNLOCK TABLES;

--
-- Table structure for table `Libraries`
--

DROP TABLE IF EXISTS `Libraries`;
/*!40101 SET @saved_cs_client     = @@character_set_client */;
/*!40101 SET character_set_client = utf8 */;
CREATE TABLE `Libraries` (
  `LibraryID` int(11) NOT NULL AUTO_INCREMENT,
  `Description` longtext,
  `LastModified` datetime(6) DEFAULT NULL,
  `Name` varchar(50) NOT NULL,
  `SampleID` int(11) DEFAULT NULL,
  PRIMARY KEY (`LibraryID`),
  UNIQUE KEY `UK_i7jye0mnqo3vd3vsgj4j55ocu` (`Name`),
  KEY `FK_9bdt7x1mdttes489fiu6ca0vc` (`SampleID`),
  CONSTRAINT `FK_9bdt7x1mdttes489fiu6ca0vc` FOREIGN KEY (`SampleID`) REFERENCES `Samples` (`SampleID`)
) ENGINE=InnoDB AUTO_INCREMENT=2 DEFAULT CHARSET=latin1;
/*!40101 SET character_set_client = @saved_cs_client */;

--
-- Dumping data for table `Libraries`
--

LOCK TABLES `Libraries` WRITE;
/*!40000 ALTER TABLE `Libraries` DISABLE KEYS */;
INSERT INTO `Libraries` VALUES (1,'Genomic Library','2013-03-19 00:00:00.000000','Library 1',2);
/*!40000 ALTER TABLE `Libraries` ENABLE KEYS */;
UNLOCK TABLES;

--
-- Table structure for table `LibrariesProjects`
--

DROP TABLE IF EXISTS `LibrariesProjects`;
/*!40101 SET @saved_cs_client     = @@character_set_client */;
/*!40101 SET character_set_client = utf8 */;
CREATE TABLE `LibrariesProjects` (
  `LibrariesProjectsID` int(11) NOT NULL AUTO_INCREMENT,
  `LibraryID` int(11) DEFAULT NULL,
  `ProjectID` int(11) DEFAULT NULL,
  PRIMARY KEY (`LibrariesProjectsID`),
  KEY `FK_873ojhy1tfgyvqcvlhlaq1v0w` (`LibraryID`),
  KEY `FK_fkisljs3fflmp59td40rdh9py` (`ProjectID`),
  CONSTRAINT `FK_873ojhy1tfgyvqcvlhlaq1v0w` FOREIGN KEY (`LibraryID`) REFERENCES `Libraries` (`LibraryID`),
  CONSTRAINT `FK_fkisljs3fflmp59td40rdh9py` FOREIGN KEY (`ProjectID`) REFERENCES `Projects` (`ProjectID`)
) ENGINE=InnoDB AUTO_INCREMENT=2 DEFAULT CHARSET=latin1;
/*!40101 SET character_set_client = @saved_cs_client */;

--
-- Dumping data for table `LibrariesProjects`
--

LOCK TABLES `LibrariesProjects` WRITE;
/*!40000 ALTER TABLE `LibrariesProjects` DISABLE KEYS */;
INSERT INTO `LibrariesProjects` VALUES (1,1,1);
/*!40000 ALTER TABLE `LibrariesProjects` ENABLE KEYS */;
UNLOCK TABLES;

--
-- Table structure for table `LoanAct`
--

DROP TABLE IF EXISTS `LoanAct`;
/*!40101 SET @saved_cs_client     = @@character_set_client */;
/*!40101 SET character_set_client = utf8 */;
CREATE TABLE `LoanAct` (
  `LoanActId` int(11) NOT NULL AUTO_INCREMENT,
  `ActContent` varchar(512) DEFAULT NULL,
  `ActType` varchar(255) DEFAULT NULL,
  `DateEntered` date DEFAULT NULL,
  `LastModified` datetime(6) DEFAULT NULL,
  `CareOf` int(11) DEFAULT NULL,
  `LoanFormId` int(11) NOT NULL,
  PRIMARY KEY (`LoanActId`),
  KEY `FK_n24pcn7qawqpqsrnqk5blmoyp` (`CareOf`),
  KEY `FK_a4ruos4y5lde9c6vpbfedu1x8` (`LoanFormId`),
  CONSTRAINT `FK_a4ruos4y5lde9c6vpbfedu1x8` FOREIGN KEY (`LoanFormId`) REFERENCES `LoanForm` (`LoanFormID`),
  CONSTRAINT `FK_n24pcn7qawqpqsrnqk5blmoyp` FOREIGN KEY (`CareOf`) REFERENCES `People` (`PeopleID`)
) ENGINE=InnoDB AUTO_INCREMENT=2 DEFAULT CHARSET=latin1;
/*!40101 SET character_set_client = @saved_cs_client */;

--
-- Dumping data for table `LoanAct`
--

LOCK TABLES `LoanAct` WRITE;
/*!40000 ALTER TABLE `LoanAct` DISABLE KEYS */;
INSERT INTO `LoanAct` VALUES (1,'aaa','Acknowledged','2011-10-21','2013-03-19 00:00:00.000000',1,1);
/*!40000 ALTER TABLE `LoanAct` ENABLE KEYS */;
UNLOCK TABLES;

--
-- Table structure for table `LoanAttach`
--

DROP TABLE IF EXISTS `LoanAttach`;
/*!40101 SET @saved_cs_client     = @@character_set_client */;
/*!40101 SET character_set_client = utf8 */;
CREATE TABLE `LoanAttach` (
  `LoanAttachId` int(11) NOT NULL AUTO_INCREMENT,
  `DateEntered` date NOT NULL,
  `FileExtension` varchar(255) DEFAULT NULL,
  `FileName` varchar(255) NOT NULL,
  `FileTitle` varchar(255) DEFAULT NULL,
  `Height` int(11) DEFAULT NULL,
  `Width` int(11) DEFAULT NULL,
  `LoanFormId` int(11) NOT NULL,
  PRIMARY KEY (`LoanAttachId`),
  KEY `FK_8hienxmj6umhwwdwtdia6mo00` (`LoanFormId`),
  CONSTRAINT `FK_8hienxmj6umhwwdwtdia6mo00` FOREIGN KEY (`LoanFormId`) REFERENCES `LoanForm` (`LoanFormID`)
) ENGINE=InnoDB AUTO_INCREMENT=2 DEFAULT CHARSET=latin1;
/*!40101 SET character_set_client = @saved_cs_client */;

--
-- Dumping data for table `LoanAttach`
--

LOCK TABLES `LoanAttach` WRITE;
/*!40000 ALTER TABLE `LoanAttach` DISABLE KEYS */;
INSERT INTO `LoanAttach` VALUES (1,'2011-10-21','pdf','AT1-1.pdf','Loan invoice',0,0,1);
/*!40000 ALTER TABLE `LoanAttach` ENABLE KEYS */;
UNLOCK TABLES;

--
-- Table structure for table `LoanForm`
--

DROP TABLE IF EXISTS `LoanForm`;
/*!40101 SET @saved_cs_client     = @@character_set_client */;
/*!40101 SET character_set_client = utf8 */;
CREATE TABLE `LoanForm` (
  `LoanFormID` int(11) NOT NULL AUTO_INCREMENT,
  `Email` varchar(100) DEFAULT NULL,
  `FileClosedOn` date DEFAULT NULL,
  `InvoiceId` varchar(20) NOT NULL,
  `LastModified` datetime(6) DEFAULT NULL,
  `LoanRemarks` varchar(512) DEFAULT NULL,
  `MaterialSent` varchar(10000) DEFAULT NULL,
  `NumberOfParcels` int(11) DEFAULT NULL,
  `Phone` varchar(100) DEFAULT NULL,
  `ReturnDate` date DEFAULT NULL,
  `ShippedDate` date DEFAULT NULL,
  `ShippingMethod` varchar(100) DEFAULT NULL,
  `Address` int(11) DEFAULT NULL,
  `ApprovedBy` int(11) DEFAULT NULL,
  `Borrower` int(11) DEFAULT NULL,
  `CareOf` int(11) DEFAULT NULL,
  `CollectionCode` int(11) DEFAULT NULL,
  `GroupID` int(11) DEFAULT NULL,
  `InitiatedBy` int(11) DEFAULT NULL,
  PRIMARY KEY (`LoanFormID`),
  UNIQUE KEY `UK_r2o9pn5gdr6mxwl692sw1tav` (`InvoiceId`),
  KEY `FK_ap7h52t09ifgna8eb18rewjdw` (`Address`),
  KEY `FK_ksm66fxg7l7qyaxf1vsg0bfl2` (`ApprovedBy`),
  KEY `FK_cvux8wn8y5p76osk93xs676h3` (`Borrower`),
  KEY `FK_4p35ltc0esje5dqk6bijs1j8b` (`CareOf`),
  KEY `FK_focrnu2ify77abyh6uxpwlkfx` (`CollectionCode`),
  KEY `FK_mfvlp5u1havi9ud5sjy5wnqud` (`GroupID`),
  KEY `FK_ok08fa4vh19nl7hqardtce2vh` (`InitiatedBy`),
  CONSTRAINT `FK_4p35ltc0esje5dqk6bijs1j8b` FOREIGN KEY (`CareOf`) REFERENCES `People` (`PeopleID`),
  CONSTRAINT `FK_ap7h52t09ifgna8eb18rewjdw` FOREIGN KEY (`Address`) REFERENCES `Addresses` (`AddressID`),
  CONSTRAINT `FK_cvux8wn8y5p76osk93xs676h3` FOREIGN KEY (`Borrower`) REFERENCES `People` (`PeopleID`),
  CONSTRAINT `FK_focrnu2ify77abyh6uxpwlkfx` FOREIGN KEY (`CollectionCode`) REFERENCES `BiologicalCollections` (`BiologicalCollectionID`),
  CONSTRAINT `FK_ksm66fxg7l7qyaxf1vsg0bfl2` FOREIGN KEY (`ApprovedBy`) REFERENCES `People` (`PeopleID`),
  CONSTRAINT `FK_mfvlp5u1havi9ud5sjy5wnqud` FOREIGN KEY (`GroupID`) REFERENCES `Groups` (`GroupID`),
  CONSTRAINT `FK_ok08fa4vh19nl7hqardtce2vh` FOREIGN KEY (`InitiatedBy`) REFERENCES `People` (`PeopleID`)
) ENGINE=InnoDB AUTO_INCREMENT=2 DEFAULT CHARSET=latin1;
/*!40101 SET character_set_client = @saved_cs_client */;

--
-- Dumping data for table `LoanForm`
--

LOCK TABLES `LoanForm` WRITE;
/*!40000 ALTER TABLE `LoanForm` DISABLE KEYS */;
INSERT INTO `LoanForm` VALUES (1,'aaa',NULL,'X-11-001','2013-03-19 00:00:00.000000','aaa','1 ichneumon',1,'911','2012-10-21','2011-10-21','Airmail',1,1,1,1,1,4,1);
/*!40000 ALTER TABLE `LoanForm` ENABLE KEYS */;
UNLOCK TABLES;

--
-- Table structure for table `Locations`
--

DROP TABLE IF EXISTS `Locations`;
/*!40101 SET @saved_cs_client     = @@character_set_client */;
/*!40101 SET character_set_client = utf8 */;
CREATE TABLE `Locations` (
  `LocationID` int(11) NOT NULL AUTO_INCREMENT,
  `DateMoved` datetime DEFAULT NULL,
  `LastModified` datetime(6) DEFAULT NULL,
  `WellColumn` int(11) DEFAULT NULL,
  `WellRow` varchar(2) DEFAULT NULL,
  `CloneID` int(11) DEFAULT NULL,
  `ContainerID` int(11) NOT NULL,
  `FragmentID` int(11) DEFAULT NULL,
  `MixedSpecimenID` int(11) DEFAULT NULL,
  `PcrPrimerID` int(11) DEFAULT NULL,
  `SampleID` int(11) DEFAULT NULL,
  `SequenceID` int(11) DEFAULT NULL,
  `SpecimenReplicateID` int(11) DEFAULT NULL,
  PRIMARY KEY (`LocationID`),
  UNIQUE KEY `UK_ftabvest74ag91ge26690247a` (`ContainerID`,`WellColumn`,`WellRow`),
  KEY `FK_t6cd9ar6svjw54k8x9hk5rfoa` (`CloneID`),
  KEY `FK_4ytymn0oh44qtb1qlhxde27oe` (`FragmentID`),
  KEY `FK_amshi66em4jphq5t3nempuqb9` (`MixedSpecimenID`),
  KEY `FK_owenubne8jbacxg0mwdliutp5` (`PcrPrimerID`),
  KEY `FK_pgeq6y89t7machd9auk56xfxv` (`SampleID`),
  KEY `FK_swn4iqbmyw7uoe1m7hq6fnyst` (`SequenceID`),
  KEY `FK_p2if06fynkj3xjn86klpe2rhq` (`SpecimenReplicateID`),
  CONSTRAINT `FK_4ytymn0oh44qtb1qlhxde27oe` FOREIGN KEY (`FragmentID`) REFERENCES `Fragments` (`FragmentID`),
  CONSTRAINT `FK_amshi66em4jphq5t3nempuqb9` FOREIGN KEY (`MixedSpecimenID`) REFERENCES `MixedSpecimens` (`MixedSpecimenID`),
  CONSTRAINT `FK_hqjcgefol6i4h3bx8mxyarxyl` FOREIGN KEY (`ContainerID`) REFERENCES `Containers` (`ContainerID`),
  CONSTRAINT `FK_owenubne8jbacxg0mwdliutp5` FOREIGN KEY (`PcrPrimerID`) REFERENCES `PcrPrimers` (`PCRPrimerID`),
  CONSTRAINT `FK_p2if06fynkj3xjn86klpe2rhq` FOREIGN KEY (`SpecimenReplicateID`) REFERENCES `SpecimenReplicates` (`SpecimenReplicateID`),
  CONSTRAINT `FK_pgeq6y89t7machd9auk56xfxv` FOREIGN KEY (`SampleID`) REFERENCES `Samples` (`SampleID`),
  CONSTRAINT `FK_swn4iqbmyw7uoe1m7hq6fnyst` FOREIGN KEY (`SequenceID`) REFERENCES `Sequences` (`SequenceID`),
  CONSTRAINT `FK_t6cd9ar6svjw54k8x9hk5rfoa` FOREIGN KEY (`CloneID`) REFERENCES `Clones` (`CloneID`)
) ENGINE=InnoDB AUTO_INCREMENT=122 DEFAULT CHARSET=latin1;
/*!40101 SET character_set_client = @saved_cs_client */;

--
-- Dumping data for table `Locations`
--

LOCK TABLES `Locations` WRITE;
/*!40000 ALTER TABLE `Locations` DISABLE KEYS */;
INSERT INTO `Locations` VALUES (12,'2006-05-03 00:00:00','2013-03-19 00:00:00.000000',1,'C',NULL,1,NULL,NULL,NULL,NULL,1,NULL),(13,'2007-05-03 00:00:00','2013-03-19 00:00:00.000000',2,'A',NULL,5,NULL,NULL,NULL,NULL,2,NULL),(14,'2004-05-03 00:00:00','2013-03-19 00:00:00.000000',1,'A',NULL,2,NULL,NULL,NULL,NULL,NULL,NULL),(15,'2005-05-03 00:00:00','2013-03-19 00:00:00.000000',2,'B',NULL,2,NULL,NULL,NULL,NULL,NULL,NULL),(16,'2006-05-03 00:00:00','2013-03-19 00:00:00.000000',3,'C',NULL,3,NULL,NULL,NULL,NULL,NULL,NULL),(17,'2007-05-03 00:00:00','2013-03-19 00:00:00.000000',4,'D',NULL,3,NULL,NULL,NULL,NULL,NULL,NULL),(18,'2007-05-03 00:00:00','2013-03-19 00:00:00.000000',4,'A',NULL,6,NULL,NULL,NULL,NULL,NULL,NULL),(19,'2007-05-03 00:00:00','2013-03-19 00:00:00.000000',3,'B',NULL,6,NULL,NULL,NULL,NULL,NULL,NULL),(20,'2007-05-03 00:00:00','2013-03-19 00:00:00.000000',2,'C',NULL,6,NULL,NULL,NULL,NULL,NULL,NULL),(21,'2007-05-03 00:00:00','2013-03-19 00:00:00.000000',1,'D',NULL,6,NULL,NULL,NULL,NULL,NULL,NULL),(22,'2007-05-03 00:00:00','2013-03-19 00:00:00.000000',4,'E',NULL,4,NULL,NULL,NULL,NULL,NULL,NULL),(23,'2007-05-03 00:00:00','2013-03-19 00:00:00.000000',1,'C',NULL,4,NULL,NULL,NULL,NULL,NULL,NULL),(24,'2007-05-03 00:00:00','2013-03-19 00:00:00.000000',3,'C',NULL,5,NULL,NULL,NULL,NULL,NULL,NULL),(25,'2007-05-03 00:00:00','2013-03-19 00:00:00.000000',5,'D',NULL,5,NULL,NULL,NULL,NULL,NULL,NULL),(26,NULL,'2018-03-15 20:53:09.596000',1,'A',NULL,9,NULL,NULL,NULL,8,NULL,NULL),(27,NULL,'2018-03-15 20:53:09.980000',2,'A',NULL,9,NULL,NULL,NULL,9,NULL,NULL),(28,NULL,'2018-03-15 20:53:10.947000',3,'A',NULL,9,NULL,NULL,NULL,10,NULL,NULL),(29,NULL,'2018-03-15 20:53:11.285000',4,'A',NULL,9,NULL,NULL,NULL,11,NULL,NULL),(30,NULL,'2018-03-15 20:53:11.538000',5,'A',NULL,9,NULL,NULL,NULL,12,NULL,NULL),(31,NULL,'2018-03-15 20:53:11.884000',6,'A',NULL,9,NULL,NULL,NULL,13,NULL,NULL),(32,NULL,'2018-03-15 20:53:12.043000',7,'A',NULL,9,NULL,NULL,NULL,14,NULL,NULL),(33,NULL,'2018-03-15 20:53:12.227000',8,'A',NULL,9,NULL,NULL,NULL,15,NULL,NULL),(34,NULL,'2018-03-15 20:53:12.379000',9,'A',NULL,9,NULL,NULL,NULL,16,NULL,NULL),(35,NULL,'2018-03-15 20:53:12.548000',10,'A',NULL,9,NULL,NULL,NULL,17,NULL,NULL),(36,NULL,'2018-03-15 20:53:12.691000',11,'A',NULL,9,NULL,NULL,NULL,18,NULL,NULL),(37,NULL,'2018-03-15 20:53:12.813000',12,'A',NULL,9,NULL,NULL,NULL,19,NULL,NULL),(38,NULL,'2018-03-15 20:53:12.939000',1,'B',NULL,9,NULL,NULL,NULL,20,NULL,NULL),(39,NULL,'2018-03-15 20:53:13.076000',2,'B',NULL,9,NULL,NULL,NULL,21,NULL,NULL),(40,NULL,'2018-03-15 20:53:13.236000',3,'B',NULL,9,NULL,NULL,NULL,22,NULL,NULL),(41,NULL,'2018-03-15 20:53:13.515000',4,'B',NULL,9,NULL,NULL,NULL,23,NULL,NULL),(42,NULL,'2018-03-15 20:53:13.656000',5,'B',NULL,9,NULL,NULL,NULL,24,NULL,NULL),(43,NULL,'2018-03-15 20:53:13.844000',6,'B',NULL,9,NULL,NULL,NULL,25,NULL,NULL),(44,NULL,'2018-03-15 20:53:14.013000',7,'B',NULL,9,NULL,NULL,NULL,26,NULL,NULL),(45,NULL,'2018-03-15 20:53:14.145000',8,'B',NULL,9,NULL,NULL,NULL,27,NULL,NULL),(46,NULL,'2018-03-15 20:53:14.301000',9,'B',NULL,9,NULL,NULL,NULL,28,NULL,NULL),(47,NULL,'2018-03-15 20:53:14.453000',10,'B',NULL,9,NULL,NULL,NULL,29,NULL,NULL),(48,NULL,'2018-03-15 20:53:14.654000',11,'B',NULL,9,NULL,NULL,NULL,30,NULL,NULL),(49,NULL,'2018-03-15 20:53:14.847000',12,'B',NULL,9,NULL,NULL,NULL,31,NULL,NULL),(50,NULL,'2018-03-15 20:53:15.029000',1,'C',NULL,9,NULL,NULL,NULL,32,NULL,NULL),(51,NULL,'2018-03-15 20:53:15.212000',2,'C',NULL,9,NULL,NULL,NULL,33,NULL,NULL),(52,NULL,'2018-03-15 20:53:15.401000',3,'C',NULL,9,NULL,NULL,NULL,34,NULL,NULL),(53,NULL,'2018-03-15 20:53:15.638000',4,'C',NULL,9,NULL,NULL,NULL,35,NULL,NULL),(54,NULL,'2018-03-15 20:53:15.821000',5,'C',NULL,9,NULL,NULL,NULL,36,NULL,NULL),(55,NULL,'2018-03-15 20:53:15.996000',6,'C',NULL,9,NULL,NULL,NULL,37,NULL,NULL),(56,NULL,'2018-03-15 20:53:16.179000',7,'C',NULL,9,NULL,NULL,NULL,38,NULL,NULL),(57,NULL,'2018-03-15 20:53:16.360000',8,'C',NULL,9,NULL,NULL,NULL,39,NULL,NULL),(58,NULL,'2018-03-15 20:53:16.577000',9,'C',NULL,9,NULL,NULL,NULL,40,NULL,NULL),(59,NULL,'2018-03-15 20:53:16.744000',10,'C',NULL,9,NULL,NULL,NULL,41,NULL,NULL),(60,NULL,'2018-03-15 20:53:16.939000',11,'C',NULL,9,NULL,NULL,NULL,42,NULL,NULL),(61,NULL,'2018-03-15 20:53:17.168000',12,'C',NULL,9,NULL,NULL,NULL,43,NULL,NULL),(62,NULL,'2018-03-15 20:53:17.317000',1,'D',NULL,9,NULL,NULL,NULL,44,NULL,NULL),(63,NULL,'2018-03-15 20:53:17.501000',2,'D',NULL,9,NULL,NULL,NULL,45,NULL,NULL),(64,NULL,'2018-03-15 20:53:17.730000',3,'D',NULL,9,NULL,NULL,NULL,46,NULL,NULL),(65,NULL,'2018-03-15 20:53:17.932000',4,'D',NULL,9,NULL,NULL,NULL,47,NULL,NULL),(66,NULL,'2018-03-15 20:53:18.111000',5,'D',NULL,9,NULL,NULL,NULL,48,NULL,NULL),(67,NULL,'2018-03-15 20:53:18.328000',6,'D',NULL,9,NULL,NULL,NULL,49,NULL,NULL),(68,NULL,'2018-03-15 20:53:18.503000',7,'D',NULL,9,NULL,NULL,NULL,50,NULL,NULL),(69,NULL,'2018-03-15 20:53:18.669000',8,'D',NULL,9,NULL,NULL,NULL,51,NULL,NULL),(70,NULL,'2018-03-15 20:53:18.849000',9,'D',NULL,9,NULL,NULL,NULL,52,NULL,NULL),(71,NULL,'2018-03-15 20:53:19.008000',10,'D',NULL,9,NULL,NULL,NULL,53,NULL,NULL),(72,NULL,'2018-03-15 20:53:19.195000',11,'D',NULL,9,NULL,NULL,NULL,54,NULL,NULL),(73,NULL,'2018-03-15 20:53:19.346000',12,'D',NULL,9,NULL,NULL,NULL,55,NULL,NULL),(74,NULL,'2018-03-15 20:53:19.501000',1,'E',NULL,9,NULL,NULL,NULL,56,NULL,NULL),(75,NULL,'2018-03-15 20:53:19.652000',2,'E',NULL,9,NULL,NULL,NULL,57,NULL,NULL),(76,NULL,'2018-03-15 20:53:19.834000',3,'E',NULL,9,NULL,NULL,NULL,58,NULL,NULL),(77,NULL,'2018-03-15 20:53:19.980000',4,'E',NULL,9,NULL,NULL,NULL,59,NULL,NULL),(78,NULL,'2018-03-15 20:53:20.125000',5,'E',NULL,9,NULL,NULL,NULL,60,NULL,NULL),(79,NULL,'2018-03-15 20:53:20.284000',6,'E',NULL,9,NULL,NULL,NULL,61,NULL,NULL),(80,NULL,'2018-03-15 20:53:20.486000',7,'E',NULL,9,NULL,NULL,NULL,62,NULL,NULL),(81,NULL,'2018-03-15 20:53:20.705000',8,'E',NULL,9,NULL,NULL,NULL,63,NULL,NULL),(82,NULL,'2018-03-15 20:53:20.862000',9,'E',NULL,9,NULL,NULL,NULL,64,NULL,NULL),(83,NULL,'2018-03-15 20:53:21.034000',10,'E',NULL,9,NULL,NULL,NULL,65,NULL,NULL),(84,NULL,'2018-03-15 20:53:21.252000',11,'E',NULL,9,NULL,NULL,NULL,66,NULL,NULL),(85,NULL,'2018-03-15 20:53:21.412000',12,'E',NULL,9,NULL,NULL,NULL,67,NULL,NULL),(86,NULL,'2018-03-15 20:53:21.570000',1,'F',NULL,9,NULL,NULL,NULL,68,NULL,NULL),(87,NULL,'2018-03-15 20:53:21.726000',2,'F',NULL,9,NULL,NULL,NULL,69,NULL,NULL),(88,NULL,'2018-03-15 20:53:21.902000',3,'F',NULL,9,NULL,NULL,NULL,70,NULL,NULL),(89,NULL,'2018-03-15 20:53:22.078000',4,'F',NULL,9,NULL,NULL,NULL,71,NULL,NULL),(90,NULL,'2018-03-15 20:53:22.264000',5,'F',NULL,9,NULL,NULL,NULL,72,NULL,NULL),(91,NULL,'2018-03-15 20:53:22.540000',6,'F',NULL,9,NULL,NULL,NULL,73,NULL,NULL),(92,NULL,'2018-03-15 20:53:22.715000',7,'F',NULL,9,NULL,NULL,NULL,74,NULL,NULL),(93,NULL,'2018-03-15 20:53:22.893000',8,'F',NULL,9,NULL,NULL,NULL,75,NULL,NULL),(94,NULL,'2018-03-15 20:53:23.083000',9,'F',NULL,9,NULL,NULL,NULL,76,NULL,NULL),(95,NULL,'2018-03-15 20:53:23.263000',10,'F',NULL,9,NULL,NULL,NULL,77,NULL,NULL),(96,NULL,'2018-03-15 20:53:23.431000',11,'F',NULL,9,NULL,NULL,NULL,78,NULL,NULL),(97,NULL,'2018-03-15 20:53:23.594000',12,'F',NULL,9,NULL,NULL,NULL,79,NULL,NULL),(98,NULL,'2018-03-15 20:53:23.769000',1,'G',NULL,9,NULL,NULL,NULL,80,NULL,NULL),(99,NULL,'2018-03-15 20:53:23.919000',2,'G',NULL,9,NULL,NULL,NULL,81,NULL,NULL),(100,NULL,'2018-03-15 20:53:24.314000',3,'G',NULL,9,NULL,NULL,NULL,82,NULL,NULL),(101,NULL,'2018-03-15 20:53:24.557000',4,'G',NULL,9,NULL,NULL,NULL,83,NULL,NULL),(102,NULL,'2018-03-15 20:53:24.749000',5,'G',NULL,9,NULL,NULL,NULL,84,NULL,NULL),(103,NULL,'2018-03-15 20:53:24.917000',6,'G',NULL,9,NULL,NULL,NULL,85,NULL,NULL),(104,NULL,'2018-03-15 20:53:25.105000',7,'G',NULL,9,NULL,NULL,NULL,86,NULL,NULL),(105,NULL,'2018-03-15 20:53:25.269000',8,'G',NULL,9,NULL,NULL,NULL,87,NULL,NULL),(106,NULL,'2018-03-15 20:53:25.444000',9,'G',NULL,9,NULL,NULL,NULL,88,NULL,NULL),(107,NULL,'2018-03-15 20:53:25.608000',10,'G',NULL,9,NULL,NULL,NULL,89,NULL,NULL),(108,NULL,'2018-03-15 20:53:25.781000',11,'G',NULL,9,NULL,NULL,NULL,90,NULL,NULL),(109,NULL,'2018-03-15 20:53:26.197000',12,'G',NULL,9,NULL,NULL,NULL,91,NULL,NULL),(110,NULL,'2018-03-15 20:53:26.366000',1,'H',NULL,9,NULL,NULL,NULL,92,NULL,NULL),(111,NULL,'2018-03-15 20:53:26.535000',2,'H',NULL,9,NULL,NULL,NULL,93,NULL,NULL),(112,NULL,'2018-03-15 20:53:26.713000',3,'H',NULL,9,NULL,NULL,NULL,94,NULL,NULL),(113,NULL,'2018-03-15 20:53:26.891000',4,'H',NULL,9,NULL,NULL,NULL,95,NULL,NULL),(114,NULL,'2018-03-15 20:53:27.072000',5,'H',NULL,9,NULL,NULL,NULL,96,NULL,NULL),(115,NULL,'2018-03-15 20:53:27.248000',6,'H',NULL,9,NULL,NULL,NULL,97,NULL,NULL),(116,NULL,'2018-03-15 20:53:27.423000',7,'H',NULL,9,NULL,NULL,NULL,98,NULL,NULL),(117,NULL,'2018-03-15 20:53:27.603000',8,'H',NULL,9,NULL,NULL,NULL,99,NULL,NULL),(118,NULL,'2018-03-15 20:53:27.800000',9,'H',NULL,9,NULL,NULL,NULL,100,NULL,NULL),(119,NULL,'2018-03-15 20:53:28.008000',10,'H',NULL,9,NULL,NULL,NULL,101,NULL,NULL),(120,NULL,'2018-03-15 20:53:28.287000',11,'H',NULL,9,NULL,NULL,NULL,102,NULL,NULL),(121,NULL,'2018-03-15 20:53:28.476000',12,'H',NULL,9,NULL,NULL,NULL,103,NULL,NULL);
/*!40000 ALTER TABLE `Locations` ENABLE KEYS */;
UNLOCK TABLES;

--
-- Table structure for table `MixedSpecimenAttach`
--

DROP TABLE IF EXISTS `MixedSpecimenAttach`;
/*!40101 SET @saved_cs_client     = @@character_set_client */;
/*!40101 SET character_set_client = utf8 */;
CREATE TABLE `MixedSpecimenAttach` (
  `MixedSpecimenAttachId` int(11) NOT NULL AUTO_INCREMENT,
  `DateEntered` date NOT NULL,
  `FileExtension` varchar(255) DEFAULT NULL,
  `FileName` varchar(255) NOT NULL,
  `FileTitle` varchar(255) DEFAULT NULL,
  `Height` int(11) DEFAULT NULL,
  `Notes` varchar(1024) DEFAULT NULL,
  `Width` int(11) DEFAULT NULL,
  `MixedSpecimenId` int(11) NOT NULL,
  PRIMARY KEY (`MixedSpecimenAttachId`),
  KEY `FK_c5x1738wdf7q5e7hxgq4o78e` (`MixedSpecimenId`),
  CONSTRAINT `FK_c5x1738wdf7q5e7hxgq4o78e` FOREIGN KEY (`MixedSpecimenId`) REFERENCES `MixedSpecimens` (`MixedSpecimenID`)
) ENGINE=InnoDB DEFAULT CHARSET=latin1;
/*!40101 SET character_set_client = @saved_cs_client */;

--
-- Dumping data for table `MixedSpecimenAttach`
--

LOCK TABLES `MixedSpecimenAttach` WRITE;
/*!40000 ALTER TABLE `MixedSpecimenAttach` DISABLE KEYS */;
/*!40000 ALTER TABLE `MixedSpecimenAttach` ENABLE KEYS */;
UNLOCK TABLES;

--
-- Table structure for table `MixedSpecimens`
--

DROP TABLE IF EXISTS `MixedSpecimens`;
/*!40101 SET @saved_cs_client     = @@character_set_client */;
/*!40101 SET character_set_client = utf8 */;
CREATE TABLE `MixedSpecimens` (
  `MixedSpecimenID` int(11) NOT NULL AUTO_INCREMENT,
  `AssociatedPlants` varchar(200) DEFAULT NULL,
  `CabinRefOrTestSite` varchar(50) DEFAULT NULL,
  `CabinSiteCode` varchar(50) DEFAULT NULL,
  `CabinStudy` varchar(50) DEFAULT NULL,
  `ExperimentalReplicate` varchar(5) DEFAULT NULL,
  `FungiIsolated` varchar(50) DEFAULT NULL,
  `LabAnalysisReport` varchar(50) DEFAULT NULL,
  `LastModified` datetime(6) DEFAULT NULL,
  `MixedSpecimenNumber` varchar(50) NOT NULL,
  `Notes` varchar(1024) DEFAULT NULL,
  `NumberOfSubsamples` int(11) DEFAULT NULL,
  `OtherIDs` varchar(200) DEFAULT NULL,
  `ReplicateInfo` varchar(200) DEFAULT NULL,
  `SampleDestroyed` date DEFAULT NULL,
  `SampleReceiptDate` date DEFAULT NULL,
  `SpikeMaterial` varchar(100) DEFAULT NULL,
  `SubstrateSize` int(11) DEFAULT NULL,
  `SubstrateType` varchar(200) DEFAULT NULL,
  `Treatment` varchar(100) DEFAULT NULL,
  `WaterQualitySampleId` varchar(50) DEFAULT NULL,
  `WaterQualitySiteId` varchar(50) DEFAULT NULL,
  `WaterSamplingTime` varchar(50) DEFAULT NULL,
  `BiologicalCollectionID` int(11) NOT NULL,
  `CollectionInfoID` int(11) DEFAULT NULL,
  `GroupID` int(11) DEFAULT NULL,
  `ImportPermitID` int(11) DEFAULT NULL,
  `MixsSpecificationID` int(11) DEFAULT NULL,
  PRIMARY KEY (`MixedSpecimenID`),
  UNIQUE KEY `UK_kx2r3f1xk5ath9pj7nth70tm6` (`MixedSpecimenNumber`,`BiologicalCollectionID`),
  UNIQUE KEY `UK_3bnrsjvog8w18jw1y2eh5hdo0` (`MixsSpecificationID`),
  KEY `mixedSpecimen_substrateType_idx` (`SubstrateType`),
  KEY `FK_mr2al2qrjhtfdjurqp4rlai3a` (`BiologicalCollectionID`),
  KEY `FK_a6yywjr2k3p8liflvfcqvijhk` (`CollectionInfoID`),
  KEY `FK_4sbel4md60bhymihq22boplmq` (`GroupID`),
  KEY `FK_94np4iqalsmisrmtv3i0ce51c` (`ImportPermitID`),
  CONSTRAINT `FK_3bnrsjvog8w18jw1y2eh5hdo0` FOREIGN KEY (`MixsSpecificationID`) REFERENCES `MixsSpecification` (`MixsSpecificationID`),
  CONSTRAINT `FK_4sbel4md60bhymihq22boplmq` FOREIGN KEY (`GroupID`) REFERENCES `Groups` (`GroupID`),
  CONSTRAINT `FK_94np4iqalsmisrmtv3i0ce51c` FOREIGN KEY (`ImportPermitID`) REFERENCES `ImportPermits` (`ImportPermitID`),
  CONSTRAINT `FK_a6yywjr2k3p8liflvfcqvijhk` FOREIGN KEY (`CollectionInfoID`) REFERENCES `CollectionInfos` (`CollectionInfoID`),
  CONSTRAINT `FK_mr2al2qrjhtfdjurqp4rlai3a` FOREIGN KEY (`BiologicalCollectionID`) REFERENCES `BiologicalCollections` (`BiologicalCollectionID`)
) ENGINE=InnoDB AUTO_INCREMENT=15 DEFAULT CHARSET=latin1;
/*!40101 SET character_set_client = @saved_cs_client */;

--
-- Dumping data for table `MixedSpecimens`
--

LOCK TABLES `MixedSpecimens` WRITE;
/*!40000 ALTER TABLE `MixedSpecimens` DISABLE KEYS */;
INSERT INTO `MixedSpecimens` VALUES (1,'some Plantes',NULL,NULL,NULL,NULL,'some Fungi',NULL,'2013-03-19 00:00:00.000000','2000','here are some notes',NULL,'otherId_1',NULL,'2007-01-05',NULL,NULL,NULL,'someSoil','test Treatment',NULL,NULL,NULL,1,7,1,5,7),(2,'some Plantes',NULL,NULL,NULL,NULL,'some Fungi',NULL,'2013-03-19 00:00:00.000000','2002','here are some notes',NULL,'otherId_2',NULL,'2007-01-05',NULL,NULL,NULL,'Soil Sample','test Treatment',NULL,NULL,NULL,1,6,3,4,8),(3,'some Plantes',NULL,NULL,NULL,NULL,'some Fungi3',NULL,'2013-03-19 00:00:00.000000','2003','here are some notes',NULL,'otherId_3',NULL,'2007-01-05',NULL,NULL,NULL,'Air Sample','test Treatment',NULL,NULL,NULL,5,5,1,6,9),(4,'n/a',NULL,NULL,NULL,NULL,'some Fungi4',NULL,'2013-03-19 00:00:00.000000','2004','here are some notes',NULL,'otherId_4',NULL,'2007-01-05',NULL,NULL,NULL,'Air Sample','test Treatment',NULL,NULL,NULL,5,5,1,2,10),(5,'n/a',NULL,NULL,NULL,NULL,'some Fungi5',NULL,'2013-03-19 00:00:00.000000','2005','here are some notes',NULL,'otherId_5',NULL,'2007-01-05',NULL,NULL,NULL,'Air Sample','test Treatment',NULL,NULL,NULL,5,5,1,2,11),(6,'n/a',NULL,NULL,NULL,NULL,'some Fungi6',NULL,'2013-03-19 00:00:00.000000','2006','here are some notes',NULL,'otherId_6',NULL,'2007-01-05',NULL,NULL,NULL,'Rain Sample','test Treatment',NULL,NULL,NULL,6,6,1,2,6),(12,'12some Plantes',NULL,NULL,NULL,NULL,'12some Fungi',NULL,'2013-03-19 00:00:00.000000','2012','12here are some notes',NULL,'otherId_12',NULL,'2005-12-12',NULL,NULL,NULL,'12someSoil','test Treatment',NULL,NULL,NULL,3,8,3,2,12),(13,'13some Plantes',NULL,NULL,NULL,NULL,'13some Fungi',NULL,'2013-03-19 00:00:00.000000','2013','13here are some notes',NULL,'otherId_13',NULL,'2005-12-13',NULL,NULL,NULL,'13someSoil','test Treatment',NULL,NULL,NULL,3,8,3,2,13),(14,'14some Plantes',NULL,NULL,NULL,NULL,'14some Fungi',NULL,'2013-03-19 00:00:00.000000','2014','14here are some notes',NULL,'otherId_14',NULL,'2005-12-14',NULL,NULL,NULL,'14someSoil','test Treatment',NULL,NULL,NULL,3,8,3,2,14);
/*!40000 ALTER TABLE `MixedSpecimens` ENABLE KEYS */;
UNLOCK TABLES;

--
-- Table structure for table `MixedSpecimens_AUD`
--

DROP TABLE IF EXISTS `MixedSpecimens_AUD`;
/*!40101 SET @saved_cs_client     = @@character_set_client */;
/*!40101 SET character_set_client = utf8 */;
CREATE TABLE `MixedSpecimens_AUD` (
  `MixedSpecimenID` int(11) NOT NULL,
  `REV` int(11) NOT NULL,
  `REVTYPE` tinyint(4) DEFAULT NULL,
  `AssociatedPlants` varchar(200) DEFAULT NULL,
  `CabinRefOrTestSite` varchar(50) DEFAULT NULL,
  `CabinSiteCode` varchar(50) DEFAULT NULL,
  `CabinStudy` varchar(50) DEFAULT NULL,
  `ExperimentalReplicate` varchar(5) DEFAULT NULL,
  `FungiIsolated` varchar(50) DEFAULT NULL,
  `LabAnalysisReport` varchar(50) DEFAULT NULL,
  `MixedSpecimenNumber` varchar(50) DEFAULT NULL,
  `Notes` varchar(1024) DEFAULT NULL,
  `NumberOfSubsamples` int(11) DEFAULT NULL,
  `OtherIDs` varchar(200) DEFAULT NULL,
  `ReplicateInfo` varchar(200) DEFAULT NULL,
  `SampleDestroyed` date DEFAULT NULL,
  `SampleReceiptDate` date DEFAULT NULL,
  `SpikeMaterial` varchar(100) DEFAULT NULL,
  `SubstrateSize` int(11) DEFAULT NULL,
  `SubstrateType` varchar(200) DEFAULT NULL,
  `Treatment` varchar(100) DEFAULT NULL,
  `WaterQualitySampleId` varchar(50) DEFAULT NULL,
  `WaterQualitySiteId` varchar(50) DEFAULT NULL,
  `WaterSamplingTime` varchar(50) DEFAULT NULL,
  `BiologicalCollectionID` int(11) DEFAULT NULL,
  `CollectionInfoID` int(11) DEFAULT NULL,
  `GroupID` int(11) DEFAULT NULL,
  `ImportPermitID` int(11) DEFAULT NULL,
  `MixsSpecificationID` int(11) DEFAULT NULL,
  PRIMARY KEY (`MixedSpecimenID`,`REV`),
  KEY `FK_argt4d0rarc85d2x82523b2cf` (`REV`),
  CONSTRAINT `FK_argt4d0rarc85d2x82523b2cf` FOREIGN KEY (`REV`) REFERENCES `Revision` (`id`)
) ENGINE=InnoDB DEFAULT CHARSET=latin1;
/*!40101 SET character_set_client = @saved_cs_client */;

--
-- Dumping data for table `MixedSpecimens_AUD`
--

LOCK TABLES `MixedSpecimens_AUD` WRITE;
/*!40000 ALTER TABLE `MixedSpecimens_AUD` DISABLE KEYS */;
/*!40000 ALTER TABLE `MixedSpecimens_AUD` ENABLE KEYS */;
UNLOCK TABLES;

--
-- Table structure for table `MixsSpecification`
--

DROP TABLE IF EXISTS `MixsSpecification`;
/*!40101 SET @saved_cs_client     = @@character_set_client */;
/*!40101 SET character_set_client = utf8 */;
CREATE TABLE `MixsSpecification` (
  `MixsSpecificationID` int(11) NOT NULL AUTO_INCREMENT,
  `AbsAirHumidity` varchar(50) DEFAULT NULL,
  `AgrochemAddition` varchar(50) DEFAULT NULL,
  `AirTemp` varchar(50) DEFAULT NULL,
  `AirTempRegm` varchar(50) DEFAULT NULL,
  `AlSat` varchar(50) DEFAULT NULL,
  `AlSatMeth` varchar(50) DEFAULT NULL,
  `Alkalinity` varchar(50) DEFAULT NULL,
  `AlkylDiethers` varchar(50) DEFAULT NULL,
  `AminopeptAct` varchar(50) DEFAULT NULL,
  `Ammonium` varchar(50) DEFAULT NULL,
  `AmnioticFluidColor` varchar(50) DEFAULT NULL,
  `AnnualSeasonPrecpt` varchar(100) DEFAULT NULL,
  `AnnualSeasonTemp` varchar(100) DEFAULT NULL,
  `AntibioticRegm` varchar(50) DEFAULT NULL,
  `AtmosphericData` varchar(50) DEFAULT NULL,
  `BacProd` varchar(50) DEFAULT NULL,
  `BacResp` varchar(50) DEFAULT NULL,
  `BacteriaCarbProd` varchar(50) DEFAULT NULL,
  `BankfullWettedDepth` varchar(10) DEFAULT NULL,
  `BankfullWidth` varchar(10) DEFAULT NULL,
  `BarometricPress` varchar(50) DEFAULT NULL,
  `BiochemOxygenDem` varchar(50) DEFAULT NULL,
  `Biomass` varchar(50) DEFAULT NULL,
  `Biome` varchar(50) DEFAULT NULL,
  `BioticRelationship` varchar(50) DEFAULT NULL,
  `BirthControl` varchar(50) DEFAULT NULL,
  `Bishomohopanol` varchar(50) DEFAULT NULL,
  `BloodBloodDisord` varchar(50) DEFAULT NULL,
  `Bromide` varchar(50) DEFAULT NULL,
  `BuildOccupType` varchar(50) DEFAULT NULL,
  `BuildingSetting` varchar(50) DEFAULT NULL,
  `Calcium` varchar(50) DEFAULT NULL,
  `CanopyCoverage` varchar(10) DEFAULT NULL,
  `CarbDioxide` varchar(50) DEFAULT NULL,
  `CarbMonoxide` varchar(50) DEFAULT NULL,
  `CarbNitroRatio` varchar(50) DEFAULT NULL,
  `ChemAdministration` varchar(50) DEFAULT NULL,
  `ChemMutagen` varchar(50) DEFAULT NULL,
  `ChemOxygenDem` varchar(50) DEFAULT NULL,
  `Chloride` varchar(50) DEFAULT NULL,
  `Chlorophyll` varchar(50) DEFAULT NULL,
  `ClimateEnvironment` varchar(50) DEFAULT NULL,
  `Conduc` varchar(50) DEFAULT NULL,
  `CropRotation` varchar(50) DEFAULT NULL,
  `CurLandUse` varchar(100) DEFAULT NULL,
  `CurVegetation` varchar(50) DEFAULT NULL,
  `CurVegetationMeth` varchar(50) DEFAULT NULL,
  `Density` varchar(50) DEFAULT NULL,
  `DermatologyDisord` varchar(50) DEFAULT NULL,
  `DewPoint` varchar(50) DEFAULT NULL,
  `DietLastSixMonth` varchar(50) DEFAULT NULL,
  `DietherLipids` varchar(50) DEFAULT NULL,
  `DissCarbDioxide` varchar(50) DEFAULT NULL,
  `DissHydrogen` varchar(50) DEFAULT NULL,
  `DissInorgCarb` varchar(50) DEFAULT NULL,
  `DissInorgNitro` varchar(50) DEFAULT NULL,
  `DissInorgPhosp` varchar(50) DEFAULT NULL,
  `DissOrgCarb` varchar(50) DEFAULT NULL,
  `DissOrgNitro` varchar(50) DEFAULT NULL,
  `DissOxygen` varchar(50) DEFAULT NULL,
  `DominantHand` varchar(50) DEFAULT NULL,
  `DominantLandUse` varchar(100) DEFAULT NULL,
  `DominantStreamsideVegetation` varchar(100) DEFAULT NULL,
  `Douche` datetime(6) DEFAULT NULL,
  `DownPar` varchar(50) DEFAULT NULL,
  `DrainageClass` varchar(50) DEFAULT NULL,
  `DrugUsage` varchar(50) DEFAULT NULL,
  `EColi` varchar(50) DEFAULT NULL,
  `EfficiencyPercent` varchar(50) DEFAULT NULL,
  `Emulsions` varchar(50) DEFAULT NULL,
  `EncodedTraits` varchar(50) DEFAULT NULL,
  `EnvPackage` varchar(50) DEFAULT NULL,
  `EstimatedSize` varchar(50) DEFAULT NULL,
  `ExperimentalFactor` varchar(50) DEFAULT NULL,
  `ExtrachromElements` varchar(50) DEFAULT NULL,
  `ExtremeEvent` datetime(6) DEFAULT NULL,
  `ExtremeSalinity` varchar(100) DEFAULT NULL,
  `FaoClass` varchar(50) DEFAULT NULL,
  `Feature` varchar(50) DEFAULT NULL,
  `FertilizerRegm` varchar(50) DEFAULT NULL,
  `FilterType` varchar(50) DEFAULT NULL,
  `Fire` datetime(6) DEFAULT NULL,
  `FishKillEventInfo` varchar(100) DEFAULT NULL,
  `Flooding` datetime(6) DEFAULT NULL,
  `Fluor` varchar(50) DEFAULT NULL,
  `FoetalHealthStat` varchar(50) DEFAULT NULL,
  `FungicideRegm` varchar(50) DEFAULT NULL,
  `GaseousEnvironment` varchar(50) DEFAULT NULL,
  `GaseousSubstances` varchar(50) DEFAULT NULL,
  `GastrointestDisord` varchar(50) DEFAULT NULL,
  `GestationState` varchar(50) DEFAULT NULL,
  `GlucosidaseAct` varchar(50) DEFAULT NULL,
  `Gravidity` varchar(50) DEFAULT NULL,
  `Gravity` varchar(50) DEFAULT NULL,
  `GrowthHormoneRegm` varchar(50) DEFAULT NULL,
  `GrowthMed` varchar(50) DEFAULT NULL,
  `GynecologicDisord` varchar(50) DEFAULT NULL,
  `HealthDiseaseStat` varchar(50) DEFAULT NULL,
  `HeatCoolType` varchar(50) DEFAULT NULL,
  `HeavyMetals` varchar(50) DEFAULT NULL,
  `HeavyMetalsMeth` varchar(50) DEFAULT NULL,
  `HerbicideRegm` varchar(50) DEFAULT NULL,
  `Horizon` varchar(50) DEFAULT NULL,
  `HorizonMeth` varchar(50) DEFAULT NULL,
  `HostAge` varchar(50) DEFAULT NULL,
  `HostBloodPressDiast` varchar(50) DEFAULT NULL,
  `HostBloodPressSyst` varchar(50) DEFAULT NULL,
  `HostBodyHabitat` varchar(50) DEFAULT NULL,
  `HostBodyMassIndex` varchar(50) DEFAULT NULL,
  `HostBodyProduct` varchar(50) DEFAULT NULL,
  `HostBodySite` varchar(50) DEFAULT NULL,
  `HostBodyTemp` varchar(50) DEFAULT NULL,
  `HostColor` varchar(50) DEFAULT NULL,
  `HostCommonName` varchar(50) DEFAULT NULL,
  `HostDiet` varchar(50) DEFAULT NULL,
  `HostDiseaseStat` varchar(50) DEFAULT NULL,
  `HostDryMass` varchar(50) DEFAULT NULL,
  `HostFamilyRelationship` varchar(50) DEFAULT NULL,
  `HostGenotype` varchar(50) DEFAULT NULL,
  `HostGrowthCond` varchar(50) DEFAULT NULL,
  `HostHeight` varchar(50) DEFAULT NULL,
  `HostHivStat` varchar(50) DEFAULT NULL,
  `HostInfraSpecificName` varchar(50) DEFAULT NULL,
  `HostInfraSpecificRank` varchar(50) DEFAULT NULL,
  `HostLastMeal` varchar(50) DEFAULT NULL,
  `HostLength` varchar(50) DEFAULT NULL,
  `HostLifeStage` varchar(50) DEFAULT NULL,
  `HostOccupation` int(11) DEFAULT NULL,
  `HostPhenotype` varchar(50) DEFAULT NULL,
  `HostPulse` varchar(50) DEFAULT NULL,
  `HostSex` varchar(50) DEFAULT NULL,
  `HostShape` varchar(50) DEFAULT NULL,
  `HostSubjectId` varchar(50) DEFAULT NULL,
  `HostSubstrate` varchar(50) DEFAULT NULL,
  `HostTaxid` int(11) DEFAULT NULL,
  `HostTotMass` varchar(50) DEFAULT NULL,
  `HostWetMass` varchar(50) DEFAULT NULL,
  `Hrt` datetime(6) DEFAULT NULL,
  `Humidity` varchar(50) DEFAULT NULL,
  `HumidityRegm` varchar(50) DEFAULT NULL,
  `Hysterectomy` bit(1) DEFAULT NULL,
  `IhmcEthnicity` varchar(50) DEFAULT NULL,
  `IhmcMedicationCode` int(11) DEFAULT NULL,
  `IndoorSpace` varchar(50) DEFAULT NULL,
  `IndoorSurf` varchar(50) DEFAULT NULL,
  `IndustEffPercent` varchar(50) DEFAULT NULL,
  `InorgParticles` varchar(50) DEFAULT NULL,
  `InvestigationType` varchar(20) DEFAULT NULL,
  `IsolGrowthCondt` varchar(50) DEFAULT NULL,
  `KidneyDisord` varchar(50) DEFAULT NULL,
  `LightIntensity` varchar(50) DEFAULT NULL,
  `LightType` varchar(50) DEFAULT NULL,
  `LinkAdditAnalys` varchar(50) DEFAULT NULL,
  `LinkClassInfo` varchar(250) DEFAULT NULL,
  `LinkClimateInfo` varchar(250) DEFAULT NULL,
  `LiverDisord` varchar(50) DEFAULT NULL,
  `LocalClass` varchar(50) DEFAULT NULL,
  `LocalClassMeth` varchar(50) DEFAULT NULL,
  `MacrophyteCoverage` varchar(10) DEFAULT NULL,
  `Magnesium` varchar(50) DEFAULT NULL,
  `Material` varchar(50) DEFAULT NULL,
  `MaternalHealthStat` varchar(50) DEFAULT NULL,
  `MeanFrictVel` varchar(50) DEFAULT NULL,
  `MeanPeakFrictVel` varchar(50) DEFAULT NULL,
  `MechanicalDamage` varchar(50) DEFAULT NULL,
  `MedicHistPerform` bit(1) DEFAULT NULL,
  `Menarche` datetime(6) DEFAULT NULL,
  `Menopause` datetime(6) DEFAULT NULL,
  `Methane` varchar(50) DEFAULT NULL,
  `MicrobialBiomass` varchar(50) DEFAULT NULL,
  `MicrobialBiomassMeth` varchar(50) DEFAULT NULL,
  `MineralNutrRegm` varchar(50) DEFAULT NULL,
  `MiscParam` varchar(50) DEFAULT NULL,
  `nAlkanes` varchar(50) DEFAULT NULL,
  `Nitrate` varchar(50) DEFAULT NULL,
  `Nitrite` varchar(50) DEFAULT NULL,
  `Nitro` varchar(50) DEFAULT NULL,
  `NonMineralNutrRegm` varchar(50) DEFAULT NULL,
  `NoseMouthTeethThroatDisord` varchar(50) DEFAULT NULL,
  `NoseThroatDisord` varchar(50) DEFAULT NULL,
  `NumReplicons` int(11) DEFAULT NULL,
  `OccupSamp` int(11) DEFAULT NULL,
  `OccupantDensSamp` float DEFAULT NULL,
  `OrgCarb` varchar(50) DEFAULT NULL,
  `OrgMatter` varchar(50) DEFAULT NULL,
  `OrgNitro` varchar(50) DEFAULT NULL,
  `OrgParticles` varchar(50) DEFAULT NULL,
  `OrganismCount` varchar(50) DEFAULT NULL,
  `OxyStatSamp` varchar(50) DEFAULT NULL,
  `Oxygen` varchar(50) DEFAULT NULL,
  `PartOrgCarb` varchar(50) DEFAULT NULL,
  `PartOrgNitro` varchar(50) DEFAULT NULL,
  `ParticleClass` varchar(50) DEFAULT NULL,
  `Pathogenicity` varchar(50) DEFAULT NULL,
  `PeriphytonCoverage` varchar(100) DEFAULT NULL,
  `Perturbation` varchar(50) DEFAULT NULL,
  `PesticideRegm` varchar(50) DEFAULT NULL,
  `PetFarmAnimal` varchar(50) DEFAULT NULL,
  `PetroleumHydrocarb` varchar(50) DEFAULT NULL,
  `Ph` float DEFAULT NULL,
  `PhMeth` varchar(50) DEFAULT NULL,
  `PhRegm` varchar(50) DEFAULT NULL,
  `Phaeopigments` varchar(50) DEFAULT NULL,
  `Phosphate` varchar(50) DEFAULT NULL,
  `PhosplipidFattAcid` varchar(50) DEFAULT NULL,
  `PhotonFlux` varchar(50) DEFAULT NULL,
  `PlantBodySite` varchar(50) DEFAULT NULL,
  `PlantProduct` varchar(50) DEFAULT NULL,
  `Ploidy` varchar(50) DEFAULT NULL,
  `Pollutants` varchar(50) DEFAULT NULL,
  `PoolDnaExtracts` varchar(50) DEFAULT NULL,
  `Porosity` varchar(50) DEFAULT NULL,
  `Potassium` varchar(50) DEFAULT NULL,
  `PreTreatment` varchar(50) DEFAULT NULL,
  `Pregnancy` datetime(6) DEFAULT NULL,
  `Pressure` varchar(50) DEFAULT NULL,
  `PreviousLandUse` varchar(50) DEFAULT NULL,
  `PreviousLandUseMeth` varchar(50) DEFAULT NULL,
  `PrimaryProd` varchar(50) DEFAULT NULL,
  `PrimaryTreatment` varchar(50) DEFAULT NULL,
  `ProfilePosition` varchar(50) DEFAULT NULL,
  `Propagation` varchar(50) DEFAULT NULL,
  `PulmonaryDisord` varchar(50) DEFAULT NULL,
  `RadiationRegm` varchar(50) DEFAULT NULL,
  `RainfallRegm` varchar(50) DEFAULT NULL,
  `ReactorType` varchar(50) DEFAULT NULL,
  `RedoxPotential` varchar(50) DEFAULT NULL,
  `RefBiomaterial` varchar(50) DEFAULT NULL,
  `RelAirHumidity` varchar(50) DEFAULT NULL,
  `RelToOxygen` varchar(50) DEFAULT NULL,
  `RespPartMatter` varchar(50) DEFAULT NULL,
  `Salinity` varchar(50) DEFAULT NULL,
  `SalinityMeth` varchar(50) DEFAULT NULL,
  `SalmonInStream` varchar(10) DEFAULT NULL,
  `SalmonReturnStatus` varchar(15) DEFAULT NULL,
  `SaltRegm` varchar(50) DEFAULT NULL,
  `SampMatProcess` varchar(50) DEFAULT NULL,
  `SampSalinity` varchar(50) DEFAULT NULL,
  `SampSortMeth` varchar(50) DEFAULT NULL,
  `SampStoreDur` varchar(50) DEFAULT NULL,
  `SampStoreLoc` varchar(50) DEFAULT NULL,
  `SampStoreTemp` varchar(50) DEFAULT NULL,
  `SampVolWeDnaExt` varchar(50) DEFAULT NULL,
  `SampleReach` varchar(10) DEFAULT NULL,
  `SeasonEnvironment` varchar(50) DEFAULT NULL,
  `SecondaryTreatment` varchar(50) DEFAULT NULL,
  `SedimentType` varchar(50) DEFAULT NULL,
  `SewageType` varchar(50) DEFAULT NULL,
  `SexualAct` varchar(50) DEFAULT NULL,
  `Sieving` varchar(50) DEFAULT NULL,
  `Silicate` varchar(50) DEFAULT NULL,
  `SlopeAspect` varchar(50) DEFAULT NULL,
  `SlopeGradient` varchar(50) DEFAULT NULL,
  `SludgeRetentTime` varchar(50) DEFAULT NULL,
  `Smoker` bit(1) DEFAULT NULL,
  `Sodium` varchar(50) DEFAULT NULL,
  `SoilType` varchar(50) DEFAULT NULL,
  `SoilTypeMeth` varchar(50) DEFAULT NULL,
  `SolarIrradiance` varchar(50) DEFAULT NULL,
  `SolubleInorgMat` varchar(50) DEFAULT NULL,
  `SolubleOrgMat` varchar(50) DEFAULT NULL,
  `SolubleReactPhosp` varchar(50) DEFAULT NULL,
  `SpaceTypState` varchar(50) DEFAULT NULL,
  `SpecialDiet` varchar(50) DEFAULT NULL,
  `SpecificHost` varchar(50) DEFAULT NULL,
  `StandingWaterRegm` varchar(50) DEFAULT NULL,
  `StoreCond` varchar(50) DEFAULT NULL,
  `StreamsideVegetation` varchar(100) DEFAULT NULL,
  `StudyCompltStat` varchar(50) DEFAULT NULL,
  `SubspecfGenLin` varchar(50) DEFAULT NULL,
  `SubstructureType` varchar(50) DEFAULT NULL,
  `Sulfate` varchar(50) DEFAULT NULL,
  `Sulfide` varchar(50) DEFAULT NULL,
  `SurfAirCont` varchar(50) DEFAULT NULL,
  `SurfHumidity` varchar(50) DEFAULT NULL,
  `SurfMaterial` varchar(50) DEFAULT NULL,
  `SurfMoisture` varchar(50) DEFAULT NULL,
  `SurfMoisturePh` float DEFAULT NULL,
  `SurfTemp` varchar(50) DEFAULT NULL,
  `SuspendPartMatter` varchar(50) DEFAULT NULL,
  `SuspendSolids` varchar(50) DEFAULT NULL,
  `Temp` varchar(50) DEFAULT NULL,
  `TertiaryTreatment` varchar(50) DEFAULT NULL,
  `Texture` varchar(50) DEFAULT NULL,
  `TextureMeth` varchar(50) DEFAULT NULL,
  `TidalStage` varchar(50) DEFAULT NULL,
  `Tillage` varchar(50) DEFAULT NULL,
  `TimeLastToothbrush` datetime(6) DEFAULT NULL,
  `TimeSinceLastWash` datetime(6) DEFAULT NULL,
  `TissCultGrowthMed` varchar(50) DEFAULT NULL,
  `TotCarb` varchar(50) DEFAULT NULL,
  `TotDepthWaterCol` varchar(50) DEFAULT NULL,
  `TotDissNitro` varchar(50) DEFAULT NULL,
  `TotDissPhosp` varchar(50) DEFAULT NULL,
  `TotInorgNitro` varchar(50) DEFAULT NULL,
  `TotNMeth` varchar(50) DEFAULT NULL,
  `TotNitro` varchar(50) DEFAULT NULL,
  `TotOrgCMeth` varchar(50) DEFAULT NULL,
  `TotOrgCarb` varchar(50) DEFAULT NULL,
  `TotPartCarb` varchar(50) DEFAULT NULL,
  `TotPhosp` varchar(50) DEFAULT NULL,
  `TotPhosphate` varchar(50) DEFAULT NULL,
  `TotSuspendedSolids` varchar(50) DEFAULT NULL,
  `TravelOutSixMonth` varchar(50) DEFAULT NULL,
  `TrophicLevel` varchar(50) DEFAULT NULL,
  `Turbidity` varchar(50) DEFAULT NULL,
  `TwinSibling` bit(1) DEFAULT NULL,
  `TypOccupantDens` float DEFAULT NULL,
  `UrineCollectMeth` varchar(50) DEFAULT NULL,
  `UrogenitDisord` varchar(50) DEFAULT NULL,
  `UrogenitTractDisor` varchar(50) DEFAULT NULL,
  `VentilationRate` varchar(50) DEFAULT NULL,
  `VentilationType` varchar(50) DEFAULT NULL,
  `VolatileOrgComp` varchar(50) DEFAULT NULL,
  `WastewaterType` varchar(50) DEFAULT NULL,
  `WaterContent` varchar(50) DEFAULT NULL,
  `WaterContentSoilMeth` varchar(50) DEFAULT NULL,
  `WaterCurrent` varchar(50) DEFAULT NULL,
  `WaterTempRegm` varchar(50) DEFAULT NULL,
  `WateringRegm` varchar(50) DEFAULT NULL,
  `WeightLoss3Month` varchar(50) DEFAULT NULL,
  `WettedStreamWidth` varchar(10) DEFAULT NULL,
  `WindDirection` varchar(50) DEFAULT NULL,
  `WindSpeed` varchar(50) DEFAULT NULL,
  PRIMARY KEY (`MixsSpecificationID`)
) ENGINE=InnoDB AUTO_INCREMENT=111 DEFAULT CHARSET=latin1;
/*!40101 SET character_set_client = @saved_cs_client */;

--
-- Dumping data for table `MixsSpecification`
--

LOCK TABLES `MixsSpecification` WRITE;
/*!40000 ALTER TABLE `MixsSpecification` DISABLE KEYS */;
INSERT INTO `MixsSpecification` VALUES (1,NULL,NULL,NULL,NULL,NULL,NULL,NULL,NULL,NULL,NULL,NULL,NULL,NULL,NULL,NULL,NULL,NULL,NULL,NULL,NULL,NULL,NULL,NULL,NULL,NULL,NULL,NULL,NULL,NULL,NULL,NULL,NULL,NULL,NULL,NULL,NULL,NULL,NULL,NULL,NULL,NULL,NULL,NULL,NULL,NULL,NULL,NULL,NULL,NULL,NULL,NULL,NULL,NULL,NULL,NULL,NULL,NULL,NULL,NULL,NULL,NULL,NULL,NULL,NULL,NULL,NULL,NULL,NULL,NULL,NULL,NULL,NULL,NULL,NULL,NULL,NULL,NULL,NULL,NULL,NULL,NULL,NULL,NULL,NULL,NULL,NULL,NULL,NULL,NULL,NULL,NULL,NULL,NULL,NULL,NULL,NULL,NULL,NULL,NULL,NULL,NULL,NULL,NULL,NULL,NULL,NULL,NULL,NULL,NULL,NULL,NULL,NULL,NULL,NULL,NULL,NULL,NULL,NULL,NULL,NULL,NULL,NULL,NULL,NULL,NULL,NULL,NULL,NULL,NULL,NULL,NULL,NULL,NULL,NULL,NULL,NULL,NULL,NULL,NULL,NULL,NULL,NULL,NULL,NULL,NULL,NULL,NULL,NULL,NULL,NULL,NULL,NULL,NULL,NULL,NULL,NULL,NULL,NULL,NULL,NULL,NULL,NULL,NULL,NULL,NULL,NULL,NULL,NULL,NULL,NULL,NULL,NULL,NULL,NULL,NULL,NULL,NULL,NULL,NULL,NULL,NULL,NULL,NULL,NULL,NULL,NULL,NULL,NULL,NULL,NULL,NULL,NULL,NULL,NULL,NULL,NULL,NULL,NULL,NULL,NULL,NULL,NULL,NULL,NULL,NULL,NULL,NULL,NULL,NULL,NULL,NULL,NULL,NULL,NULL,NULL,NULL,NULL,NULL,NULL,NULL,NULL,NULL,NULL,NULL,NULL,NULL,NULL,NULL,NULL,NULL,NULL,NULL,NULL,NULL,NULL,NULL,NULL,NULL,NULL,NULL,NULL,NULL,NULL,NULL,NULL,NULL,NULL,NULL,NULL,NULL,NULL,NULL,NULL,NULL,NULL,NULL,NULL,NULL,NULL,NULL,NULL,NULL,NULL,NULL,NULL,NULL,NULL,NULL,NULL,NULL,NULL,NULL,NULL,NULL,NULL,NULL,NULL,NULL,NULL,NULL,NULL,NULL,NULL,NULL,NULL,NULL,NULL,NULL,NULL,NULL,NULL,NULL,NULL,NULL,NULL,NULL,NULL,NULL,NULL,NULL,NULL,NULL,NULL,NULL,NULL,NULL,NULL,NULL,NULL,NULL,NULL,NULL,NULL,NULL,NULL,NULL,NULL,NULL,NULL,NULL,NULL,NULL,NULL,NULL),(2,NULL,NULL,NULL,NULL,NULL,NULL,NULL,NULL,NULL,NULL,NULL,NULL,NULL,NULL,NULL,NULL,NULL,NULL,NULL,NULL,NULL,NULL,NULL,NULL,NULL,NULL,NULL,NULL,NULL,NULL,NULL,NULL,NULL,NULL,NULL,NULL,NULL,NULL,NULL,NULL,NULL,NULL,NULL,NULL,NULL,NULL,NULL,NULL,NULL,NULL,NULL,NULL,NULL,NULL,NULL,NULL,NULL,NULL,NULL,NULL,NULL,NULL,NULL,NULL,NULL,NULL,NULL,NULL,NULL,NULL,NULL,NULL,NULL,NULL,NULL,NULL,NULL,NULL,NULL,NULL,NULL,NULL,NULL,NULL,NULL,NULL,NULL,NULL,NULL,NULL,NULL,NULL,NULL,NULL,NULL,NULL,NULL,NULL,NULL,NULL,NULL,NULL,NULL,NULL,NULL,NULL,NULL,NULL,NULL,NULL,NULL,NULL,NULL,NULL,NULL,NULL,NULL,NULL,NULL,NULL,NULL,NULL,NULL,NULL,NULL,NULL,NULL,NULL,NULL,NULL,NULL,NULL,NULL,NULL,NULL,NULL,NULL,NULL,NULL,NULL,NULL,NULL,NULL,NULL,NULL,NULL,NULL,NULL,NULL,NULL,NULL,NULL,NULL,NULL,NULL,NULL,NULL,NULL,NULL,NULL,NULL,NULL,NULL,NULL,NULL,NULL,NULL,NULL,NULL,NULL,NULL,NULL,NULL,NULL,NULL,NULL,NULL,NULL,NULL,NULL,NULL,NULL,NULL,NULL,NULL,NULL,NULL,NULL,NULL,NULL,NULL,NULL,NULL,NULL,NULL,NULL,NULL,NULL,NULL,NULL,NULL,NULL,NULL,NULL,NULL,NULL,NULL,NULL,NULL,NULL,NULL,NULL,NULL,NULL,NULL,NULL,NULL,NULL,NULL,NULL,NULL,NULL,NULL,NULL,NULL,NULL,NULL,NULL,NULL,NULL,NULL,NULL,NULL,NULL,NULL,NULL,NULL,NULL,NULL,NULL,NULL,NULL,NULL,NULL,NULL,NULL,NULL,NULL,NULL,NULL,NULL,NULL,NULL,NULL,NULL,NULL,NULL,NULL,NULL,NULL,NULL,NULL,NULL,NULL,NULL,NULL,NULL,NULL,NULL,NULL,NULL,NULL,NULL,NULL,NULL,NULL,NULL,NULL,NULL,NULL,NULL,NULL,NULL,NULL,NULL,NULL,NULL,NULL,NULL,NULL,NULL,NULL,NULL,NULL,NULL,NULL,NULL,NULL,NULL,NULL,NULL,NULL,NULL,NULL,NULL,NULL,NULL,NULL,NULL,NULL,NULL,NULL,NULL,NULL,NULL,NULL,NULL,NULL,NULL,NULL,NULL,NULL,NULL,NULL),(3,NULL,NULL,NULL,NULL,NULL,NULL,NULL,NULL,NULL,NULL,NULL,NULL,NULL,NULL,NULL,NULL,NULL,NULL,NULL,NULL,NULL,NULL,NULL,NULL,NULL,NULL,NULL,NULL,NULL,NULL,NULL,NULL,NULL,NULL,NULL,NULL,NULL,NULL,NULL,NULL,NULL,NULL,NULL,NULL,NULL,NULL,NULL,NULL,NULL,NULL,NULL,NULL,NULL,NULL,NULL,NULL,NULL,NULL,NULL,NULL,NULL,NULL,NULL,NULL,NULL,NULL,NULL,NULL,NULL,NULL,NULL,NULL,NULL,NULL,NULL,NULL,NULL,NULL,NULL,NULL,NULL,NULL,NULL,NULL,NULL,NULL,NULL,NULL,NULL,NULL,NULL,NULL,NULL,NULL,NULL,NULL,NULL,NULL,NULL,NULL,NULL,NULL,NULL,NULL,NULL,NULL,NULL,NULL,NULL,NULL,NULL,NULL,NULL,NULL,NULL,NULL,NULL,NULL,NULL,NULL,NULL,NULL,NULL,NULL,NULL,NULL,NULL,NULL,NULL,NULL,NULL,NULL,NULL,NULL,NULL,NULL,NULL,NULL,NULL,NULL,NULL,NULL,NULL,NULL,NULL,NULL,NULL,NULL,NULL,NULL,NULL,NULL,NULL,NULL,NULL,NULL,NULL,NULL,NULL,NULL,NULL,NULL,NULL,NULL,NULL,NULL,NULL,NULL,NULL,NULL,NULL,NULL,NULL,NULL,NULL,NULL,NULL,NULL,NULL,NULL,NULL,NULL,NULL,NULL,NULL,NULL,NULL,NULL,NULL,NULL,NULL,NULL,NULL,NULL,NULL,NULL,NULL,NULL,NULL,NULL,NULL,NULL,NULL,NULL,NULL,NULL,NULL,NULL,NULL,NULL,NULL,NULL,NULL,NULL,NULL,NULL,NULL,NULL,NULL,NULL,NULL,NULL,NULL,NULL,NULL,NULL,NULL,NULL,NULL,NULL,NULL,NULL,NULL,NULL,NULL,NULL,NULL,NULL,NULL,NULL,NULL,NULL,NULL,NULL,NULL,NULL,NULL,NULL,NULL,NULL,NULL,NULL,NULL,NULL,NULL,NULL,NULL,NULL,NULL,NULL,NULL,NULL,NULL,NULL,NULL,NULL,NULL,NULL,NULL,NULL,NULL,NULL,NULL,NULL,NULL,NULL,NULL,NULL,NULL,NULL,NULL,NULL,NULL,NULL,NULL,NULL,NULL,NULL,NULL,NULL,NULL,NULL,NULL,NULL,NULL,NULL,NULL,NULL,NULL,NULL,NULL,NULL,NULL,NULL,NULL,NULL,NULL,NULL,NULL,NULL,NULL,NULL,NULL,NULL,NULL,NULL,NULL,NULL,NULL,NULL,NULL,NULL,NULL,NULL),(4,NULL,NULL,NULL,NULL,NULL,NULL,NULL,NULL,NULL,NULL,NULL,NULL,NULL,NULL,NULL,NULL,NULL,NULL,NULL,NULL,NULL,NULL,NULL,NULL,NULL,NULL,NULL,NULL,NULL,NULL,NULL,NULL,NULL,NULL,NULL,NULL,NULL,NULL,NULL,NULL,NULL,NULL,NULL,NULL,NULL,NULL,NULL,NULL,NULL,NULL,NULL,NULL,NULL,NULL,NULL,NULL,NULL,NULL,NULL,NULL,NULL,NULL,NULL,NULL,NULL,NULL,NULL,NULL,NULL,NULL,NULL,NULL,NULL,NULL,NULL,NULL,NULL,NULL,NULL,NULL,NULL,NULL,NULL,NULL,NULL,NULL,NULL,NULL,NULL,NULL,NULL,NULL,NULL,NULL,NULL,NULL,NULL,NULL,NULL,NULL,NULL,NULL,NULL,NULL,NULL,NULL,NULL,NULL,NULL,NULL,NULL,NULL,NULL,NULL,NULL,NULL,NULL,NULL,NULL,NULL,NULL,NULL,NULL,NULL,NULL,NULL,NULL,NULL,NULL,NULL,NULL,NULL,NULL,NULL,NULL,NULL,NULL,NULL,NULL,NULL,NULL,NULL,NULL,NULL,NULL,NULL,NULL,NULL,NULL,NULL,NULL,NULL,NULL,NULL,NULL,NULL,NULL,NULL,NULL,NULL,NULL,NULL,NULL,NULL,NULL,NULL,NULL,NULL,NULL,NULL,NULL,NULL,NULL,NULL,NULL,NULL,NULL,NULL,NULL,NULL,NULL,NULL,NULL,NULL,NULL,NULL,NULL,NULL,NULL,NULL,NULL,NULL,NULL,NULL,NULL,NULL,NULL,NULL,NULL,NULL,NULL,NULL,NULL,NULL,NULL,NULL,NULL,NULL,NULL,NULL,NULL,NULL,NULL,NULL,NULL,NULL,NULL,NULL,NULL,NULL,NULL,NULL,NULL,NULL,NULL,NULL,NULL,NULL,NULL,NULL,NULL,NULL,NULL,NULL,NULL,NULL,NULL,NULL,NULL,NULL,NULL,NULL,NULL,NULL,NULL,NULL,NULL,NULL,NULL,NULL,NULL,NULL,NULL,NULL,NULL,NULL,NULL,NULL,NULL,NULL,NULL,NULL,NULL,NULL,NULL,NULL,NULL,NULL,NULL,NULL,NULL,NULL,NULL,NULL,NULL,NULL,NULL,NULL,NULL,NULL,NULL,NULL,NULL,NULL,NULL,NULL,NULL,NULL,NULL,NULL,NULL,NULL,NULL,NULL,NULL,NULL,NULL,NULL,NULL,NULL,NULL,NULL,NULL,NULL,NULL,NULL,NULL,NULL,NULL,NULL,NULL,NULL,NULL,NULL,NULL,NULL,NULL,NULL,NULL,NULL,NULL,NULL,NULL,NULL),(5,NULL,NULL,NULL,NULL,NULL,NULL,NULL,NULL,NULL,NULL,NULL,NULL,NULL,NULL,NULL,NULL,NULL,NULL,NULL,NULL,NULL,NULL,NULL,NULL,NULL,NULL,NULL,NULL,NULL,NULL,NULL,NULL,NULL,NULL,NULL,NULL,NULL,NULL,NULL,NULL,NULL,NULL,NULL,NULL,NULL,NULL,NULL,NULL,NULL,NULL,NULL,NULL,NULL,NULL,NULL,NULL,NULL,NULL,NULL,NULL,NULL,NULL,NULL,NULL,NULL,NULL,NULL,NULL,NULL,NULL,NULL,NULL,NULL,NULL,NULL,NULL,NULL,NULL,NULL,NULL,NULL,NULL,NULL,NULL,NULL,NULL,NULL,NULL,NULL,NULL,NULL,NULL,NULL,NULL,NULL,NULL,NULL,NULL,NULL,NULL,NULL,NULL,NULL,NULL,NULL,NULL,NULL,NULL,NULL,NULL,NULL,NULL,NULL,NULL,NULL,NULL,NULL,NULL,NULL,NULL,NULL,NULL,NULL,NULL,NULL,NULL,NULL,NULL,NULL,NULL,NULL,NULL,NULL,NULL,NULL,NULL,NULL,NULL,NULL,NULL,NULL,NULL,NULL,NULL,NULL,NULL,NULL,NULL,NULL,NULL,NULL,NULL,NULL,NULL,NULL,NULL,NULL,NULL,NULL,NULL,NULL,NULL,NULL,NULL,NULL,NULL,NULL,NULL,NULL,NULL,NULL,NULL,NULL,NULL,NULL,NULL,NULL,NULL,NULL,NULL,NULL,NULL,NULL,NULL,NULL,NULL,NULL,NULL,NULL,NULL,NULL,NULL,NULL,NULL,NULL,NULL,NULL,NULL,NULL,NULL,NULL,NULL,NULL,NULL,NULL,NULL,NULL,NULL,NULL,NULL,NULL,NULL,NULL,NULL,NULL,NULL,NULL,NULL,NULL,NULL,NULL,NULL,NULL,NULL,NULL,NULL,NULL,NULL,NULL,NULL,NULL,NULL,NULL,NULL,NULL,NULL,NULL,NULL,NULL,NULL,NULL,NULL,NULL,NULL,NULL,NULL,NULL,NULL,NULL,NULL,NULL,NULL,NULL,NULL,NULL,NULL,NULL,NULL,NULL,NULL,NULL,NULL,NULL,NULL,NULL,NULL,NULL,NULL,NULL,NULL,NULL,NULL,NULL,NULL,NULL,NULL,NULL,NULL,NULL,NULL,NULL,NULL,NULL,NULL,NULL,NULL,NULL,NULL,NULL,NULL,NULL,NULL,NULL,NULL,NULL,NULL,NULL,NULL,NULL,NULL,NULL,NULL,NULL,NULL,NULL,NULL,NULL,NULL,NULL,NULL,NULL,NULL,NULL,NULL,NULL,NULL,NULL,NULL,NULL,NULL,NULL,NULL,NULL,NULL),(6,NULL,NULL,NULL,NULL,NULL,NULL,NULL,NULL,NULL,NULL,NULL,NULL,NULL,NULL,NULL,NULL,NULL,NULL,NULL,NULL,NULL,NULL,NULL,NULL,NULL,NULL,NULL,NULL,NULL,NULL,NULL,NULL,NULL,NULL,NULL,NULL,NULL,NULL,NULL,NULL,NULL,NULL,NULL,NULL,NULL,NULL,NULL,NULL,NULL,NULL,NULL,NULL,NULL,NULL,NULL,NULL,NULL,NULL,NULL,NULL,NULL,NULL,NULL,NULL,NULL,NULL,NULL,NULL,NULL,NULL,NULL,NULL,NULL,NULL,NULL,NULL,NULL,NULL,NULL,NULL,NULL,NULL,NULL,NULL,NULL,NULL,NULL,NULL,NULL,NULL,NULL,NULL,NULL,NULL,NULL,NULL,NULL,NULL,NULL,NULL,NULL,NULL,NULL,NULL,NULL,NULL,NULL,NULL,NULL,NULL,NULL,NULL,NULL,NULL,NULL,NULL,NULL,NULL,NULL,NULL,NULL,NULL,NULL,NULL,NULL,NULL,NULL,NULL,NULL,NULL,NULL,NULL,NULL,NULL,NULL,NULL,NULL,NULL,NULL,NULL,NULL,NULL,NULL,NULL,NULL,NULL,NULL,NULL,NULL,NULL,NULL,NULL,NULL,NULL,NULL,NULL,NULL,NULL,NULL,NULL,NULL,NULL,NULL,NULL,NULL,NULL,NULL,NULL,NULL,NULL,NULL,NULL,NULL,NULL,NULL,NULL,NULL,NULL,NULL,NULL,NULL,NULL,NULL,NULL,NULL,NULL,NULL,NULL,NULL,NULL,NULL,NULL,NULL,NULL,NULL,NULL,NULL,NULL,NULL,NULL,NULL,NULL,NULL,NULL,NULL,NULL,NULL,NULL,NULL,NULL,NULL,NULL,NULL,NULL,NULL,NULL,NULL,NULL,NULL,NULL,NULL,NULL,NULL,NULL,NULL,NULL,NULL,NULL,NULL,NULL,NULL,NULL,NULL,NULL,NULL,NULL,NULL,NULL,NULL,NULL,NULL,NULL,NULL,NULL,NULL,NULL,NULL,NULL,NULL,NULL,NULL,NULL,NULL,NULL,NULL,NULL,NULL,NULL,NULL,NULL,NULL,NULL,NULL,NULL,NULL,NULL,NULL,NULL,NULL,NULL,NULL,NULL,NULL,NULL,NULL,NULL,NULL,NULL,NULL,NULL,NULL,NULL,NULL,NULL,NULL,NULL,NULL,NULL,NULL,NULL,NULL,NULL,NULL,NULL,NULL,NULL,NULL,NULL,NULL,NULL,NULL,NULL,NULL,NULL,NULL,NULL,NULL,NULL,NULL,NULL,NULL,NULL,NULL,NULL,NULL,NULL,NULL,NULL,NULL,NULL,NULL,NULL,NULL,NULL),(7,NULL,NULL,NULL,NULL,NULL,NULL,NULL,NULL,NULL,NULL,NULL,NULL,NULL,NULL,NULL,NULL,NULL,NULL,NULL,NULL,NULL,NULL,NULL,NULL,NULL,NULL,NULL,NULL,NULL,NULL,NULL,NULL,NULL,NULL,NULL,NULL,NULL,NULL,NULL,NULL,NULL,NULL,NULL,NULL,NULL,NULL,NULL,NULL,NULL,NULL,NULL,NULL,NULL,NULL,NULL,NULL,NULL,NULL,NULL,NULL,NULL,NULL,NULL,NULL,NULL,NULL,NULL,NULL,NULL,NULL,NULL,NULL,NULL,NULL,NULL,NULL,NULL,NULL,NULL,NULL,NULL,NULL,NULL,NULL,NULL,NULL,NULL,NULL,NULL,NULL,NULL,NULL,NULL,NULL,NULL,NULL,NULL,NULL,NULL,NULL,NULL,NULL,NULL,NULL,NULL,NULL,NULL,NULL,NULL,NULL,NULL,NULL,NULL,NULL,NULL,NULL,NULL,NULL,NULL,NULL,NULL,NULL,NULL,NULL,NULL,NULL,NULL,NULL,NULL,NULL,NULL,NULL,NULL,NULL,NULL,NULL,NULL,NULL,NULL,NULL,NULL,NULL,NULL,NULL,NULL,NULL,NULL,NULL,NULL,NULL,NULL,NULL,NULL,NULL,NULL,NULL,NULL,NULL,NULL,NULL,NULL,NULL,NULL,NULL,NULL,NULL,NULL,NULL,NULL,NULL,NULL,NULL,NULL,NULL,NULL,NULL,NULL,NULL,NULL,NULL,NULL,NULL,NULL,NULL,NULL,NULL,NULL,NULL,NULL,NULL,NULL,NULL,NULL,NULL,NULL,NULL,NULL,NULL,NULL,NULL,NULL,NULL,NULL,NULL,NULL,NULL,NULL,NULL,NULL,NULL,NULL,NULL,NULL,NULL,NULL,NULL,NULL,NULL,NULL,NULL,NULL,NULL,NULL,NULL,NULL,NULL,NULL,NULL,NULL,NULL,NULL,NULL,NULL,NULL,NULL,NULL,NULL,NULL,NULL,NULL,NULL,NULL,NULL,NULL,NULL,NULL,NULL,NULL,NULL,NULL,NULL,NULL,NULL,NULL,NULL,NULL,NULL,NULL,NULL,NULL,NULL,NULL,NULL,NULL,NULL,NULL,NULL,NULL,NULL,NULL,NULL,NULL,NULL,NULL,NULL,NULL,NULL,NULL,NULL,NULL,NULL,NULL,NULL,NULL,NULL,NULL,NULL,NULL,NULL,NULL,NULL,NULL,NULL,NULL,NULL,NULL,NULL,NULL,NULL,NULL,NULL,NULL,NULL,NULL,NULL,NULL,NULL,NULL,NULL,NULL,NULL,NULL,NULL,NULL,NULL,NULL,NULL,NULL,NULL,NULL,NULL,NULL,NULL,NULL),(8,NULL,NULL,NULL,NULL,NULL,NULL,NULL,NULL,NULL,NULL,NULL,NULL,NULL,NULL,NULL,NULL,NULL,NULL,NULL,NULL,NULL,NULL,NULL,NULL,NULL,NULL,NULL,NULL,NULL,NULL,NULL,NULL,NULL,NULL,NULL,NULL,NULL,NULL,NULL,NULL,NULL,NULL,NULL,NULL,NULL,NULL,NULL,NULL,NULL,NULL,NULL,NULL,NULL,NULL,NULL,NULL,NULL,NULL,NULL,NULL,NULL,NULL,NULL,NULL,NULL,NULL,NULL,NULL,NULL,NULL,NULL,NULL,NULL,NULL,NULL,NULL,NULL,NULL,NULL,NULL,NULL,NULL,NULL,NULL,NULL,NULL,NULL,NULL,NULL,NULL,NULL,NULL,NULL,NULL,NULL,NULL,NULL,NULL,NULL,NULL,NULL,NULL,NULL,NULL,NULL,NULL,NULL,NULL,NULL,NULL,NULL,NULL,NULL,NULL,NULL,NULL,NULL,NULL,NULL,NULL,NULL,NULL,NULL,NULL,NULL,NULL,NULL,NULL,NULL,NULL,NULL,NULL,NULL,NULL,NULL,NULL,NULL,NULL,NULL,NULL,NULL,NULL,NULL,NULL,NULL,NULL,NULL,NULL,NULL,NULL,NULL,NULL,NULL,NULL,NULL,NULL,NULL,NULL,NULL,NULL,NULL,NULL,NULL,NULL,NULL,NULL,NULL,NULL,NULL,NULL,NULL,NULL,NULL,NULL,NULL,NULL,NULL,NULL,NULL,NULL,NULL,NULL,NULL,NULL,NULL,NULL,NULL,NULL,NULL,NULL,NULL,NULL,NULL,NULL,NULL,NULL,NULL,NULL,NULL,NULL,NULL,NULL,NULL,NULL,NULL,NULL,NULL,NULL,NULL,NULL,NULL,NULL,NULL,NULL,NULL,NULL,NULL,NULL,NULL,NULL,NULL,NULL,NULL,NULL,NULL,NULL,NULL,NULL,NULL,NULL,NULL,NULL,NULL,NULL,NULL,NULL,NULL,NULL,NULL,NULL,NULL,NULL,NULL,NULL,NULL,NULL,NULL,NULL,NULL,NULL,NULL,NULL,NULL,NULL,NULL,NULL,NULL,NULL,NULL,NULL,NULL,NULL,NULL,NULL,NULL,NULL,NULL,NULL,NULL,NULL,NULL,NULL,NULL,NULL,NULL,NULL,NULL,NULL,NULL,NULL,NULL,NULL,NULL,NULL,NULL,NULL,NULL,NULL,NULL,NULL,NULL,NULL,NULL,NULL,NULL,NULL,NULL,NULL,NULL,NULL,NULL,NULL,NULL,NULL,NULL,NULL,NULL,NULL,NULL,NULL,NULL,NULL,NULL,NULL,NULL,NULL,NULL,NULL,NULL,NULL,NULL,NULL,NULL,NULL),(9,NULL,NULL,NULL,NULL,NULL,NULL,NULL,NULL,NULL,NULL,NULL,NULL,NULL,NULL,NULL,NULL,NULL,NULL,NULL,NULL,NULL,NULL,NULL,NULL,NULL,NULL,NULL,NULL,NULL,NULL,NULL,NULL,NULL,NULL,NULL,NULL,NULL,NULL,NULL,NULL,NULL,NULL,NULL,NULL,NULL,NULL,NULL,NULL,NULL,NULL,NULL,NULL,NULL,NULL,NULL,NULL,NULL,NULL,NULL,NULL,NULL,NULL,NULL,NULL,NULL,NULL,NULL,NULL,NULL,NULL,NULL,NULL,NULL,NULL,NULL,NULL,NULL,NULL,NULL,NULL,NULL,NULL,NULL,NULL,NULL,NULL,NULL,NULL,NULL,NULL,NULL,NULL,NULL,NULL,NULL,NULL,NULL,NULL,NULL,NULL,NULL,NULL,NULL,NULL,NULL,NULL,NULL,NULL,NULL,NULL,NULL,NULL,NULL,NULL,NULL,NULL,NULL,NULL,NULL,NULL,NULL,NULL,NULL,NULL,NULL,NULL,NULL,NULL,NULL,NULL,NULL,NULL,NULL,NULL,NULL,NULL,NULL,NULL,NULL,NULL,NULL,NULL,NULL,NULL,NULL,NULL,NULL,NULL,NULL,NULL,NULL,NULL,NULL,NULL,NULL,NULL,NULL,NULL,NULL,NULL,NULL,NULL,NULL,NULL,NULL,NULL,NULL,NULL,NULL,NULL,NULL,NULL,NULL,NULL,NULL,NULL,NULL,NULL,NULL,NULL,NULL,NULL,NULL,NULL,NULL,NULL,NULL,NULL,NULL,NULL,NULL,NULL,NULL,NULL,NULL,NULL,NULL,NULL,NULL,NULL,NULL,NULL,NULL,NULL,NULL,NULL,NULL,NULL,NULL,NULL,NULL,NULL,NULL,NULL,NULL,NULL,NULL,NULL,NULL,NULL,NULL,NULL,NULL,NULL,NULL,NULL,NULL,NULL,NULL,NULL,NULL,NULL,NULL,NULL,NULL,NULL,NULL,NULL,NULL,NULL,NULL,NULL,NULL,NULL,NULL,NULL,NULL,NULL,NULL,NULL,NULL,NULL,NULL,NULL,NULL,NULL,NULL,NULL,NULL,NULL,NULL,NULL,NULL,NULL,NULL,NULL,NULL,NULL,NULL,NULL,NULL,NULL,NULL,NULL,NULL,NULL,NULL,NULL,NULL,NULL,NULL,NULL,NULL,NULL,NULL,NULL,NULL,NULL,NULL,NULL,NULL,NULL,NULL,NULL,NULL,NULL,NULL,NULL,NULL,NULL,NULL,NULL,NULL,NULL,NULL,NULL,NULL,NULL,NULL,NULL,NULL,NULL,NULL,NULL,NULL,NULL,NULL,NULL,NULL,NULL,NULL,NULL,NULL,NULL),(10,NULL,NULL,NULL,NULL,NULL,NULL,NULL,NULL,NULL,NULL,NULL,NULL,NULL,NULL,NULL,NULL,NULL,NULL,NULL,NULL,NULL,NULL,NULL,NULL,NULL,NULL,NULL,NULL,NULL,NULL,NULL,NULL,NULL,NULL,NULL,NULL,NULL,NULL,NULL,NULL,NULL,NULL,NULL,NULL,NULL,NULL,NULL,NULL,NULL,NULL,NULL,NULL,NULL,NULL,NULL,NULL,NULL,NULL,NULL,NULL,NULL,NULL,NULL,NULL,NULL,NULL,NULL,NULL,NULL,NULL,NULL,NULL,NULL,NULL,NULL,NULL,NULL,NULL,NULL,NULL,NULL,NULL,NULL,NULL,NULL,NULL,NULL,NULL,NULL,NULL,NULL,NULL,NULL,NULL,NULL,NULL,NULL,NULL,NULL,NULL,NULL,NULL,NULL,NULL,NULL,NULL,NULL,NULL,NULL,NULL,NULL,NULL,NULL,NULL,NULL,NULL,NULL,NULL,NULL,NULL,NULL,NULL,NULL,NULL,NULL,NULL,NULL,NULL,NULL,NULL,NULL,NULL,NULL,NULL,NULL,NULL,NULL,NULL,NULL,NULL,NULL,NULL,NULL,NULL,NULL,NULL,NULL,NULL,NULL,NULL,NULL,NULL,NULL,NULL,NULL,NULL,NULL,NULL,NULL,NULL,NULL,NULL,NULL,NULL,NULL,NULL,NULL,NULL,NULL,NULL,NULL,NULL,NULL,NULL,NULL,NULL,NULL,NULL,NULL,NULL,NULL,NULL,NULL,NULL,NULL,NULL,NULL,NULL,NULL,NULL,NULL,NULL,NULL,NULL,NULL,NULL,NULL,NULL,NULL,NULL,NULL,NULL,NULL,NULL,NULL,NULL,NULL,NULL,NULL,NULL,NULL,NULL,NULL,NULL,NULL,NULL,NULL,NULL,NULL,NULL,NULL,NULL,NULL,NULL,NULL,NULL,NULL,NULL,NULL,NULL,NULL,NULL,NULL,NULL,NULL,NULL,NULL,NULL,NULL,NULL,NULL,NULL,NULL,NULL,NULL,NULL,NULL,NULL,NULL,NULL,NULL,NULL,NULL,NULL,NULL,NULL,NULL,NULL,NULL,NULL,NULL,NULL,NULL,NULL,NULL,NULL,NULL,NULL,NULL,NULL,NULL,NULL,NULL,NULL,NULL,NULL,NULL,NULL,NULL,NULL,NULL,NULL,NULL,NULL,NULL,NULL,NULL,NULL,NULL,NULL,NULL,NULL,NULL,NULL,NULL,NULL,NULL,NULL,NULL,NULL,NULL,NULL,NULL,NULL,NULL,NULL,NULL,NULL,NULL,NULL,NULL,NULL,NULL,NULL,NULL,NULL,NULL,NULL,NULL,NULL,NULL,NULL,NULL,NULL),(11,NULL,NULL,NULL,NULL,NULL,NULL,NULL,NULL,NULL,NULL,NULL,NULL,NULL,NULL,NULL,NULL,NULL,NULL,NULL,NULL,NULL,NULL,NULL,NULL,NULL,NULL,NULL,NULL,NULL,NULL,NULL,NULL,NULL,NULL,NULL,NULL,NULL,NULL,NULL,NULL,NULL,NULL,NULL,NULL,NULL,NULL,NULL,NULL,NULL,NULL,NULL,NULL,NULL,NULL,NULL,NULL,NULL,NULL,NULL,NULL,NULL,NULL,NULL,NULL,NULL,NULL,NULL,NULL,NULL,NULL,NULL,NULL,NULL,NULL,NULL,NULL,NULL,NULL,NULL,NULL,NULL,NULL,NULL,NULL,NULL,NULL,NULL,NULL,NULL,NULL,NULL,NULL,NULL,NULL,NULL,NULL,NULL,NULL,NULL,NULL,NULL,NULL,NULL,NULL,NULL,NULL,NULL,NULL,NULL,NULL,NULL,NULL,NULL,NULL,NULL,NULL,NULL,NULL,NULL,NULL,NULL,NULL,NULL,NULL,NULL,NULL,NULL,NULL,NULL,NULL,NULL,NULL,NULL,NULL,NULL,NULL,NULL,NULL,NULL,NULL,NULL,NULL,NULL,NULL,NULL,NULL,NULL,NULL,NULL,NULL,NULL,NULL,NULL,NULL,NULL,NULL,NULL,NULL,NULL,NULL,NULL,NULL,NULL,NULL,NULL,NULL,NULL,NULL,NULL,NULL,NULL,NULL,NULL,NULL,NULL,NULL,NULL,NULL,NULL,NULL,NULL,NULL,NULL,NULL,NULL,NULL,NULL,NULL,NULL,NULL,NULL,NULL,NULL,NULL,NULL,NULL,NULL,NULL,NULL,NULL,NULL,NULL,NULL,NULL,NULL,NULL,NULL,NULL,NULL,NULL,NULL,NULL,NULL,NULL,NULL,NULL,NULL,NULL,NULL,NULL,NULL,NULL,NULL,NULL,NULL,NULL,NULL,NULL,NULL,NULL,NULL,NULL,NULL,NULL,NULL,NULL,NULL,NULL,NULL,NULL,NULL,NULL,NULL,NULL,NULL,NULL,NULL,NULL,NULL,NULL,NULL,NULL,NULL,NULL,NULL,NULL,NULL,NULL,NULL,NULL,NULL,NULL,NULL,NULL,NULL,NULL,NULL,NULL,NULL,NULL,NULL,NULL,NULL,NULL,NULL,NULL,NULL,NULL,NULL,NULL,NULL,NULL,NULL,NULL,NULL,NULL,NULL,NULL,NULL,NULL,NULL,NULL,NULL,NULL,NULL,NULL,NULL,NULL,NULL,NULL,NULL,NULL,NULL,NULL,NULL,NULL,NULL,NULL,NULL,NULL,NULL,NULL,NULL,NULL,NULL,NULL,NULL,NULL,NULL,NULL,NULL,NULL,NULL,NULL),(12,NULL,NULL,NULL,NULL,NULL,NULL,NULL,NULL,NULL,NULL,NULL,NULL,NULL,NULL,NULL,NULL,NULL,NULL,NULL,NULL,NULL,NULL,NULL,NULL,NULL,NULL,NULL,NULL,NULL,NULL,NULL,NULL,NULL,NULL,NULL,NULL,NULL,NULL,NULL,NULL,NULL,NULL,NULL,NULL,NULL,NULL,NULL,NULL,NULL,NULL,NULL,NULL,NULL,NULL,NULL,NULL,NULL,NULL,NULL,NULL,NULL,NULL,NULL,NULL,NULL,NULL,NULL,NULL,NULL,NULL,NULL,NULL,NULL,NULL,NULL,NULL,NULL,NULL,NULL,NULL,NULL,NULL,NULL,NULL,NULL,NULL,NULL,NULL,NULL,NULL,NULL,NULL,NULL,NULL,NULL,NULL,NULL,NULL,NULL,NULL,NULL,NULL,NULL,NULL,NULL,NULL,NULL,NULL,NULL,NULL,NULL,NULL,NULL,NULL,NULL,NULL,NULL,NULL,NULL,NULL,NULL,NULL,NULL,NULL,NULL,NULL,NULL,NULL,NULL,NULL,NULL,NULL,NULL,NULL,NULL,NULL,NULL,NULL,NULL,NULL,NULL,NULL,NULL,NULL,NULL,NULL,NULL,NULL,NULL,NULL,NULL,NULL,NULL,NULL,NULL,NULL,NULL,NULL,NULL,NULL,NULL,NULL,NULL,NULL,NULL,NULL,NULL,NULL,NULL,NULL,NULL,NULL,NULL,NULL,NULL,NULL,NULL,NULL,NULL,NULL,NULL,NULL,NULL,NULL,NULL,NULL,NULL,NULL,NULL,NULL,NULL,NULL,NULL,NULL,NULL,NULL,NULL,NULL,NULL,NULL,NULL,NULL,NULL,NULL,NULL,NULL,NULL,NULL,NULL,NULL,NULL,NULL,NULL,NULL,NULL,NULL,NULL,NULL,NULL,NULL,NULL,NULL,NULL,NULL,NULL,NULL,NULL,NULL,NULL,NULL,NULL,NULL,NULL,NULL,NULL,NULL,NULL,NULL,NULL,NULL,NULL,NULL,NULL,NULL,NULL,NULL,NULL,NULL,NULL,NULL,NULL,NULL,NULL,NULL,NULL,NULL,NULL,NULL,NULL,NULL,NULL,NULL,NULL,NULL,NULL,NULL,NULL,NULL,NULL,NULL,NULL,NULL,NULL,NULL,NULL,NULL,NULL,NULL,NULL,NULL,NULL,NULL,NULL,NULL,NULL,NULL,NULL,NULL,NULL,NULL,NULL,NULL,NULL,NULL,NULL,NULL,NULL,NULL,NULL,NULL,NULL,NULL,NULL,NULL,NULL,NULL,NULL,NULL,NULL,NULL,NULL,NULL,NULL,NULL,NULL,NULL,NULL,NULL,NULL,NULL,NULL,NULL,NULL,NULL),(13,NULL,NULL,NULL,NULL,NULL,NULL,NULL,NULL,NULL,NULL,NULL,NULL,NULL,NULL,NULL,NULL,NULL,NULL,NULL,NULL,NULL,NULL,NULL,NULL,NULL,NULL,NULL,NULL,NULL,NULL,NULL,NULL,NULL,NULL,NULL,NULL,NULL,NULL,NULL,NULL,NULL,NULL,NULL,NULL,NULL,NULL,NULL,NULL,NULL,NULL,NULL,NULL,NULL,NULL,NULL,NULL,NULL,NULL,NULL,NULL,NULL,NULL,NULL,NULL,NULL,NULL,NULL,NULL,NULL,NULL,NULL,NULL,NULL,NULL,NULL,NULL,NULL,NULL,NULL,NULL,NULL,NULL,NULL,NULL,NULL,NULL,NULL,NULL,NULL,NULL,NULL,NULL,NULL,NULL,NULL,NULL,NULL,NULL,NULL,NULL,NULL,NULL,NULL,NULL,NULL,NULL,NULL,NULL,NULL,NULL,NULL,NULL,NULL,NULL,NULL,NULL,NULL,NULL,NULL,NULL,NULL,NULL,NULL,NULL,NULL,NULL,NULL,NULL,NULL,NULL,NULL,NULL,NULL,NULL,NULL,NULL,NULL,NULL,NULL,NULL,NULL,NULL,NULL,NULL,NULL,NULL,NULL,NULL,NULL,NULL,NULL,NULL,NULL,NULL,NULL,NULL,NULL,NULL,NULL,NULL,NULL,NULL,NULL,NULL,NULL,NULL,NULL,NULL,NULL,NULL,NULL,NULL,NULL,NULL,NULL,NULL,NULL,NULL,NULL,NULL,NULL,NULL,NULL,NULL,NULL,NULL,NULL,NULL,NULL,NULL,NULL,NULL,NULL,NULL,NULL,NULL,NULL,NULL,NULL,NULL,NULL,NULL,NULL,NULL,NULL,NULL,NULL,NULL,NULL,NULL,NULL,NULL,NULL,NULL,NULL,NULL,NULL,NULL,NULL,NULL,NULL,NULL,NULL,NULL,NULL,NULL,NULL,NULL,NULL,NULL,NULL,NULL,NULL,NULL,NULL,NULL,NULL,NULL,NULL,NULL,NULL,NULL,NULL,NULL,NULL,NULL,NULL,NULL,NULL,NULL,NULL,NULL,NULL,NULL,NULL,NULL,NULL,NULL,NULL,NULL,NULL,NULL,NULL,NULL,NULL,NULL,NULL,NULL,NULL,NULL,NULL,NULL,NULL,NULL,NULL,NULL,NULL,NULL,NULL,NULL,NULL,NULL,NULL,NULL,NULL,NULL,NULL,NULL,NULL,NULL,NULL,NULL,NULL,NULL,NULL,NULL,NULL,NULL,NULL,NULL,NULL,NULL,NULL,NULL,NULL,NULL,NULL,NULL,NULL,NULL,NULL,NULL,NULL,NULL,NULL,NULL,NULL,NULL,NULL,NULL,NULL,NULL,NULL,NULL),(14,NULL,NULL,NULL,NULL,NULL,NULL,NULL,NULL,NULL,NULL,NULL,NULL,NULL,NULL,NULL,NULL,NULL,NULL,NULL,NULL,NULL,NULL,NULL,NULL,NULL,NULL,NULL,NULL,NULL,NULL,NULL,NULL,NULL,NULL,NULL,NULL,NULL,NULL,NULL,NULL,NULL,NULL,NULL,NULL,NULL,NULL,NULL,NULL,NULL,NULL,NULL,NULL,NULL,NULL,NULL,NULL,NULL,NULL,NULL,NULL,NULL,NULL,NULL,NULL,NULL,NULL,NULL,NULL,NULL,NULL,NULL,NULL,NULL,NULL,NULL,NULL,NULL,NULL,NULL,NULL,NULL,NULL,NULL,NULL,NULL,NULL,NULL,NULL,NULL,NULL,NULL,NULL,NULL,NULL,NULL,NULL,NULL,NULL,NULL,NULL,NULL,NULL,NULL,NULL,NULL,NULL,NULL,NULL,NULL,NULL,NULL,NULL,NULL,NULL,NULL,NULL,NULL,NULL,NULL,NULL,NULL,NULL,NULL,NULL,NULL,NULL,NULL,NULL,NULL,NULL,NULL,NULL,NULL,NULL,NULL,NULL,NULL,NULL,NULL,NULL,NULL,NULL,NULL,NULL,NULL,NULL,NULL,NULL,NULL,NULL,NULL,NULL,NULL,NULL,NULL,NULL,NULL,NULL,NULL,NULL,NULL,NULL,NULL,NULL,NULL,NULL,NULL,NULL,NULL,NULL,NULL,NULL,NULL,NULL,NULL,NULL,NULL,NULL,NULL,NULL,NULL,NULL,NULL,NULL,NULL,NULL,NULL,NULL,NULL,NULL,NULL,NULL,NULL,NULL,NULL,NULL,NULL,NULL,NULL,NULL,NULL,NULL,NULL,NULL,NULL,NULL,NULL,NULL,NULL,NULL,NULL,NULL,NULL,NULL,NULL,NULL,NULL,NULL,NULL,NULL,NULL,NULL,NULL,NULL,NULL,NULL,NULL,NULL,NULL,NULL,NULL,NULL,NULL,NULL,NULL,NULL,NULL,NULL,NULL,NULL,NULL,NULL,NULL,NULL,NULL,NULL,NULL,NULL,NULL,NULL,NULL,NULL,NULL,NULL,NULL,NULL,NULL,NULL,NULL,NULL,NULL,NULL,NULL,NULL,NULL,NULL,NULL,NULL,NULL,NULL,NULL,NULL,NULL,NULL,NULL,NULL,NULL,NULL,NULL,NULL,NULL,NULL,NULL,NULL,NULL,NULL,NULL,NULL,NULL,NULL,NULL,NULL,NULL,NULL,NULL,NULL,NULL,NULL,NULL,NULL,NULL,NULL,NULL,NULL,NULL,NULL,NULL,NULL,NULL,NULL,NULL,NULL,NULL,NULL,NULL,NULL,NULL,NULL,NULL,NULL,NULL,NULL,NULL,NULL),(15,NULL,NULL,NULL,NULL,NULL,NULL,NULL,NULL,NULL,NULL,NULL,NULL,NULL,NULL,NULL,NULL,NULL,NULL,NULL,NULL,NULL,NULL,NULL,NULL,NULL,NULL,NULL,NULL,NULL,NULL,NULL,NULL,NULL,NULL,NULL,NULL,NULL,NULL,NULL,NULL,NULL,NULL,NULL,NULL,NULL,NULL,NULL,NULL,NULL,NULL,NULL,NULL,NULL,NULL,NULL,NULL,NULL,NULL,NULL,NULL,NULL,NULL,NULL,NULL,NULL,NULL,NULL,NULL,NULL,NULL,NULL,NULL,NULL,NULL,NULL,NULL,NULL,NULL,NULL,NULL,NULL,NULL,NULL,NULL,NULL,NULL,NULL,NULL,NULL,NULL,NULL,NULL,NULL,NULL,NULL,NULL,NULL,NULL,NULL,NULL,NULL,NULL,NULL,NULL,NULL,NULL,NULL,NULL,NULL,NULL,NULL,NULL,NULL,NULL,NULL,NULL,NULL,NULL,NULL,NULL,NULL,NULL,NULL,NULL,NULL,NULL,NULL,NULL,NULL,NULL,NULL,NULL,NULL,NULL,NULL,NULL,NULL,NULL,NULL,NULL,NULL,NULL,NULL,NULL,NULL,NULL,NULL,NULL,NULL,NULL,NULL,NULL,NULL,NULL,NULL,NULL,NULL,NULL,NULL,NULL,NULL,NULL,NULL,NULL,NULL,NULL,NULL,NULL,NULL,NULL,NULL,NULL,NULL,NULL,NULL,NULL,NULL,NULL,NULL,NULL,NULL,NULL,NULL,NULL,NULL,NULL,NULL,NULL,NULL,NULL,NULL,NULL,NULL,NULL,NULL,NULL,NULL,NULL,NULL,NULL,NULL,NULL,NULL,NULL,NULL,NULL,NULL,NULL,NULL,NULL,NULL,NULL,NULL,NULL,NULL,NULL,NULL,NULL,NULL,NULL,NULL,NULL,NULL,NULL,NULL,NULL,NULL,NULL,NULL,NULL,NULL,NULL,NULL,NULL,NULL,NULL,NULL,NULL,NULL,NULL,NULL,NULL,NULL,NULL,NULL,NULL,NULL,NULL,NULL,NULL,NULL,NULL,NULL,NULL,NULL,NULL,NULL,NULL,NULL,NULL,NULL,NULL,NULL,NULL,NULL,NULL,NULL,NULL,NULL,NULL,NULL,NULL,NULL,NULL,NULL,NULL,NULL,NULL,NULL,NULL,NULL,NULL,NULL,NULL,NULL,NULL,NULL,NULL,NULL,NULL,NULL,NULL,NULL,NULL,NULL,NULL,NULL,NULL,NULL,NULL,NULL,NULL,NULL,NULL,NULL,NULL,NULL,NULL,NULL,NULL,NULL,NULL,NULL,NULL,NULL,NULL,NULL,NULL,NULL,NULL,NULL,NULL,NULL,NULL),(16,NULL,NULL,NULL,NULL,NULL,NULL,NULL,NULL,NULL,NULL,NULL,NULL,NULL,NULL,NULL,NULL,NULL,NULL,NULL,NULL,NULL,NULL,NULL,NULL,NULL,NULL,NULL,NULL,NULL,NULL,NULL,NULL,NULL,NULL,NULL,NULL,NULL,NULL,NULL,NULL,NULL,NULL,NULL,NULL,NULL,NULL,NULL,NULL,NULL,NULL,NULL,NULL,NULL,NULL,NULL,NULL,NULL,NULL,NULL,NULL,NULL,NULL,NULL,NULL,NULL,NULL,NULL,NULL,NULL,NULL,NULL,NULL,NULL,NULL,NULL,NULL,NULL,NULL,NULL,NULL,NULL,NULL,NULL,NULL,NULL,NULL,NULL,NULL,NULL,NULL,NULL,NULL,NULL,NULL,NULL,NULL,NULL,NULL,NULL,NULL,NULL,NULL,NULL,NULL,NULL,NULL,NULL,NULL,NULL,NULL,NULL,NULL,NULL,NULL,NULL,NULL,NULL,NULL,NULL,NULL,NULL,NULL,NULL,NULL,NULL,NULL,NULL,NULL,NULL,NULL,NULL,NULL,NULL,NULL,NULL,NULL,NULL,NULL,NULL,NULL,NULL,NULL,NULL,NULL,NULL,NULL,NULL,NULL,NULL,NULL,NULL,NULL,NULL,NULL,NULL,NULL,NULL,NULL,NULL,NULL,NULL,NULL,NULL,NULL,NULL,NULL,NULL,NULL,NULL,NULL,NULL,NULL,NULL,NULL,NULL,NULL,NULL,NULL,NULL,NULL,NULL,NULL,NULL,NULL,NULL,NULL,NULL,NULL,NULL,NULL,NULL,NULL,NULL,NULL,NULL,NULL,NULL,NULL,NULL,NULL,NULL,NULL,NULL,NULL,NULL,NULL,NULL,NULL,NULL,NULL,NULL,NULL,NULL,NULL,NULL,NULL,NULL,NULL,NULL,NULL,NULL,NULL,NULL,NULL,NULL,NULL,NULL,NULL,NULL,NULL,NULL,NULL,NULL,NULL,NULL,NULL,NULL,NULL,NULL,NULL,NULL,NULL,NULL,NULL,NULL,NULL,NULL,NULL,NULL,NULL,NULL,NULL,NULL,NULL,NULL,NULL,NULL,NULL,NULL,NULL,NULL,NULL,NULL,NULL,NULL,NULL,NULL,NULL,NULL,NULL,NULL,NULL,NULL,NULL,NULL,NULL,NULL,NULL,NULL,NULL,NULL,NULL,NULL,NULL,NULL,NULL,NULL,NULL,NULL,NULL,NULL,NULL,NULL,NULL,NULL,NULL,NULL,NULL,NULL,NULL,NULL,NULL,NULL,NULL,NULL,NULL,NULL,NULL,NULL,NULL,NULL,NULL,NULL,NULL,NULL,NULL,NULL,NULL,NULL,NULL,NULL,NULL,NULL,NULL),(17,NULL,NULL,NULL,NULL,NULL,NULL,NULL,NULL,NULL,NULL,NULL,NULL,NULL,NULL,NULL,NULL,NULL,NULL,NULL,NULL,NULL,NULL,NULL,NULL,NULL,NULL,NULL,NULL,NULL,NULL,NULL,NULL,NULL,NULL,NULL,NULL,NULL,NULL,NULL,NULL,NULL,NULL,NULL,NULL,NULL,NULL,NULL,NULL,NULL,NULL,NULL,NULL,NULL,NULL,NULL,NULL,NULL,NULL,NULL,NULL,NULL,NULL,NULL,NULL,NULL,NULL,NULL,NULL,NULL,NULL,NULL,NULL,NULL,NULL,NULL,NULL,NULL,NULL,NULL,NULL,NULL,NULL,NULL,NULL,NULL,NULL,NULL,NULL,NULL,NULL,NULL,NULL,NULL,NULL,NULL,NULL,NULL,NULL,NULL,NULL,NULL,NULL,NULL,NULL,NULL,NULL,NULL,NULL,NULL,NULL,NULL,NULL,NULL,NULL,NULL,NULL,NULL,NULL,NULL,NULL,NULL,NULL,NULL,NULL,NULL,NULL,NULL,NULL,NULL,NULL,NULL,NULL,NULL,NULL,NULL,NULL,NULL,NULL,NULL,NULL,NULL,NULL,NULL,NULL,NULL,NULL,NULL,NULL,NULL,NULL,NULL,NULL,NULL,NULL,NULL,NULL,NULL,NULL,NULL,NULL,NULL,NULL,NULL,NULL,NULL,NULL,NULL,NULL,NULL,NULL,NULL,NULL,NULL,NULL,NULL,NULL,NULL,NULL,NULL,NULL,NULL,NULL,NULL,NULL,NULL,NULL,NULL,NULL,NULL,NULL,NULL,NULL,NULL,NULL,NULL,NULL,NULL,NULL,NULL,NULL,NULL,NULL,NULL,NULL,NULL,NULL,NULL,NULL,NULL,NULL,NULL,NULL,NULL,NULL,NULL,NULL,NULL,NULL,NULL,NULL,NULL,NULL,NULL,NULL,NULL,NULL,NULL,NULL,NULL,NULL,NULL,NULL,NULL,NULL,NULL,NULL,NULL,NULL,NULL,NULL,NULL,NULL,NULL,NULL,NULL,NULL,NULL,NULL,NULL,NULL,NULL,NULL,NULL,NULL,NULL,NULL,NULL,NULL,NULL,NULL,NULL,NULL,NULL,NULL,NULL,NULL,NULL,NULL,NULL,NULL,NULL,NULL,NULL,NULL,NULL,NULL,NULL,NULL,NULL,NULL,NULL,NULL,NULL,NULL,NULL,NULL,NULL,NULL,NULL,NULL,NULL,NULL,NULL,NULL,NULL,NULL,NULL,NULL,NULL,NULL,NULL,NULL,NULL,NULL,NULL,NULL,NULL,NULL,NULL,NULL,NULL,NULL,NULL,NULL,NULL,NULL,NULL,NULL,NULL,NULL,NULL,NULL,NULL,NULL),(18,NULL,NULL,NULL,NULL,NULL,NULL,NULL,NULL,NULL,NULL,NULL,NULL,NULL,NULL,NULL,NULL,NULL,NULL,NULL,NULL,NULL,NULL,NULL,NULL,NULL,NULL,NULL,NULL,NULL,NULL,NULL,NULL,NULL,NULL,NULL,NULL,NULL,NULL,NULL,NULL,NULL,NULL,NULL,NULL,NULL,NULL,NULL,NULL,NULL,NULL,NULL,NULL,NULL,NULL,NULL,NULL,NULL,NULL,NULL,NULL,NULL,NULL,NULL,NULL,NULL,NULL,NULL,NULL,NULL,NULL,NULL,NULL,NULL,NULL,NULL,NULL,NULL,NULL,NULL,NULL,NULL,NULL,NULL,NULL,NULL,NULL,NULL,NULL,NULL,NULL,NULL,NULL,NULL,NULL,NULL,NULL,NULL,NULL,NULL,NULL,NULL,NULL,NULL,NULL,NULL,NULL,NULL,NULL,NULL,NULL,NULL,NULL,NULL,NULL,NULL,NULL,NULL,NULL,NULL,NULL,NULL,NULL,NULL,NULL,NULL,NULL,NULL,NULL,NULL,NULL,NULL,NULL,NULL,NULL,NULL,NULL,NULL,NULL,NULL,NULL,NULL,NULL,NULL,NULL,NULL,NULL,NULL,NULL,NULL,NULL,NULL,NULL,NULL,NULL,NULL,NULL,NULL,NULL,NULL,NULL,NULL,NULL,NULL,NULL,NULL,NULL,NULL,NULL,NULL,NULL,NULL,NULL,NULL,NULL,NULL,NULL,NULL,NULL,NULL,NULL,NULL,NULL,NULL,NULL,NULL,NULL,NULL,NULL,NULL,NULL,NULL,NULL,NULL,NULL,NULL,NULL,NULL,NULL,NULL,NULL,NULL,NULL,NULL,NULL,NULL,NULL,NULL,NULL,NULL,NULL,NULL,NULL,NULL,NULL,NULL,NULL,NULL,NULL,NULL,NULL,NULL,NULL,NULL,NULL,NULL,NULL,NULL,NULL,NULL,NULL,NULL,NULL,NULL,NULL,NULL,NULL,NULL,NULL,NULL,NULL,NULL,NULL,NULL,NULL,NULL,NULL,NULL,NULL,NULL,NULL,NULL,NULL,NULL,NULL,NULL,NULL,NULL,NULL,NULL,NULL,NULL,NULL,NULL,NULL,NULL,NULL,NULL,NULL,NULL,NULL,NULL,NULL,NULL,NULL,NULL,NULL,NULL,NULL,NULL,NULL,NULL,NULL,NULL,NULL,NULL,NULL,NULL,NULL,NULL,NULL,NULL,NULL,NULL,NULL,NULL,NULL,NULL,NULL,NULL,NULL,NULL,NULL,NULL,NULL,NULL,NULL,NULL,NULL,NULL,NULL,NULL,NULL,NULL,NULL,NULL,NULL,NULL,NULL,NULL,NULL,NULL,NULL,NULL,NULL),(19,NULL,NULL,NULL,NULL,NULL,NULL,NULL,NULL,NULL,NULL,NULL,NULL,NULL,NULL,NULL,NULL,NULL,NULL,NULL,NULL,NULL,NULL,NULL,NULL,NULL,NULL,NULL,NULL,NULL,NULL,NULL,NULL,NULL,NULL,NULL,NULL,NULL,NULL,NULL,NULL,NULL,NULL,NULL,NULL,NULL,NULL,NULL,NULL,NULL,NULL,NULL,NULL,NULL,NULL,NULL,NULL,NULL,NULL,NULL,NULL,NULL,NULL,NULL,NULL,NULL,NULL,NULL,NULL,NULL,NULL,NULL,NULL,NULL,NULL,NULL,NULL,NULL,NULL,NULL,NULL,NULL,NULL,NULL,NULL,NULL,NULL,NULL,NULL,NULL,NULL,NULL,NULL,NULL,NULL,NULL,NULL,NULL,NULL,NULL,NULL,NULL,NULL,NULL,NULL,NULL,NULL,NULL,NULL,NULL,NULL,NULL,NULL,NULL,NULL,NULL,NULL,NULL,NULL,NULL,NULL,NULL,NULL,NULL,NULL,NULL,NULL,NULL,NULL,NULL,NULL,NULL,NULL,NULL,NULL,NULL,NULL,NULL,NULL,NULL,NULL,NULL,NULL,NULL,NULL,NULL,NULL,NULL,NULL,NULL,NULL,NULL,NULL,NULL,NULL,NULL,NULL,NULL,NULL,NULL,NULL,NULL,NULL,NULL,NULL,NULL,NULL,NULL,NULL,NULL,NULL,NULL,NULL,NULL,NULL,NULL,NULL,NULL,NULL,NULL,NULL,NULL,NULL,NULL,NULL,NULL,NULL,NULL,NULL,NULL,NULL,NULL,NULL,NULL,NULL,NULL,NULL,NULL,NULL,NULL,NULL,NULL,NULL,NULL,NULL,NULL,NULL,NULL,NULL,NULL,NULL,NULL,NULL,NULL,NULL,NULL,NULL,NULL,NULL,NULL,NULL,NULL,NULL,NULL,NULL,NULL,NULL,NULL,NULL,NULL,NULL,NULL,NULL,NULL,NULL,NULL,NULL,NULL,NULL,NULL,NULL,NULL,NULL,NULL,NULL,NULL,NULL,NULL,NULL,NULL,NULL,NULL,NULL,NULL,NULL,NULL,NULL,NULL,NULL,NULL,NULL,NULL,NULL,NULL,NULL,NULL,NULL,NULL,NULL,NULL,NULL,NULL,NULL,NULL,NULL,NULL,NULL,NULL,NULL,NULL,NULL,NULL,NULL,NULL,NULL,NULL,NULL,NULL,NULL,NULL,NULL,NULL,NULL,NULL,NULL,NULL,NULL,NULL,NULL,NULL,NULL,NULL,NULL,NULL,NULL,NULL,NULL,NULL,NULL,NULL,NULL,NULL,NULL,NULL,NULL,NULL,NULL,NULL,NULL,NULL,NULL,NULL,NULL,NULL,NULL),(20,NULL,NULL,NULL,NULL,NULL,NULL,NULL,NULL,NULL,NULL,NULL,NULL,NULL,NULL,NULL,NULL,NULL,NULL,NULL,NULL,NULL,NULL,NULL,NULL,NULL,NULL,NULL,NULL,NULL,NULL,NULL,NULL,NULL,NULL,NULL,NULL,NULL,NULL,NULL,NULL,NULL,NULL,NULL,NULL,NULL,NULL,NULL,NULL,NULL,NULL,NULL,NULL,NULL,NULL,NULL,NULL,NULL,NULL,NULL,NULL,NULL,NULL,NULL,NULL,NULL,NULL,NULL,NULL,NULL,NULL,NULL,NULL,NULL,NULL,NULL,NULL,NULL,NULL,NULL,NULL,NULL,NULL,NULL,NULL,NULL,NULL,NULL,NULL,NULL,NULL,NULL,NULL,NULL,NULL,NULL,NULL,NULL,NULL,NULL,NULL,NULL,NULL,NULL,NULL,NULL,NULL,NULL,NULL,NULL,NULL,NULL,NULL,NULL,NULL,NULL,NULL,NULL,NULL,NULL,NULL,NULL,NULL,NULL,NULL,NULL,NULL,NULL,NULL,NULL,NULL,NULL,NULL,NULL,NULL,NULL,NULL,NULL,NULL,NULL,NULL,NULL,NULL,NULL,NULL,NULL,NULL,NULL,NULL,NULL,NULL,NULL,NULL,NULL,NULL,NULL,NULL,NULL,NULL,NULL,NULL,NULL,NULL,NULL,NULL,NULL,NULL,NULL,NULL,NULL,NULL,NULL,NULL,NULL,NULL,NULL,NULL,NULL,NULL,NULL,NULL,NULL,NULL,NULL,NULL,NULL,NULL,NULL,NULL,NULL,NULL,NULL,NULL,NULL,NULL,NULL,NULL,NULL,NULL,NULL,NULL,NULL,NULL,NULL,NULL,NULL,NULL,NULL,NULL,NULL,NULL,NULL,NULL,NULL,NULL,NULL,NULL,NULL,NULL,NULL,NULL,NULL,NULL,NULL,NULL,NULL,NULL,NULL,NULL,NULL,NULL,NULL,NULL,NULL,NULL,NULL,NULL,NULL,NULL,NULL,NULL,NULL,NULL,NULL,NULL,NULL,NULL,NULL,NULL,NULL,NULL,NULL,NULL,NULL,NULL,NULL,NULL,NULL,NULL,NULL,NULL,NULL,NULL,NULL,NULL,NULL,NULL,NULL,NULL,NULL,NULL,NULL,NULL,NULL,NULL,NULL,NULL,NULL,NULL,NULL,NULL,NULL,NULL,NULL,NULL,NULL,NULL,NULL,NULL,NULL,NULL,NULL,NULL,NULL,NULL,NULL,NULL,NULL,NULL,NULL,NULL,NULL,NULL,NULL,NULL,NULL,NULL,NULL,NULL,NULL,NULL,NULL,NULL,NULL,NULL,NULL,NULL,NULL,NULL,NULL,NULL,NULL,NULL,NULL,NULL),(21,NULL,NULL,NULL,NULL,NULL,NULL,NULL,NULL,NULL,NULL,NULL,NULL,NULL,NULL,NULL,NULL,NULL,NULL,NULL,NULL,NULL,NULL,NULL,NULL,NULL,NULL,NULL,NULL,NULL,NULL,NULL,NULL,NULL,NULL,NULL,NULL,NULL,NULL,NULL,NULL,NULL,NULL,NULL,NULL,NULL,NULL,NULL,NULL,NULL,NULL,NULL,NULL,NULL,NULL,NULL,NULL,NULL,NULL,NULL,NULL,NULL,NULL,NULL,NULL,NULL,NULL,NULL,NULL,NULL,NULL,NULL,NULL,NULL,NULL,NULL,NULL,NULL,NULL,NULL,NULL,NULL,NULL,NULL,NULL,NULL,NULL,NULL,NULL,NULL,NULL,NULL,NULL,NULL,NULL,NULL,NULL,NULL,NULL,NULL,NULL,NULL,NULL,NULL,NULL,NULL,NULL,NULL,NULL,NULL,NULL,NULL,NULL,NULL,NULL,NULL,NULL,NULL,NULL,NULL,NULL,NULL,NULL,NULL,NULL,NULL,NULL,NULL,NULL,NULL,NULL,NULL,NULL,NULL,NULL,NULL,NULL,NULL,NULL,NULL,NULL,NULL,NULL,NULL,NULL,NULL,NULL,NULL,NULL,NULL,NULL,NULL,NULL,NULL,NULL,NULL,NULL,NULL,NULL,NULL,NULL,NULL,NULL,NULL,NULL,NULL,NULL,NULL,NULL,NULL,NULL,NULL,NULL,NULL,NULL,NULL,NULL,NULL,NULL,NULL,NULL,NULL,NULL,NULL,NULL,NULL,NULL,NULL,NULL,NULL,NULL,NULL,NULL,NULL,NULL,NULL,NULL,NULL,NULL,NULL,NULL,NULL,NULL,NULL,NULL,NULL,NULL,NULL,NULL,NULL,NULL,NULL,NULL,NULL,NULL,NULL,NULL,NULL,NULL,NULL,NULL,NULL,NULL,NULL,NULL,NULL,NULL,NULL,NULL,NULL,NULL,NULL,NULL,NULL,NULL,NULL,NULL,NULL,NULL,NULL,NULL,NULL,NULL,NULL,NULL,NULL,NULL,NULL,NULL,NULL,NULL,NULL,NULL,NULL,NULL,NULL,NULL,NULL,NULL,NULL,NULL,NULL,NULL,NULL,NULL,NULL,NULL,NULL,NULL,NULL,NULL,NULL,NULL,NULL,NULL,NULL,NULL,NULL,NULL,NULL,NULL,NULL,NULL,NULL,NULL,NULL,NULL,NULL,NULL,NULL,NULL,NULL,NULL,NULL,NULL,NULL,NULL,NULL,NULL,NULL,NULL,NULL,NULL,NULL,NULL,NULL,NULL,NULL,NULL,NULL,NULL,NULL,NULL,NULL,NULL,NULL,NULL,NULL,NULL,NULL,NULL,NULL,NULL,NULL,NULL),(22,NULL,NULL,NULL,NULL,NULL,NULL,NULL,NULL,NULL,NULL,NULL,NULL,NULL,NULL,NULL,NULL,NULL,NULL,NULL,NULL,NULL,NULL,NULL,NULL,NULL,NULL,NULL,NULL,NULL,NULL,NULL,NULL,NULL,NULL,NULL,NULL,NULL,NULL,NULL,NULL,NULL,NULL,NULL,NULL,NULL,NULL,NULL,NULL,NULL,NULL,NULL,NULL,NULL,NULL,NULL,NULL,NULL,NULL,NULL,NULL,NULL,NULL,NULL,NULL,NULL,NULL,NULL,NULL,NULL,NULL,NULL,NULL,NULL,NULL,NULL,NULL,NULL,NULL,NULL,NULL,NULL,NULL,NULL,NULL,NULL,NULL,NULL,NULL,NULL,NULL,NULL,NULL,NULL,NULL,NULL,NULL,NULL,NULL,NULL,NULL,NULL,NULL,NULL,NULL,NULL,NULL,NULL,NULL,NULL,NULL,NULL,NULL,NULL,NULL,NULL,NULL,NULL,NULL,NULL,NULL,NULL,NULL,NULL,NULL,NULL,NULL,NULL,NULL,NULL,NULL,NULL,NULL,NULL,NULL,NULL,NULL,NULL,NULL,NULL,NULL,NULL,NULL,NULL,NULL,NULL,NULL,NULL,NULL,NULL,NULL,NULL,NULL,NULL,NULL,NULL,NULL,NULL,NULL,NULL,NULL,NULL,NULL,NULL,NULL,NULL,NULL,NULL,NULL,NULL,NULL,NULL,NULL,NULL,NULL,NULL,NULL,NULL,NULL,NULL,NULL,NULL,NULL,NULL,NULL,NULL,NULL,NULL,NULL,NULL,NULL,NULL,NULL,NULL,NULL,NULL,NULL,NULL,NULL,NULL,NULL,NULL,NULL,NULL,NULL,NULL,NULL,NULL,NULL,NULL,NULL,NULL,NULL,NULL,NULL,NULL,NULL,NULL,NULL,NULL,NULL,NULL,NULL,NULL,NULL,NULL,NULL,NULL,NULL,NULL,NULL,NULL,NULL,NULL,NULL,NULL,NULL,NULL,NULL,NULL,NULL,NULL,NULL,NULL,NULL,NULL,NULL,NULL,NULL,NULL,NULL,NULL,NULL,NULL,NULL,NULL,NULL,NULL,NULL,NULL,NULL,NULL,NULL,NULL,NULL,NULL,NULL,NULL,NULL,NULL,NULL,NULL,NULL,NULL,NULL,NULL,NULL,NULL,NULL,NULL,NULL,NULL,NULL,NULL,NULL,NULL,NULL,NULL,NULL,NULL,NULL,NULL,NULL,NULL,NULL,NULL,NULL,NULL,NULL,NULL,NULL,NULL,NULL,NULL,NULL,NULL,NULL,NULL,NULL,NULL,NULL,NULL,NULL,NULL,NULL,NULL,NULL,NULL,NULL,NULL,NULL,NULL,NULL,NULL,NULL),(23,NULL,NULL,NULL,NULL,NULL,NULL,NULL,NULL,NULL,NULL,NULL,NULL,NULL,NULL,NULL,NULL,NULL,NULL,NULL,NULL,NULL,NULL,NULL,NULL,NULL,NULL,NULL,NULL,NULL,NULL,NULL,NULL,NULL,NULL,NULL,NULL,NULL,NULL,NULL,NULL,NULL,NULL,NULL,NULL,NULL,NULL,NULL,NULL,NULL,NULL,NULL,NULL,NULL,NULL,NULL,NULL,NULL,NULL,NULL,NULL,NULL,NULL,NULL,NULL,NULL,NULL,NULL,NULL,NULL,NULL,NULL,NULL,NULL,NULL,NULL,NULL,NULL,NULL,NULL,NULL,NULL,NULL,NULL,NULL,NULL,NULL,NULL,NULL,NULL,NULL,NULL,NULL,NULL,NULL,NULL,NULL,NULL,NULL,NULL,NULL,NULL,NULL,NULL,NULL,NULL,NULL,NULL,NULL,NULL,NULL,NULL,NULL,NULL,NULL,NULL,NULL,NULL,NULL,NULL,NULL,NULL,NULL,NULL,NULL,NULL,NULL,NULL,NULL,NULL,NULL,NULL,NULL,NULL,NULL,NULL,NULL,NULL,NULL,NULL,NULL,NULL,NULL,NULL,NULL,NULL,NULL,NULL,NULL,NULL,NULL,NULL,NULL,NULL,NULL,NULL,NULL,NULL,NULL,NULL,NULL,NULL,NULL,NULL,NULL,NULL,NULL,NULL,NULL,NULL,NULL,NULL,NULL,NULL,NULL,NULL,NULL,NULL,NULL,NULL,NULL,NULL,NULL,NULL,NULL,NULL,NULL,NULL,NULL,NULL,NULL,NULL,NULL,NULL,NULL,NULL,NULL,NULL,NULL,NULL,NULL,NULL,NULL,NULL,NULL,NULL,NULL,NULL,NULL,NULL,NULL,NULL,NULL,NULL,NULL,NULL,NULL,NULL,NULL,NULL,NULL,NULL,NULL,NULL,NULL,NULL,NULL,NULL,NULL,NULL,NULL,NULL,NULL,NULL,NULL,NULL,NULL,NULL,NULL,NULL,NULL,NULL,NULL,NULL,NULL,NULL,NULL,NULL,NULL,NULL,NULL,NULL,NULL,NULL,NULL,NULL,NULL,NULL,NULL,NULL,NULL,NULL,NULL,NULL,NULL,NULL,NULL,NULL,NULL,NULL,NULL,NULL,NULL,NULL,NULL,NULL,NULL,NULL,NULL,NULL,NULL,NULL,NULL,NULL,NULL,NULL,NULL,NULL,NULL,NULL,NULL,NULL,NULL,NULL,NULL,NULL,NULL,NULL,NULL,NULL,NULL,NULL,NULL,NULL,NULL,NULL,NULL,NULL,NULL,NULL,NULL,NULL,NULL,NULL,NULL,NULL,NULL,NULL,NULL,NULL,NULL,NULL,NULL,NULL,NULL),(24,NULL,NULL,NULL,NULL,NULL,NULL,NULL,NULL,NULL,NULL,NULL,NULL,NULL,NULL,NULL,NULL,NULL,NULL,NULL,NULL,NULL,NULL,NULL,NULL,NULL,NULL,NULL,NULL,NULL,NULL,NULL,NULL,NULL,NULL,NULL,NULL,NULL,NULL,NULL,NULL,NULL,NULL,NULL,NULL,NULL,NULL,NULL,NULL,NULL,NULL,NULL,NULL,NULL,NULL,NULL,NULL,NULL,NULL,NULL,NULL,NULL,NULL,NULL,NULL,NULL,NULL,NULL,NULL,NULL,NULL,NULL,NULL,NULL,NULL,NULL,NULL,NULL,NULL,NULL,NULL,NULL,NULL,NULL,NULL,NULL,NULL,NULL,NULL,NULL,NULL,NULL,NULL,NULL,NULL,NULL,NULL,NULL,NULL,NULL,NULL,NULL,NULL,NULL,NULL,NULL,NULL,NULL,NULL,NULL,NULL,NULL,NULL,NULL,NULL,NULL,NULL,NULL,NULL,NULL,NULL,NULL,NULL,NULL,NULL,NULL,NULL,NULL,NULL,NULL,NULL,NULL,NULL,NULL,NULL,NULL,NULL,NULL,NULL,NULL,NULL,NULL,NULL,NULL,NULL,NULL,NULL,NULL,NULL,NULL,NULL,NULL,NULL,NULL,NULL,NULL,NULL,NULL,NULL,NULL,NULL,NULL,NULL,NULL,NULL,NULL,NULL,NULL,NULL,NULL,NULL,NULL,NULL,NULL,NULL,NULL,NULL,NULL,NULL,NULL,NULL,NULL,NULL,NULL,NULL,NULL,NULL,NULL,NULL,NULL,NULL,NULL,NULL,NULL,NULL,NULL,NULL,NULL,NULL,NULL,NULL,NULL,NULL,NULL,NULL,NULL,NULL,NULL,NULL,NULL,NULL,NULL,NULL,NULL,NULL,NULL,NULL,NULL,NULL,NULL,NULL,NULL,NULL,NULL,NULL,NULL,NULL,NULL,NULL,NULL,NULL,NULL,NULL,NULL,NULL,NULL,NULL,NULL,NULL,NULL,NULL,NULL,NULL,NULL,NULL,NULL,NULL,NULL,NULL,NULL,NULL,NULL,NULL,NULL,NULL,NULL,NULL,NULL,NULL,NULL,NULL,NULL,NULL,NULL,NULL,NULL,NULL,NULL,NULL,NULL,NULL,NULL,NULL,NULL,NULL,NULL,NULL,NULL,NULL,NULL,NULL,NULL,NULL,NULL,NULL,NULL,NULL,NULL,NULL,NULL,NULL,NULL,NULL,NULL,NULL,NULL,NULL,NULL,NULL,NULL,NULL,NULL,NULL,NULL,NULL,NULL,NULL,NULL,NULL,NULL,NULL,NULL,NULL,NULL,NULL,NULL,NULL,NULL,NULL,NULL,NULL,NULL,NULL,NULL,NULL),(25,NULL,NULL,NULL,NULL,NULL,NULL,NULL,NULL,NULL,NULL,NULL,NULL,NULL,NULL,NULL,NULL,NULL,NULL,NULL,NULL,NULL,NULL,NULL,NULL,NULL,NULL,NULL,NULL,NULL,NULL,NULL,NULL,NULL,NULL,NULL,NULL,NULL,NULL,NULL,NULL,NULL,NULL,NULL,NULL,NULL,NULL,NULL,NULL,NULL,NULL,NULL,NULL,NULL,NULL,NULL,NULL,NULL,NULL,NULL,NULL,NULL,NULL,NULL,NULL,NULL,NULL,NULL,NULL,NULL,NULL,NULL,NULL,NULL,NULL,NULL,NULL,NULL,NULL,NULL,NULL,NULL,NULL,NULL,NULL,NULL,NULL,NULL,NULL,NULL,NULL,NULL,NULL,NULL,NULL,NULL,NULL,NULL,NULL,NULL,NULL,NULL,NULL,NULL,NULL,NULL,NULL,NULL,NULL,NULL,NULL,NULL,NULL,NULL,NULL,NULL,NULL,NULL,NULL,NULL,NULL,NULL,NULL,NULL,NULL,NULL,NULL,NULL,NULL,NULL,NULL,NULL,NULL,NULL,NULL,NULL,NULL,NULL,NULL,NULL,NULL,NULL,NULL,NULL,NULL,NULL,NULL,NULL,NULL,NULL,NULL,NULL,NULL,NULL,NULL,NULL,NULL,NULL,NULL,NULL,NULL,NULL,NULL,NULL,NULL,NULL,NULL,NULL,NULL,NULL,NULL,NULL,NULL,NULL,NULL,NULL,NULL,NULL,NULL,NULL,NULL,NULL,NULL,NULL,NULL,NULL,NULL,NULL,NULL,NULL,NULL,NULL,NULL,NULL,NULL,NULL,NULL,NULL,NULL,NULL,NULL,NULL,NULL,NULL,NULL,NULL,NULL,NULL,NULL,NULL,NULL,NULL,NULL,NULL,NULL,NULL,NULL,NULL,NULL,NULL,NULL,NULL,NULL,NULL,NULL,NULL,NULL,NULL,NULL,NULL,NULL,NULL,NULL,NULL,NULL,NULL,NULL,NULL,NULL,NULL,NULL,NULL,NULL,NULL,NULL,NULL,NULL,NULL,NULL,NULL,NULL,NULL,NULL,NULL,NULL,NULL,NULL,NULL,NULL,NULL,NULL,NULL,NULL,NULL,NULL,NULL,NULL,NULL,NULL,NULL,NULL,NULL,NULL,NULL,NULL,NULL,NULL,NULL,NULL,NULL,NULL,NULL,NULL,NULL,NULL,NULL,NULL,NULL,NULL,NULL,NULL,NULL,NULL,NULL,NULL,NULL,NULL,NULL,NULL,NULL,NULL,NULL,NULL,NULL,NULL,NULL,NULL,NULL,NULL,NULL,NULL,NULL,NULL,NULL,NULL,NULL,NULL,NULL,NULL,NULL,NULL,NULL,NULL,NULL,NULL),(26,NULL,NULL,NULL,NULL,NULL,NULL,NULL,NULL,NULL,NULL,NULL,NULL,NULL,NULL,NULL,NULL,NULL,NULL,NULL,NULL,NULL,NULL,NULL,NULL,NULL,NULL,NULL,NULL,NULL,NULL,NULL,NULL,NULL,NULL,NULL,NULL,NULL,NULL,NULL,NULL,NULL,NULL,NULL,NULL,NULL,NULL,NULL,NULL,NULL,NULL,NULL,NULL,NULL,NULL,NULL,NULL,NULL,NULL,NULL,NULL,NULL,NULL,NULL,NULL,NULL,NULL,NULL,NULL,NULL,NULL,NULL,NULL,NULL,NULL,NULL,NULL,NULL,NULL,NULL,NULL,NULL,NULL,NULL,NULL,NULL,NULL,NULL,NULL,NULL,NULL,NULL,NULL,NULL,NULL,NULL,NULL,NULL,NULL,NULL,NULL,NULL,NULL,NULL,NULL,NULL,NULL,NULL,NULL,NULL,NULL,NULL,NULL,NULL,NULL,NULL,NULL,NULL,NULL,NULL,NULL,NULL,NULL,NULL,NULL,NULL,NULL,NULL,NULL,NULL,NULL,NULL,NULL,NULL,NULL,NULL,NULL,NULL,NULL,NULL,NULL,NULL,NULL,NULL,NULL,NULL,NULL,NULL,NULL,NULL,NULL,NULL,NULL,NULL,NULL,NULL,NULL,NULL,NULL,NULL,NULL,NULL,NULL,NULL,NULL,NULL,NULL,NULL,NULL,NULL,NULL,NULL,NULL,NULL,NULL,NULL,NULL,NULL,NULL,NULL,NULL,NULL,NULL,NULL,NULL,NULL,NULL,NULL,NULL,NULL,NULL,NULL,NULL,NULL,NULL,NULL,NULL,NULL,NULL,NULL,NULL,NULL,NULL,NULL,NULL,NULL,NULL,NULL,NULL,NULL,NULL,NULL,NULL,NULL,NULL,NULL,NULL,NULL,NULL,NULL,NULL,NULL,NULL,NULL,NULL,NULL,NULL,NULL,NULL,NULL,NULL,NULL,NULL,NULL,NULL,NULL,NULL,NULL,NULL,NULL,NULL,NULL,NULL,NULL,NULL,NULL,NULL,NULL,NULL,NULL,NULL,NULL,NULL,NULL,NULL,NULL,NULL,NULL,NULL,NULL,NULL,NULL,NULL,NULL,NULL,NULL,NULL,NULL,NULL,NULL,NULL,NULL,NULL,NULL,NULL,NULL,NULL,NULL,NULL,NULL,NULL,NULL,NULL,NULL,NULL,NULL,NULL,NULL,NULL,NULL,NULL,NULL,NULL,NULL,NULL,NULL,NULL,NULL,NULL,NULL,NULL,NULL,NULL,NULL,NULL,NULL,NULL,NULL,NULL,NULL,NULL,NULL,NULL,NULL,NULL,NULL,NULL,NULL,NULL,NULL,NULL,NULL,NULL,NULL,NULL),(27,NULL,NULL,NULL,NULL,NULL,NULL,NULL,NULL,NULL,NULL,NULL,NULL,NULL,NULL,NULL,NULL,NULL,NULL,NULL,NULL,NULL,NULL,NULL,NULL,NULL,NULL,NULL,NULL,NULL,NULL,NULL,NULL,NULL,NULL,NULL,NULL,NULL,NULL,NULL,NULL,NULL,NULL,NULL,NULL,NULL,NULL,NULL,NULL,NULL,NULL,NULL,NULL,NULL,NULL,NULL,NULL,NULL,NULL,NULL,NULL,NULL,NULL,NULL,NULL,NULL,NULL,NULL,NULL,NULL,NULL,NULL,NULL,NULL,NULL,NULL,NULL,NULL,NULL,NULL,NULL,NULL,NULL,NULL,NULL,NULL,NULL,NULL,NULL,NULL,NULL,NULL,NULL,NULL,NULL,NULL,NULL,NULL,NULL,NULL,NULL,NULL,NULL,NULL,NULL,NULL,NULL,NULL,NULL,NULL,NULL,NULL,NULL,NULL,NULL,NULL,NULL,NULL,NULL,NULL,NULL,NULL,NULL,NULL,NULL,NULL,NULL,NULL,NULL,NULL,NULL,NULL,NULL,NULL,NULL,NULL,NULL,NULL,NULL,NULL,NULL,NULL,NULL,NULL,NULL,NULL,NULL,NULL,NULL,NULL,NULL,NULL,NULL,NULL,NULL,NULL,NULL,NULL,NULL,NULL,NULL,NULL,NULL,NULL,NULL,NULL,NULL,NULL,NULL,NULL,NULL,NULL,NULL,NULL,NULL,NULL,NULL,NULL,NULL,NULL,NULL,NULL,NULL,NULL,NULL,NULL,NULL,NULL,NULL,NULL,NULL,NULL,NULL,NULL,NULL,NULL,NULL,NULL,NULL,NULL,NULL,NULL,NULL,NULL,NULL,NULL,NULL,NULL,NULL,NULL,NULL,NULL,NULL,NULL,NULL,NULL,NULL,NULL,NULL,NULL,NULL,NULL,NULL,NULL,NULL,NULL,NULL,NULL,NULL,NULL,NULL,NULL,NULL,NULL,NULL,NULL,NULL,NULL,NULL,NULL,NULL,NULL,NULL,NULL,NULL,NULL,NULL,NULL,NULL,NULL,NULL,NULL,NULL,NULL,NULL,NULL,NULL,NULL,NULL,NULL,NULL,NULL,NULL,NULL,NULL,NULL,NULL,NULL,NULL,NULL,NULL,NULL,NULL,NULL,NULL,NULL,NULL,NULL,NULL,NULL,NULL,NULL,NULL,NULL,NULL,NULL,NULL,NULL,NULL,NULL,NULL,NULL,NULL,NULL,NULL,NULL,NULL,NULL,NULL,NULL,NULL,NULL,NULL,NULL,NULL,NULL,NULL,NULL,NULL,NULL,NULL,NULL,NULL,NULL,NULL,NULL,NULL,NULL,NULL,NULL,NULL,NULL,NULL,NULL,NULL),(28,NULL,NULL,NULL,NULL,NULL,NULL,NULL,NULL,NULL,NULL,NULL,NULL,NULL,NULL,NULL,NULL,NULL,NULL,NULL,NULL,NULL,NULL,NULL,NULL,NULL,NULL,NULL,NULL,NULL,NULL,NULL,NULL,NULL,NULL,NULL,NULL,NULL,NULL,NULL,NULL,NULL,NULL,NULL,NULL,NULL,NULL,NULL,NULL,NULL,NULL,NULL,NULL,NULL,NULL,NULL,NULL,NULL,NULL,NULL,NULL,NULL,NULL,NULL,NULL,NULL,NULL,NULL,NULL,NULL,NULL,NULL,NULL,NULL,NULL,NULL,NULL,NULL,NULL,NULL,NULL,NULL,NULL,NULL,NULL,NULL,NULL,NULL,NULL,NULL,NULL,NULL,NULL,NULL,NULL,NULL,NULL,NULL,NULL,NULL,NULL,NULL,NULL,NULL,NULL,NULL,NULL,NULL,NULL,NULL,NULL,NULL,NULL,NULL,NULL,NULL,NULL,NULL,NULL,NULL,NULL,NULL,NULL,NULL,NULL,NULL,NULL,NULL,NULL,NULL,NULL,NULL,NULL,NULL,NULL,NULL,NULL,NULL,NULL,NULL,NULL,NULL,NULL,NULL,NULL,NULL,NULL,NULL,NULL,NULL,NULL,NULL,NULL,NULL,NULL,NULL,NULL,NULL,NULL,NULL,NULL,NULL,NULL,NULL,NULL,NULL,NULL,NULL,NULL,NULL,NULL,NULL,NULL,NULL,NULL,NULL,NULL,NULL,NULL,NULL,NULL,NULL,NULL,NULL,NULL,NULL,NULL,NULL,NULL,NULL,NULL,NULL,NULL,NULL,NULL,NULL,NULL,NULL,NULL,NULL,NULL,NULL,NULL,NULL,NULL,NULL,NULL,NULL,NULL,NULL,NULL,NULL,NULL,NULL,NULL,NULL,NULL,NULL,NULL,NULL,NULL,NULL,NULL,NULL,NULL,NULL,NULL,NULL,NULL,NULL,NULL,NULL,NULL,NULL,NULL,NULL,NULL,NULL,NULL,NULL,NULL,NULL,NULL,NULL,NULL,NULL,NULL,NULL,NULL,NULL,NULL,NULL,NULL,NULL,NULL,NULL,NULL,NULL,NULL,NULL,NULL,NULL,NULL,NULL,NULL,NULL,NULL,NULL,NULL,NULL,NULL,NULL,NULL,NULL,NULL,NULL,NULL,NULL,NULL,NULL,NULL,NULL,NULL,NULL,NULL,NULL,NULL,NULL,NULL,NULL,NULL,NULL,NULL,NULL,NULL,NULL,NULL,NULL,NULL,NULL,NULL,NULL,NULL,NULL,NULL,NULL,NULL,NULL,NULL,NULL,NULL,NULL,NULL,NULL,NULL,NULL,NULL,NULL,NULL,NULL,NULL,NULL,NULL,NULL,NULL),(29,NULL,NULL,NULL,NULL,NULL,NULL,NULL,NULL,NULL,NULL,NULL,NULL,NULL,NULL,NULL,NULL,NULL,NULL,NULL,NULL,NULL,NULL,NULL,NULL,NULL,NULL,NULL,NULL,NULL,NULL,NULL,NULL,NULL,NULL,NULL,NULL,NULL,NULL,NULL,NULL,NULL,NULL,NULL,NULL,NULL,NULL,NULL,NULL,NULL,NULL,NULL,NULL,NULL,NULL,NULL,NULL,NULL,NULL,NULL,NULL,NULL,NULL,NULL,NULL,NULL,NULL,NULL,NULL,NULL,NULL,NULL,NULL,NULL,NULL,NULL,NULL,NULL,NULL,NULL,NULL,NULL,NULL,NULL,NULL,NULL,NULL,NULL,NULL,NULL,NULL,NULL,NULL,NULL,NULL,NULL,NULL,NULL,NULL,NULL,NULL,NULL,NULL,NULL,NULL,NULL,NULL,NULL,NULL,NULL,NULL,NULL,NULL,NULL,NULL,NULL,NULL,NULL,NULL,NULL,NULL,NULL,NULL,NULL,NULL,NULL,NULL,NULL,NULL,NULL,NULL,NULL,NULL,NULL,NULL,NULL,NULL,NULL,NULL,NULL,NULL,NULL,NULL,NULL,NULL,NULL,NULL,NULL,NULL,NULL,NULL,NULL,NULL,NULL,NULL,NULL,NULL,NULL,NULL,NULL,NULL,NULL,NULL,NULL,NULL,NULL,NULL,NULL,NULL,NULL,NULL,NULL,NULL,NULL,NULL,NULL,NULL,NULL,NULL,NULL,NULL,NULL,NULL,NULL,NULL,NULL,NULL,NULL,NULL,NULL,NULL,NULL,NULL,NULL,NULL,NULL,NULL,NULL,NULL,NULL,NULL,NULL,NULL,NULL,NULL,NULL,NULL,NULL,NULL,NULL,NULL,NULL,NULL,NULL,NULL,NULL,NULL,NULL,NULL,NULL,NULL,NULL,NULL,NULL,NULL,NULL,NULL,NULL,NULL,NULL,NULL,NULL,NULL,NULL,NULL,NULL,NULL,NULL,NULL,NULL,NULL,NULL,NULL,NULL,NULL,NULL,NULL,NULL,NULL,NULL,NULL,NULL,NULL,NULL,NULL,NULL,NULL,NULL,NULL,NULL,NULL,NULL,NULL,NULL,NULL,NULL,NULL,NULL,NULL,NULL,NULL,NULL,NULL,NULL,NULL,NULL,NULL,NULL,NULL,NULL,NULL,NULL,NULL,NULL,NULL,NULL,NULL,NULL,NULL,NULL,NULL,NULL,NULL,NULL,NULL,NULL,NULL,NULL,NULL,NULL,NULL,NULL,NULL,NULL,NULL,NULL,NULL,NULL,NULL,NULL,NULL,NULL,NULL,NULL,NULL,NULL,NULL,NULL,NULL,NULL,NULL,NULL,NULL,NULL,NULL),(30,NULL,NULL,NULL,NULL,NULL,NULL,NULL,NULL,NULL,NULL,NULL,NULL,NULL,NULL,NULL,NULL,NULL,NULL,NULL,NULL,NULL,NULL,NULL,NULL,NULL,NULL,NULL,NULL,NULL,NULL,NULL,NULL,NULL,NULL,NULL,NULL,NULL,NULL,NULL,NULL,NULL,NULL,NULL,NULL,NULL,NULL,NULL,NULL,NULL,NULL,NULL,NULL,NULL,NULL,NULL,NULL,NULL,NULL,NULL,NULL,NULL,NULL,NULL,NULL,NULL,NULL,NULL,NULL,NULL,NULL,NULL,NULL,NULL,NULL,NULL,NULL,NULL,NULL,NULL,NULL,NULL,NULL,NULL,NULL,NULL,NULL,NULL,NULL,NULL,NULL,NULL,NULL,NULL,NULL,NULL,NULL,NULL,NULL,NULL,NULL,NULL,NULL,NULL,NULL,NULL,NULL,NULL,NULL,NULL,NULL,NULL,NULL,NULL,NULL,NULL,NULL,NULL,NULL,NULL,NULL,NULL,NULL,NULL,NULL,NULL,NULL,NULL,NULL,NULL,NULL,NULL,NULL,NULL,NULL,NULL,NULL,NULL,NULL,NULL,NULL,NULL,NULL,NULL,NULL,NULL,NULL,NULL,NULL,NULL,NULL,NULL,NULL,NULL,NULL,NULL,NULL,NULL,NULL,NULL,NULL,NULL,NULL,NULL,NULL,NULL,NULL,NULL,NULL,NULL,NULL,NULL,NULL,NULL,NULL,NULL,NULL,NULL,NULL,NULL,NULL,NULL,NULL,NULL,NULL,NULL,NULL,NULL,NULL,NULL,NULL,NULL,NULL,NULL,NULL,NULL,NULL,NULL,NULL,NULL,NULL,NULL,NULL,NULL,NULL,NULL,NULL,NULL,NULL,NULL,NULL,NULL,NULL,NULL,NULL,NULL,NULL,NULL,NULL,NULL,NULL,NULL,NULL,NULL,NULL,NULL,NULL,NULL,NULL,NULL,NULL,NULL,NULL,NULL,NULL,NULL,NULL,NULL,NULL,NULL,NULL,NULL,NULL,NULL,NULL,NULL,NULL,NULL,NULL,NULL,NULL,NULL,NULL,NULL,NULL,NULL,NULL,NULL,NULL,NULL,NULL,NULL,NULL,NULL,NULL,NULL,NULL,NULL,NULL,NULL,NULL,NULL,NULL,NULL,NULL,NULL,NULL,NULL,NULL,NULL,NULL,NULL,NULL,NULL,NULL,NULL,NULL,NULL,NULL,NULL,NULL,NULL,NULL,NULL,NULL,NULL,NULL,NULL,NULL,NULL,NULL,NULL,NULL,NULL,NULL,NULL,NULL,NULL,NULL,NULL,NULL,NULL,NULL,NULL,NULL,NULL,NULL,NULL,NULL,NULL,NULL,NULL,NULL,NULL,NULL),(31,NULL,NULL,NULL,NULL,NULL,NULL,NULL,NULL,NULL,NULL,NULL,NULL,NULL,NULL,NULL,NULL,NULL,NULL,NULL,NULL,NULL,NULL,NULL,NULL,NULL,NULL,NULL,NULL,NULL,NULL,NULL,NULL,NULL,NULL,NULL,NULL,NULL,NULL,NULL,NULL,NULL,NULL,NULL,NULL,NULL,NULL,NULL,NULL,NULL,NULL,NULL,NULL,NULL,NULL,NULL,NULL,NULL,NULL,NULL,NULL,NULL,NULL,NULL,NULL,NULL,NULL,NULL,NULL,NULL,NULL,NULL,NULL,NULL,NULL,NULL,NULL,NULL,NULL,NULL,NULL,NULL,NULL,NULL,NULL,NULL,NULL,NULL,NULL,NULL,NULL,NULL,NULL,NULL,NULL,NULL,NULL,NULL,NULL,NULL,NULL,NULL,NULL,NULL,NULL,NULL,NULL,NULL,NULL,NULL,NULL,NULL,NULL,NULL,NULL,NULL,NULL,NULL,NULL,NULL,NULL,NULL,NULL,NULL,NULL,NULL,NULL,NULL,NULL,NULL,NULL,NULL,NULL,NULL,NULL,NULL,NULL,NULL,NULL,NULL,NULL,NULL,NULL,NULL,NULL,NULL,NULL,NULL,NULL,NULL,NULL,NULL,NULL,NULL,NULL,NULL,NULL,NULL,NULL,NULL,NULL,NULL,NULL,NULL,NULL,NULL,NULL,NULL,NULL,NULL,NULL,NULL,NULL,NULL,NULL,NULL,NULL,NULL,NULL,NULL,NULL,NULL,NULL,NULL,NULL,NULL,NULL,NULL,NULL,NULL,NULL,NULL,NULL,NULL,NULL,NULL,NULL,NULL,NULL,NULL,NULL,NULL,NULL,NULL,NULL,NULL,NULL,NULL,NULL,NULL,NULL,NULL,NULL,NULL,NULL,NULL,NULL,NULL,NULL,NULL,NULL,NULL,NULL,NULL,NULL,NULL,NULL,NULL,NULL,NULL,NULL,NULL,NULL,NULL,NULL,NULL,NULL,NULL,NULL,NULL,NULL,NULL,NULL,NULL,NULL,NULL,NULL,NULL,NULL,NULL,NULL,NULL,NULL,NULL,NULL,NULL,NULL,NULL,NULL,NULL,NULL,NULL,NULL,NULL,NULL,NULL,NULL,NULL,NULL,NULL,NULL,NULL,NULL,NULL,NULL,NULL,NULL,NULL,NULL,NULL,NULL,NULL,NULL,NULL,NULL,NULL,NULL,NULL,NULL,NULL,NULL,NULL,NULL,NULL,NULL,NULL,NULL,NULL,NULL,NULL,NULL,NULL,NULL,NULL,NULL,NULL,NULL,NULL,NULL,NULL,NULL,NULL,NULL,NULL,NULL,NULL,NULL,NULL,NULL,NULL,NULL,NULL,NULL,NULL,NULL),(32,NULL,NULL,NULL,NULL,NULL,NULL,NULL,NULL,NULL,NULL,NULL,NULL,NULL,NULL,NULL,NULL,NULL,NULL,NULL,NULL,NULL,NULL,NULL,NULL,NULL,NULL,NULL,NULL,NULL,NULL,NULL,NULL,NULL,NULL,NULL,NULL,NULL,NULL,NULL,NULL,NULL,NULL,NULL,NULL,NULL,NULL,NULL,NULL,NULL,NULL,NULL,NULL,NULL,NULL,NULL,NULL,NULL,NULL,NULL,NULL,NULL,NULL,NULL,NULL,NULL,NULL,NULL,NULL,NULL,NULL,NULL,NULL,NULL,NULL,NULL,NULL,NULL,NULL,NULL,NULL,NULL,NULL,NULL,NULL,NULL,NULL,NULL,NULL,NULL,NULL,NULL,NULL,NULL,NULL,NULL,NULL,NULL,NULL,NULL,NULL,NULL,NULL,NULL,NULL,NULL,NULL,NULL,NULL,NULL,NULL,NULL,NULL,NULL,NULL,NULL,NULL,NULL,NULL,NULL,NULL,NULL,NULL,NULL,NULL,NULL,NULL,NULL,NULL,NULL,NULL,NULL,NULL,NULL,NULL,NULL,NULL,NULL,NULL,NULL,NULL,NULL,NULL,NULL,NULL,NULL,NULL,NULL,NULL,NULL,NULL,NULL,NULL,NULL,NULL,NULL,NULL,NULL,NULL,NULL,NULL,NULL,NULL,NULL,NULL,NULL,NULL,NULL,NULL,NULL,NULL,NULL,NULL,NULL,NULL,NULL,NULL,NULL,NULL,NULL,NULL,NULL,NULL,NULL,NULL,NULL,NULL,NULL,NULL,NULL,NULL,NULL,NULL,NULL,NULL,NULL,NULL,NULL,NULL,NULL,NULL,NULL,NULL,NULL,NULL,NULL,NULL,NULL,NULL,NULL,NULL,NULL,NULL,NULL,NULL,NULL,NULL,NULL,NULL,NULL,NULL,NULL,NULL,NULL,NULL,NULL,NULL,NULL,NULL,NULL,NULL,NULL,NULL,NULL,NULL,NULL,NULL,NULL,NULL,NULL,NULL,NULL,NULL,NULL,NULL,NULL,NULL,NULL,NULL,NULL,NULL,NULL,NULL,NULL,NULL,NULL,NULL,NULL,NULL,NULL,NULL,NULL,NULL,NULL,NULL,NULL,NULL,NULL,NULL,NULL,NULL,NULL,NULL,NULL,NULL,NULL,NULL,NULL,NULL,NULL,NULL,NULL,NULL,NULL,NULL,NULL,NULL,NULL,NULL,NULL,NULL,NULL,NULL,NULL,NULL,NULL,NULL,NULL,NULL,NULL,NULL,NULL,NULL,NULL,NULL,NULL,NULL,NULL,NULL,NULL,NULL,NULL,NULL,NULL,NULL,NULL,NULL,NULL,NULL,NULL,NULL,NULL,NULL,NULL,NULL),(33,NULL,NULL,NULL,NULL,NULL,NULL,NULL,NULL,NULL,NULL,NULL,NULL,NULL,NULL,NULL,NULL,NULL,NULL,NULL,NULL,NULL,NULL,NULL,NULL,NULL,NULL,NULL,NULL,NULL,NULL,NULL,NULL,NULL,NULL,NULL,NULL,NULL,NULL,NULL,NULL,NULL,NULL,NULL,NULL,NULL,NULL,NULL,NULL,NULL,NULL,NULL,NULL,NULL,NULL,NULL,NULL,NULL,NULL,NULL,NULL,NULL,NULL,NULL,NULL,NULL,NULL,NULL,NULL,NULL,NULL,NULL,NULL,NULL,NULL,NULL,NULL,NULL,NULL,NULL,NULL,NULL,NULL,NULL,NULL,NULL,NULL,NULL,NULL,NULL,NULL,NULL,NULL,NULL,NULL,NULL,NULL,NULL,NULL,NULL,NULL,NULL,NULL,NULL,NULL,NULL,NULL,NULL,NULL,NULL,NULL,NULL,NULL,NULL,NULL,NULL,NULL,NULL,NULL,NULL,NULL,NULL,NULL,NULL,NULL,NULL,NULL,NULL,NULL,NULL,NULL,NULL,NULL,NULL,NULL,NULL,NULL,NULL,NULL,NULL,NULL,NULL,NULL,NULL,NULL,NULL,NULL,NULL,NULL,NULL,NULL,NULL,NULL,NULL,NULL,NULL,NULL,NULL,NULL,NULL,NULL,NULL,NULL,NULL,NULL,NULL,NULL,NULL,NULL,NULL,NULL,NULL,NULL,NULL,NULL,NULL,NULL,NULL,NULL,NULL,NULL,NULL,NULL,NULL,NULL,NULL,NULL,NULL,NULL,NULL,NULL,NULL,NULL,NULL,NULL,NULL,NULL,NULL,NULL,NULL,NULL,NULL,NULL,NULL,NULL,NULL,NULL,NULL,NULL,NULL,NULL,NULL,NULL,NULL,NULL,NULL,NULL,NULL,NULL,NULL,NULL,NULL,NULL,NULL,NULL,NULL,NULL,NULL,NULL,NULL,NULL,NULL,NULL,NULL,NULL,NULL,NULL,NULL,NULL,NULL,NULL,NULL,NULL,NULL,NULL,NULL,NULL,NULL,NULL,NULL,NULL,NULL,NULL,NULL,NULL,NULL,NULL,NULL,NULL,NULL,NULL,NULL,NULL,NULL,NULL,NULL,NULL,NULL,NULL,NULL,NULL,NULL,NULL,NULL,NULL,NULL,NULL,NULL,NULL,NULL,NULL,NULL,NULL,NULL,NULL,NULL,NULL,NULL,NULL,NULL,NULL,NULL,NULL,NULL,NULL,NULL,NULL,NULL,NULL,NULL,NULL,NULL,NULL,NULL,NULL,NULL,NULL,NULL,NULL,NULL,NULL,NULL,NULL,NULL,NULL,NULL,NULL,NULL,NULL,NULL,NULL,NULL,NULL,NULL,NULL),(34,NULL,NULL,NULL,NULL,NULL,NULL,NULL,NULL,NULL,NULL,NULL,NULL,NULL,NULL,NULL,NULL,NULL,NULL,NULL,NULL,NULL,NULL,NULL,NULL,NULL,NULL,NULL,NULL,NULL,NULL,NULL,NULL,NULL,NULL,NULL,NULL,NULL,NULL,NULL,NULL,NULL,NULL,NULL,NULL,NULL,NULL,NULL,NULL,NULL,NULL,NULL,NULL,NULL,NULL,NULL,NULL,NULL,NULL,NULL,NULL,NULL,NULL,NULL,NULL,NULL,NULL,NULL,NULL,NULL,NULL,NULL,NULL,NULL,NULL,NULL,NULL,NULL,NULL,NULL,NULL,NULL,NULL,NULL,NULL,NULL,NULL,NULL,NULL,NULL,NULL,NULL,NULL,NULL,NULL,NULL,NULL,NULL,NULL,NULL,NULL,NULL,NULL,NULL,NULL,NULL,NULL,NULL,NULL,NULL,NULL,NULL,NULL,NULL,NULL,NULL,NULL,NULL,NULL,NULL,NULL,NULL,NULL,NULL,NULL,NULL,NULL,NULL,NULL,NULL,NULL,NULL,NULL,NULL,NULL,NULL,NULL,NULL,NULL,NULL,NULL,NULL,NULL,NULL,NULL,NULL,NULL,NULL,NULL,NULL,NULL,NULL,NULL,NULL,NULL,NULL,NULL,NULL,NULL,NULL,NULL,NULL,NULL,NULL,NULL,NULL,NULL,NULL,NULL,NULL,NULL,NULL,NULL,NULL,NULL,NULL,NULL,NULL,NULL,NULL,NULL,NULL,NULL,NULL,NULL,NULL,NULL,NULL,NULL,NULL,NULL,NULL,NULL,NULL,NULL,NULL,NULL,NULL,NULL,NULL,NULL,NULL,NULL,NULL,NULL,NULL,NULL,NULL,NULL,NULL,NULL,NULL,NULL,NULL,NULL,NULL,NULL,NULL,NULL,NULL,NULL,NULL,NULL,NULL,NULL,NULL,NULL,NULL,NULL,NULL,NULL,NULL,NULL,NULL,NULL,NULL,NULL,NULL,NULL,NULL,NULL,NULL,NULL,NULL,NULL,NULL,NULL,NULL,NULL,NULL,NULL,NULL,NULL,NULL,NULL,NULL,NULL,NULL,NULL,NULL,NULL,NULL,NULL,NULL,NULL,NULL,NULL,NULL,NULL,NULL,NULL,NULL,NULL,NULL,NULL,NULL,NULL,NULL,NULL,NULL,NULL,NULL,NULL,NULL,NULL,NULL,NULL,NULL,NULL,NULL,NULL,NULL,NULL,NULL,NULL,NULL,NULL,NULL,NULL,NULL,NULL,NULL,NULL,NULL,NULL,NULL,NULL,NULL,NULL,NULL,NULL,NULL,NULL,NULL,NULL,NULL,NULL,NULL,NULL,NULL,NULL,NULL,NULL,NULL,NULL),(35,NULL,NULL,NULL,NULL,NULL,NULL,NULL,NULL,NULL,NULL,NULL,NULL,NULL,NULL,NULL,NULL,NULL,NULL,NULL,NULL,NULL,NULL,NULL,NULL,NULL,NULL,NULL,NULL,NULL,NULL,NULL,NULL,NULL,NULL,NULL,NULL,NULL,NULL,NULL,NULL,NULL,NULL,NULL,NULL,NULL,NULL,NULL,NULL,NULL,NULL,NULL,NULL,NULL,NULL,NULL,NULL,NULL,NULL,NULL,NULL,NULL,NULL,NULL,NULL,NULL,NULL,NULL,NULL,NULL,NULL,NULL,NULL,NULL,NULL,NULL,NULL,NULL,NULL,NULL,NULL,NULL,NULL,NULL,NULL,NULL,NULL,NULL,NULL,NULL,NULL,NULL,NULL,NULL,NULL,NULL,NULL,NULL,NULL,NULL,NULL,NULL,NULL,NULL,NULL,NULL,NULL,NULL,NULL,NULL,NULL,NULL,NULL,NULL,NULL,NULL,NULL,NULL,NULL,NULL,NULL,NULL,NULL,NULL,NULL,NULL,NULL,NULL,NULL,NULL,NULL,NULL,NULL,NULL,NULL,NULL,NULL,NULL,NULL,NULL,NULL,NULL,NULL,NULL,NULL,NULL,NULL,NULL,NULL,NULL,NULL,NULL,NULL,NULL,NULL,NULL,NULL,NULL,NULL,NULL,NULL,NULL,NULL,NULL,NULL,NULL,NULL,NULL,NULL,NULL,NULL,NULL,NULL,NULL,NULL,NULL,NULL,NULL,NULL,NULL,NULL,NULL,NULL,NULL,NULL,NULL,NULL,NULL,NULL,NULL,NULL,NULL,NULL,NULL,NULL,NULL,NULL,NULL,NULL,NULL,NULL,NULL,NULL,NULL,NULL,NULL,NULL,NULL,NULL,NULL,NULL,NULL,NULL,NULL,NULL,NULL,NULL,NULL,NULL,NULL,NULL,NULL,NULL,NULL,NULL,NULL,NULL,NULL,NULL,NULL,NULL,NULL,NULL,NULL,NULL,NULL,NULL,NULL,NULL,NULL,NULL,NULL,NULL,NULL,NULL,NULL,NULL,NULL,NULL,NULL,NULL,NULL,NULL,NULL,NULL,NULL,NULL,NULL,NULL,NULL,NULL,NULL,NULL,NULL,NULL,NULL,NULL,NULL,NULL,NULL,NULL,NULL,NULL,NULL,NULL,NULL,NULL,NULL,NULL,NULL,NULL,NULL,NULL,NULL,NULL,NULL,NULL,NULL,NULL,NULL,NULL,NULL,NULL,NULL,NULL,NULL,NULL,NULL,NULL,NULL,NULL,NULL,NULL,NULL,NULL,NULL,NULL,NULL,NULL,NULL,NULL,NULL,NULL,NULL,NULL,NULL,NULL,NULL,NULL,NULL,NULL,NULL,NULL,NULL,NULL),(36,NULL,NULL,NULL,NULL,NULL,NULL,NULL,NULL,NULL,NULL,NULL,NULL,NULL,NULL,NULL,NULL,NULL,NULL,NULL,NULL,NULL,NULL,NULL,NULL,NULL,NULL,NULL,NULL,NULL,NULL,NULL,NULL,NULL,NULL,NULL,NULL,NULL,NULL,NULL,NULL,NULL,NULL,NULL,NULL,NULL,NULL,NULL,NULL,NULL,NULL,NULL,NULL,NULL,NULL,NULL,NULL,NULL,NULL,NULL,NULL,NULL,NULL,NULL,NULL,NULL,NULL,NULL,NULL,NULL,NULL,NULL,NULL,NULL,NULL,NULL,NULL,NULL,NULL,NULL,NULL,NULL,NULL,NULL,NULL,NULL,NULL,NULL,NULL,NULL,NULL,NULL,NULL,NULL,NULL,NULL,NULL,NULL,NULL,NULL,NULL,NULL,NULL,NULL,NULL,NULL,NULL,NULL,NULL,NULL,NULL,NULL,NULL,NULL,NULL,NULL,NULL,NULL,NULL,NULL,NULL,NULL,NULL,NULL,NULL,NULL,NULL,NULL,NULL,NULL,NULL,NULL,NULL,NULL,NULL,NULL,NULL,NULL,NULL,NULL,NULL,NULL,NULL,NULL,NULL,NULL,NULL,NULL,NULL,NULL,NULL,NULL,NULL,NULL,NULL,NULL,NULL,NULL,NULL,NULL,NULL,NULL,NULL,NULL,NULL,NULL,NULL,NULL,NULL,NULL,NULL,NULL,NULL,NULL,NULL,NULL,NULL,NULL,NULL,NULL,NULL,NULL,NULL,NULL,NULL,NULL,NULL,NULL,NULL,NULL,NULL,NULL,NULL,NULL,NULL,NULL,NULL,NULL,NULL,NULL,NULL,NULL,NULL,NULL,NULL,NULL,NULL,NULL,NULL,NULL,NULL,NULL,NULL,NULL,NULL,NULL,NULL,NULL,NULL,NULL,NULL,NULL,NULL,NULL,NULL,NULL,NULL,NULL,NULL,NULL,NULL,NULL,NULL,NULL,NULL,NULL,NULL,NULL,NULL,NULL,NULL,NULL,NULL,NULL,NULL,NULL,NULL,NULL,NULL,NULL,NULL,NULL,NULL,NULL,NULL,NULL,NULL,NULL,NULL,NULL,NULL,NULL,NULL,NULL,NULL,NULL,NULL,NULL,NULL,NULL,NULL,NULL,NULL,NULL,NULL,NULL,NULL,NULL,NULL,NULL,NULL,NULL,NULL,NULL,NULL,NULL,NULL,NULL,NULL,NULL,NULL,NULL,NULL,NULL,NULL,NULL,NULL,NULL,NULL,NULL,NULL,NULL,NULL,NULL,NULL,NULL,NULL,NULL,NULL,NULL,NULL,NULL,NULL,NULL,NULL,NULL,NULL,NULL,NULL,NULL,NULL,NULL,NULL,NULL,NULL),(37,NULL,NULL,NULL,NULL,NULL,NULL,NULL,NULL,NULL,NULL,NULL,NULL,NULL,NULL,NULL,NULL,NULL,NULL,NULL,NULL,NULL,NULL,NULL,NULL,NULL,NULL,NULL,NULL,NULL,NULL,NULL,NULL,NULL,NULL,NULL,NULL,NULL,NULL,NULL,NULL,NULL,NULL,NULL,NULL,NULL,NULL,NULL,NULL,NULL,NULL,NULL,NULL,NULL,NULL,NULL,NULL,NULL,NULL,NULL,NULL,NULL,NULL,NULL,NULL,NULL,NULL,NULL,NULL,NULL,NULL,NULL,NULL,NULL,NULL,NULL,NULL,NULL,NULL,NULL,NULL,NULL,NULL,NULL,NULL,NULL,NULL,NULL,NULL,NULL,NULL,NULL,NULL,NULL,NULL,NULL,NULL,NULL,NULL,NULL,NULL,NULL,NULL,NULL,NULL,NULL,NULL,NULL,NULL,NULL,NULL,NULL,NULL,NULL,NULL,NULL,NULL,NULL,NULL,NULL,NULL,NULL,NULL,NULL,NULL,NULL,NULL,NULL,NULL,NULL,NULL,NULL,NULL,NULL,NULL,NULL,NULL,NULL,NULL,NULL,NULL,NULL,NULL,NULL,NULL,NULL,NULL,NULL,NULL,NULL,NULL,NULL,NULL,NULL,NULL,NULL,NULL,NULL,NULL,NULL,NULL,NULL,NULL,NULL,NULL,NULL,NULL,NULL,NULL,NULL,NULL,NULL,NULL,NULL,NULL,NULL,NULL,NULL,NULL,NULL,NULL,NULL,NULL,NULL,NULL,NULL,NULL,NULL,NULL,NULL,NULL,NULL,NULL,NULL,NULL,NULL,NULL,NULL,NULL,NULL,NULL,NULL,NULL,NULL,NULL,NULL,NULL,NULL,NULL,NULL,NULL,NULL,NULL,NULL,NULL,NULL,NULL,NULL,NULL,NULL,NULL,NULL,NULL,NULL,NULL,NULL,NULL,NULL,NULL,NULL,NULL,NULL,NULL,NULL,NULL,NULL,NULL,NULL,NULL,NULL,NULL,NULL,NULL,NULL,NULL,NULL,NULL,NULL,NULL,NULL,NULL,NULL,NULL,NULL,NULL,NULL,NULL,NULL,NULL,NULL,NULL,NULL,NULL,NULL,NULL,NULL,NULL,NULL,NULL,NULL,NULL,NULL,NULL,NULL,NULL,NULL,NULL,NULL,NULL,NULL,NULL,NULL,NULL,NULL,NULL,NULL,NULL,NULL,NULL,NULL,NULL,NULL,NULL,NULL,NULL,NULL,NULL,NULL,NULL,NULL,NULL,NULL,NULL,NULL,NULL,NULL,NULL,NULL,NULL,NULL,NULL,NULL,NULL,NULL,NULL,NULL,NULL,NULL,NULL,NULL,NULL,NULL,NULL,NULL,NULL),(38,NULL,NULL,NULL,NULL,NULL,NULL,NULL,NULL,NULL,NULL,NULL,NULL,NULL,NULL,NULL,NULL,NULL,NULL,NULL,NULL,NULL,NULL,NULL,NULL,NULL,NULL,NULL,NULL,NULL,NULL,NULL,NULL,NULL,NULL,NULL,NULL,NULL,NULL,NULL,NULL,NULL,NULL,NULL,NULL,NULL,NULL,NULL,NULL,NULL,NULL,NULL,NULL,NULL,NULL,NULL,NULL,NULL,NULL,NULL,NULL,NULL,NULL,NULL,NULL,NULL,NULL,NULL,NULL,NULL,NULL,NULL,NULL,NULL,NULL,NULL,NULL,NULL,NULL,NULL,NULL,NULL,NULL,NULL,NULL,NULL,NULL,NULL,NULL,NULL,NULL,NULL,NULL,NULL,NULL,NULL,NULL,NULL,NULL,NULL,NULL,NULL,NULL,NULL,NULL,NULL,NULL,NULL,NULL,NULL,NULL,NULL,NULL,NULL,NULL,NULL,NULL,NULL,NULL,NULL,NULL,NULL,NULL,NULL,NULL,NULL,NULL,NULL,NULL,NULL,NULL,NULL,NULL,NULL,NULL,NULL,NULL,NULL,NULL,NULL,NULL,NULL,NULL,NULL,NULL,NULL,NULL,NULL,NULL,NULL,NULL,NULL,NULL,NULL,NULL,NULL,NULL,NULL,NULL,NULL,NULL,NULL,NULL,NULL,NULL,NULL,NULL,NULL,NULL,NULL,NULL,NULL,NULL,NULL,NULL,NULL,NULL,NULL,NULL,NULL,NULL,NULL,NULL,NULL,NULL,NULL,NULL,NULL,NULL,NULL,NULL,NULL,NULL,NULL,NULL,NULL,NULL,NULL,NULL,NULL,NULL,NULL,NULL,NULL,NULL,NULL,NULL,NULL,NULL,NULL,NULL,NULL,NULL,NULL,NULL,NULL,NULL,NULL,NULL,NULL,NULL,NULL,NULL,NULL,NULL,NULL,NULL,NULL,NULL,NULL,NULL,NULL,NULL,NULL,NULL,NULL,NULL,NULL,NULL,NULL,NULL,NULL,NULL,NULL,NULL,NULL,NULL,NULL,NULL,NULL,NULL,NULL,NULL,NULL,NULL,NULL,NULL,NULL,NULL,NULL,NULL,NULL,NULL,NULL,NULL,NULL,NULL,NULL,NULL,NULL,NULL,NULL,NULL,NULL,NULL,NULL,NULL,NULL,NULL,NULL,NULL,NULL,NULL,NULL,NULL,NULL,NULL,NULL,NULL,NULL,NULL,NULL,NULL,NULL,NULL,NULL,NULL,NULL,NULL,NULL,NULL,NULL,NULL,NULL,NULL,NULL,NULL,NULL,NULL,NULL,NULL,NULL,NULL,NULL,NULL,NULL,NULL,NULL,NULL,NULL,NULL,NULL,NULL,NULL,NULL),(39,NULL,NULL,NULL,NULL,NULL,NULL,NULL,NULL,NULL,NULL,NULL,NULL,NULL,NULL,NULL,NULL,NULL,NULL,NULL,NULL,NULL,NULL,NULL,NULL,NULL,NULL,NULL,NULL,NULL,NULL,NULL,NULL,NULL,NULL,NULL,NULL,NULL,NULL,NULL,NULL,NULL,NULL,NULL,NULL,NULL,NULL,NULL,NULL,NULL,NULL,NULL,NULL,NULL,NULL,NULL,NULL,NULL,NULL,NULL,NULL,NULL,NULL,NULL,NULL,NULL,NULL,NULL,NULL,NULL,NULL,NULL,NULL,NULL,NULL,NULL,NULL,NULL,NULL,NULL,NULL,NULL,NULL,NULL,NULL,NULL,NULL,NULL,NULL,NULL,NULL,NULL,NULL,NULL,NULL,NULL,NULL,NULL,NULL,NULL,NULL,NULL,NULL,NULL,NULL,NULL,NULL,NULL,NULL,NULL,NULL,NULL,NULL,NULL,NULL,NULL,NULL,NULL,NULL,NULL,NULL,NULL,NULL,NULL,NULL,NULL,NULL,NULL,NULL,NULL,NULL,NULL,NULL,NULL,NULL,NULL,NULL,NULL,NULL,NULL,NULL,NULL,NULL,NULL,NULL,NULL,NULL,NULL,NULL,NULL,NULL,NULL,NULL,NULL,NULL,NULL,NULL,NULL,NULL,NULL,NULL,NULL,NULL,NULL,NULL,NULL,NULL,NULL,NULL,NULL,NULL,NULL,NULL,NULL,NULL,NULL,NULL,NULL,NULL,NULL,NULL,NULL,NULL,NULL,NULL,NULL,NULL,NULL,NULL,NULL,NULL,NULL,NULL,NULL,NULL,NULL,NULL,NULL,NULL,NULL,NULL,NULL,NULL,NULL,NULL,NULL,NULL,NULL,NULL,NULL,NULL,NULL,NULL,NULL,NULL,NULL,NULL,NULL,NULL,NULL,NULL,NULL,NULL,NULL,NULL,NULL,NULL,NULL,NULL,NULL,NULL,NULL,NULL,NULL,NULL,NULL,NULL,NULL,NULL,NULL,NULL,NULL,NULL,NULL,NULL,NULL,NULL,NULL,NULL,NULL,NULL,NULL,NULL,NULL,NULL,NULL,NULL,NULL,NULL,NULL,NULL,NULL,NULL,NULL,NULL,NULL,NULL,NULL,NULL,NULL,NULL,NULL,NULL,NULL,NULL,NULL,NULL,NULL,NULL,NULL,NULL,NULL,NULL,NULL,NULL,NULL,NULL,NULL,NULL,NULL,NULL,NULL,NULL,NULL,NULL,NULL,NULL,NULL,NULL,NULL,NULL,NULL,NULL,NULL,NULL,NULL,NULL,NULL,NULL,NULL,NULL,NULL,NULL,NULL,NULL,NULL,NULL,NULL,NULL,NULL,NULL,NULL,NULL,NULL,NULL),(40,NULL,NULL,NULL,NULL,NULL,NULL,NULL,NULL,NULL,NULL,NULL,NULL,NULL,NULL,NULL,NULL,NULL,NULL,NULL,NULL,NULL,NULL,NULL,NULL,NULL,NULL,NULL,NULL,NULL,NULL,NULL,NULL,NULL,NULL,NULL,NULL,NULL,NULL,NULL,NULL,NULL,NULL,NULL,NULL,NULL,NULL,NULL,NULL,NULL,NULL,NULL,NULL,NULL,NULL,NULL,NULL,NULL,NULL,NULL,NULL,NULL,NULL,NULL,NULL,NULL,NULL,NULL,NULL,NULL,NULL,NULL,NULL,NULL,NULL,NULL,NULL,NULL,NULL,NULL,NULL,NULL,NULL,NULL,NULL,NULL,NULL,NULL,NULL,NULL,NULL,NULL,NULL,NULL,NULL,NULL,NULL,NULL,NULL,NULL,NULL,NULL,NULL,NULL,NULL,NULL,NULL,NULL,NULL,NULL,NULL,NULL,NULL,NULL,NULL,NULL,NULL,NULL,NULL,NULL,NULL,NULL,NULL,NULL,NULL,NULL,NULL,NULL,NULL,NULL,NULL,NULL,NULL,NULL,NULL,NULL,NULL,NULL,NULL,NULL,NULL,NULL,NULL,NULL,NULL,NULL,NULL,NULL,NULL,NULL,NULL,NULL,NULL,NULL,NULL,NULL,NULL,NULL,NULL,NULL,NULL,NULL,NULL,NULL,NULL,NULL,NULL,NULL,NULL,NULL,NULL,NULL,NULL,NULL,NULL,NULL,NULL,NULL,NULL,NULL,NULL,NULL,NULL,NULL,NULL,NULL,NULL,NULL,NULL,NULL,NULL,NULL,NULL,NULL,NULL,NULL,NULL,NULL,NULL,NULL,NULL,NULL,NULL,NULL,NULL,NULL,NULL,NULL,NULL,NULL,NULL,NULL,NULL,NULL,NULL,NULL,NULL,NULL,NULL,NULL,NULL,NULL,NULL,NULL,NULL,NULL,NULL,NULL,NULL,NULL,NULL,NULL,NULL,NULL,NULL,NULL,NULL,NULL,NULL,NULL,NULL,NULL,NULL,NULL,NULL,NULL,NULL,NULL,NULL,NULL,NULL,NULL,NULL,NULL,NULL,NULL,NULL,NULL,NULL,NULL,NULL,NULL,NULL,NULL,NULL,NULL,NULL,NULL,NULL,NULL,NULL,NULL,NULL,NULL,NULL,NULL,NULL,NULL,NULL,NULL,NULL,NULL,NULL,NULL,NULL,NULL,NULL,NULL,NULL,NULL,NULL,NULL,NULL,NULL,NULL,NULL,NULL,NULL,NULL,NULL,NULL,NULL,NULL,NULL,NULL,NULL,NULL,NULL,NULL,NULL,NULL,NULL,NULL,NULL,NULL,NULL,NULL,NULL,NULL,NULL,NULL,NULL,NULL,NULL,NULL),(41,NULL,NULL,NULL,NULL,NULL,NULL,NULL,NULL,NULL,NULL,NULL,NULL,NULL,NULL,NULL,NULL,NULL,NULL,NULL,NULL,NULL,NULL,NULL,NULL,NULL,NULL,NULL,NULL,NULL,NULL,NULL,NULL,NULL,NULL,NULL,NULL,NULL,NULL,NULL,NULL,NULL,NULL,NULL,NULL,NULL,NULL,NULL,NULL,NULL,NULL,NULL,NULL,NULL,NULL,NULL,NULL,NULL,NULL,NULL,NULL,NULL,NULL,NULL,NULL,NULL,NULL,NULL,NULL,NULL,NULL,NULL,NULL,NULL,NULL,NULL,NULL,NULL,NULL,NULL,NULL,NULL,NULL,NULL,NULL,NULL,NULL,NULL,NULL,NULL,NULL,NULL,NULL,NULL,NULL,NULL,NULL,NULL,NULL,NULL,NULL,NULL,NULL,NULL,NULL,NULL,NULL,NULL,NULL,NULL,NULL,NULL,NULL,NULL,NULL,NULL,NULL,NULL,NULL,NULL,NULL,NULL,NULL,NULL,NULL,NULL,NULL,NULL,NULL,NULL,NULL,NULL,NULL,NULL,NULL,NULL,NULL,NULL,NULL,NULL,NULL,NULL,NULL,NULL,NULL,NULL,NULL,NULL,NULL,NULL,NULL,NULL,NULL,NULL,NULL,NULL,NULL,NULL,NULL,NULL,NULL,NULL,NULL,NULL,NULL,NULL,NULL,NULL,NULL,NULL,NULL,NULL,NULL,NULL,NULL,NULL,NULL,NULL,NULL,NULL,NULL,NULL,NULL,NULL,NULL,NULL,NULL,NULL,NULL,NULL,NULL,NULL,NULL,NULL,NULL,NULL,NULL,NULL,NULL,NULL,NULL,NULL,NULL,NULL,NULL,NULL,NULL,NULL,NULL,NULL,NULL,NULL,NULL,NULL,NULL,NULL,NULL,NULL,NULL,NULL,NULL,NULL,NULL,NULL,NULL,NULL,NULL,NULL,NULL,NULL,NULL,NULL,NULL,NULL,NULL,NULL,NULL,NULL,NULL,NULL,NULL,NULL,NULL,NULL,NULL,NULL,NULL,NULL,NULL,NULL,NULL,NULL,NULL,NULL,NULL,NULL,NULL,NULL,NULL,NULL,NULL,NULL,NULL,NULL,NULL,NULL,NULL,NULL,NULL,NULL,NULL,NULL,NULL,NULL,NULL,NULL,NULL,NULL,NULL,NULL,NULL,NULL,NULL,NULL,NULL,NULL,NULL,NULL,NULL,NULL,NULL,NULL,NULL,NULL,NULL,NULL,NULL,NULL,NULL,NULL,NULL,NULL,NULL,NULL,NULL,NULL,NULL,NULL,NULL,NULL,NULL,NULL,NULL,NULL,NULL,NULL,NULL,NULL,NULL,NULL,NULL,NULL,NULL,NULL,NULL),(42,NULL,NULL,NULL,NULL,NULL,NULL,NULL,NULL,NULL,NULL,NULL,NULL,NULL,NULL,NULL,NULL,NULL,NULL,NULL,NULL,NULL,NULL,NULL,NULL,NULL,NULL,NULL,NULL,NULL,NULL,NULL,NULL,NULL,NULL,NULL,NULL,NULL,NULL,NULL,NULL,NULL,NULL,NULL,NULL,NULL,NULL,NULL,NULL,NULL,NULL,NULL,NULL,NULL,NULL,NULL,NULL,NULL,NULL,NULL,NULL,NULL,NULL,NULL,NULL,NULL,NULL,NULL,NULL,NULL,NULL,NULL,NULL,NULL,NULL,NULL,NULL,NULL,NULL,NULL,NULL,NULL,NULL,NULL,NULL,NULL,NULL,NULL,NULL,NULL,NULL,NULL,NULL,NULL,NULL,NULL,NULL,NULL,NULL,NULL,NULL,NULL,NULL,NULL,NULL,NULL,NULL,NULL,NULL,NULL,NULL,NULL,NULL,NULL,NULL,NULL,NULL,NULL,NULL,NULL,NULL,NULL,NULL,NULL,NULL,NULL,NULL,NULL,NULL,NULL,NULL,NULL,NULL,NULL,NULL,NULL,NULL,NULL,NULL,NULL,NULL,NULL,NULL,NULL,NULL,NULL,NULL,NULL,NULL,NULL,NULL,NULL,NULL,NULL,NULL,NULL,NULL,NULL,NULL,NULL,NULL,NULL,NULL,NULL,NULL,NULL,NULL,NULL,NULL,NULL,NULL,NULL,NULL,NULL,NULL,NULL,NULL,NULL,NULL,NULL,NULL,NULL,NULL,NULL,NULL,NULL,NULL,NULL,NULL,NULL,NULL,NULL,NULL,NULL,NULL,NULL,NULL,NULL,NULL,NULL,NULL,NULL,NULL,NULL,NULL,NULL,NULL,NULL,NULL,NULL,NULL,NULL,NULL,NULL,NULL,NULL,NULL,NULL,NULL,NULL,NULL,NULL,NULL,NULL,NULL,NULL,NULL,NULL,NULL,NULL,NULL,NULL,NULL,NULL,NULL,NULL,NULL,NULL,NULL,NULL,NULL,NULL,NULL,NULL,NULL,NULL,NULL,NULL,NULL,NULL,NULL,NULL,NULL,NULL,NULL,NULL,NULL,NULL,NULL,NULL,NULL,NULL,NULL,NULL,NULL,NULL,NULL,NULL,NULL,NULL,NULL,NULL,NULL,NULL,NULL,NULL,NULL,NULL,NULL,NULL,NULL,NULL,NULL,NULL,NULL,NULL,NULL,NULL,NULL,NULL,NULL,NULL,NULL,NULL,NULL,NULL,NULL,NULL,NULL,NULL,NULL,NULL,NULL,NULL,NULL,NULL,NULL,NULL,NULL,NULL,NULL,NULL,NULL,NULL,NULL,NULL,NULL,NULL,NULL,NULL,NULL,NULL,NULL,NULL,NULL),(43,NULL,NULL,NULL,NULL,NULL,NULL,NULL,NULL,NULL,NULL,NULL,NULL,NULL,NULL,NULL,NULL,NULL,NULL,NULL,NULL,NULL,NULL,NULL,NULL,NULL,NULL,NULL,NULL,NULL,NULL,NULL,NULL,NULL,NULL,NULL,NULL,NULL,NULL,NULL,NULL,NULL,NULL,NULL,NULL,NULL,NULL,NULL,NULL,NULL,NULL,NULL,NULL,NULL,NULL,NULL,NULL,NULL,NULL,NULL,NULL,NULL,NULL,NULL,NULL,NULL,NULL,NULL,NULL,NULL,NULL,NULL,NULL,NULL,NULL,NULL,NULL,NULL,NULL,NULL,NULL,NULL,NULL,NULL,NULL,NULL,NULL,NULL,NULL,NULL,NULL,NULL,NULL,NULL,NULL,NULL,NULL,NULL,NULL,NULL,NULL,NULL,NULL,NULL,NULL,NULL,NULL,NULL,NULL,NULL,NULL,NULL,NULL,NULL,NULL,NULL,NULL,NULL,NULL,NULL,NULL,NULL,NULL,NULL,NULL,NULL,NULL,NULL,NULL,NULL,NULL,NULL,NULL,NULL,NULL,NULL,NULL,NULL,NULL,NULL,NULL,NULL,NULL,NULL,NULL,NULL,NULL,NULL,NULL,NULL,NULL,NULL,NULL,NULL,NULL,NULL,NULL,NULL,NULL,NULL,NULL,NULL,NULL,NULL,NULL,NULL,NULL,NULL,NULL,NULL,NULL,NULL,NULL,NULL,NULL,NULL,NULL,NULL,NULL,NULL,NULL,NULL,NULL,NULL,NULL,NULL,NULL,NULL,NULL,NULL,NULL,NULL,NULL,NULL,NULL,NULL,NULL,NULL,NULL,NULL,NULL,NULL,NULL,NULL,NULL,NULL,NULL,NULL,NULL,NULL,NULL,NULL,NULL,NULL,NULL,NULL,NULL,NULL,NULL,NULL,NULL,NULL,NULL,NULL,NULL,NULL,NULL,NULL,NULL,NULL,NULL,NULL,NULL,NULL,NULL,NULL,NULL,NULL,NULL,NULL,NULL,NULL,NULL,NULL,NULL,NULL,NULL,NULL,NULL,NULL,NULL,NULL,NULL,NULL,NULL,NULL,NULL,NULL,NULL,NULL,NULL,NULL,NULL,NULL,NULL,NULL,NULL,NULL,NULL,NULL,NULL,NULL,NULL,NULL,NULL,NULL,NULL,NULL,NULL,NULL,NULL,NULL,NULL,NULL,NULL,NULL,NULL,NULL,NULL,NULL,NULL,NULL,NULL,NULL,NULL,NULL,NULL,NULL,NULL,NULL,NULL,NULL,NULL,NULL,NULL,NULL,NULL,NULL,NULL,NULL,NULL,NULL,NULL,NULL,NULL,NULL,NULL,NULL,NULL,NULL,NULL,NULL,NULL,NULL,NULL),(44,NULL,NULL,NULL,NULL,NULL,NULL,NULL,NULL,NULL,NULL,NULL,NULL,NULL,NULL,NULL,NULL,NULL,NULL,NULL,NULL,NULL,NULL,NULL,NULL,NULL,NULL,NULL,NULL,NULL,NULL,NULL,NULL,NULL,NULL,NULL,NULL,NULL,NULL,NULL,NULL,NULL,NULL,NULL,NULL,NULL,NULL,NULL,NULL,NULL,NULL,NULL,NULL,NULL,NULL,NULL,NULL,NULL,NULL,NULL,NULL,NULL,NULL,NULL,NULL,NULL,NULL,NULL,NULL,NULL,NULL,NULL,NULL,NULL,NULL,NULL,NULL,NULL,NULL,NULL,NULL,NULL,NULL,NULL,NULL,NULL,NULL,NULL,NULL,NULL,NULL,NULL,NULL,NULL,NULL,NULL,NULL,NULL,NULL,NULL,NULL,NULL,NULL,NULL,NULL,NULL,NULL,NULL,NULL,NULL,NULL,NULL,NULL,NULL,NULL,NULL,NULL,NULL,NULL,NULL,NULL,NULL,NULL,NULL,NULL,NULL,NULL,NULL,NULL,NULL,NULL,NULL,NULL,NULL,NULL,NULL,NULL,NULL,NULL,NULL,NULL,NULL,NULL,NULL,NULL,NULL,NULL,NULL,NULL,NULL,NULL,NULL,NULL,NULL,NULL,NULL,NULL,NULL,NULL,NULL,NULL,NULL,NULL,NULL,NULL,NULL,NULL,NULL,NULL,NULL,NULL,NULL,NULL,NULL,NULL,NULL,NULL,NULL,NULL,NULL,NULL,NULL,NULL,NULL,NULL,NULL,NULL,NULL,NULL,NULL,NULL,NULL,NULL,NULL,NULL,NULL,NULL,NULL,NULL,NULL,NULL,NULL,NULL,NULL,NULL,NULL,NULL,NULL,NULL,NULL,NULL,NULL,NULL,NULL,NULL,NULL,NULL,NULL,NULL,NULL,NULL,NULL,NULL,NULL,NULL,NULL,NULL,NULL,NULL,NULL,NULL,NULL,NULL,NULL,NULL,NULL,NULL,NULL,NULL,NULL,NULL,NULL,NULL,NULL,NULL,NULL,NULL,NULL,NULL,NULL,NULL,NULL,NULL,NULL,NULL,NULL,NULL,NULL,NULL,NULL,NULL,NULL,NULL,NULL,NULL,NULL,NULL,NULL,NULL,NULL,NULL,NULL,NULL,NULL,NULL,NULL,NULL,NULL,NULL,NULL,NULL,NULL,NULL,NULL,NULL,NULL,NULL,NULL,NULL,NULL,NULL,NULL,NULL,NULL,NULL,NULL,NULL,NULL,NULL,NULL,NULL,NULL,NULL,NULL,NULL,NULL,NULL,NULL,NULL,NULL,NULL,NULL,NULL,NULL,NULL,NULL,NULL,NULL,NULL,NULL,NULL,NULL,NULL,NULL,NULL),(45,NULL,NULL,NULL,NULL,NULL,NULL,NULL,NULL,NULL,NULL,NULL,NULL,NULL,NULL,NULL,NULL,NULL,NULL,NULL,NULL,NULL,NULL,NULL,NULL,NULL,NULL,NULL,NULL,NULL,NULL,NULL,NULL,NULL,NULL,NULL,NULL,NULL,NULL,NULL,NULL,NULL,NULL,NULL,NULL,NULL,NULL,NULL,NULL,NULL,NULL,NULL,NULL,NULL,NULL,NULL,NULL,NULL,NULL,NULL,NULL,NULL,NULL,NULL,NULL,NULL,NULL,NULL,NULL,NULL,NULL,NULL,NULL,NULL,NULL,NULL,NULL,NULL,NULL,NULL,NULL,NULL,NULL,NULL,NULL,NULL,NULL,NULL,NULL,NULL,NULL,NULL,NULL,NULL,NULL,NULL,NULL,NULL,NULL,NULL,NULL,NULL,NULL,NULL,NULL,NULL,NULL,NULL,NULL,NULL,NULL,NULL,NULL,NULL,NULL,NULL,NULL,NULL,NULL,NULL,NULL,NULL,NULL,NULL,NULL,NULL,NULL,NULL,NULL,NULL,NULL,NULL,NULL,NULL,NULL,NULL,NULL,NULL,NULL,NULL,NULL,NULL,NULL,NULL,NULL,NULL,NULL,NULL,NULL,NULL,NULL,NULL,NULL,NULL,NULL,NULL,NULL,NULL,NULL,NULL,NULL,NULL,NULL,NULL,NULL,NULL,NULL,NULL,NULL,NULL,NULL,NULL,NULL,NULL,NULL,NULL,NULL,NULL,NULL,NULL,NULL,NULL,NULL,NULL,NULL,NULL,NULL,NULL,NULL,NULL,NULL,NULL,NULL,NULL,NULL,NULL,NULL,NULL,NULL,NULL,NULL,NULL,NULL,NULL,NULL,NULL,NULL,NULL,NULL,NULL,NULL,NULL,NULL,NULL,NULL,NULL,NULL,NULL,NULL,NULL,NULL,NULL,NULL,NULL,NULL,NULL,NULL,NULL,NULL,NULL,NULL,NULL,NULL,NULL,NULL,NULL,NULL,NULL,NULL,NULL,NULL,NULL,NULL,NULL,NULL,NULL,NULL,NULL,NULL,NULL,NULL,NULL,NULL,NULL,NULL,NULL,NULL,NULL,NULL,NULL,NULL,NULL,NULL,NULL,NULL,NULL,NULL,NULL,NULL,NULL,NULL,NULL,NULL,NULL,NULL,NULL,NULL,NULL,NULL,NULL,NULL,NULL,NULL,NULL,NULL,NULL,NULL,NULL,NULL,NULL,NULL,NULL,NULL,NULL,NULL,NULL,NULL,NULL,NULL,NULL,NULL,NULL,NULL,NULL,NULL,NULL,NULL,NULL,NULL,NULL,NULL,NULL,NULL,NULL,NULL,NULL,NULL,NULL,NULL,NULL,NULL,NULL,NULL,NULL,NULL),(46,NULL,NULL,NULL,NULL,NULL,NULL,NULL,NULL,NULL,NULL,NULL,NULL,NULL,NULL,NULL,NULL,NULL,NULL,NULL,NULL,NULL,NULL,NULL,NULL,NULL,NULL,NULL,NULL,NULL,NULL,NULL,NULL,NULL,NULL,NULL,NULL,NULL,NULL,NULL,NULL,NULL,NULL,NULL,NULL,NULL,NULL,NULL,NULL,NULL,NULL,NULL,NULL,NULL,NULL,NULL,NULL,NULL,NULL,NULL,NULL,NULL,NULL,NULL,NULL,NULL,NULL,NULL,NULL,NULL,NULL,NULL,NULL,NULL,NULL,NULL,NULL,NULL,NULL,NULL,NULL,NULL,NULL,NULL,NULL,NULL,NULL,NULL,NULL,NULL,NULL,NULL,NULL,NULL,NULL,NULL,NULL,NULL,NULL,NULL,NULL,NULL,NULL,NULL,NULL,NULL,NULL,NULL,NULL,NULL,NULL,NULL,NULL,NULL,NULL,NULL,NULL,NULL,NULL,NULL,NULL,NULL,NULL,NULL,NULL,NULL,NULL,NULL,NULL,NULL,NULL,NULL,NULL,NULL,NULL,NULL,NULL,NULL,NULL,NULL,NULL,NULL,NULL,NULL,NULL,NULL,NULL,NULL,NULL,NULL,NULL,NULL,NULL,NULL,NULL,NULL,NULL,NULL,NULL,NULL,NULL,NULL,NULL,NULL,NULL,NULL,NULL,NULL,NULL,NULL,NULL,NULL,NULL,NULL,NULL,NULL,NULL,NULL,NULL,NULL,NULL,NULL,NULL,NULL,NULL,NULL,NULL,NULL,NULL,NULL,NULL,NULL,NULL,NULL,NULL,NULL,NULL,NULL,NULL,NULL,NULL,NULL,NULL,NULL,NULL,NULL,NULL,NULL,NULL,NULL,NULL,NULL,NULL,NULL,NULL,NULL,NULL,NULL,NULL,NULL,NULL,NULL,NULL,NULL,NULL,NULL,NULL,NULL,NULL,NULL,NULL,NULL,NULL,NULL,NULL,NULL,NULL,NULL,NULL,NULL,NULL,NULL,NULL,NULL,NULL,NULL,NULL,NULL,NULL,NULL,NULL,NULL,NULL,NULL,NULL,NULL,NULL,NULL,NULL,NULL,NULL,NULL,NULL,NULL,NULL,NULL,NULL,NULL,NULL,NULL,NULL,NULL,NULL,NULL,NULL,NULL,NULL,NULL,NULL,NULL,NULL,NULL,NULL,NULL,NULL,NULL,NULL,NULL,NULL,NULL,NULL,NULL,NULL,NULL,NULL,NULL,NULL,NULL,NULL,NULL,NULL,NULL,NULL,NULL,NULL,NULL,NULL,NULL,NULL,NULL,NULL,NULL,NULL,NULL,NULL,NULL,NULL,NULL,NULL,NULL,NULL,NULL,NULL,NULL,NULL),(47,NULL,NULL,NULL,NULL,NULL,NULL,NULL,NULL,NULL,NULL,NULL,NULL,NULL,NULL,NULL,NULL,NULL,NULL,NULL,NULL,NULL,NULL,NULL,NULL,NULL,NULL,NULL,NULL,NULL,NULL,NULL,NULL,NULL,NULL,NULL,NULL,NULL,NULL,NULL,NULL,NULL,NULL,NULL,NULL,NULL,NULL,NULL,NULL,NULL,NULL,NULL,NULL,NULL,NULL,NULL,NULL,NULL,NULL,NULL,NULL,NULL,NULL,NULL,NULL,NULL,NULL,NULL,NULL,NULL,NULL,NULL,NULL,NULL,NULL,NULL,NULL,NULL,NULL,NULL,NULL,NULL,NULL,NULL,NULL,NULL,NULL,NULL,NULL,NULL,NULL,NULL,NULL,NULL,NULL,NULL,NULL,NULL,NULL,NULL,NULL,NULL,NULL,NULL,NULL,NULL,NULL,NULL,NULL,NULL,NULL,NULL,NULL,NULL,NULL,NULL,NULL,NULL,NULL,NULL,NULL,NULL,NULL,NULL,NULL,NULL,NULL,NULL,NULL,NULL,NULL,NULL,NULL,NULL,NULL,NULL,NULL,NULL,NULL,NULL,NULL,NULL,NULL,NULL,NULL,NULL,NULL,NULL,NULL,NULL,NULL,NULL,NULL,NULL,NULL,NULL,NULL,NULL,NULL,NULL,NULL,NULL,NULL,NULL,NULL,NULL,NULL,NULL,NULL,NULL,NULL,NULL,NULL,NULL,NULL,NULL,NULL,NULL,NULL,NULL,NULL,NULL,NULL,NULL,NULL,NULL,NULL,NULL,NULL,NULL,NULL,NULL,NULL,NULL,NULL,NULL,NULL,NULL,NULL,NULL,NULL,NULL,NULL,NULL,NULL,NULL,NULL,NULL,NULL,NULL,NULL,NULL,NULL,NULL,NULL,NULL,NULL,NULL,NULL,NULL,NULL,NULL,NULL,NULL,NULL,NULL,NULL,NULL,NULL,NULL,NULL,NULL,NULL,NULL,NULL,NULL,NULL,NULL,NULL,NULL,NULL,NULL,NULL,NULL,NULL,NULL,NULL,NULL,NULL,NULL,NULL,NULL,NULL,NULL,NULL,NULL,NULL,NULL,NULL,NULL,NULL,NULL,NULL,NULL,NULL,NULL,NULL,NULL,NULL,NULL,NULL,NULL,NULL,NULL,NULL,NULL,NULL,NULL,NULL,NULL,NULL,NULL,NULL,NULL,NULL,NULL,NULL,NULL,NULL,NULL,NULL,NULL,NULL,NULL,NULL,NULL,NULL,NULL,NULL,NULL,NULL,NULL,NULL,NULL,NULL,NULL,NULL,NULL,NULL,NULL,NULL,NULL,NULL,NULL,NULL,NULL,NULL,NULL,NULL,NULL,NULL,NULL,NULL,NULL,NULL),(48,NULL,NULL,NULL,NULL,NULL,NULL,NULL,NULL,NULL,NULL,NULL,NULL,NULL,NULL,NULL,NULL,NULL,NULL,NULL,NULL,NULL,NULL,NULL,NULL,NULL,NULL,NULL,NULL,NULL,NULL,NULL,NULL,NULL,NULL,NULL,NULL,NULL,NULL,NULL,NULL,NULL,NULL,NULL,NULL,NULL,NULL,NULL,NULL,NULL,NULL,NULL,NULL,NULL,NULL,NULL,NULL,NULL,NULL,NULL,NULL,NULL,NULL,NULL,NULL,NULL,NULL,NULL,NULL,NULL,NULL,NULL,NULL,NULL,NULL,NULL,NULL,NULL,NULL,NULL,NULL,NULL,NULL,NULL,NULL,NULL,NULL,NULL,NULL,NULL,NULL,NULL,NULL,NULL,NULL,NULL,NULL,NULL,NULL,NULL,NULL,NULL,NULL,NULL,NULL,NULL,NULL,NULL,NULL,NULL,NULL,NULL,NULL,NULL,NULL,NULL,NULL,NULL,NULL,NULL,NULL,NULL,NULL,NULL,NULL,NULL,NULL,NULL,NULL,NULL,NULL,NULL,NULL,NULL,NULL,NULL,NULL,NULL,NULL,NULL,NULL,NULL,NULL,NULL,NULL,NULL,NULL,NULL,NULL,NULL,NULL,NULL,NULL,NULL,NULL,NULL,NULL,NULL,NULL,NULL,NULL,NULL,NULL,NULL,NULL,NULL,NULL,NULL,NULL,NULL,NULL,NULL,NULL,NULL,NULL,NULL,NULL,NULL,NULL,NULL,NULL,NULL,NULL,NULL,NULL,NULL,NULL,NULL,NULL,NULL,NULL,NULL,NULL,NULL,NULL,NULL,NULL,NULL,NULL,NULL,NULL,NULL,NULL,NULL,NULL,NULL,NULL,NULL,NULL,NULL,NULL,NULL,NULL,NULL,NULL,NULL,NULL,NULL,NULL,NULL,NULL,NULL,NULL,NULL,NULL,NULL,NULL,NULL,NULL,NULL,NULL,NULL,NULL,NULL,NULL,NULL,NULL,NULL,NULL,NULL,NULL,NULL,NULL,NULL,NULL,NULL,NULL,NULL,NULL,NULL,NULL,NULL,NULL,NULL,NULL,NULL,NULL,NULL,NULL,NULL,NULL,NULL,NULL,NULL,NULL,NULL,NULL,NULL,NULL,NULL,NULL,NULL,NULL,NULL,NULL,NULL,NULL,NULL,NULL,NULL,NULL,NULL,NULL,NULL,NULL,NULL,NULL,NULL,NULL,NULL,NULL,NULL,NULL,NULL,NULL,NULL,NULL,NULL,NULL,NULL,NULL,NULL,NULL,NULL,NULL,NULL,NULL,NULL,NULL,NULL,NULL,NULL,NULL,NULL,NULL,NULL,NULL,NULL,NULL,NULL,NULL,NULL,NULL,NULL,NULL),(49,NULL,NULL,NULL,NULL,NULL,NULL,NULL,NULL,NULL,NULL,NULL,NULL,NULL,NULL,NULL,NULL,NULL,NULL,NULL,NULL,NULL,NULL,NULL,NULL,NULL,NULL,NULL,NULL,NULL,NULL,NULL,NULL,NULL,NULL,NULL,NULL,NULL,NULL,NULL,NULL,NULL,NULL,NULL,NULL,NULL,NULL,NULL,NULL,NULL,NULL,NULL,NULL,NULL,NULL,NULL,NULL,NULL,NULL,NULL,NULL,NULL,NULL,NULL,NULL,NULL,NULL,NULL,NULL,NULL,NULL,NULL,NULL,NULL,NULL,NULL,NULL,NULL,NULL,NULL,NULL,NULL,NULL,NULL,NULL,NULL,NULL,NULL,NULL,NULL,NULL,NULL,NULL,NULL,NULL,NULL,NULL,NULL,NULL,NULL,NULL,NULL,NULL,NULL,NULL,NULL,NULL,NULL,NULL,NULL,NULL,NULL,NULL,NULL,NULL,NULL,NULL,NULL,NULL,NULL,NULL,NULL,NULL,NULL,NULL,NULL,NULL,NULL,NULL,NULL,NULL,NULL,NULL,NULL,NULL,NULL,NULL,NULL,NULL,NULL,NULL,NULL,NULL,NULL,NULL,NULL,NULL,NULL,NULL,NULL,NULL,NULL,NULL,NULL,NULL,NULL,NULL,NULL,NULL,NULL,NULL,NULL,NULL,NULL,NULL,NULL,NULL,NULL,NULL,NULL,NULL,NULL,NULL,NULL,NULL,NULL,NULL,NULL,NULL,NULL,NULL,NULL,NULL,NULL,NULL,NULL,NULL,NULL,NULL,NULL,NULL,NULL,NULL,NULL,NULL,NULL,NULL,NULL,NULL,NULL,NULL,NULL,NULL,NULL,NULL,NULL,NULL,NULL,NULL,NULL,NULL,NULL,NULL,NULL,NULL,NULL,NULL,NULL,NULL,NULL,NULL,NULL,NULL,NULL,NULL,NULL,NULL,NULL,NULL,NULL,NULL,NULL,NULL,NULL,NULL,NULL,NULL,NULL,NULL,NULL,NULL,NULL,NULL,NULL,NULL,NULL,NULL,NULL,NULL,NULL,NULL,NULL,NULL,NULL,NULL,NULL,NULL,NULL,NULL,NULL,NULL,NULL,NULL,NULL,NULL,NULL,NULL,NULL,NULL,NULL,NULL,NULL,NULL,NULL,NULL,NULL,NULL,NULL,NULL,NULL,NULL,NULL,NULL,NULL,NULL,NULL,NULL,NULL,NULL,NULL,NULL,NULL,NULL,NULL,NULL,NULL,NULL,NULL,NULL,NULL,NULL,NULL,NULL,NULL,NULL,NULL,NULL,NULL,NULL,NULL,NULL,NULL,NULL,NULL,NULL,NULL,NULL,NULL,NULL,NULL,NULL,NULL,NULL,NULL,NULL),(50,NULL,NULL,NULL,NULL,NULL,NULL,NULL,NULL,NULL,NULL,NULL,NULL,NULL,NULL,NULL,NULL,NULL,NULL,NULL,NULL,NULL,NULL,NULL,NULL,NULL,NULL,NULL,NULL,NULL,NULL,NULL,NULL,NULL,NULL,NULL,NULL,NULL,NULL,NULL,NULL,NULL,NULL,NULL,NULL,NULL,NULL,NULL,NULL,NULL,NULL,NULL,NULL,NULL,NULL,NULL,NULL,NULL,NULL,NULL,NULL,NULL,NULL,NULL,NULL,NULL,NULL,NULL,NULL,NULL,NULL,NULL,NULL,NULL,NULL,NULL,NULL,NULL,NULL,NULL,NULL,NULL,NULL,NULL,NULL,NULL,NULL,NULL,NULL,NULL,NULL,NULL,NULL,NULL,NULL,NULL,NULL,NULL,NULL,NULL,NULL,NULL,NULL,NULL,NULL,NULL,NULL,NULL,NULL,NULL,NULL,NULL,NULL,NULL,NULL,NULL,NULL,NULL,NULL,NULL,NULL,NULL,NULL,NULL,NULL,NULL,NULL,NULL,NULL,NULL,NULL,NULL,NULL,NULL,NULL,NULL,NULL,NULL,NULL,NULL,NULL,NULL,NULL,NULL,NULL,NULL,NULL,NULL,NULL,NULL,NULL,NULL,NULL,NULL,NULL,NULL,NULL,NULL,NULL,NULL,NULL,NULL,NULL,NULL,NULL,NULL,NULL,NULL,NULL,NULL,NULL,NULL,NULL,NULL,NULL,NULL,NULL,NULL,NULL,NULL,NULL,NULL,NULL,NULL,NULL,NULL,NULL,NULL,NULL,NULL,NULL,NULL,NULL,NULL,NULL,NULL,NULL,NULL,NULL,NULL,NULL,NULL,NULL,NULL,NULL,NULL,NULL,NULL,NULL,NULL,NULL,NULL,NULL,NULL,NULL,NULL,NULL,NULL,NULL,NULL,NULL,NULL,NULL,NULL,NULL,NULL,NULL,NULL,NULL,NULL,NULL,NULL,NULL,NULL,NULL,NULL,NULL,NULL,NULL,NULL,NULL,NULL,NULL,NULL,NULL,NULL,NULL,NULL,NULL,NULL,NULL,NULL,NULL,NULL,NULL,NULL,NULL,NULL,NULL,NULL,NULL,NULL,NULL,NULL,NULL,NULL,NULL,NULL,NULL,NULL,NULL,NULL,NULL,NULL,NULL,NULL,NULL,NULL,NULL,NULL,NULL,NULL,NULL,NULL,NULL,NULL,NULL,NULL,NULL,NULL,NULL,NULL,NULL,NULL,NULL,NULL,NULL,NULL,NULL,NULL,NULL,NULL,NULL,NULL,NULL,NULL,NULL,NULL,NULL,NULL,NULL,NULL,NULL,NULL,NULL,NULL,NULL,NULL,NULL,NULL,NULL,NULL,NULL,NULL,NULL),(51,NULL,NULL,NULL,NULL,NULL,NULL,NULL,NULL,NULL,NULL,NULL,NULL,NULL,NULL,NULL,NULL,NULL,NULL,NULL,NULL,NULL,NULL,NULL,NULL,NULL,NULL,NULL,NULL,NULL,NULL,NULL,NULL,NULL,NULL,NULL,NULL,NULL,NULL,NULL,NULL,NULL,NULL,NULL,NULL,NULL,NULL,NULL,NULL,NULL,NULL,NULL,NULL,NULL,NULL,NULL,NULL,NULL,NULL,NULL,NULL,NULL,NULL,NULL,NULL,NULL,NULL,NULL,NULL,NULL,NULL,NULL,NULL,NULL,NULL,NULL,NULL,NULL,NULL,NULL,NULL,NULL,NULL,NULL,NULL,NULL,NULL,NULL,NULL,NULL,NULL,NULL,NULL,NULL,NULL,NULL,NULL,NULL,NULL,NULL,NULL,NULL,NULL,NULL,NULL,NULL,NULL,NULL,NULL,NULL,NULL,NULL,NULL,NULL,NULL,NULL,NULL,NULL,NULL,NULL,NULL,NULL,NULL,NULL,NULL,NULL,NULL,NULL,NULL,NULL,NULL,NULL,NULL,NULL,NULL,NULL,NULL,NULL,NULL,NULL,NULL,NULL,NULL,NULL,NULL,NULL,NULL,NULL,NULL,NULL,NULL,NULL,NULL,NULL,NULL,NULL,NULL,NULL,NULL,NULL,NULL,NULL,NULL,NULL,NULL,NULL,NULL,NULL,NULL,NULL,NULL,NULL,NULL,NULL,NULL,NULL,NULL,NULL,NULL,NULL,NULL,NULL,NULL,NULL,NULL,NULL,NULL,NULL,NULL,NULL,NULL,NULL,NULL,NULL,NULL,NULL,NULL,NULL,NULL,NULL,NULL,NULL,NULL,NULL,NULL,NULL,NULL,NULL,NULL,NULL,NULL,NULL,NULL,NULL,NULL,NULL,NULL,NULL,NULL,NULL,NULL,NULL,NULL,NULL,NULL,NULL,NULL,NULL,NULL,NULL,NULL,NULL,NULL,NULL,NULL,NULL,NULL,NULL,NULL,NULL,NULL,NULL,NULL,NULL,NULL,NULL,NULL,NULL,NULL,NULL,NULL,NULL,NULL,NULL,NULL,NULL,NULL,NULL,NULL,NULL,NULL,NULL,NULL,NULL,NULL,NULL,NULL,NULL,NULL,NULL,NULL,NULL,NULL,NULL,NULL,NULL,NULL,NULL,NULL,NULL,NULL,NULL,NULL,NULL,NULL,NULL,NULL,NULL,NULL,NULL,NULL,NULL,NULL,NULL,NULL,NULL,NULL,NULL,NULL,NULL,NULL,NULL,NULL,NULL,NULL,NULL,NULL,NULL,NULL,NULL,NULL,NULL,NULL,NULL,NULL,NULL,NULL,NULL,NULL,NULL,NULL,NULL,NULL,NULL,NULL),(52,NULL,NULL,NULL,NULL,NULL,NULL,NULL,NULL,NULL,NULL,NULL,NULL,NULL,NULL,NULL,NULL,NULL,NULL,NULL,NULL,NULL,NULL,NULL,NULL,NULL,NULL,NULL,NULL,NULL,NULL,NULL,NULL,NULL,NULL,NULL,NULL,NULL,NULL,NULL,NULL,NULL,NULL,NULL,NULL,NULL,NULL,NULL,NULL,NULL,NULL,NULL,NULL,NULL,NULL,NULL,NULL,NULL,NULL,NULL,NULL,NULL,NULL,NULL,NULL,NULL,NULL,NULL,NULL,NULL,NULL,NULL,NULL,NULL,NULL,NULL,NULL,NULL,NULL,NULL,NULL,NULL,NULL,NULL,NULL,NULL,NULL,NULL,NULL,NULL,NULL,NULL,NULL,NULL,NULL,NULL,NULL,NULL,NULL,NULL,NULL,NULL,NULL,NULL,NULL,NULL,NULL,NULL,NULL,NULL,NULL,NULL,NULL,NULL,NULL,NULL,NULL,NULL,NULL,NULL,NULL,NULL,NULL,NULL,NULL,NULL,NULL,NULL,NULL,NULL,NULL,NULL,NULL,NULL,NULL,NULL,NULL,NULL,NULL,NULL,NULL,NULL,NULL,NULL,NULL,NULL,NULL,NULL,NULL,NULL,NULL,NULL,NULL,NULL,NULL,NULL,NULL,NULL,NULL,NULL,NULL,NULL,NULL,NULL,NULL,NULL,NULL,NULL,NULL,NULL,NULL,NULL,NULL,NULL,NULL,NULL,NULL,NULL,NULL,NULL,NULL,NULL,NULL,NULL,NULL,NULL,NULL,NULL,NULL,NULL,NULL,NULL,NULL,NULL,NULL,NULL,NULL,NULL,NULL,NULL,NULL,NULL,NULL,NULL,NULL,NULL,NULL,NULL,NULL,NULL,NULL,NULL,NULL,NULL,NULL,NULL,NULL,NULL,NULL,NULL,NULL,NULL,NULL,NULL,NULL,NULL,NULL,NULL,NULL,NULL,NULL,NULL,NULL,NULL,NULL,NULL,NULL,NULL,NULL,NULL,NULL,NULL,NULL,NULL,NULL,NULL,NULL,NULL,NULL,NULL,NULL,NULL,NULL,NULL,NULL,NULL,NULL,NULL,NULL,NULL,NULL,NULL,NULL,NULL,NULL,NULL,NULL,NULL,NULL,NULL,NULL,NULL,NULL,NULL,NULL,NULL,NULL,NULL,NULL,NULL,NULL,NULL,NULL,NULL,NULL,NULL,NULL,NULL,NULL,NULL,NULL,NULL,NULL,NULL,NULL,NULL,NULL,NULL,NULL,NULL,NULL,NULL,NULL,NULL,NULL,NULL,NULL,NULL,NULL,NULL,NULL,NULL,NULL,NULL,NULL,NULL,NULL,NULL,NULL,NULL,NULL,NULL,NULL,NULL,NULL),(53,NULL,NULL,NULL,NULL,NULL,NULL,NULL,NULL,NULL,NULL,NULL,NULL,NULL,NULL,NULL,NULL,NULL,NULL,NULL,NULL,NULL,NULL,NULL,NULL,NULL,NULL,NULL,NULL,NULL,NULL,NULL,NULL,NULL,NULL,NULL,NULL,NULL,NULL,NULL,NULL,NULL,NULL,NULL,NULL,NULL,NULL,NULL,NULL,NULL,NULL,NULL,NULL,NULL,NULL,NULL,NULL,NULL,NULL,NULL,NULL,NULL,NULL,NULL,NULL,NULL,NULL,NULL,NULL,NULL,NULL,NULL,NULL,NULL,NULL,NULL,NULL,NULL,NULL,NULL,NULL,NULL,NULL,NULL,NULL,NULL,NULL,NULL,NULL,NULL,NULL,NULL,NULL,NULL,NULL,NULL,NULL,NULL,NULL,NULL,NULL,NULL,NULL,NULL,NULL,NULL,NULL,NULL,NULL,NULL,NULL,NULL,NULL,NULL,NULL,NULL,NULL,NULL,NULL,NULL,NULL,NULL,NULL,NULL,NULL,NULL,NULL,NULL,NULL,NULL,NULL,NULL,NULL,NULL,NULL,NULL,NULL,NULL,NULL,NULL,NULL,NULL,NULL,NULL,NULL,NULL,NULL,NULL,NULL,NULL,NULL,NULL,NULL,NULL,NULL,NULL,NULL,NULL,NULL,NULL,NULL,NULL,NULL,NULL,NULL,NULL,NULL,NULL,NULL,NULL,NULL,NULL,NULL,NULL,NULL,NULL,NULL,NULL,NULL,NULL,NULL,NULL,NULL,NULL,NULL,NULL,NULL,NULL,NULL,NULL,NULL,NULL,NULL,NULL,NULL,NULL,NULL,NULL,NULL,NULL,NULL,NULL,NULL,NULL,NULL,NULL,NULL,NULL,NULL,NULL,NULL,NULL,NULL,NULL,NULL,NULL,NULL,NULL,NULL,NULL,NULL,NULL,NULL,NULL,NULL,NULL,NULL,NULL,NULL,NULL,NULL,NULL,NULL,NULL,NULL,NULL,NULL,NULL,NULL,NULL,NULL,NULL,NULL,NULL,NULL,NULL,NULL,NULL,NULL,NULL,NULL,NULL,NULL,NULL,NULL,NULL,NULL,NULL,NULL,NULL,NULL,NULL,NULL,NULL,NULL,NULL,NULL,NULL,NULL,NULL,NULL,NULL,NULL,NULL,NULL,NULL,NULL,NULL,NULL,NULL,NULL,NULL,NULL,NULL,NULL,NULL,NULL,NULL,NULL,NULL,NULL,NULL,NULL,NULL,NULL,NULL,NULL,NULL,NULL,NULL,NULL,NULL,NULL,NULL,NULL,NULL,NULL,NULL,NULL,NULL,NULL,NULL,NULL,NULL,NULL,NULL,NULL,NULL,NULL,NULL,NULL,NULL,NULL,NULL,NULL),(54,NULL,NULL,NULL,NULL,NULL,NULL,NULL,NULL,NULL,NULL,NULL,NULL,NULL,NULL,NULL,NULL,NULL,NULL,NULL,NULL,NULL,NULL,NULL,NULL,NULL,NULL,NULL,NULL,NULL,NULL,NULL,NULL,NULL,NULL,NULL,NULL,NULL,NULL,NULL,NULL,NULL,NULL,NULL,NULL,NULL,NULL,NULL,NULL,NULL,NULL,NULL,NULL,NULL,NULL,NULL,NULL,NULL,NULL,NULL,NULL,NULL,NULL,NULL,NULL,NULL,NULL,NULL,NULL,NULL,NULL,NULL,NULL,NULL,NULL,NULL,NULL,NULL,NULL,NULL,NULL,NULL,NULL,NULL,NULL,NULL,NULL,NULL,NULL,NULL,NULL,NULL,NULL,NULL,NULL,NULL,NULL,NULL,NULL,NULL,NULL,NULL,NULL,NULL,NULL,NULL,NULL,NULL,NULL,NULL,NULL,NULL,NULL,NULL,NULL,NULL,NULL,NULL,NULL,NULL,NULL,NULL,NULL,NULL,NULL,NULL,NULL,NULL,NULL,NULL,NULL,NULL,NULL,NULL,NULL,NULL,NULL,NULL,NULL,NULL,NULL,NULL,NULL,NULL,NULL,NULL,NULL,NULL,NULL,NULL,NULL,NULL,NULL,NULL,NULL,NULL,NULL,NULL,NULL,NULL,NULL,NULL,NULL,NULL,NULL,NULL,NULL,NULL,NULL,NULL,NULL,NULL,NULL,NULL,NULL,NULL,NULL,NULL,NULL,NULL,NULL,NULL,NULL,NULL,NULL,NULL,NULL,NULL,NULL,NULL,NULL,NULL,NULL,NULL,NULL,NULL,NULL,NULL,NULL,NULL,NULL,NULL,NULL,NULL,NULL,NULL,NULL,NULL,NULL,NULL,NULL,NULL,NULL,NULL,NULL,NULL,NULL,NULL,NULL,NULL,NULL,NULL,NULL,NULL,NULL,NULL,NULL,NULL,NULL,NULL,NULL,NULL,NULL,NULL,NULL,NULL,NULL,NULL,NULL,NULL,NULL,NULL,NULL,NULL,NULL,NULL,NULL,NULL,NULL,NULL,NULL,NULL,NULL,NULL,NULL,NULL,NULL,NULL,NULL,NULL,NULL,NULL,NULL,NULL,NULL,NULL,NULL,NULL,NULL,NULL,NULL,NULL,NULL,NULL,NULL,NULL,NULL,NULL,NULL,NULL,NULL,NULL,NULL,NULL,NULL,NULL,NULL,NULL,NULL,NULL,NULL,NULL,NULL,NULL,NULL,NULL,NULL,NULL,NULL,NULL,NULL,NULL,NULL,NULL,NULL,NULL,NULL,NULL,NULL,NULL,NULL,NULL,NULL,NULL,NULL,NULL,NULL,NULL,NULL,NULL,NULL,NULL,NULL,NULL,NULL),(55,NULL,NULL,NULL,NULL,NULL,NULL,NULL,NULL,NULL,NULL,NULL,NULL,NULL,NULL,NULL,NULL,NULL,NULL,NULL,NULL,NULL,NULL,NULL,NULL,NULL,NULL,NULL,NULL,NULL,NULL,NULL,NULL,NULL,NULL,NULL,NULL,NULL,NULL,NULL,NULL,NULL,NULL,NULL,NULL,NULL,NULL,NULL,NULL,NULL,NULL,NULL,NULL,NULL,NULL,NULL,NULL,NULL,NULL,NULL,NULL,NULL,NULL,NULL,NULL,NULL,NULL,NULL,NULL,NULL,NULL,NULL,NULL,NULL,NULL,NULL,NULL,NULL,NULL,NULL,NULL,NULL,NULL,NULL,NULL,NULL,NULL,NULL,NULL,NULL,NULL,NULL,NULL,NULL,NULL,NULL,NULL,NULL,NULL,NULL,NULL,NULL,NULL,NULL,NULL,NULL,NULL,NULL,NULL,NULL,NULL,NULL,NULL,NULL,NULL,NULL,NULL,NULL,NULL,NULL,NULL,NULL,NULL,NULL,NULL,NULL,NULL,NULL,NULL,NULL,NULL,NULL,NULL,NULL,NULL,NULL,NULL,NULL,NULL,NULL,NULL,NULL,NULL,NULL,NULL,NULL,NULL,NULL,NULL,NULL,NULL,NULL,NULL,NULL,NULL,NULL,NULL,NULL,NULL,NULL,NULL,NULL,NULL,NULL,NULL,NULL,NULL,NULL,NULL,NULL,NULL,NULL,NULL,NULL,NULL,NULL,NULL,NULL,NULL,NULL,NULL,NULL,NULL,NULL,NULL,NULL,NULL,NULL,NULL,NULL,NULL,NULL,NULL,NULL,NULL,NULL,NULL,NULL,NULL,NULL,NULL,NULL,NULL,NULL,NULL,NULL,NULL,NULL,NULL,NULL,NULL,NULL,NULL,NULL,NULL,NULL,NULL,NULL,NULL,NULL,NULL,NULL,NULL,NULL,NULL,NULL,NULL,NULL,NULL,NULL,NULL,NULL,NULL,NULL,NULL,NULL,NULL,NULL,NULL,NULL,NULL,NULL,NULL,NULL,NULL,NULL,NULL,NULL,NULL,NULL,NULL,NULL,NULL,NULL,NULL,NULL,NULL,NULL,NULL,NULL,NULL,NULL,NULL,NULL,NULL,NULL,NULL,NULL,NULL,NULL,NULL,NULL,NULL,NULL,NULL,NULL,NULL,NULL,NULL,NULL,NULL,NULL,NULL,NULL,NULL,NULL,NULL,NULL,NULL,NULL,NULL,NULL,NULL,NULL,NULL,NULL,NULL,NULL,NULL,NULL,NULL,NULL,NULL,NULL,NULL,NULL,NULL,NULL,NULL,NULL,NULL,NULL,NULL,NULL,NULL,NULL,NULL,NULL,NULL,NULL,NULL,NULL,NULL,NULL,NULL),(56,NULL,NULL,NULL,NULL,NULL,NULL,NULL,NULL,NULL,NULL,NULL,NULL,NULL,NULL,NULL,NULL,NULL,NULL,NULL,NULL,NULL,NULL,NULL,NULL,NULL,NULL,NULL,NULL,NULL,NULL,NULL,NULL,NULL,NULL,NULL,NULL,NULL,NULL,NULL,NULL,NULL,NULL,NULL,NULL,NULL,NULL,NULL,NULL,NULL,NULL,NULL,NULL,NULL,NULL,NULL,NULL,NULL,NULL,NULL,NULL,NULL,NULL,NULL,NULL,NULL,NULL,NULL,NULL,NULL,NULL,NULL,NULL,NULL,NULL,NULL,NULL,NULL,NULL,NULL,NULL,NULL,NULL,NULL,NULL,NULL,NULL,NULL,NULL,NULL,NULL,NULL,NULL,NULL,NULL,NULL,NULL,NULL,NULL,NULL,NULL,NULL,NULL,NULL,NULL,NULL,NULL,NULL,NULL,NULL,NULL,NULL,NULL,NULL,NULL,NULL,NULL,NULL,NULL,NULL,NULL,NULL,NULL,NULL,NULL,NULL,NULL,NULL,NULL,NULL,NULL,NULL,NULL,NULL,NULL,NULL,NULL,NULL,NULL,NULL,NULL,NULL,NULL,NULL,NULL,NULL,NULL,NULL,NULL,NULL,NULL,NULL,NULL,NULL,NULL,NULL,NULL,NULL,NULL,NULL,NULL,NULL,NULL,NULL,NULL,NULL,NULL,NULL,NULL,NULL,NULL,NULL,NULL,NULL,NULL,NULL,NULL,NULL,NULL,NULL,NULL,NULL,NULL,NULL,NULL,NULL,NULL,NULL,NULL,NULL,NULL,NULL,NULL,NULL,NULL,NULL,NULL,NULL,NULL,NULL,NULL,NULL,NULL,NULL,NULL,NULL,NULL,NULL,NULL,NULL,NULL,NULL,NULL,NULL,NULL,NULL,NULL,NULL,NULL,NULL,NULL,NULL,NULL,NULL,NULL,NULL,NULL,NULL,NULL,NULL,NULL,NULL,NULL,NULL,NULL,NULL,NULL,NULL,NULL,NULL,NULL,NULL,NULL,NULL,NULL,NULL,NULL,NULL,NULL,NULL,NULL,NULL,NULL,NULL,NULL,NULL,NULL,NULL,NULL,NULL,NULL,NULL,NULL,NULL,NULL,NULL,NULL,NULL,NULL,NULL,NULL,NULL,NULL,NULL,NULL,NULL,NULL,NULL,NULL,NULL,NULL,NULL,NULL,NULL,NULL,NULL,NULL,NULL,NULL,NULL,NULL,NULL,NULL,NULL,NULL,NULL,NULL,NULL,NULL,NULL,NULL,NULL,NULL,NULL,NULL,NULL,NULL,NULL,NULL,NULL,NULL,NULL,NULL,NULL,NULL,NULL,NULL,NULL,NULL,NULL,NULL,NULL,NULL,NULL,NULL),(57,NULL,NULL,NULL,NULL,NULL,NULL,NULL,NULL,NULL,NULL,NULL,NULL,NULL,NULL,NULL,NULL,NULL,NULL,NULL,NULL,NULL,NULL,NULL,NULL,NULL,NULL,NULL,NULL,NULL,NULL,NULL,NULL,NULL,NULL,NULL,NULL,NULL,NULL,NULL,NULL,NULL,NULL,NULL,NULL,NULL,NULL,NULL,NULL,NULL,NULL,NULL,NULL,NULL,NULL,NULL,NULL,NULL,NULL,NULL,NULL,NULL,NULL,NULL,NULL,NULL,NULL,NULL,NULL,NULL,NULL,NULL,NULL,NULL,NULL,NULL,NULL,NULL,NULL,NULL,NULL,NULL,NULL,NULL,NULL,NULL,NULL,NULL,NULL,NULL,NULL,NULL,NULL,NULL,NULL,NULL,NULL,NULL,NULL,NULL,NULL,NULL,NULL,NULL,NULL,NULL,NULL,NULL,NULL,NULL,NULL,NULL,NULL,NULL,NULL,NULL,NULL,NULL,NULL,NULL,NULL,NULL,NULL,NULL,NULL,NULL,NULL,NULL,NULL,NULL,NULL,NULL,NULL,NULL,NULL,NULL,NULL,NULL,NULL,NULL,NULL,NULL,NULL,NULL,NULL,NULL,NULL,NULL,NULL,NULL,NULL,NULL,NULL,NULL,NULL,NULL,NULL,NULL,NULL,NULL,NULL,NULL,NULL,NULL,NULL,NULL,NULL,NULL,NULL,NULL,NULL,NULL,NULL,NULL,NULL,NULL,NULL,NULL,NULL,NULL,NULL,NULL,NULL,NULL,NULL,NULL,NULL,NULL,NULL,NULL,NULL,NULL,NULL,NULL,NULL,NULL,NULL,NULL,NULL,NULL,NULL,NULL,NULL,NULL,NULL,NULL,NULL,NULL,NULL,NULL,NULL,NULL,NULL,NULL,NULL,NULL,NULL,NULL,NULL,NULL,NULL,NULL,NULL,NULL,NULL,NULL,NULL,NULL,NULL,NULL,NULL,NULL,NULL,NULL,NULL,NULL,NULL,NULL,NULL,NULL,NULL,NULL,NULL,NULL,NULL,NULL,NULL,NULL,NULL,NULL,NULL,NULL,NULL,NULL,NULL,NULL,NULL,NULL,NULL,NULL,NULL,NULL,NULL,NULL,NULL,NULL,NULL,NULL,NULL,NULL,NULL,NULL,NULL,NULL,NULL,NULL,NULL,NULL,NULL,NULL,NULL,NULL,NULL,NULL,NULL,NULL,NULL,NULL,NULL,NULL,NULL,NULL,NULL,NULL,NULL,NULL,NULL,NULL,NULL,NULL,NULL,NULL,NULL,NULL,NULL,NULL,NULL,NULL,NULL,NULL,NULL,NULL,NULL,NULL,NULL,NULL,NULL,NULL,NULL,NULL,NULL,NULL,NULL,NULL,NULL),(58,NULL,NULL,NULL,NULL,NULL,NULL,NULL,NULL,NULL,NULL,NULL,NULL,NULL,NULL,NULL,NULL,NULL,NULL,NULL,NULL,NULL,NULL,NULL,NULL,NULL,NULL,NULL,NULL,NULL,NULL,NULL,NULL,NULL,NULL,NULL,NULL,NULL,NULL,NULL,NULL,NULL,NULL,NULL,NULL,NULL,NULL,NULL,NULL,NULL,NULL,NULL,NULL,NULL,NULL,NULL,NULL,NULL,NULL,NULL,NULL,NULL,NULL,NULL,NULL,NULL,NULL,NULL,NULL,NULL,NULL,NULL,NULL,NULL,NULL,NULL,NULL,NULL,NULL,NULL,NULL,NULL,NULL,NULL,NULL,NULL,NULL,NULL,NULL,NULL,NULL,NULL,NULL,NULL,NULL,NULL,NULL,NULL,NULL,NULL,NULL,NULL,NULL,NULL,NULL,NULL,NULL,NULL,NULL,NULL,NULL,NULL,NULL,NULL,NULL,NULL,NULL,NULL,NULL,NULL,NULL,NULL,NULL,NULL,NULL,NULL,NULL,NULL,NULL,NULL,NULL,NULL,NULL,NULL,NULL,NULL,NULL,NULL,NULL,NULL,NULL,NULL,NULL,NULL,NULL,NULL,NULL,NULL,NULL,NULL,NULL,NULL,NULL,NULL,NULL,NULL,NULL,NULL,NULL,NULL,NULL,NULL,NULL,NULL,NULL,NULL,NULL,NULL,NULL,NULL,NULL,NULL,NULL,NULL,NULL,NULL,NULL,NULL,NULL,NULL,NULL,NULL,NULL,NULL,NULL,NULL,NULL,NULL,NULL,NULL,NULL,NULL,NULL,NULL,NULL,NULL,NULL,NULL,NULL,NULL,NULL,NULL,NULL,NULL,NULL,NULL,NULL,NULL,NULL,NULL,NULL,NULL,NULL,NULL,NULL,NULL,NULL,NULL,NULL,NULL,NULL,NULL,NULL,NULL,NULL,NULL,NULL,NULL,NULL,NULL,NULL,NULL,NULL,NULL,NULL,NULL,NULL,NULL,NULL,NULL,NULL,NULL,NULL,NULL,NULL,NULL,NULL,NULL,NULL,NULL,NULL,NULL,NULL,NULL,NULL,NULL,NULL,NULL,NULL,NULL,NULL,NULL,NULL,NULL,NULL,NULL,NULL,NULL,NULL,NULL,NULL,NULL,NULL,NULL,NULL,NULL,NULL,NULL,NULL,NULL,NULL,NULL,NULL,NULL,NULL,NULL,NULL,NULL,NULL,NULL,NULL,NULL,NULL,NULL,NULL,NULL,NULL,NULL,NULL,NULL,NULL,NULL,NULL,NULL,NULL,NULL,NULL,NULL,NULL,NULL,NULL,NULL,NULL,NULL,NULL,NULL,NULL,NULL,NULL,NULL,NULL,NULL,NULL,NULL,NULL),(59,NULL,NULL,NULL,NULL,NULL,NULL,NULL,NULL,NULL,NULL,NULL,NULL,NULL,NULL,NULL,NULL,NULL,NULL,NULL,NULL,NULL,NULL,NULL,NULL,NULL,NULL,NULL,NULL,NULL,NULL,NULL,NULL,NULL,NULL,NULL,NULL,NULL,NULL,NULL,NULL,NULL,NULL,NULL,NULL,NULL,NULL,NULL,NULL,NULL,NULL,NULL,NULL,NULL,NULL,NULL,NULL,NULL,NULL,NULL,NULL,NULL,NULL,NULL,NULL,NULL,NULL,NULL,NULL,NULL,NULL,NULL,NULL,NULL,NULL,NULL,NULL,NULL,NULL,NULL,NULL,NULL,NULL,NULL,NULL,NULL,NULL,NULL,NULL,NULL,NULL,NULL,NULL,NULL,NULL,NULL,NULL,NULL,NULL,NULL,NULL,NULL,NULL,NULL,NULL,NULL,NULL,NULL,NULL,NULL,NULL,NULL,NULL,NULL,NULL,NULL,NULL,NULL,NULL,NULL,NULL,NULL,NULL,NULL,NULL,NULL,NULL,NULL,NULL,NULL,NULL,NULL,NULL,NULL,NULL,NULL,NULL,NULL,NULL,NULL,NULL,NULL,NULL,NULL,NULL,NULL,NULL,NULL,NULL,NULL,NULL,NULL,NULL,NULL,NULL,NULL,NULL,NULL,NULL,NULL,NULL,NULL,NULL,NULL,NULL,NULL,NULL,NULL,NULL,NULL,NULL,NULL,NULL,NULL,NULL,NULL,NULL,NULL,NULL,NULL,NULL,NULL,NULL,NULL,NULL,NULL,NULL,NULL,NULL,NULL,NULL,NULL,NULL,NULL,NULL,NULL,NULL,NULL,NULL,NULL,NULL,NULL,NULL,NULL,NULL,NULL,NULL,NULL,NULL,NULL,NULL,NULL,NULL,NULL,NULL,NULL,NULL,NULL,NULL,NULL,NULL,NULL,NULL,NULL,NULL,NULL,NULL,NULL,NULL,NULL,NULL,NULL,NULL,NULL,NULL,NULL,NULL,NULL,NULL,NULL,NULL,NULL,NULL,NULL,NULL,NULL,NULL,NULL,NULL,NULL,NULL,NULL,NULL,NULL,NULL,NULL,NULL,NULL,NULL,NULL,NULL,NULL,NULL,NULL,NULL,NULL,NULL,NULL,NULL,NULL,NULL,NULL,NULL,NULL,NULL,NULL,NULL,NULL,NULL,NULL,NULL,NULL,NULL,NULL,NULL,NULL,NULL,NULL,NULL,NULL,NULL,NULL,NULL,NULL,NULL,NULL,NULL,NULL,NULL,NULL,NULL,NULL,NULL,NULL,NULL,NULL,NULL,NULL,NULL,NULL,NULL,NULL,NULL,NULL,NULL,NULL,NULL,NULL,NULL,NULL,NULL,NULL,NULL,NULL,NULL),(60,NULL,NULL,NULL,NULL,NULL,NULL,NULL,NULL,NULL,NULL,NULL,NULL,NULL,NULL,NULL,NULL,NULL,NULL,NULL,NULL,NULL,NULL,NULL,NULL,NULL,NULL,NULL,NULL,NULL,NULL,NULL,NULL,NULL,NULL,NULL,NULL,NULL,NULL,NULL,NULL,NULL,NULL,NULL,NULL,NULL,NULL,NULL,NULL,NULL,NULL,NULL,NULL,NULL,NULL,NULL,NULL,NULL,NULL,NULL,NULL,NULL,NULL,NULL,NULL,NULL,NULL,NULL,NULL,NULL,NULL,NULL,NULL,NULL,NULL,NULL,NULL,NULL,NULL,NULL,NULL,NULL,NULL,NULL,NULL,NULL,NULL,NULL,NULL,NULL,NULL,NULL,NULL,NULL,NULL,NULL,NULL,NULL,NULL,NULL,NULL,NULL,NULL,NULL,NULL,NULL,NULL,NULL,NULL,NULL,NULL,NULL,NULL,NULL,NULL,NULL,NULL,NULL,NULL,NULL,NULL,NULL,NULL,NULL,NULL,NULL,NULL,NULL,NULL,NULL,NULL,NULL,NULL,NULL,NULL,NULL,NULL,NULL,NULL,NULL,NULL,NULL,NULL,NULL,NULL,NULL,NULL,NULL,NULL,NULL,NULL,NULL,NULL,NULL,NULL,NULL,NULL,NULL,NULL,NULL,NULL,NULL,NULL,NULL,NULL,NULL,NULL,NULL,NULL,NULL,NULL,NULL,NULL,NULL,NULL,NULL,NULL,NULL,NULL,NULL,NULL,NULL,NULL,NULL,NULL,NULL,NULL,NULL,NULL,NULL,NULL,NULL,NULL,NULL,NULL,NULL,NULL,NULL,NULL,NULL,NULL,NULL,NULL,NULL,NULL,NULL,NULL,NULL,NULL,NULL,NULL,NULL,NULL,NULL,NULL,NULL,NULL,NULL,NULL,NULL,NULL,NULL,NULL,NULL,NULL,NULL,NULL,NULL,NULL,NULL,NULL,NULL,NULL,NULL,NULL,NULL,NULL,NULL,NULL,NULL,NULL,NULL,NULL,NULL,NULL,NULL,NULL,NULL,NULL,NULL,NULL,NULL,NULL,NULL,NULL,NULL,NULL,NULL,NULL,NULL,NULL,NULL,NULL,NULL,NULL,NULL,NULL,NULL,NULL,NULL,NULL,NULL,NULL,NULL,NULL,NULL,NULL,NULL,NULL,NULL,NULL,NULL,NULL,NULL,NULL,NULL,NULL,NULL,NULL,NULL,NULL,NULL,NULL,NULL,NULL,NULL,NULL,NULL,NULL,NULL,NULL,NULL,NULL,NULL,NULL,NULL,NULL,NULL,NULL,NULL,NULL,NULL,NULL,NULL,NULL,NULL,NULL,NULL,NULL,NULL,NULL,NULL,NULL,NULL,NULL),(61,NULL,NULL,NULL,NULL,NULL,NULL,NULL,NULL,NULL,NULL,NULL,NULL,NULL,NULL,NULL,NULL,NULL,NULL,NULL,NULL,NULL,NULL,NULL,NULL,NULL,NULL,NULL,NULL,NULL,NULL,NULL,NULL,NULL,NULL,NULL,NULL,NULL,NULL,NULL,NULL,NULL,NULL,NULL,NULL,NULL,NULL,NULL,NULL,NULL,NULL,NULL,NULL,NULL,NULL,NULL,NULL,NULL,NULL,NULL,NULL,NULL,NULL,NULL,NULL,NULL,NULL,NULL,NULL,NULL,NULL,NULL,NULL,NULL,NULL,NULL,NULL,NULL,NULL,NULL,NULL,NULL,NULL,NULL,NULL,NULL,NULL,NULL,NULL,NULL,NULL,NULL,NULL,NULL,NULL,NULL,NULL,NULL,NULL,NULL,NULL,NULL,NULL,NULL,NULL,NULL,NULL,NULL,NULL,NULL,NULL,NULL,NULL,NULL,NULL,NULL,NULL,NULL,NULL,NULL,NULL,NULL,NULL,NULL,NULL,NULL,NULL,NULL,NULL,NULL,NULL,NULL,NULL,NULL,NULL,NULL,NULL,NULL,NULL,NULL,NULL,NULL,NULL,NULL,NULL,NULL,NULL,NULL,NULL,NULL,NULL,NULL,NULL,NULL,NULL,NULL,NULL,NULL,NULL,NULL,NULL,NULL,NULL,NULL,NULL,NULL,NULL,NULL,NULL,NULL,NULL,NULL,NULL,NULL,NULL,NULL,NULL,NULL,NULL,NULL,NULL,NULL,NULL,NULL,NULL,NULL,NULL,NULL,NULL,NULL,NULL,NULL,NULL,NULL,NULL,NULL,NULL,NULL,NULL,NULL,NULL,NULL,NULL,NULL,NULL,NULL,NULL,NULL,NULL,NULL,NULL,NULL,NULL,NULL,NULL,NULL,NULL,NULL,NULL,NULL,NULL,NULL,NULL,NULL,NULL,NULL,NULL,NULL,NULL,NULL,NULL,NULL,NULL,NULL,NULL,NULL,NULL,NULL,NULL,NULL,NULL,NULL,NULL,NULL,NULL,NULL,NULL,NULL,NULL,NULL,NULL,NULL,NULL,NULL,NULL,NULL,NULL,NULL,NULL,NULL,NULL,NULL,NULL,NULL,NULL,NULL,NULL,NULL,NULL,NULL,NULL,NULL,NULL,NULL,NULL,NULL,NULL,NULL,NULL,NULL,NULL,NULL,NULL,NULL,NULL,NULL,NULL,NULL,NULL,NULL,NULL,NULL,NULL,NULL,NULL,NULL,NULL,NULL,NULL,NULL,NULL,NULL,NULL,NULL,NULL,NULL,NULL,NULL,NULL,NULL,NULL,NULL,NULL,NULL,NULL,NULL,NULL,NULL,NULL,NULL,NULL,NULL,NULL,NULL,NULL),(62,NULL,NULL,NULL,NULL,NULL,NULL,NULL,NULL,NULL,NULL,NULL,NULL,NULL,NULL,NULL,NULL,NULL,NULL,NULL,NULL,NULL,NULL,NULL,NULL,NULL,NULL,NULL,NULL,NULL,NULL,NULL,NULL,NULL,NULL,NULL,NULL,NULL,NULL,NULL,NULL,NULL,NULL,NULL,NULL,NULL,NULL,NULL,NULL,NULL,NULL,NULL,NULL,NULL,NULL,NULL,NULL,NULL,NULL,NULL,NULL,NULL,NULL,NULL,NULL,NULL,NULL,NULL,NULL,NULL,NULL,NULL,NULL,NULL,NULL,NULL,NULL,NULL,NULL,NULL,NULL,NULL,NULL,NULL,NULL,NULL,NULL,NULL,NULL,NULL,NULL,NULL,NULL,NULL,NULL,NULL,NULL,NULL,NULL,NULL,NULL,NULL,NULL,NULL,NULL,NULL,NULL,NULL,NULL,NULL,NULL,NULL,NULL,NULL,NULL,NULL,NULL,NULL,NULL,NULL,NULL,NULL,NULL,NULL,NULL,NULL,NULL,NULL,NULL,NULL,NULL,NULL,NULL,NULL,NULL,NULL,NULL,NULL,NULL,NULL,NULL,NULL,NULL,NULL,NULL,NULL,NULL,NULL,NULL,NULL,NULL,NULL,NULL,NULL,NULL,NULL,NULL,NULL,NULL,NULL,NULL,NULL,NULL,NULL,NULL,NULL,NULL,NULL,NULL,NULL,NULL,NULL,NULL,NULL,NULL,NULL,NULL,NULL,NULL,NULL,NULL,NULL,NULL,NULL,NULL,NULL,NULL,NULL,NULL,NULL,NULL,NULL,NULL,NULL,NULL,NULL,NULL,NULL,NULL,NULL,NULL,NULL,NULL,NULL,NULL,NULL,NULL,NULL,NULL,NULL,NULL,NULL,NULL,NULL,NULL,NULL,NULL,NULL,NULL,NULL,NULL,NULL,NULL,NULL,NULL,NULL,NULL,NULL,NULL,NULL,NULL,NULL,NULL,NULL,NULL,NULL,NULL,NULL,NULL,NULL,NULL,NULL,NULL,NULL,NULL,NULL,NULL,NULL,NULL,NULL,NULL,NULL,NULL,NULL,NULL,NULL,NULL,NULL,NULL,NULL,NULL,NULL,NULL,NULL,NULL,NULL,NULL,NULL,NULL,NULL,NULL,NULL,NULL,NULL,NULL,NULL,NULL,NULL,NULL,NULL,NULL,NULL,NULL,NULL,NULL,NULL,NULL,NULL,NULL,NULL,NULL,NULL,NULL,NULL,NULL,NULL,NULL,NULL,NULL,NULL,NULL,NULL,NULL,NULL,NULL,NULL,NULL,NULL,NULL,NULL,NULL,NULL,NULL,NULL,NULL,NULL,NULL,NULL,NULL,NULL,NULL,NULL,NULL,NULL,NULL),(63,NULL,NULL,NULL,NULL,NULL,NULL,NULL,NULL,NULL,NULL,NULL,NULL,NULL,NULL,NULL,NULL,NULL,NULL,NULL,NULL,NULL,NULL,NULL,NULL,NULL,NULL,NULL,NULL,NULL,NULL,NULL,NULL,NULL,NULL,NULL,NULL,NULL,NULL,NULL,NULL,NULL,NULL,NULL,NULL,NULL,NULL,NULL,NULL,NULL,NULL,NULL,NULL,NULL,NULL,NULL,NULL,NULL,NULL,NULL,NULL,NULL,NULL,NULL,NULL,NULL,NULL,NULL,NULL,NULL,NULL,NULL,NULL,NULL,NULL,NULL,NULL,NULL,NULL,NULL,NULL,NULL,NULL,NULL,NULL,NULL,NULL,NULL,NULL,NULL,NULL,NULL,NULL,NULL,NULL,NULL,NULL,NULL,NULL,NULL,NULL,NULL,NULL,NULL,NULL,NULL,NULL,NULL,NULL,NULL,NULL,NULL,NULL,NULL,NULL,NULL,NULL,NULL,NULL,NULL,NULL,NULL,NULL,NULL,NULL,NULL,NULL,NULL,NULL,NULL,NULL,NULL,NULL,NULL,NULL,NULL,NULL,NULL,NULL,NULL,NULL,NULL,NULL,NULL,NULL,NULL,NULL,NULL,NULL,NULL,NULL,NULL,NULL,NULL,NULL,NULL,NULL,NULL,NULL,NULL,NULL,NULL,NULL,NULL,NULL,NULL,NULL,NULL,NULL,NULL,NULL,NULL,NULL,NULL,NULL,NULL,NULL,NULL,NULL,NULL,NULL,NULL,NULL,NULL,NULL,NULL,NULL,NULL,NULL,NULL,NULL,NULL,NULL,NULL,NULL,NULL,NULL,NULL,NULL,NULL,NULL,NULL,NULL,NULL,NULL,NULL,NULL,NULL,NULL,NULL,NULL,NULL,NULL,NULL,NULL,NULL,NULL,NULL,NULL,NULL,NULL,NULL,NULL,NULL,NULL,NULL,NULL,NULL,NULL,NULL,NULL,NULL,NULL,NULL,NULL,NULL,NULL,NULL,NULL,NULL,NULL,NULL,NULL,NULL,NULL,NULL,NULL,NULL,NULL,NULL,NULL,NULL,NULL,NULL,NULL,NULL,NULL,NULL,NULL,NULL,NULL,NULL,NULL,NULL,NULL,NULL,NULL,NULL,NULL,NULL,NULL,NULL,NULL,NULL,NULL,NULL,NULL,NULL,NULL,NULL,NULL,NULL,NULL,NULL,NULL,NULL,NULL,NULL,NULL,NULL,NULL,NULL,NULL,NULL,NULL,NULL,NULL,NULL,NULL,NULL,NULL,NULL,NULL,NULL,NULL,NULL,NULL,NULL,NULL,NULL,NULL,NULL,NULL,NULL,NULL,NULL,NULL,NULL,NULL,NULL,NULL,NULL,NULL,NULL,NULL),(64,NULL,NULL,NULL,NULL,NULL,NULL,NULL,NULL,NULL,NULL,NULL,NULL,NULL,NULL,NULL,NULL,NULL,NULL,NULL,NULL,NULL,NULL,NULL,NULL,NULL,NULL,NULL,NULL,NULL,NULL,NULL,NULL,NULL,NULL,NULL,NULL,NULL,NULL,NULL,NULL,NULL,NULL,NULL,NULL,NULL,NULL,NULL,NULL,NULL,NULL,NULL,NULL,NULL,NULL,NULL,NULL,NULL,NULL,NULL,NULL,NULL,NULL,NULL,NULL,NULL,NULL,NULL,NULL,NULL,NULL,NULL,NULL,NULL,NULL,NULL,NULL,NULL,NULL,NULL,NULL,NULL,NULL,NULL,NULL,NULL,NULL,NULL,NULL,NULL,NULL,NULL,NULL,NULL,NULL,NULL,NULL,NULL,NULL,NULL,NULL,NULL,NULL,NULL,NULL,NULL,NULL,NULL,NULL,NULL,NULL,NULL,NULL,NULL,NULL,NULL,NULL,NULL,NULL,NULL,NULL,NULL,NULL,NULL,NULL,NULL,NULL,NULL,NULL,NULL,NULL,NULL,NULL,NULL,NULL,NULL,NULL,NULL,NULL,NULL,NULL,NULL,NULL,NULL,NULL,NULL,NULL,NULL,NULL,NULL,NULL,NULL,NULL,NULL,NULL,NULL,NULL,NULL,NULL,NULL,NULL,NULL,NULL,NULL,NULL,NULL,NULL,NULL,NULL,NULL,NULL,NULL,NULL,NULL,NULL,NULL,NULL,NULL,NULL,NULL,NULL,NULL,NULL,NULL,NULL,NULL,NULL,NULL,NULL,NULL,NULL,NULL,NULL,NULL,NULL,NULL,NULL,NULL,NULL,NULL,NULL,NULL,NULL,NULL,NULL,NULL,NULL,NULL,NULL,NULL,NULL,NULL,NULL,NULL,NULL,NULL,NULL,NULL,NULL,NULL,NULL,NULL,NULL,NULL,NULL,NULL,NULL,NULL,NULL,NULL,NULL,NULL,NULL,NULL,NULL,NULL,NULL,NULL,NULL,NULL,NULL,NULL,NULL,NULL,NULL,NULL,NULL,NULL,NULL,NULL,NULL,NULL,NULL,NULL,NULL,NULL,NULL,NULL,NULL,NULL,NULL,NULL,NULL,NULL,NULL,NULL,NULL,NULL,NULL,NULL,NULL,NULL,NULL,NULL,NULL,NULL,NULL,NULL,NULL,NULL,NULL,NULL,NULL,NULL,NULL,NULL,NULL,NULL,NULL,NULL,NULL,NULL,NULL,NULL,NULL,NULL,NULL,NULL,NULL,NULL,NULL,NULL,NULL,NULL,NULL,NULL,NULL,NULL,NULL,NULL,NULL,NULL,NULL,NULL,NULL,NULL,NULL,NULL,NULL,NULL,NULL,NULL,NULL,NULL,NULL),(65,NULL,NULL,NULL,NULL,NULL,NULL,NULL,NULL,NULL,NULL,NULL,NULL,NULL,NULL,NULL,NULL,NULL,NULL,NULL,NULL,NULL,NULL,NULL,NULL,NULL,NULL,NULL,NULL,NULL,NULL,NULL,NULL,NULL,NULL,NULL,NULL,NULL,NULL,NULL,NULL,NULL,NULL,NULL,NULL,NULL,NULL,NULL,NULL,NULL,NULL,NULL,NULL,NULL,NULL,NULL,NULL,NULL,NULL,NULL,NULL,NULL,NULL,NULL,NULL,NULL,NULL,NULL,NULL,NULL,NULL,NULL,NULL,NULL,NULL,NULL,NULL,NULL,NULL,NULL,NULL,NULL,NULL,NULL,NULL,NULL,NULL,NULL,NULL,NULL,NULL,NULL,NULL,NULL,NULL,NULL,NULL,NULL,NULL,NULL,NULL,NULL,NULL,NULL,NULL,NULL,NULL,NULL,NULL,NULL,NULL,NULL,NULL,NULL,NULL,NULL,NULL,NULL,NULL,NULL,NULL,NULL,NULL,NULL,NULL,NULL,NULL,NULL,NULL,NULL,NULL,NULL,NULL,NULL,NULL,NULL,NULL,NULL,NULL,NULL,NULL,NULL,NULL,NULL,NULL,NULL,NULL,NULL,NULL,NULL,NULL,NULL,NULL,NULL,NULL,NULL,NULL,NULL,NULL,NULL,NULL,NULL,NULL,NULL,NULL,NULL,NULL,NULL,NULL,NULL,NULL,NULL,NULL,NULL,NULL,NULL,NULL,NULL,NULL,NULL,NULL,NULL,NULL,NULL,NULL,NULL,NULL,NULL,NULL,NULL,NULL,NULL,NULL,NULL,NULL,NULL,NULL,NULL,NULL,NULL,NULL,NULL,NULL,NULL,NULL,NULL,NULL,NULL,NULL,NULL,NULL,NULL,NULL,NULL,NULL,NULL,NULL,NULL,NULL,NULL,NULL,NULL,NULL,NULL,NULL,NULL,NULL,NULL,NULL,NULL,NULL,NULL,NULL,NULL,NULL,NULL,NULL,NULL,NULL,NULL,NULL,NULL,NULL,NULL,NULL,NULL,NULL,NULL,NULL,NULL,NULL,NULL,NULL,NULL,NULL,NULL,NULL,NULL,NULL,NULL,NULL,NULL,NULL,NULL,NULL,NULL,NULL,NULL,NULL,NULL,NULL,NULL,NULL,NULL,NULL,NULL,NULL,NULL,NULL,NULL,NULL,NULL,NULL,NULL,NULL,NULL,NULL,NULL,NULL,NULL,NULL,NULL,NULL,NULL,NULL,NULL,NULL,NULL,NULL,NULL,NULL,NULL,NULL,NULL,NULL,NULL,NULL,NULL,NULL,NULL,NULL,NULL,NULL,NULL,NULL,NULL,NULL,NULL,NULL,NULL,NULL,NULL,NULL,NULL,NULL),(66,NULL,NULL,NULL,NULL,NULL,NULL,NULL,NULL,NULL,NULL,NULL,NULL,NULL,NULL,NULL,NULL,NULL,NULL,NULL,NULL,NULL,NULL,NULL,NULL,NULL,NULL,NULL,NULL,NULL,NULL,NULL,NULL,NULL,NULL,NULL,NULL,NULL,NULL,NULL,NULL,NULL,NULL,NULL,NULL,NULL,NULL,NULL,NULL,NULL,NULL,NULL,NULL,NULL,NULL,NULL,NULL,NULL,NULL,NULL,NULL,NULL,NULL,NULL,NULL,NULL,NULL,NULL,NULL,NULL,NULL,NULL,NULL,NULL,NULL,NULL,NULL,NULL,NULL,NULL,NULL,NULL,NULL,NULL,NULL,NULL,NULL,NULL,NULL,NULL,NULL,NULL,NULL,NULL,NULL,NULL,NULL,NULL,NULL,NULL,NULL,NULL,NULL,NULL,NULL,NULL,NULL,NULL,NULL,NULL,NULL,NULL,NULL,NULL,NULL,NULL,NULL,NULL,NULL,NULL,NULL,NULL,NULL,NULL,NULL,NULL,NULL,NULL,NULL,NULL,NULL,NULL,NULL,NULL,NULL,NULL,NULL,NULL,NULL,NULL,NULL,NULL,NULL,NULL,NULL,NULL,NULL,NULL,NULL,NULL,NULL,NULL,NULL,NULL,NULL,NULL,NULL,NULL,NULL,NULL,NULL,NULL,NULL,NULL,NULL,NULL,NULL,NULL,NULL,NULL,NULL,NULL,NULL,NULL,NULL,NULL,NULL,NULL,NULL,NULL,NULL,NULL,NULL,NULL,NULL,NULL,NULL,NULL,NULL,NULL,NULL,NULL,NULL,NULL,NULL,NULL,NULL,NULL,NULL,NULL,NULL,NULL,NULL,NULL,NULL,NULL,NULL,NULL,NULL,NULL,NULL,NULL,NULL,NULL,NULL,NULL,NULL,NULL,NULL,NULL,NULL,NULL,NULL,NULL,NULL,NULL,NULL,NULL,NULL,NULL,NULL,NULL,NULL,NULL,NULL,NULL,NULL,NULL,NULL,NULL,NULL,NULL,NULL,NULL,NULL,NULL,NULL,NULL,NULL,NULL,NULL,NULL,NULL,NULL,NULL,NULL,NULL,NULL,NULL,NULL,NULL,NULL,NULL,NULL,NULL,NULL,NULL,NULL,NULL,NULL,NULL,NULL,NULL,NULL,NULL,NULL,NULL,NULL,NULL,NULL,NULL,NULL,NULL,NULL,NULL,NULL,NULL,NULL,NULL,NULL,NULL,NULL,NULL,NULL,NULL,NULL,NULL,NULL,NULL,NULL,NULL,NULL,NULL,NULL,NULL,NULL,NULL,NULL,NULL,NULL,NULL,NULL,NULL,NULL,NULL,NULL,NULL,NULL,NULL,NULL,NULL,NULL,NULL,NULL,NULL),(67,NULL,NULL,NULL,NULL,NULL,NULL,NULL,NULL,NULL,NULL,NULL,NULL,NULL,NULL,NULL,NULL,NULL,NULL,NULL,NULL,NULL,NULL,NULL,NULL,NULL,NULL,NULL,NULL,NULL,NULL,NULL,NULL,NULL,NULL,NULL,NULL,NULL,NULL,NULL,NULL,NULL,NULL,NULL,NULL,NULL,NULL,NULL,NULL,NULL,NULL,NULL,NULL,NULL,NULL,NULL,NULL,NULL,NULL,NULL,NULL,NULL,NULL,NULL,NULL,NULL,NULL,NULL,NULL,NULL,NULL,NULL,NULL,NULL,NULL,NULL,NULL,NULL,NULL,NULL,NULL,NULL,NULL,NULL,NULL,NULL,NULL,NULL,NULL,NULL,NULL,NULL,NULL,NULL,NULL,NULL,NULL,NULL,NULL,NULL,NULL,NULL,NULL,NULL,NULL,NULL,NULL,NULL,NULL,NULL,NULL,NULL,NULL,NULL,NULL,NULL,NULL,NULL,NULL,NULL,NULL,NULL,NULL,NULL,NULL,NULL,NULL,NULL,NULL,NULL,NULL,NULL,NULL,NULL,NULL,NULL,NULL,NULL,NULL,NULL,NULL,NULL,NULL,NULL,NULL,NULL,NULL,NULL,NULL,NULL,NULL,NULL,NULL,NULL,NULL,NULL,NULL,NULL,NULL,NULL,NULL,NULL,NULL,NULL,NULL,NULL,NULL,NULL,NULL,NULL,NULL,NULL,NULL,NULL,NULL,NULL,NULL,NULL,NULL,NULL,NULL,NULL,NULL,NULL,NULL,NULL,NULL,NULL,NULL,NULL,NULL,NULL,NULL,NULL,NULL,NULL,NULL,NULL,NULL,NULL,NULL,NULL,NULL,NULL,NULL,NULL,NULL,NULL,NULL,NULL,NULL,NULL,NULL,NULL,NULL,NULL,NULL,NULL,NULL,NULL,NULL,NULL,NULL,NULL,NULL,NULL,NULL,NULL,NULL,NULL,NULL,NULL,NULL,NULL,NULL,NULL,NULL,NULL,NULL,NULL,NULL,NULL,NULL,NULL,NULL,NULL,NULL,NULL,NULL,NULL,NULL,NULL,NULL,NULL,NULL,NULL,NULL,NULL,NULL,NULL,NULL,NULL,NULL,NULL,NULL,NULL,NULL,NULL,NULL,NULL,NULL,NULL,NULL,NULL,NULL,NULL,NULL,NULL,NULL,NULL,NULL,NULL,NULL,NULL,NULL,NULL,NULL,NULL,NULL,NULL,NULL,NULL,NULL,NULL,NULL,NULL,NULL,NULL,NULL,NULL,NULL,NULL,NULL,NULL,NULL,NULL,NULL,NULL,NULL,NULL,NULL,NULL,NULL,NULL,NULL,NULL,NULL,NULL,NULL,NULL,NULL,NULL,NULL,NULL,NULL),(68,NULL,NULL,NULL,NULL,NULL,NULL,NULL,NULL,NULL,NULL,NULL,NULL,NULL,NULL,NULL,NULL,NULL,NULL,NULL,NULL,NULL,NULL,NULL,NULL,NULL,NULL,NULL,NULL,NULL,NULL,NULL,NULL,NULL,NULL,NULL,NULL,NULL,NULL,NULL,NULL,NULL,NULL,NULL,NULL,NULL,NULL,NULL,NULL,NULL,NULL,NULL,NULL,NULL,NULL,NULL,NULL,NULL,NULL,NULL,NULL,NULL,NULL,NULL,NULL,NULL,NULL,NULL,NULL,NULL,NULL,NULL,NULL,NULL,NULL,NULL,NULL,NULL,NULL,NULL,NULL,NULL,NULL,NULL,NULL,NULL,NULL,NULL,NULL,NULL,NULL,NULL,NULL,NULL,NULL,NULL,NULL,NULL,NULL,NULL,NULL,NULL,NULL,NULL,NULL,NULL,NULL,NULL,NULL,NULL,NULL,NULL,NULL,NULL,NULL,NULL,NULL,NULL,NULL,NULL,NULL,NULL,NULL,NULL,NULL,NULL,NULL,NULL,NULL,NULL,NULL,NULL,NULL,NULL,NULL,NULL,NULL,NULL,NULL,NULL,NULL,NULL,NULL,NULL,NULL,NULL,NULL,NULL,NULL,NULL,NULL,NULL,NULL,NULL,NULL,NULL,NULL,NULL,NULL,NULL,NULL,NULL,NULL,NULL,NULL,NULL,NULL,NULL,NULL,NULL,NULL,NULL,NULL,NULL,NULL,NULL,NULL,NULL,NULL,NULL,NULL,NULL,NULL,NULL,NULL,NULL,NULL,NULL,NULL,NULL,NULL,NULL,NULL,NULL,NULL,NULL,NULL,NULL,NULL,NULL,NULL,NULL,NULL,NULL,NULL,NULL,NULL,NULL,NULL,NULL,NULL,NULL,NULL,NULL,NULL,NULL,NULL,NULL,NULL,NULL,NULL,NULL,NULL,NULL,NULL,NULL,NULL,NULL,NULL,NULL,NULL,NULL,NULL,NULL,NULL,NULL,NULL,NULL,NULL,NULL,NULL,NULL,NULL,NULL,NULL,NULL,NULL,NULL,NULL,NULL,NULL,NULL,NULL,NULL,NULL,NULL,NULL,NULL,NULL,NULL,NULL,NULL,NULL,NULL,NULL,NULL,NULL,NULL,NULL,NULL,NULL,NULL,NULL,NULL,NULL,NULL,NULL,NULL,NULL,NULL,NULL,NULL,NULL,NULL,NULL,NULL,NULL,NULL,NULL,NULL,NULL,NULL,NULL,NULL,NULL,NULL,NULL,NULL,NULL,NULL,NULL,NULL,NULL,NULL,NULL,NULL,NULL,NULL,NULL,NULL,NULL,NULL,NULL,NULL,NULL,NULL,NULL,NULL,NULL,NULL,NULL,NULL,NULL,NULL,NULL),(69,NULL,NULL,NULL,NULL,NULL,NULL,NULL,NULL,NULL,NULL,NULL,NULL,NULL,NULL,NULL,NULL,NULL,NULL,NULL,NULL,NULL,NULL,NULL,NULL,NULL,NULL,NULL,NULL,NULL,NULL,NULL,NULL,NULL,NULL,NULL,NULL,NULL,NULL,NULL,NULL,NULL,NULL,NULL,NULL,NULL,NULL,NULL,NULL,NULL,NULL,NULL,NULL,NULL,NULL,NULL,NULL,NULL,NULL,NULL,NULL,NULL,NULL,NULL,NULL,NULL,NULL,NULL,NULL,NULL,NULL,NULL,NULL,NULL,NULL,NULL,NULL,NULL,NULL,NULL,NULL,NULL,NULL,NULL,NULL,NULL,NULL,NULL,NULL,NULL,NULL,NULL,NULL,NULL,NULL,NULL,NULL,NULL,NULL,NULL,NULL,NULL,NULL,NULL,NULL,NULL,NULL,NULL,NULL,NULL,NULL,NULL,NULL,NULL,NULL,NULL,NULL,NULL,NULL,NULL,NULL,NULL,NULL,NULL,NULL,NULL,NULL,NULL,NULL,NULL,NULL,NULL,NULL,NULL,NULL,NULL,NULL,NULL,NULL,NULL,NULL,NULL,NULL,NULL,NULL,NULL,NULL,NULL,NULL,NULL,NULL,NULL,NULL,NULL,NULL,NULL,NULL,NULL,NULL,NULL,NULL,NULL,NULL,NULL,NULL,NULL,NULL,NULL,NULL,NULL,NULL,NULL,NULL,NULL,NULL,NULL,NULL,NULL,NULL,NULL,NULL,NULL,NULL,NULL,NULL,NULL,NULL,NULL,NULL,NULL,NULL,NULL,NULL,NULL,NULL,NULL,NULL,NULL,NULL,NULL,NULL,NULL,NULL,NULL,NULL,NULL,NULL,NULL,NULL,NULL,NULL,NULL,NULL,NULL,NULL,NULL,NULL,NULL,NULL,NULL,NULL,NULL,NULL,NULL,NULL,NULL,NULL,NULL,NULL,NULL,NULL,NULL,NULL,NULL,NULL,NULL,NULL,NULL,NULL,NULL,NULL,NULL,NULL,NULL,NULL,NULL,NULL,NULL,NULL,NULL,NULL,NULL,NULL,NULL,NULL,NULL,NULL,NULL,NULL,NULL,NULL,NULL,NULL,NULL,NULL,NULL,NULL,NULL,NULL,NULL,NULL,NULL,NULL,NULL,NULL,NULL,NULL,NULL,NULL,NULL,NULL,NULL,NULL,NULL,NULL,NULL,NULL,NULL,NULL,NULL,NULL,NULL,NULL,NULL,NULL,NULL,NULL,NULL,NULL,NULL,NULL,NULL,NULL,NULL,NULL,NULL,NULL,NULL,NULL,NULL,NULL,NULL,NULL,NULL,NULL,NULL,NULL,NULL,NULL,NULL,NULL,NULL,NULL,NULL,NULL),(70,NULL,NULL,NULL,NULL,NULL,NULL,NULL,NULL,NULL,NULL,NULL,NULL,NULL,NULL,NULL,NULL,NULL,NULL,NULL,NULL,NULL,NULL,NULL,NULL,NULL,NULL,NULL,NULL,NULL,NULL,NULL,NULL,NULL,NULL,NULL,NULL,NULL,NULL,NULL,NULL,NULL,NULL,NULL,NULL,NULL,NULL,NULL,NULL,NULL,NULL,NULL,NULL,NULL,NULL,NULL,NULL,NULL,NULL,NULL,NULL,NULL,NULL,NULL,NULL,NULL,NULL,NULL,NULL,NULL,NULL,NULL,NULL,NULL,NULL,NULL,NULL,NULL,NULL,NULL,NULL,NULL,NULL,NULL,NULL,NULL,NULL,NULL,NULL,NULL,NULL,NULL,NULL,NULL,NULL,NULL,NULL,NULL,NULL,NULL,NULL,NULL,NULL,NULL,NULL,NULL,NULL,NULL,NULL,NULL,NULL,NULL,NULL,NULL,NULL,NULL,NULL,NULL,NULL,NULL,NULL,NULL,NULL,NULL,NULL,NULL,NULL,NULL,NULL,NULL,NULL,NULL,NULL,NULL,NULL,NULL,NULL,NULL,NULL,NULL,NULL,NULL,NULL,NULL,NULL,NULL,NULL,NULL,NULL,NULL,NULL,NULL,NULL,NULL,NULL,NULL,NULL,NULL,NULL,NULL,NULL,NULL,NULL,NULL,NULL,NULL,NULL,NULL,NULL,NULL,NULL,NULL,NULL,NULL,NULL,NULL,NULL,NULL,NULL,NULL,NULL,NULL,NULL,NULL,NULL,NULL,NULL,NULL,NULL,NULL,NULL,NULL,NULL,NULL,NULL,NULL,NULL,NULL,NULL,NULL,NULL,NULL,NULL,NULL,NULL,NULL,NULL,NULL,NULL,NULL,NULL,NULL,NULL,NULL,NULL,NULL,NULL,NULL,NULL,NULL,NULL,NULL,NULL,NULL,NULL,NULL,NULL,NULL,NULL,NULL,NULL,NULL,NULL,NULL,NULL,NULL,NULL,NULL,NULL,NULL,NULL,NULL,NULL,NULL,NULL,NULL,NULL,NULL,NULL,NULL,NULL,NULL,NULL,NULL,NULL,NULL,NULL,NULL,NULL,NULL,NULL,NULL,NULL,NULL,NULL,NULL,NULL,NULL,NULL,NULL,NULL,NULL,NULL,NULL,NULL,NULL,NULL,NULL,NULL,NULL,NULL,NULL,NULL,NULL,NULL,NULL,NULL,NULL,NULL,NULL,NULL,NULL,NULL,NULL,NULL,NULL,NULL,NULL,NULL,NULL,NULL,NULL,NULL,NULL,NULL,NULL,NULL,NULL,NULL,NULL,NULL,NULL,NULL,NULL,NULL,NULL,NULL,NULL,NULL,NULL,NULL,NULL,NULL,NULL,NULL),(71,NULL,NULL,NULL,NULL,NULL,NULL,NULL,NULL,NULL,NULL,NULL,NULL,NULL,NULL,NULL,NULL,NULL,NULL,NULL,NULL,NULL,NULL,NULL,NULL,NULL,NULL,NULL,NULL,NULL,NULL,NULL,NULL,NULL,NULL,NULL,NULL,NULL,NULL,NULL,NULL,NULL,NULL,NULL,NULL,NULL,NULL,NULL,NULL,NULL,NULL,NULL,NULL,NULL,NULL,NULL,NULL,NULL,NULL,NULL,NULL,NULL,NULL,NULL,NULL,NULL,NULL,NULL,NULL,NULL,NULL,NULL,NULL,NULL,NULL,NULL,NULL,NULL,NULL,NULL,NULL,NULL,NULL,NULL,NULL,NULL,NULL,NULL,NULL,NULL,NULL,NULL,NULL,NULL,NULL,NULL,NULL,NULL,NULL,NULL,NULL,NULL,NULL,NULL,NULL,NULL,NULL,NULL,NULL,NULL,NULL,NULL,NULL,NULL,NULL,NULL,NULL,NULL,NULL,NULL,NULL,NULL,NULL,NULL,NULL,NULL,NULL,NULL,NULL,NULL,NULL,NULL,NULL,NULL,NULL,NULL,NULL,NULL,NULL,NULL,NULL,NULL,NULL,NULL,NULL,NULL,NULL,NULL,NULL,NULL,NULL,NULL,NULL,NULL,NULL,NULL,NULL,NULL,NULL,NULL,NULL,NULL,NULL,NULL,NULL,NULL,NULL,NULL,NULL,NULL,NULL,NULL,NULL,NULL,NULL,NULL,NULL,NULL,NULL,NULL,NULL,NULL,NULL,NULL,NULL,NULL,NULL,NULL,NULL,NULL,NULL,NULL,NULL,NULL,NULL,NULL,NULL,NULL,NULL,NULL,NULL,NULL,NULL,NULL,NULL,NULL,NULL,NULL,NULL,NULL,NULL,NULL,NULL,NULL,NULL,NULL,NULL,NULL,NULL,NULL,NULL,NULL,NULL,NULL,NULL,NULL,NULL,NULL,NULL,NULL,NULL,NULL,NULL,NULL,NULL,NULL,NULL,NULL,NULL,NULL,NULL,NULL,NULL,NULL,NULL,NULL,NULL,NULL,NULL,NULL,NULL,NULL,NULL,NULL,NULL,NULL,NULL,NULL,NULL,NULL,NULL,NULL,NULL,NULL,NULL,NULL,NULL,NULL,NULL,NULL,NULL,NULL,NULL,NULL,NULL,NULL,NULL,NULL,NULL,NULL,NULL,NULL,NULL,NULL,NULL,NULL,NULL,NULL,NULL,NULL,NULL,NULL,NULL,NULL,NULL,NULL,NULL,NULL,NULL,NULL,NULL,NULL,NULL,NULL,NULL,NULL,NULL,NULL,NULL,NULL,NULL,NULL,NULL,NULL,NULL,NULL,NULL,NULL,NULL,NULL,NULL,NULL,NULL,NULL,NULL),(72,NULL,NULL,NULL,NULL,NULL,NULL,NULL,NULL,NULL,NULL,NULL,NULL,NULL,NULL,NULL,NULL,NULL,NULL,NULL,NULL,NULL,NULL,NULL,NULL,NULL,NULL,NULL,NULL,NULL,NULL,NULL,NULL,NULL,NULL,NULL,NULL,NULL,NULL,NULL,NULL,NULL,NULL,NULL,NULL,NULL,NULL,NULL,NULL,NULL,NULL,NULL,NULL,NULL,NULL,NULL,NULL,NULL,NULL,NULL,NULL,NULL,NULL,NULL,NULL,NULL,NULL,NULL,NULL,NULL,NULL,NULL,NULL,NULL,NULL,NULL,NULL,NULL,NULL,NULL,NULL,NULL,NULL,NULL,NULL,NULL,NULL,NULL,NULL,NULL,NULL,NULL,NULL,NULL,NULL,NULL,NULL,NULL,NULL,NULL,NULL,NULL,NULL,NULL,NULL,NULL,NULL,NULL,NULL,NULL,NULL,NULL,NULL,NULL,NULL,NULL,NULL,NULL,NULL,NULL,NULL,NULL,NULL,NULL,NULL,NULL,NULL,NULL,NULL,NULL,NULL,NULL,NULL,NULL,NULL,NULL,NULL,NULL,NULL,NULL,NULL,NULL,NULL,NULL,NULL,NULL,NULL,NULL,NULL,NULL,NULL,NULL,NULL,NULL,NULL,NULL,NULL,NULL,NULL,NULL,NULL,NULL,NULL,NULL,NULL,NULL,NULL,NULL,NULL,NULL,NULL,NULL,NULL,NULL,NULL,NULL,NULL,NULL,NULL,NULL,NULL,NULL,NULL,NULL,NULL,NULL,NULL,NULL,NULL,NULL,NULL,NULL,NULL,NULL,NULL,NULL,NULL,NULL,NULL,NULL,NULL,NULL,NULL,NULL,NULL,NULL,NULL,NULL,NULL,NULL,NULL,NULL,NULL,NULL,NULL,NULL,NULL,NULL,NULL,NULL,NULL,NULL,NULL,NULL,NULL,NULL,NULL,NULL,NULL,NULL,NULL,NULL,NULL,NULL,NULL,NULL,NULL,NULL,NULL,NULL,NULL,NULL,NULL,NULL,NULL,NULL,NULL,NULL,NULL,NULL,NULL,NULL,NULL,NULL,NULL,NULL,NULL,NULL,NULL,NULL,NULL,NULL,NULL,NULL,NULL,NULL,NULL,NULL,NULL,NULL,NULL,NULL,NULL,NULL,NULL,NULL,NULL,NULL,NULL,NULL,NULL,NULL,NULL,NULL,NULL,NULL,NULL,NULL,NULL,NULL,NULL,NULL,NULL,NULL,NULL,NULL,NULL,NULL,NULL,NULL,NULL,NULL,NULL,NULL,NULL,NULL,NULL,NULL,NULL,NULL,NULL,NULL,NULL,NULL,NULL,NULL,NULL,NULL,NULL,NULL,NULL,NULL,NULL,NULL,NULL),(73,NULL,NULL,NULL,NULL,NULL,NULL,NULL,NULL,NULL,NULL,NULL,NULL,NULL,NULL,NULL,NULL,NULL,NULL,NULL,NULL,NULL,NULL,NULL,NULL,NULL,NULL,NULL,NULL,NULL,NULL,NULL,NULL,NULL,NULL,NULL,NULL,NULL,NULL,NULL,NULL,NULL,NULL,NULL,NULL,NULL,NULL,NULL,NULL,NULL,NULL,NULL,NULL,NULL,NULL,NULL,NULL,NULL,NULL,NULL,NULL,NULL,NULL,NULL,NULL,NULL,NULL,NULL,NULL,NULL,NULL,NULL,NULL,NULL,NULL,NULL,NULL,NULL,NULL,NULL,NULL,NULL,NULL,NULL,NULL,NULL,NULL,NULL,NULL,NULL,NULL,NULL,NULL,NULL,NULL,NULL,NULL,NULL,NULL,NULL,NULL,NULL,NULL,NULL,NULL,NULL,NULL,NULL,NULL,NULL,NULL,NULL,NULL,NULL,NULL,NULL,NULL,NULL,NULL,NULL,NULL,NULL,NULL,NULL,NULL,NULL,NULL,NULL,NULL,NULL,NULL,NULL,NULL,NULL,NULL,NULL,NULL,NULL,NULL,NULL,NULL,NULL,NULL,NULL,NULL,NULL,NULL,NULL,NULL,NULL,NULL,NULL,NULL,NULL,NULL,NULL,NULL,NULL,NULL,NULL,NULL,NULL,NULL,NULL,NULL,NULL,NULL,NULL,NULL,NULL,NULL,NULL,NULL,NULL,NULL,NULL,NULL,NULL,NULL,NULL,NULL,NULL,NULL,NULL,NULL,NULL,NULL,NULL,NULL,NULL,NULL,NULL,NULL,NULL,NULL,NULL,NULL,NULL,NULL,NULL,NULL,NULL,NULL,NULL,NULL,NULL,NULL,NULL,NULL,NULL,NULL,NULL,NULL,NULL,NULL,NULL,NULL,NULL,NULL,NULL,NULL,NULL,NULL,NULL,NULL,NULL,NULL,NULL,NULL,NULL,NULL,NULL,NULL,NULL,NULL,NULL,NULL,NULL,NULL,NULL,NULL,NULL,NULL,NULL,NULL,NULL,NULL,NULL,NULL,NULL,NULL,NULL,NULL,NULL,NULL,NULL,NULL,NULL,NULL,NULL,NULL,NULL,NULL,NULL,NULL,NULL,NULL,NULL,NULL,NULL,NULL,NULL,NULL,NULL,NULL,NULL,NULL,NULL,NULL,NULL,NULL,NULL,NULL,NULL,NULL,NULL,NULL,NULL,NULL,NULL,NULL,NULL,NULL,NULL,NULL,NULL,NULL,NULL,NULL,NULL,NULL,NULL,NULL,NULL,NULL,NULL,NULL,NULL,NULL,NULL,NULL,NULL,NULL,NULL,NULL,NULL,NULL,NULL,NULL,NULL,NULL,NULL,NULL,NULL,NULL),(74,NULL,NULL,NULL,NULL,NULL,NULL,NULL,NULL,NULL,NULL,NULL,NULL,NULL,NULL,NULL,NULL,NULL,NULL,NULL,NULL,NULL,NULL,NULL,NULL,NULL,NULL,NULL,NULL,NULL,NULL,NULL,NULL,NULL,NULL,NULL,NULL,NULL,NULL,NULL,NULL,NULL,NULL,NULL,NULL,NULL,NULL,NULL,NULL,NULL,NULL,NULL,NULL,NULL,NULL,NULL,NULL,NULL,NULL,NULL,NULL,NULL,NULL,NULL,NULL,NULL,NULL,NULL,NULL,NULL,NULL,NULL,NULL,NULL,NULL,NULL,NULL,NULL,NULL,NULL,NULL,NULL,NULL,NULL,NULL,NULL,NULL,NULL,NULL,NULL,NULL,NULL,NULL,NULL,NULL,NULL,NULL,NULL,NULL,NULL,NULL,NULL,NULL,NULL,NULL,NULL,NULL,NULL,NULL,NULL,NULL,NULL,NULL,NULL,NULL,NULL,NULL,NULL,NULL,NULL,NULL,NULL,NULL,NULL,NULL,NULL,NULL,NULL,NULL,NULL,NULL,NULL,NULL,NULL,NULL,NULL,NULL,NULL,NULL,NULL,NULL,NULL,NULL,NULL,NULL,NULL,NULL,NULL,NULL,NULL,NULL,NULL,NULL,NULL,NULL,NULL,NULL,NULL,NULL,NULL,NULL,NULL,NULL,NULL,NULL,NULL,NULL,NULL,NULL,NULL,NULL,NULL,NULL,NULL,NULL,NULL,NULL,NULL,NULL,NULL,NULL,NULL,NULL,NULL,NULL,NULL,NULL,NULL,NULL,NULL,NULL,NULL,NULL,NULL,NULL,NULL,NULL,NULL,NULL,NULL,NULL,NULL,NULL,NULL,NULL,NULL,NULL,NULL,NULL,NULL,NULL,NULL,NULL,NULL,NULL,NULL,NULL,NULL,NULL,NULL,NULL,NULL,NULL,NULL,NULL,NULL,NULL,NULL,NULL,NULL,NULL,NULL,NULL,NULL,NULL,NULL,NULL,NULL,NULL,NULL,NULL,NULL,NULL,NULL,NULL,NULL,NULL,NULL,NULL,NULL,NULL,NULL,NULL,NULL,NULL,NULL,NULL,NULL,NULL,NULL,NULL,NULL,NULL,NULL,NULL,NULL,NULL,NULL,NULL,NULL,NULL,NULL,NULL,NULL,NULL,NULL,NULL,NULL,NULL,NULL,NULL,NULL,NULL,NULL,NULL,NULL,NULL,NULL,NULL,NULL,NULL,NULL,NULL,NULL,NULL,NULL,NULL,NULL,NULL,NULL,NULL,NULL,NULL,NULL,NULL,NULL,NULL,NULL,NULL,NULL,NULL,NULL,NULL,NULL,NULL,NULL,NULL,NULL,NULL,NULL,NULL,NULL,NULL,NULL,NULL),(75,NULL,NULL,NULL,NULL,NULL,NULL,NULL,NULL,NULL,NULL,NULL,NULL,NULL,NULL,NULL,NULL,NULL,NULL,NULL,NULL,NULL,NULL,NULL,NULL,NULL,NULL,NULL,NULL,NULL,NULL,NULL,NULL,NULL,NULL,NULL,NULL,NULL,NULL,NULL,NULL,NULL,NULL,NULL,NULL,NULL,NULL,NULL,NULL,NULL,NULL,NULL,NULL,NULL,NULL,NULL,NULL,NULL,NULL,NULL,NULL,NULL,NULL,NULL,NULL,NULL,NULL,NULL,NULL,NULL,NULL,NULL,NULL,NULL,NULL,NULL,NULL,NULL,NULL,NULL,NULL,NULL,NULL,NULL,NULL,NULL,NULL,NULL,NULL,NULL,NULL,NULL,NULL,NULL,NULL,NULL,NULL,NULL,NULL,NULL,NULL,NULL,NULL,NULL,NULL,NULL,NULL,NULL,NULL,NULL,NULL,NULL,NULL,NULL,NULL,NULL,NULL,NULL,NULL,NULL,NULL,NULL,NULL,NULL,NULL,NULL,NULL,NULL,NULL,NULL,NULL,NULL,NULL,NULL,NULL,NULL,NULL,NULL,NULL,NULL,NULL,NULL,NULL,NULL,NULL,NULL,NULL,NULL,NULL,NULL,NULL,NULL,NULL,NULL,NULL,NULL,NULL,NULL,NULL,NULL,NULL,NULL,NULL,NULL,NULL,NULL,NULL,NULL,NULL,NULL,NULL,NULL,NULL,NULL,NULL,NULL,NULL,NULL,NULL,NULL,NULL,NULL,NULL,NULL,NULL,NULL,NULL,NULL,NULL,NULL,NULL,NULL,NULL,NULL,NULL,NULL,NULL,NULL,NULL,NULL,NULL,NULL,NULL,NULL,NULL,NULL,NULL,NULL,NULL,NULL,NULL,NULL,NULL,NULL,NULL,NULL,NULL,NULL,NULL,NULL,NULL,NULL,NULL,NULL,NULL,NULL,NULL,NULL,NULL,NULL,NULL,NULL,NULL,NULL,NULL,NULL,NULL,NULL,NULL,NULL,NULL,NULL,NULL,NULL,NULL,NULL,NULL,NULL,NULL,NULL,NULL,NULL,NULL,NULL,NULL,NULL,NULL,NULL,NULL,NULL,NULL,NULL,NULL,NULL,NULL,NULL,NULL,NULL,NULL,NULL,NULL,NULL,NULL,NULL,NULL,NULL,NULL,NULL,NULL,NULL,NULL,NULL,NULL,NULL,NULL,NULL,NULL,NULL,NULL,NULL,NULL,NULL,NULL,NULL,NULL,NULL,NULL,NULL,NULL,NULL,NULL,NULL,NULL,NULL,NULL,NULL,NULL,NULL,NULL,NULL,NULL,NULL,NULL,NULL,NULL,NULL,NULL,NULL,NULL,NULL,NULL,NULL,NULL,NULL,NULL),(76,NULL,NULL,NULL,NULL,NULL,NULL,NULL,NULL,NULL,NULL,NULL,NULL,NULL,NULL,NULL,NULL,NULL,NULL,NULL,NULL,NULL,NULL,NULL,NULL,NULL,NULL,NULL,NULL,NULL,NULL,NULL,NULL,NULL,NULL,NULL,NULL,NULL,NULL,NULL,NULL,NULL,NULL,NULL,NULL,NULL,NULL,NULL,NULL,NULL,NULL,NULL,NULL,NULL,NULL,NULL,NULL,NULL,NULL,NULL,NULL,NULL,NULL,NULL,NULL,NULL,NULL,NULL,NULL,NULL,NULL,NULL,NULL,NULL,NULL,NULL,NULL,NULL,NULL,NULL,NULL,NULL,NULL,NULL,NULL,NULL,NULL,NULL,NULL,NULL,NULL,NULL,NULL,NULL,NULL,NULL,NULL,NULL,NULL,NULL,NULL,NULL,NULL,NULL,NULL,NULL,NULL,NULL,NULL,NULL,NULL,NULL,NULL,NULL,NULL,NULL,NULL,NULL,NULL,NULL,NULL,NULL,NULL,NULL,NULL,NULL,NULL,NULL,NULL,NULL,NULL,NULL,NULL,NULL,NULL,NULL,NULL,NULL,NULL,NULL,NULL,NULL,NULL,NULL,NULL,NULL,NULL,NULL,NULL,NULL,NULL,NULL,NULL,NULL,NULL,NULL,NULL,NULL,NULL,NULL,NULL,NULL,NULL,NULL,NULL,NULL,NULL,NULL,NULL,NULL,NULL,NULL,NULL,NULL,NULL,NULL,NULL,NULL,NULL,NULL,NULL,NULL,NULL,NULL,NULL,NULL,NULL,NULL,NULL,NULL,NULL,NULL,NULL,NULL,NULL,NULL,NULL,NULL,NULL,NULL,NULL,NULL,NULL,NULL,NULL,NULL,NULL,NULL,NULL,NULL,NULL,NULL,NULL,NULL,NULL,NULL,NULL,NULL,NULL,NULL,NULL,NULL,NULL,NULL,NULL,NULL,NULL,NULL,NULL,NULL,NULL,NULL,NULL,NULL,NULL,NULL,NULL,NULL,NULL,NULL,NULL,NULL,NULL,NULL,NULL,NULL,NULL,NULL,NULL,NULL,NULL,NULL,NULL,NULL,NULL,NULL,NULL,NULL,NULL,NULL,NULL,NULL,NULL,NULL,NULL,NULL,NULL,NULL,NULL,NULL,NULL,NULL,NULL,NULL,NULL,NULL,NULL,NULL,NULL,NULL,NULL,NULL,NULL,NULL,NULL,NULL,NULL,NULL,NULL,NULL,NULL,NULL,NULL,NULL,NULL,NULL,NULL,NULL,NULL,NULL,NULL,NULL,NULL,NULL,NULL,NULL,NULL,NULL,NULL,NULL,NULL,NULL,NULL,NULL,NULL,NULL,NULL,NULL,NULL,NULL,NULL,NULL,NULL,NULL,NULL),(77,NULL,NULL,NULL,NULL,NULL,NULL,NULL,NULL,NULL,NULL,NULL,NULL,NULL,NULL,NULL,NULL,NULL,NULL,NULL,NULL,NULL,NULL,NULL,NULL,NULL,NULL,NULL,NULL,NULL,NULL,NULL,NULL,NULL,NULL,NULL,NULL,NULL,NULL,NULL,NULL,NULL,NULL,NULL,NULL,NULL,NULL,NULL,NULL,NULL,NULL,NULL,NULL,NULL,NULL,NULL,NULL,NULL,NULL,NULL,NULL,NULL,NULL,NULL,NULL,NULL,NULL,NULL,NULL,NULL,NULL,NULL,NULL,NULL,NULL,NULL,NULL,NULL,NULL,NULL,NULL,NULL,NULL,NULL,NULL,NULL,NULL,NULL,NULL,NULL,NULL,NULL,NULL,NULL,NULL,NULL,NULL,NULL,NULL,NULL,NULL,NULL,NULL,NULL,NULL,NULL,NULL,NULL,NULL,NULL,NULL,NULL,NULL,NULL,NULL,NULL,NULL,NULL,NULL,NULL,NULL,NULL,NULL,NULL,NULL,NULL,NULL,NULL,NULL,NULL,NULL,NULL,NULL,NULL,NULL,NULL,NULL,NULL,NULL,NULL,NULL,NULL,NULL,NULL,NULL,NULL,NULL,NULL,NULL,NULL,NULL,NULL,NULL,NULL,NULL,NULL,NULL,NULL,NULL,NULL,NULL,NULL,NULL,NULL,NULL,NULL,NULL,NULL,NULL,NULL,NULL,NULL,NULL,NULL,NULL,NULL,NULL,NULL,NULL,NULL,NULL,NULL,NULL,NULL,NULL,NULL,NULL,NULL,NULL,NULL,NULL,NULL,NULL,NULL,NULL,NULL,NULL,NULL,NULL,NULL,NULL,NULL,NULL,NULL,NULL,NULL,NULL,NULL,NULL,NULL,NULL,NULL,NULL,NULL,NULL,NULL,NULL,NULL,NULL,NULL,NULL,NULL,NULL,NULL,NULL,NULL,NULL,NULL,NULL,NULL,NULL,NULL,NULL,NULL,NULL,NULL,NULL,NULL,NULL,NULL,NULL,NULL,NULL,NULL,NULL,NULL,NULL,NULL,NULL,NULL,NULL,NULL,NULL,NULL,NULL,NULL,NULL,NULL,NULL,NULL,NULL,NULL,NULL,NULL,NULL,NULL,NULL,NULL,NULL,NULL,NULL,NULL,NULL,NULL,NULL,NULL,NULL,NULL,NULL,NULL,NULL,NULL,NULL,NULL,NULL,NULL,NULL,NULL,NULL,NULL,NULL,NULL,NULL,NULL,NULL,NULL,NULL,NULL,NULL,NULL,NULL,NULL,NULL,NULL,NULL,NULL,NULL,NULL,NULL,NULL,NULL,NULL,NULL,NULL,NULL,NULL,NULL,NULL,NULL,NULL,NULL,NULL,NULL,NULL,NULL),(78,NULL,NULL,NULL,NULL,NULL,NULL,NULL,NULL,NULL,NULL,NULL,NULL,NULL,NULL,NULL,NULL,NULL,NULL,NULL,NULL,NULL,NULL,NULL,NULL,NULL,NULL,NULL,NULL,NULL,NULL,NULL,NULL,NULL,NULL,NULL,NULL,NULL,NULL,NULL,NULL,NULL,NULL,NULL,NULL,NULL,NULL,NULL,NULL,NULL,NULL,NULL,NULL,NULL,NULL,NULL,NULL,NULL,NULL,NULL,NULL,NULL,NULL,NULL,NULL,NULL,NULL,NULL,NULL,NULL,NULL,NULL,NULL,NULL,NULL,NULL,NULL,NULL,NULL,NULL,NULL,NULL,NULL,NULL,NULL,NULL,NULL,NULL,NULL,NULL,NULL,NULL,NULL,NULL,NULL,NULL,NULL,NULL,NULL,NULL,NULL,NULL,NULL,NULL,NULL,NULL,NULL,NULL,NULL,NULL,NULL,NULL,NULL,NULL,NULL,NULL,NULL,NULL,NULL,NULL,NULL,NULL,NULL,NULL,NULL,NULL,NULL,NULL,NULL,NULL,NULL,NULL,NULL,NULL,NULL,NULL,NULL,NULL,NULL,NULL,NULL,NULL,NULL,NULL,NULL,NULL,NULL,NULL,NULL,NULL,NULL,NULL,NULL,NULL,NULL,NULL,NULL,NULL,NULL,NULL,NULL,NULL,NULL,NULL,NULL,NULL,NULL,NULL,NULL,NULL,NULL,NULL,NULL,NULL,NULL,NULL,NULL,NULL,NULL,NULL,NULL,NULL,NULL,NULL,NULL,NULL,NULL,NULL,NULL,NULL,NULL,NULL,NULL,NULL,NULL,NULL,NULL,NULL,NULL,NULL,NULL,NULL,NULL,NULL,NULL,NULL,NULL,NULL,NULL,NULL,NULL,NULL,NULL,NULL,NULL,NULL,NULL,NULL,NULL,NULL,NULL,NULL,NULL,NULL,NULL,NULL,NULL,NULL,NULL,NULL,NULL,NULL,NULL,NULL,NULL,NULL,NULL,NULL,NULL,NULL,NULL,NULL,NULL,NULL,NULL,NULL,NULL,NULL,NULL,NULL,NULL,NULL,NULL,NULL,NULL,NULL,NULL,NULL,NULL,NULL,NULL,NULL,NULL,NULL,NULL,NULL,NULL,NULL,NULL,NULL,NULL,NULL,NULL,NULL,NULL,NULL,NULL,NULL,NULL,NULL,NULL,NULL,NULL,NULL,NULL,NULL,NULL,NULL,NULL,NULL,NULL,NULL,NULL,NULL,NULL,NULL,NULL,NULL,NULL,NULL,NULL,NULL,NULL,NULL,NULL,NULL,NULL,NULL,NULL,NULL,NULL,NULL,NULL,NULL,NULL,NULL,NULL,NULL,NULL,NULL,NULL,NULL,NULL,NULL,NULL),(79,NULL,NULL,NULL,NULL,NULL,NULL,NULL,NULL,NULL,NULL,NULL,NULL,NULL,NULL,NULL,NULL,NULL,NULL,NULL,NULL,NULL,NULL,NULL,NULL,NULL,NULL,NULL,NULL,NULL,NULL,NULL,NULL,NULL,NULL,NULL,NULL,NULL,NULL,NULL,NULL,NULL,NULL,NULL,NULL,NULL,NULL,NULL,NULL,NULL,NULL,NULL,NULL,NULL,NULL,NULL,NULL,NULL,NULL,NULL,NULL,NULL,NULL,NULL,NULL,NULL,NULL,NULL,NULL,NULL,NULL,NULL,NULL,NULL,NULL,NULL,NULL,NULL,NULL,NULL,NULL,NULL,NULL,NULL,NULL,NULL,NULL,NULL,NULL,NULL,NULL,NULL,NULL,NULL,NULL,NULL,NULL,NULL,NULL,NULL,NULL,NULL,NULL,NULL,NULL,NULL,NULL,NULL,NULL,NULL,NULL,NULL,NULL,NULL,NULL,NULL,NULL,NULL,NULL,NULL,NULL,NULL,NULL,NULL,NULL,NULL,NULL,NULL,NULL,NULL,NULL,NULL,NULL,NULL,NULL,NULL,NULL,NULL,NULL,NULL,NULL,NULL,NULL,NULL,NULL,NULL,NULL,NULL,NULL,NULL,NULL,NULL,NULL,NULL,NULL,NULL,NULL,NULL,NULL,NULL,NULL,NULL,NULL,NULL,NULL,NULL,NULL,NULL,NULL,NULL,NULL,NULL,NULL,NULL,NULL,NULL,NULL,NULL,NULL,NULL,NULL,NULL,NULL,NULL,NULL,NULL,NULL,NULL,NULL,NULL,NULL,NULL,NULL,NULL,NULL,NULL,NULL,NULL,NULL,NULL,NULL,NULL,NULL,NULL,NULL,NULL,NULL,NULL,NULL,NULL,NULL,NULL,NULL,NULL,NULL,NULL,NULL,NULL,NULL,NULL,NULL,NULL,NULL,NULL,NULL,NULL,NULL,NULL,NULL,NULL,NULL,NULL,NULL,NULL,NULL,NULL,NULL,NULL,NULL,NULL,NULL,NULL,NULL,NULL,NULL,NULL,NULL,NULL,NULL,NULL,NULL,NULL,NULL,NULL,NULL,NULL,NULL,NULL,NULL,NULL,NULL,NULL,NULL,NULL,NULL,NULL,NULL,NULL,NULL,NULL,NULL,NULL,NULL,NULL,NULL,NULL,NULL,NULL,NULL,NULL,NULL,NULL,NULL,NULL,NULL,NULL,NULL,NULL,NULL,NULL,NULL,NULL,NULL,NULL,NULL,NULL,NULL,NULL,NULL,NULL,NULL,NULL,NULL,NULL,NULL,NULL,NULL,NULL,NULL,NULL,NULL,NULL,NULL,NULL,NULL,NULL,NULL,NULL,NULL,NULL,NULL,NULL,NULL,NULL,NULL),(80,NULL,NULL,NULL,NULL,NULL,NULL,NULL,NULL,NULL,NULL,NULL,NULL,NULL,NULL,NULL,NULL,NULL,NULL,NULL,NULL,NULL,NULL,NULL,NULL,NULL,NULL,NULL,NULL,NULL,NULL,NULL,NULL,NULL,NULL,NULL,NULL,NULL,NULL,NULL,NULL,NULL,NULL,NULL,NULL,NULL,NULL,NULL,NULL,NULL,NULL,NULL,NULL,NULL,NULL,NULL,NULL,NULL,NULL,NULL,NULL,NULL,NULL,NULL,NULL,NULL,NULL,NULL,NULL,NULL,NULL,NULL,NULL,NULL,NULL,NULL,NULL,NULL,NULL,NULL,NULL,NULL,NULL,NULL,NULL,NULL,NULL,NULL,NULL,NULL,NULL,NULL,NULL,NULL,NULL,NULL,NULL,NULL,NULL,NULL,NULL,NULL,NULL,NULL,NULL,NULL,NULL,NULL,NULL,NULL,NULL,NULL,NULL,NULL,NULL,NULL,NULL,NULL,NULL,NULL,NULL,NULL,NULL,NULL,NULL,NULL,NULL,NULL,NULL,NULL,NULL,NULL,NULL,NULL,NULL,NULL,NULL,NULL,NULL,NULL,NULL,NULL,NULL,NULL,NULL,NULL,NULL,NULL,NULL,NULL,NULL,NULL,NULL,NULL,NULL,NULL,NULL,NULL,NULL,NULL,NULL,NULL,NULL,NULL,NULL,NULL,NULL,NULL,NULL,NULL,NULL,NULL,NULL,NULL,NULL,NULL,NULL,NULL,NULL,NULL,NULL,NULL,NULL,NULL,NULL,NULL,NULL,NULL,NULL,NULL,NULL,NULL,NULL,NULL,NULL,NULL,NULL,NULL,NULL,NULL,NULL,NULL,NULL,NULL,NULL,NULL,NULL,NULL,NULL,NULL,NULL,NULL,NULL,NULL,NULL,NULL,NULL,NULL,NULL,NULL,NULL,NULL,NULL,NULL,NULL,NULL,NULL,NULL,NULL,NULL,NULL,NULL,NULL,NULL,NULL,NULL,NULL,NULL,NULL,NULL,NULL,NULL,NULL,NULL,NULL,NULL,NULL,NULL,NULL,NULL,NULL,NULL,NULL,NULL,NULL,NULL,NULL,NULL,NULL,NULL,NULL,NULL,NULL,NULL,NULL,NULL,NULL,NULL,NULL,NULL,NULL,NULL,NULL,NULL,NULL,NULL,NULL,NULL,NULL,NULL,NULL,NULL,NULL,NULL,NULL,NULL,NULL,NULL,NULL,NULL,NULL,NULL,NULL,NULL,NULL,NULL,NULL,NULL,NULL,NULL,NULL,NULL,NULL,NULL,NULL,NULL,NULL,NULL,NULL,NULL,NULL,NULL,NULL,NULL,NULL,NULL,NULL,NULL,NULL,NULL,NULL,NULL,NULL,NULL,NULL),(81,NULL,NULL,NULL,NULL,NULL,NULL,NULL,NULL,NULL,NULL,NULL,NULL,NULL,NULL,NULL,NULL,NULL,NULL,NULL,NULL,NULL,NULL,NULL,NULL,NULL,NULL,NULL,NULL,NULL,NULL,NULL,NULL,NULL,NULL,NULL,NULL,NULL,NULL,NULL,NULL,NULL,NULL,NULL,NULL,NULL,NULL,NULL,NULL,NULL,NULL,NULL,NULL,NULL,NULL,NULL,NULL,NULL,NULL,NULL,NULL,NULL,NULL,NULL,NULL,NULL,NULL,NULL,NULL,NULL,NULL,NULL,NULL,NULL,NULL,NULL,NULL,NULL,NULL,NULL,NULL,NULL,NULL,NULL,NULL,NULL,NULL,NULL,NULL,NULL,NULL,NULL,NULL,NULL,NULL,NULL,NULL,NULL,NULL,NULL,NULL,NULL,NULL,NULL,NULL,NULL,NULL,NULL,NULL,NULL,NULL,NULL,NULL,NULL,NULL,NULL,NULL,NULL,NULL,NULL,NULL,NULL,NULL,NULL,NULL,NULL,NULL,NULL,NULL,NULL,NULL,NULL,NULL,NULL,NULL,NULL,NULL,NULL,NULL,NULL,NULL,NULL,NULL,NULL,NULL,NULL,NULL,NULL,NULL,NULL,NULL,NULL,NULL,NULL,NULL,NULL,NULL,NULL,NULL,NULL,NULL,NULL,NULL,NULL,NULL,NULL,NULL,NULL,NULL,NULL,NULL,NULL,NULL,NULL,NULL,NULL,NULL,NULL,NULL,NULL,NULL,NULL,NULL,NULL,NULL,NULL,NULL,NULL,NULL,NULL,NULL,NULL,NULL,NULL,NULL,NULL,NULL,NULL,NULL,NULL,NULL,NULL,NULL,NULL,NULL,NULL,NULL,NULL,NULL,NULL,NULL,NULL,NULL,NULL,NULL,NULL,NULL,NULL,NULL,NULL,NULL,NULL,NULL,NULL,NULL,NULL,NULL,NULL,NULL,NULL,NULL,NULL,NULL,NULL,NULL,NULL,NULL,NULL,NULL,NULL,NULL,NULL,NULL,NULL,NULL,NULL,NULL,NULL,NULL,NULL,NULL,NULL,NULL,NULL,NULL,NULL,NULL,NULL,NULL,NULL,NULL,NULL,NULL,NULL,NULL,NULL,NULL,NULL,NULL,NULL,NULL,NULL,NULL,NULL,NULL,NULL,NULL,NULL,NULL,NULL,NULL,NULL,NULL,NULL,NULL,NULL,NULL,NULL,NULL,NULL,NULL,NULL,NULL,NULL,NULL,NULL,NULL,NULL,NULL,NULL,NULL,NULL,NULL,NULL,NULL,NULL,NULL,NULL,NULL,NULL,NULL,NULL,NULL,NULL,NULL,NULL,NULL,NULL,NULL,NULL,NULL,NULL,NULL,NULL,NULL),(82,NULL,NULL,NULL,NULL,NULL,NULL,NULL,NULL,NULL,NULL,NULL,NULL,NULL,NULL,NULL,NULL,NULL,NULL,NULL,NULL,NULL,NULL,NULL,NULL,NULL,NULL,NULL,NULL,NULL,NULL,NULL,NULL,NULL,NULL,NULL,NULL,NULL,NULL,NULL,NULL,NULL,NULL,NULL,NULL,NULL,NULL,NULL,NULL,NULL,NULL,NULL,NULL,NULL,NULL,NULL,NULL,NULL,NULL,NULL,NULL,NULL,NULL,NULL,NULL,NULL,NULL,NULL,NULL,NULL,NULL,NULL,NULL,NULL,NULL,NULL,NULL,NULL,NULL,NULL,NULL,NULL,NULL,NULL,NULL,NULL,NULL,NULL,NULL,NULL,NULL,NULL,NULL,NULL,NULL,NULL,NULL,NULL,NULL,NULL,NULL,NULL,NULL,NULL,NULL,NULL,NULL,NULL,NULL,NULL,NULL,NULL,NULL,NULL,NULL,NULL,NULL,NULL,NULL,NULL,NULL,NULL,NULL,NULL,NULL,NULL,NULL,NULL,NULL,NULL,NULL,NULL,NULL,NULL,NULL,NULL,NULL,NULL,NULL,NULL,NULL,NULL,NULL,NULL,NULL,NULL,NULL,NULL,NULL,NULL,NULL,NULL,NULL,NULL,NULL,NULL,NULL,NULL,NULL,NULL,NULL,NULL,NULL,NULL,NULL,NULL,NULL,NULL,NULL,NULL,NULL,NULL,NULL,NULL,NULL,NULL,NULL,NULL,NULL,NULL,NULL,NULL,NULL,NULL,NULL,NULL,NULL,NULL,NULL,NULL,NULL,NULL,NULL,NULL,NULL,NULL,NULL,NULL,NULL,NULL,NULL,NULL,NULL,NULL,NULL,NULL,NULL,NULL,NULL,NULL,NULL,NULL,NULL,NULL,NULL,NULL,NULL,NULL,NULL,NULL,NULL,NULL,NULL,NULL,NULL,NULL,NULL,NULL,NULL,NULL,NULL,NULL,NULL,NULL,NULL,NULL,NULL,NULL,NULL,NULL,NULL,NULL,NULL,NULL,NULL,NULL,NULL,NULL,NULL,NULL,NULL,NULL,NULL,NULL,NULL,NULL,NULL,NULL,NULL,NULL,NULL,NULL,NULL,NULL,NULL,NULL,NULL,NULL,NULL,NULL,NULL,NULL,NULL,NULL,NULL,NULL,NULL,NULL,NULL,NULL,NULL,NULL,NULL,NULL,NULL,NULL,NULL,NULL,NULL,NULL,NULL,NULL,NULL,NULL,NULL,NULL,NULL,NULL,NULL,NULL,NULL,NULL,NULL,NULL,NULL,NULL,NULL,NULL,NULL,NULL,NULL,NULL,NULL,NULL,NULL,NULL,NULL,NULL,NULL,NULL,NULL,NULL,NULL,NULL,NULL),(83,NULL,NULL,NULL,NULL,NULL,NULL,NULL,NULL,NULL,NULL,NULL,NULL,NULL,NULL,NULL,NULL,NULL,NULL,NULL,NULL,NULL,NULL,NULL,NULL,NULL,NULL,NULL,NULL,NULL,NULL,NULL,NULL,NULL,NULL,NULL,NULL,NULL,NULL,NULL,NULL,NULL,NULL,NULL,NULL,NULL,NULL,NULL,NULL,NULL,NULL,NULL,NULL,NULL,NULL,NULL,NULL,NULL,NULL,NULL,NULL,NULL,NULL,NULL,NULL,NULL,NULL,NULL,NULL,NULL,NULL,NULL,NULL,NULL,NULL,NULL,NULL,NULL,NULL,NULL,NULL,NULL,NULL,NULL,NULL,NULL,NULL,NULL,NULL,NULL,NULL,NULL,NULL,NULL,NULL,NULL,NULL,NULL,NULL,NULL,NULL,NULL,NULL,NULL,NULL,NULL,NULL,NULL,NULL,NULL,NULL,NULL,NULL,NULL,NULL,NULL,NULL,NULL,NULL,NULL,NULL,NULL,NULL,NULL,NULL,NULL,NULL,NULL,NULL,NULL,NULL,NULL,NULL,NULL,NULL,NULL,NULL,NULL,NULL,NULL,NULL,NULL,NULL,NULL,NULL,NULL,NULL,NULL,NULL,NULL,NULL,NULL,NULL,NULL,NULL,NULL,NULL,NULL,NULL,NULL,NULL,NULL,NULL,NULL,NULL,NULL,NULL,NULL,NULL,NULL,NULL,NULL,NULL,NULL,NULL,NULL,NULL,NULL,NULL,NULL,NULL,NULL,NULL,NULL,NULL,NULL,NULL,NULL,NULL,NULL,NULL,NULL,NULL,NULL,NULL,NULL,NULL,NULL,NULL,NULL,NULL,NULL,NULL,NULL,NULL,NULL,NULL,NULL,NULL,NULL,NULL,NULL,NULL,NULL,NULL,NULL,NULL,NULL,NULL,NULL,NULL,NULL,NULL,NULL,NULL,NULL,NULL,NULL,NULL,NULL,NULL,NULL,NULL,NULL,NULL,NULL,NULL,NULL,NULL,NULL,NULL,NULL,NULL,NULL,NULL,NULL,NULL,NULL,NULL,NULL,NULL,NULL,NULL,NULL,NULL,NULL,NULL,NULL,NULL,NULL,NULL,NULL,NULL,NULL,NULL,NULL,NULL,NULL,NULL,NULL,NULL,NULL,NULL,NULL,NULL,NULL,NULL,NULL,NULL,NULL,NULL,NULL,NULL,NULL,NULL,NULL,NULL,NULL,NULL,NULL,NULL,NULL,NULL,NULL,NULL,NULL,NULL,NULL,NULL,NULL,NULL,NULL,NULL,NULL,NULL,NULL,NULL,NULL,NULL,NULL,NULL,NULL,NULL,NULL,NULL,NULL,NULL,NULL,NULL,NULL,NULL,NULL,NULL,NULL,NULL),(84,NULL,NULL,NULL,NULL,NULL,NULL,NULL,NULL,NULL,NULL,NULL,NULL,NULL,NULL,NULL,NULL,NULL,NULL,NULL,NULL,NULL,NULL,NULL,NULL,NULL,NULL,NULL,NULL,NULL,NULL,NULL,NULL,NULL,NULL,NULL,NULL,NULL,NULL,NULL,NULL,NULL,NULL,NULL,NULL,NULL,NULL,NULL,NULL,NULL,NULL,NULL,NULL,NULL,NULL,NULL,NULL,NULL,NULL,NULL,NULL,NULL,NULL,NULL,NULL,NULL,NULL,NULL,NULL,NULL,NULL,NULL,NULL,NULL,NULL,NULL,NULL,NULL,NULL,NULL,NULL,NULL,NULL,NULL,NULL,NULL,NULL,NULL,NULL,NULL,NULL,NULL,NULL,NULL,NULL,NULL,NULL,NULL,NULL,NULL,NULL,NULL,NULL,NULL,NULL,NULL,NULL,NULL,NULL,NULL,NULL,NULL,NULL,NULL,NULL,NULL,NULL,NULL,NULL,NULL,NULL,NULL,NULL,NULL,NULL,NULL,NULL,NULL,NULL,NULL,NULL,NULL,NULL,NULL,NULL,NULL,NULL,NULL,NULL,NULL,NULL,NULL,NULL,NULL,NULL,NULL,NULL,NULL,NULL,NULL,NULL,NULL,NULL,NULL,NULL,NULL,NULL,NULL,NULL,NULL,NULL,NULL,NULL,NULL,NULL,NULL,NULL,NULL,NULL,NULL,NULL,NULL,NULL,NULL,NULL,NULL,NULL,NULL,NULL,NULL,NULL,NULL,NULL,NULL,NULL,NULL,NULL,NULL,NULL,NULL,NULL,NULL,NULL,NULL,NULL,NULL,NULL,NULL,NULL,NULL,NULL,NULL,NULL,NULL,NULL,NULL,NULL,NULL,NULL,NULL,NULL,NULL,NULL,NULL,NULL,NULL,NULL,NULL,NULL,NULL,NULL,NULL,NULL,NULL,NULL,NULL,NULL,NULL,NULL,NULL,NULL,NULL,NULL,NULL,NULL,NULL,NULL,NULL,NULL,NULL,NULL,NULL,NULL,NULL,NULL,NULL,NULL,NULL,NULL,NULL,NULL,NULL,NULL,NULL,NULL,NULL,NULL,NULL,NULL,NULL,NULL,NULL,NULL,NULL,NULL,NULL,NULL,NULL,NULL,NULL,NULL,NULL,NULL,NULL,NULL,NULL,NULL,NULL,NULL,NULL,NULL,NULL,NULL,NULL,NULL,NULL,NULL,NULL,NULL,NULL,NULL,NULL,NULL,NULL,NULL,NULL,NULL,NULL,NULL,NULL,NULL,NULL,NULL,NULL,NULL,NULL,NULL,NULL,NULL,NULL,NULL,NULL,NULL,NULL,NULL,NULL,NULL,NULL,NULL,NULL,NULL,NULL,NULL,NULL,NULL),(85,NULL,NULL,NULL,NULL,NULL,NULL,NULL,NULL,NULL,NULL,NULL,NULL,NULL,NULL,NULL,NULL,NULL,NULL,NULL,NULL,NULL,NULL,NULL,NULL,NULL,NULL,NULL,NULL,NULL,NULL,NULL,NULL,NULL,NULL,NULL,NULL,NULL,NULL,NULL,NULL,NULL,NULL,NULL,NULL,NULL,NULL,NULL,NULL,NULL,NULL,NULL,NULL,NULL,NULL,NULL,NULL,NULL,NULL,NULL,NULL,NULL,NULL,NULL,NULL,NULL,NULL,NULL,NULL,NULL,NULL,NULL,NULL,NULL,NULL,NULL,NULL,NULL,NULL,NULL,NULL,NULL,NULL,NULL,NULL,NULL,NULL,NULL,NULL,NULL,NULL,NULL,NULL,NULL,NULL,NULL,NULL,NULL,NULL,NULL,NULL,NULL,NULL,NULL,NULL,NULL,NULL,NULL,NULL,NULL,NULL,NULL,NULL,NULL,NULL,NULL,NULL,NULL,NULL,NULL,NULL,NULL,NULL,NULL,NULL,NULL,NULL,NULL,NULL,NULL,NULL,NULL,NULL,NULL,NULL,NULL,NULL,NULL,NULL,NULL,NULL,NULL,NULL,NULL,NULL,NULL,NULL,NULL,NULL,NULL,NULL,NULL,NULL,NULL,NULL,NULL,NULL,NULL,NULL,NULL,NULL,NULL,NULL,NULL,NULL,NULL,NULL,NULL,NULL,NULL,NULL,NULL,NULL,NULL,NULL,NULL,NULL,NULL,NULL,NULL,NULL,NULL,NULL,NULL,NULL,NULL,NULL,NULL,NULL,NULL,NULL,NULL,NULL,NULL,NULL,NULL,NULL,NULL,NULL,NULL,NULL,NULL,NULL,NULL,NULL,NULL,NULL,NULL,NULL,NULL,NULL,NULL,NULL,NULL,NULL,NULL,NULL,NULL,NULL,NULL,NULL,NULL,NULL,NULL,NULL,NULL,NULL,NULL,NULL,NULL,NULL,NULL,NULL,NULL,NULL,NULL,NULL,NULL,NULL,NULL,NULL,NULL,NULL,NULL,NULL,NULL,NULL,NULL,NULL,NULL,NULL,NULL,NULL,NULL,NULL,NULL,NULL,NULL,NULL,NULL,NULL,NULL,NULL,NULL,NULL,NULL,NULL,NULL,NULL,NULL,NULL,NULL,NULL,NULL,NULL,NULL,NULL,NULL,NULL,NULL,NULL,NULL,NULL,NULL,NULL,NULL,NULL,NULL,NULL,NULL,NULL,NULL,NULL,NULL,NULL,NULL,NULL,NULL,NULL,NULL,NULL,NULL,NULL,NULL,NULL,NULL,NULL,NULL,NULL,NULL,NULL,NULL,NULL,NULL,NULL,NULL,NULL,NULL,NULL,NULL,NULL,NULL,NULL,NULL,NULL),(86,NULL,NULL,NULL,NULL,NULL,NULL,NULL,NULL,NULL,NULL,NULL,NULL,NULL,NULL,NULL,NULL,NULL,NULL,NULL,NULL,NULL,NULL,NULL,NULL,NULL,NULL,NULL,NULL,NULL,NULL,NULL,NULL,NULL,NULL,NULL,NULL,NULL,NULL,NULL,NULL,NULL,NULL,NULL,NULL,NULL,NULL,NULL,NULL,NULL,NULL,NULL,NULL,NULL,NULL,NULL,NULL,NULL,NULL,NULL,NULL,NULL,NULL,NULL,NULL,NULL,NULL,NULL,NULL,NULL,NULL,NULL,NULL,NULL,NULL,NULL,NULL,NULL,NULL,NULL,NULL,NULL,NULL,NULL,NULL,NULL,NULL,NULL,NULL,NULL,NULL,NULL,NULL,NULL,NULL,NULL,NULL,NULL,NULL,NULL,NULL,NULL,NULL,NULL,NULL,NULL,NULL,NULL,NULL,NULL,NULL,NULL,NULL,NULL,NULL,NULL,NULL,NULL,NULL,NULL,NULL,NULL,NULL,NULL,NULL,NULL,NULL,NULL,NULL,NULL,NULL,NULL,NULL,NULL,NULL,NULL,NULL,NULL,NULL,NULL,NULL,NULL,NULL,NULL,NULL,NULL,NULL,NULL,NULL,NULL,NULL,NULL,NULL,NULL,NULL,NULL,NULL,NULL,NULL,NULL,NULL,NULL,NULL,NULL,NULL,NULL,NULL,NULL,NULL,NULL,NULL,NULL,NULL,NULL,NULL,NULL,NULL,NULL,NULL,NULL,NULL,NULL,NULL,NULL,NULL,NULL,NULL,NULL,NULL,NULL,NULL,NULL,NULL,NULL,NULL,NULL,NULL,NULL,NULL,NULL,NULL,NULL,NULL,NULL,NULL,NULL,NULL,NULL,NULL,NULL,NULL,NULL,NULL,NULL,NULL,NULL,NULL,NULL,NULL,NULL,NULL,NULL,NULL,NULL,NULL,NULL,NULL,NULL,NULL,NULL,NULL,NULL,NULL,NULL,NULL,NULL,NULL,NULL,NULL,NULL,NULL,NULL,NULL,NULL,NULL,NULL,NULL,NULL,NULL,NULL,NULL,NULL,NULL,NULL,NULL,NULL,NULL,NULL,NULL,NULL,NULL,NULL,NULL,NULL,NULL,NULL,NULL,NULL,NULL,NULL,NULL,NULL,NULL,NULL,NULL,NULL,NULL,NULL,NULL,NULL,NULL,NULL,NULL,NULL,NULL,NULL,NULL,NULL,NULL,NULL,NULL,NULL,NULL,NULL,NULL,NULL,NULL,NULL,NULL,NULL,NULL,NULL,NULL,NULL,NULL,NULL,NULL,NULL,NULL,NULL,NULL,NULL,NULL,NULL,NULL,NULL,NULL,NULL,NULL,NULL,NULL,NULL,NULL,NULL,NULL),(87,NULL,NULL,NULL,NULL,NULL,NULL,NULL,NULL,NULL,NULL,NULL,NULL,NULL,NULL,NULL,NULL,NULL,NULL,NULL,NULL,NULL,NULL,NULL,NULL,NULL,NULL,NULL,NULL,NULL,NULL,NULL,NULL,NULL,NULL,NULL,NULL,NULL,NULL,NULL,NULL,NULL,NULL,NULL,NULL,NULL,NULL,NULL,NULL,NULL,NULL,NULL,NULL,NULL,NULL,NULL,NULL,NULL,NULL,NULL,NULL,NULL,NULL,NULL,NULL,NULL,NULL,NULL,NULL,NULL,NULL,NULL,NULL,NULL,NULL,NULL,NULL,NULL,NULL,NULL,NULL,NULL,NULL,NULL,NULL,NULL,NULL,NULL,NULL,NULL,NULL,NULL,NULL,NULL,NULL,NULL,NULL,NULL,NULL,NULL,NULL,NULL,NULL,NULL,NULL,NULL,NULL,NULL,NULL,NULL,NULL,NULL,NULL,NULL,NULL,NULL,NULL,NULL,NULL,NULL,NULL,NULL,NULL,NULL,NULL,NULL,NULL,NULL,NULL,NULL,NULL,NULL,NULL,NULL,NULL,NULL,NULL,NULL,NULL,NULL,NULL,NULL,NULL,NULL,NULL,NULL,NULL,NULL,NULL,NULL,NULL,NULL,NULL,NULL,NULL,NULL,NULL,NULL,NULL,NULL,NULL,NULL,NULL,NULL,NULL,NULL,NULL,NULL,NULL,NULL,NULL,NULL,NULL,NULL,NULL,NULL,NULL,NULL,NULL,NULL,NULL,NULL,NULL,NULL,NULL,NULL,NULL,NULL,NULL,NULL,NULL,NULL,NULL,NULL,NULL,NULL,NULL,NULL,NULL,NULL,NULL,NULL,NULL,NULL,NULL,NULL,NULL,NULL,NULL,NULL,NULL,NULL,NULL,NULL,NULL,NULL,NULL,NULL,NULL,NULL,NULL,NULL,NULL,NULL,NULL,NULL,NULL,NULL,NULL,NULL,NULL,NULL,NULL,NULL,NULL,NULL,NULL,NULL,NULL,NULL,NULL,NULL,NULL,NULL,NULL,NULL,NULL,NULL,NULL,NULL,NULL,NULL,NULL,NULL,NULL,NULL,NULL,NULL,NULL,NULL,NULL,NULL,NULL,NULL,NULL,NULL,NULL,NULL,NULL,NULL,NULL,NULL,NULL,NULL,NULL,NULL,NULL,NULL,NULL,NULL,NULL,NULL,NULL,NULL,NULL,NULL,NULL,NULL,NULL,NULL,NULL,NULL,NULL,NULL,NULL,NULL,NULL,NULL,NULL,NULL,NULL,NULL,NULL,NULL,NULL,NULL,NULL,NULL,NULL,NULL,NULL,NULL,NULL,NULL,NULL,NULL,NULL,NULL,NULL,NULL,NULL,NULL,NULL,NULL,NULL),(88,NULL,NULL,NULL,NULL,NULL,NULL,NULL,NULL,NULL,NULL,NULL,NULL,NULL,NULL,NULL,NULL,NULL,NULL,NULL,NULL,NULL,NULL,NULL,NULL,NULL,NULL,NULL,NULL,NULL,NULL,NULL,NULL,NULL,NULL,NULL,NULL,NULL,NULL,NULL,NULL,NULL,NULL,NULL,NULL,NULL,NULL,NULL,NULL,NULL,NULL,NULL,NULL,NULL,NULL,NULL,NULL,NULL,NULL,NULL,NULL,NULL,NULL,NULL,NULL,NULL,NULL,NULL,NULL,NULL,NULL,NULL,NULL,NULL,NULL,NULL,NULL,NULL,NULL,NULL,NULL,NULL,NULL,NULL,NULL,NULL,NULL,NULL,NULL,NULL,NULL,NULL,NULL,NULL,NULL,NULL,NULL,NULL,NULL,NULL,NULL,NULL,NULL,NULL,NULL,NULL,NULL,NULL,NULL,NULL,NULL,NULL,NULL,NULL,NULL,NULL,NULL,NULL,NULL,NULL,NULL,NULL,NULL,NULL,NULL,NULL,NULL,NULL,NULL,NULL,NULL,NULL,NULL,NULL,NULL,NULL,NULL,NULL,NULL,NULL,NULL,NULL,NULL,NULL,NULL,NULL,NULL,NULL,NULL,NULL,NULL,NULL,NULL,NULL,NULL,NULL,NULL,NULL,NULL,NULL,NULL,NULL,NULL,NULL,NULL,NULL,NULL,NULL,NULL,NULL,NULL,NULL,NULL,NULL,NULL,NULL,NULL,NULL,NULL,NULL,NULL,NULL,NULL,NULL,NULL,NULL,NULL,NULL,NULL,NULL,NULL,NULL,NULL,NULL,NULL,NULL,NULL,NULL,NULL,NULL,NULL,NULL,NULL,NULL,NULL,NULL,NULL,NULL,NULL,NULL,NULL,NULL,NULL,NULL,NULL,NULL,NULL,NULL,NULL,NULL,NULL,NULL,NULL,NULL,NULL,NULL,NULL,NULL,NULL,NULL,NULL,NULL,NULL,NULL,NULL,NULL,NULL,NULL,NULL,NULL,NULL,NULL,NULL,NULL,NULL,NULL,NULL,NULL,NULL,NULL,NULL,NULL,NULL,NULL,NULL,NULL,NULL,NULL,NULL,NULL,NULL,NULL,NULL,NULL,NULL,NULL,NULL,NULL,NULL,NULL,NULL,NULL,NULL,NULL,NULL,NULL,NULL,NULL,NULL,NULL,NULL,NULL,NULL,NULL,NULL,NULL,NULL,NULL,NULL,NULL,NULL,NULL,NULL,NULL,NULL,NULL,NULL,NULL,NULL,NULL,NULL,NULL,NULL,NULL,NULL,NULL,NULL,NULL,NULL,NULL,NULL,NULL,NULL,NULL,NULL,NULL,NULL,NULL,NULL,NULL,NULL,NULL,NULL,NULL,NULL),(89,NULL,NULL,NULL,NULL,NULL,NULL,NULL,NULL,NULL,NULL,NULL,NULL,NULL,NULL,NULL,NULL,NULL,NULL,NULL,NULL,NULL,NULL,NULL,NULL,NULL,NULL,NULL,NULL,NULL,NULL,NULL,NULL,NULL,NULL,NULL,NULL,NULL,NULL,NULL,NULL,NULL,NULL,NULL,NULL,NULL,NULL,NULL,NULL,NULL,NULL,NULL,NULL,NULL,NULL,NULL,NULL,NULL,NULL,NULL,NULL,NULL,NULL,NULL,NULL,NULL,NULL,NULL,NULL,NULL,NULL,NULL,NULL,NULL,NULL,NULL,NULL,NULL,NULL,NULL,NULL,NULL,NULL,NULL,NULL,NULL,NULL,NULL,NULL,NULL,NULL,NULL,NULL,NULL,NULL,NULL,NULL,NULL,NULL,NULL,NULL,NULL,NULL,NULL,NULL,NULL,NULL,NULL,NULL,NULL,NULL,NULL,NULL,NULL,NULL,NULL,NULL,NULL,NULL,NULL,NULL,NULL,NULL,NULL,NULL,NULL,NULL,NULL,NULL,NULL,NULL,NULL,NULL,NULL,NULL,NULL,NULL,NULL,NULL,NULL,NULL,NULL,NULL,NULL,NULL,NULL,NULL,NULL,NULL,NULL,NULL,NULL,NULL,NULL,NULL,NULL,NULL,NULL,NULL,NULL,NULL,NULL,NULL,NULL,NULL,NULL,NULL,NULL,NULL,NULL,NULL,NULL,NULL,NULL,NULL,NULL,NULL,NULL,NULL,NULL,NULL,NULL,NULL,NULL,NULL,NULL,NULL,NULL,NULL,NULL,NULL,NULL,NULL,NULL,NULL,NULL,NULL,NULL,NULL,NULL,NULL,NULL,NULL,NULL,NULL,NULL,NULL,NULL,NULL,NULL,NULL,NULL,NULL,NULL,NULL,NULL,NULL,NULL,NULL,NULL,NULL,NULL,NULL,NULL,NULL,NULL,NULL,NULL,NULL,NULL,NULL,NULL,NULL,NULL,NULL,NULL,NULL,NULL,NULL,NULL,NULL,NULL,NULL,NULL,NULL,NULL,NULL,NULL,NULL,NULL,NULL,NULL,NULL,NULL,NULL,NULL,NULL,NULL,NULL,NULL,NULL,NULL,NULL,NULL,NULL,NULL,NULL,NULL,NULL,NULL,NULL,NULL,NULL,NULL,NULL,NULL,NULL,NULL,NULL,NULL,NULL,NULL,NULL,NULL,NULL,NULL,NULL,NULL,NULL,NULL,NULL,NULL,NULL,NULL,NULL,NULL,NULL,NULL,NULL,NULL,NULL,NULL,NULL,NULL,NULL,NULL,NULL,NULL,NULL,NULL,NULL,NULL,NULL,NULL,NULL,NULL,NULL,NULL,NULL,NULL,NULL,NULL,NULL,NULL,NULL),(90,NULL,NULL,NULL,NULL,NULL,NULL,NULL,NULL,NULL,NULL,NULL,NULL,NULL,NULL,NULL,NULL,NULL,NULL,NULL,NULL,NULL,NULL,NULL,NULL,NULL,NULL,NULL,NULL,NULL,NULL,NULL,NULL,NULL,NULL,NULL,NULL,NULL,NULL,NULL,NULL,NULL,NULL,NULL,NULL,NULL,NULL,NULL,NULL,NULL,NULL,NULL,NULL,NULL,NULL,NULL,NULL,NULL,NULL,NULL,NULL,NULL,NULL,NULL,NULL,NULL,NULL,NULL,NULL,NULL,NULL,NULL,NULL,NULL,NULL,NULL,NULL,NULL,NULL,NULL,NULL,NULL,NULL,NULL,NULL,NULL,NULL,NULL,NULL,NULL,NULL,NULL,NULL,NULL,NULL,NULL,NULL,NULL,NULL,NULL,NULL,NULL,NULL,NULL,NULL,NULL,NULL,NULL,NULL,NULL,NULL,NULL,NULL,NULL,NULL,NULL,NULL,NULL,NULL,NULL,NULL,NULL,NULL,NULL,NULL,NULL,NULL,NULL,NULL,NULL,NULL,NULL,NULL,NULL,NULL,NULL,NULL,NULL,NULL,NULL,NULL,NULL,NULL,NULL,NULL,NULL,NULL,NULL,NULL,NULL,NULL,NULL,NULL,NULL,NULL,NULL,NULL,NULL,NULL,NULL,NULL,NULL,NULL,NULL,NULL,NULL,NULL,NULL,NULL,NULL,NULL,NULL,NULL,NULL,NULL,NULL,NULL,NULL,NULL,NULL,NULL,NULL,NULL,NULL,NULL,NULL,NULL,NULL,NULL,NULL,NULL,NULL,NULL,NULL,NULL,NULL,NULL,NULL,NULL,NULL,NULL,NULL,NULL,NULL,NULL,NULL,NULL,NULL,NULL,NULL,NULL,NULL,NULL,NULL,NULL,NULL,NULL,NULL,NULL,NULL,NULL,NULL,NULL,NULL,NULL,NULL,NULL,NULL,NULL,NULL,NULL,NULL,NULL,NULL,NULL,NULL,NULL,NULL,NULL,NULL,NULL,NULL,NULL,NULL,NULL,NULL,NULL,NULL,NULL,NULL,NULL,NULL,NULL,NULL,NULL,NULL,NULL,NULL,NULL,NULL,NULL,NULL,NULL,NULL,NULL,NULL,NULL,NULL,NULL,NULL,NULL,NULL,NULL,NULL,NULL,NULL,NULL,NULL,NULL,NULL,NULL,NULL,NULL,NULL,NULL,NULL,NULL,NULL,NULL,NULL,NULL,NULL,NULL,NULL,NULL,NULL,NULL,NULL,NULL,NULL,NULL,NULL,NULL,NULL,NULL,NULL,NULL,NULL,NULL,NULL,NULL,NULL,NULL,NULL,NULL,NULL,NULL,NULL,NULL,NULL,NULL,NULL,NULL,NULL,NULL),(91,NULL,NULL,NULL,NULL,NULL,NULL,NULL,NULL,NULL,NULL,NULL,NULL,NULL,NULL,NULL,NULL,NULL,NULL,NULL,NULL,NULL,NULL,NULL,NULL,NULL,NULL,NULL,NULL,NULL,NULL,NULL,NULL,NULL,NULL,NULL,NULL,NULL,NULL,NULL,NULL,NULL,NULL,NULL,NULL,NULL,NULL,NULL,NULL,NULL,NULL,NULL,NULL,NULL,NULL,NULL,NULL,NULL,NULL,NULL,NULL,NULL,NULL,NULL,NULL,NULL,NULL,NULL,NULL,NULL,NULL,NULL,NULL,NULL,NULL,NULL,NULL,NULL,NULL,NULL,NULL,NULL,NULL,NULL,NULL,NULL,NULL,NULL,NULL,NULL,NULL,NULL,NULL,NULL,NULL,NULL,NULL,NULL,NULL,NULL,NULL,NULL,NULL,NULL,NULL,NULL,NULL,NULL,NULL,NULL,NULL,NULL,NULL,NULL,NULL,NULL,NULL,NULL,NULL,NULL,NULL,NULL,NULL,NULL,NULL,NULL,NULL,NULL,NULL,NULL,NULL,NULL,NULL,NULL,NULL,NULL,NULL,NULL,NULL,NULL,NULL,NULL,NULL,NULL,NULL,NULL,NULL,NULL,NULL,NULL,NULL,NULL,NULL,NULL,NULL,NULL,NULL,NULL,NULL,NULL,NULL,NULL,NULL,NULL,NULL,NULL,NULL,NULL,NULL,NULL,NULL,NULL,NULL,NULL,NULL,NULL,NULL,NULL,NULL,NULL,NULL,NULL,NULL,NULL,NULL,NULL,NULL,NULL,NULL,NULL,NULL,NULL,NULL,NULL,NULL,NULL,NULL,NULL,NULL,NULL,NULL,NULL,NULL,NULL,NULL,NULL,NULL,NULL,NULL,NULL,NULL,NULL,NULL,NULL,NULL,NULL,NULL,NULL,NULL,NULL,NULL,NULL,NULL,NULL,NULL,NULL,NULL,NULL,NULL,NULL,NULL,NULL,NULL,NULL,NULL,NULL,NULL,NULL,NULL,NULL,NULL,NULL,NULL,NULL,NULL,NULL,NULL,NULL,NULL,NULL,NULL,NULL,NULL,NULL,NULL,NULL,NULL,NULL,NULL,NULL,NULL,NULL,NULL,NULL,NULL,NULL,NULL,NULL,NULL,NULL,NULL,NULL,NULL,NULL,NULL,NULL,NULL,NULL,NULL,NULL,NULL,NULL,NULL,NULL,NULL,NULL,NULL,NULL,NULL,NULL,NULL,NULL,NULL,NULL,NULL,NULL,NULL,NULL,NULL,NULL,NULL,NULL,NULL,NULL,NULL,NULL,NULL,NULL,NULL,NULL,NULL,NULL,NULL,NULL,NULL,NULL,NULL,NULL,NULL,NULL,NULL,NULL,NULL,NULL,NULL),(92,NULL,NULL,NULL,NULL,NULL,NULL,NULL,NULL,NULL,NULL,NULL,NULL,NULL,NULL,NULL,NULL,NULL,NULL,NULL,NULL,NULL,NULL,NULL,NULL,NULL,NULL,NULL,NULL,NULL,NULL,NULL,NULL,NULL,NULL,NULL,NULL,NULL,NULL,NULL,NULL,NULL,NULL,NULL,NULL,NULL,NULL,NULL,NULL,NULL,NULL,NULL,NULL,NULL,NULL,NULL,NULL,NULL,NULL,NULL,NULL,NULL,NULL,NULL,NULL,NULL,NULL,NULL,NULL,NULL,NULL,NULL,NULL,NULL,NULL,NULL,NULL,NULL,NULL,NULL,NULL,NULL,NULL,NULL,NULL,NULL,NULL,NULL,NULL,NULL,NULL,NULL,NULL,NULL,NULL,NULL,NULL,NULL,NULL,NULL,NULL,NULL,NULL,NULL,NULL,NULL,NULL,NULL,NULL,NULL,NULL,NULL,NULL,NULL,NULL,NULL,NULL,NULL,NULL,NULL,NULL,NULL,NULL,NULL,NULL,NULL,NULL,NULL,NULL,NULL,NULL,NULL,NULL,NULL,NULL,NULL,NULL,NULL,NULL,NULL,NULL,NULL,NULL,NULL,NULL,NULL,NULL,NULL,NULL,NULL,NULL,NULL,NULL,NULL,NULL,NULL,NULL,NULL,NULL,NULL,NULL,NULL,NULL,NULL,NULL,NULL,NULL,NULL,NULL,NULL,NULL,NULL,NULL,NULL,NULL,NULL,NULL,NULL,NULL,NULL,NULL,NULL,NULL,NULL,NULL,NULL,NULL,NULL,NULL,NULL,NULL,NULL,NULL,NULL,NULL,NULL,NULL,NULL,NULL,NULL,NULL,NULL,NULL,NULL,NULL,NULL,NULL,NULL,NULL,NULL,NULL,NULL,NULL,NULL,NULL,NULL,NULL,NULL,NULL,NULL,NULL,NULL,NULL,NULL,NULL,NULL,NULL,NULL,NULL,NULL,NULL,NULL,NULL,NULL,NULL,NULL,NULL,NULL,NULL,NULL,NULL,NULL,NULL,NULL,NULL,NULL,NULL,NULL,NULL,NULL,NULL,NULL,NULL,NULL,NULL,NULL,NULL,NULL,NULL,NULL,NULL,NULL,NULL,NULL,NULL,NULL,NULL,NULL,NULL,NULL,NULL,NULL,NULL,NULL,NULL,NULL,NULL,NULL,NULL,NULL,NULL,NULL,NULL,NULL,NULL,NULL,NULL,NULL,NULL,NULL,NULL,NULL,NULL,NULL,NULL,NULL,NULL,NULL,NULL,NULL,NULL,NULL,NULL,NULL,NULL,NULL,NULL,NULL,NULL,NULL,NULL,NULL,NULL,NULL,NULL,NULL,NULL,NULL,NULL,NULL,NULL,NULL,NULL,NULL,NULL),(93,NULL,NULL,NULL,NULL,NULL,NULL,NULL,NULL,NULL,NULL,NULL,NULL,NULL,NULL,NULL,NULL,NULL,NULL,NULL,NULL,NULL,NULL,NULL,NULL,NULL,NULL,NULL,NULL,NULL,NULL,NULL,NULL,NULL,NULL,NULL,NULL,NULL,NULL,NULL,NULL,NULL,NULL,NULL,NULL,NULL,NULL,NULL,NULL,NULL,NULL,NULL,NULL,NULL,NULL,NULL,NULL,NULL,NULL,NULL,NULL,NULL,NULL,NULL,NULL,NULL,NULL,NULL,NULL,NULL,NULL,NULL,NULL,NULL,NULL,NULL,NULL,NULL,NULL,NULL,NULL,NULL,NULL,NULL,NULL,NULL,NULL,NULL,NULL,NULL,NULL,NULL,NULL,NULL,NULL,NULL,NULL,NULL,NULL,NULL,NULL,NULL,NULL,NULL,NULL,NULL,NULL,NULL,NULL,NULL,NULL,NULL,NULL,NULL,NULL,NULL,NULL,NULL,NULL,NULL,NULL,NULL,NULL,NULL,NULL,NULL,NULL,NULL,NULL,NULL,NULL,NULL,NULL,NULL,NULL,NULL,NULL,NULL,NULL,NULL,NULL,NULL,NULL,NULL,NULL,NULL,NULL,NULL,NULL,NULL,NULL,NULL,NULL,NULL,NULL,NULL,NULL,NULL,NULL,NULL,NULL,NULL,NULL,NULL,NULL,NULL,NULL,NULL,NULL,NULL,NULL,NULL,NULL,NULL,NULL,NULL,NULL,NULL,NULL,NULL,NULL,NULL,NULL,NULL,NULL,NULL,NULL,NULL,NULL,NULL,NULL,NULL,NULL,NULL,NULL,NULL,NULL,NULL,NULL,NULL,NULL,NULL,NULL,NULL,NULL,NULL,NULL,NULL,NULL,NULL,NULL,NULL,NULL,NULL,NULL,NULL,NULL,NULL,NULL,NULL,NULL,NULL,NULL,NULL,NULL,NULL,NULL,NULL,NULL,NULL,NULL,NULL,NULL,NULL,NULL,NULL,NULL,NULL,NULL,NULL,NULL,NULL,NULL,NULL,NULL,NULL,NULL,NULL,NULL,NULL,NULL,NULL,NULL,NULL,NULL,NULL,NULL,NULL,NULL,NULL,NULL,NULL,NULL,NULL,NULL,NULL,NULL,NULL,NULL,NULL,NULL,NULL,NULL,NULL,NULL,NULL,NULL,NULL,NULL,NULL,NULL,NULL,NULL,NULL,NULL,NULL,NULL,NULL,NULL,NULL,NULL,NULL,NULL,NULL,NULL,NULL,NULL,NULL,NULL,NULL,NULL,NULL,NULL,NULL,NULL,NULL,NULL,NULL,NULL,NULL,NULL,NULL,NULL,NULL,NULL,NULL,NULL,NULL,NULL,NULL,NULL,NULL,NULL,NULL,NULL),(94,NULL,NULL,NULL,NULL,NULL,NULL,NULL,NULL,NULL,NULL,NULL,NULL,NULL,NULL,NULL,NULL,NULL,NULL,NULL,NULL,NULL,NULL,NULL,NULL,NULL,NULL,NULL,NULL,NULL,NULL,NULL,NULL,NULL,NULL,NULL,NULL,NULL,NULL,NULL,NULL,NULL,NULL,NULL,NULL,NULL,NULL,NULL,NULL,NULL,NULL,NULL,NULL,NULL,NULL,NULL,NULL,NULL,NULL,NULL,NULL,NULL,NULL,NULL,NULL,NULL,NULL,NULL,NULL,NULL,NULL,NULL,NULL,NULL,NULL,NULL,NULL,NULL,NULL,NULL,NULL,NULL,NULL,NULL,NULL,NULL,NULL,NULL,NULL,NULL,NULL,NULL,NULL,NULL,NULL,NULL,NULL,NULL,NULL,NULL,NULL,NULL,NULL,NULL,NULL,NULL,NULL,NULL,NULL,NULL,NULL,NULL,NULL,NULL,NULL,NULL,NULL,NULL,NULL,NULL,NULL,NULL,NULL,NULL,NULL,NULL,NULL,NULL,NULL,NULL,NULL,NULL,NULL,NULL,NULL,NULL,NULL,NULL,NULL,NULL,NULL,NULL,NULL,NULL,NULL,NULL,NULL,NULL,NULL,NULL,NULL,NULL,NULL,NULL,NULL,NULL,NULL,NULL,NULL,NULL,NULL,NULL,NULL,NULL,NULL,NULL,NULL,NULL,NULL,NULL,NULL,NULL,NULL,NULL,NULL,NULL,NULL,NULL,NULL,NULL,NULL,NULL,NULL,NULL,NULL,NULL,NULL,NULL,NULL,NULL,NULL,NULL,NULL,NULL,NULL,NULL,NULL,NULL,NULL,NULL,NULL,NULL,NULL,NULL,NULL,NULL,NULL,NULL,NULL,NULL,NULL,NULL,NULL,NULL,NULL,NULL,NULL,NULL,NULL,NULL,NULL,NULL,NULL,NULL,NULL,NULL,NULL,NULL,NULL,NULL,NULL,NULL,NULL,NULL,NULL,NULL,NULL,NULL,NULL,NULL,NULL,NULL,NULL,NULL,NULL,NULL,NULL,NULL,NULL,NULL,NULL,NULL,NULL,NULL,NULL,NULL,NULL,NULL,NULL,NULL,NULL,NULL,NULL,NULL,NULL,NULL,NULL,NULL,NULL,NULL,NULL,NULL,NULL,NULL,NULL,NULL,NULL,NULL,NULL,NULL,NULL,NULL,NULL,NULL,NULL,NULL,NULL,NULL,NULL,NULL,NULL,NULL,NULL,NULL,NULL,NULL,NULL,NULL,NULL,NULL,NULL,NULL,NULL,NULL,NULL,NULL,NULL,NULL,NULL,NULL,NULL,NULL,NULL,NULL,NULL,NULL,NULL,NULL,NULL,NULL,NULL,NULL,NULL,NULL,NULL),(95,NULL,NULL,NULL,NULL,NULL,NULL,NULL,NULL,NULL,NULL,NULL,NULL,NULL,NULL,NULL,NULL,NULL,NULL,NULL,NULL,NULL,NULL,NULL,NULL,NULL,NULL,NULL,NULL,NULL,NULL,NULL,NULL,NULL,NULL,NULL,NULL,NULL,NULL,NULL,NULL,NULL,NULL,NULL,NULL,NULL,NULL,NULL,NULL,NULL,NULL,NULL,NULL,NULL,NULL,NULL,NULL,NULL,NULL,NULL,NULL,NULL,NULL,NULL,NULL,NULL,NULL,NULL,NULL,NULL,NULL,NULL,NULL,NULL,NULL,NULL,NULL,NULL,NULL,NULL,NULL,NULL,NULL,NULL,NULL,NULL,NULL,NULL,NULL,NULL,NULL,NULL,NULL,NULL,NULL,NULL,NULL,NULL,NULL,NULL,NULL,NULL,NULL,NULL,NULL,NULL,NULL,NULL,NULL,NULL,NULL,NULL,NULL,NULL,NULL,NULL,NULL,NULL,NULL,NULL,NULL,NULL,NULL,NULL,NULL,NULL,NULL,NULL,NULL,NULL,NULL,NULL,NULL,NULL,NULL,NULL,NULL,NULL,NULL,NULL,NULL,NULL,NULL,NULL,NULL,NULL,NULL,NULL,NULL,NULL,NULL,NULL,NULL,NULL,NULL,NULL,NULL,NULL,NULL,NULL,NULL,NULL,NULL,NULL,NULL,NULL,NULL,NULL,NULL,NULL,NULL,NULL,NULL,NULL,NULL,NULL,NULL,NULL,NULL,NULL,NULL,NULL,NULL,NULL,NULL,NULL,NULL,NULL,NULL,NULL,NULL,NULL,NULL,NULL,NULL,NULL,NULL,NULL,NULL,NULL,NULL,NULL,NULL,NULL,NULL,NULL,NULL,NULL,NULL,NULL,NULL,NULL,NULL,NULL,NULL,NULL,NULL,NULL,NULL,NULL,NULL,NULL,NULL,NULL,NULL,NULL,NULL,NULL,NULL,NULL,NULL,NULL,NULL,NULL,NULL,NULL,NULL,NULL,NULL,NULL,NULL,NULL,NULL,NULL,NULL,NULL,NULL,NULL,NULL,NULL,NULL,NULL,NULL,NULL,NULL,NULL,NULL,NULL,NULL,NULL,NULL,NULL,NULL,NULL,NULL,NULL,NULL,NULL,NULL,NULL,NULL,NULL,NULL,NULL,NULL,NULL,NULL,NULL,NULL,NULL,NULL,NULL,NULL,NULL,NULL,NULL,NULL,NULL,NULL,NULL,NULL,NULL,NULL,NULL,NULL,NULL,NULL,NULL,NULL,NULL,NULL,NULL,NULL,NULL,NULL,NULL,NULL,NULL,NULL,NULL,NULL,NULL,NULL,NULL,NULL,NULL,NULL,NULL,NULL,NULL,NULL,NULL,NULL,NULL,NULL),(96,NULL,NULL,NULL,NULL,NULL,NULL,NULL,NULL,NULL,NULL,NULL,NULL,NULL,NULL,NULL,NULL,NULL,NULL,NULL,NULL,NULL,NULL,NULL,NULL,NULL,NULL,NULL,NULL,NULL,NULL,NULL,NULL,NULL,NULL,NULL,NULL,NULL,NULL,NULL,NULL,NULL,NULL,NULL,NULL,NULL,NULL,NULL,NULL,NULL,NULL,NULL,NULL,NULL,NULL,NULL,NULL,NULL,NULL,NULL,NULL,NULL,NULL,NULL,NULL,NULL,NULL,NULL,NULL,NULL,NULL,NULL,NULL,NULL,NULL,NULL,NULL,NULL,NULL,NULL,NULL,NULL,NULL,NULL,NULL,NULL,NULL,NULL,NULL,NULL,NULL,NULL,NULL,NULL,NULL,NULL,NULL,NULL,NULL,NULL,NULL,NULL,NULL,NULL,NULL,NULL,NULL,NULL,NULL,NULL,NULL,NULL,NULL,NULL,NULL,NULL,NULL,NULL,NULL,NULL,NULL,NULL,NULL,NULL,NULL,NULL,NULL,NULL,NULL,NULL,NULL,NULL,NULL,NULL,NULL,NULL,NULL,NULL,NULL,NULL,NULL,NULL,NULL,NULL,NULL,NULL,NULL,NULL,NULL,NULL,NULL,NULL,NULL,NULL,NULL,NULL,NULL,NULL,NULL,NULL,NULL,NULL,NULL,NULL,NULL,NULL,NULL,NULL,NULL,NULL,NULL,NULL,NULL,NULL,NULL,NULL,NULL,NULL,NULL,NULL,NULL,NULL,NULL,NULL,NULL,NULL,NULL,NULL,NULL,NULL,NULL,NULL,NULL,NULL,NULL,NULL,NULL,NULL,NULL,NULL,NULL,NULL,NULL,NULL,NULL,NULL,NULL,NULL,NULL,NULL,NULL,NULL,NULL,NULL,NULL,NULL,NULL,NULL,NULL,NULL,NULL,NULL,NULL,NULL,NULL,NULL,NULL,NULL,NULL,NULL,NULL,NULL,NULL,NULL,NULL,NULL,NULL,NULL,NULL,NULL,NULL,NULL,NULL,NULL,NULL,NULL,NULL,NULL,NULL,NULL,NULL,NULL,NULL,NULL,NULL,NULL,NULL,NULL,NULL,NULL,NULL,NULL,NULL,NULL,NULL,NULL,NULL,NULL,NULL,NULL,NULL,NULL,NULL,NULL,NULL,NULL,NULL,NULL,NULL,NULL,NULL,NULL,NULL,NULL,NULL,NULL,NULL,NULL,NULL,NULL,NULL,NULL,NULL,NULL,NULL,NULL,NULL,NULL,NULL,NULL,NULL,NULL,NULL,NULL,NULL,NULL,NULL,NULL,NULL,NULL,NULL,NULL,NULL,NULL,NULL,NULL,NULL,NULL,NULL,NULL,NULL,NULL,NULL,NULL,NULL),(97,NULL,NULL,NULL,NULL,NULL,NULL,NULL,NULL,NULL,NULL,NULL,NULL,NULL,NULL,NULL,NULL,NULL,NULL,NULL,NULL,NULL,NULL,NULL,NULL,NULL,NULL,NULL,NULL,NULL,NULL,NULL,NULL,NULL,NULL,NULL,NULL,NULL,NULL,NULL,NULL,NULL,NULL,NULL,NULL,NULL,NULL,NULL,NULL,NULL,NULL,NULL,NULL,NULL,NULL,NULL,NULL,NULL,NULL,NULL,NULL,NULL,NULL,NULL,NULL,NULL,NULL,NULL,NULL,NULL,NULL,NULL,NULL,NULL,NULL,NULL,NULL,NULL,NULL,NULL,NULL,NULL,NULL,NULL,NULL,NULL,NULL,NULL,NULL,NULL,NULL,NULL,NULL,NULL,NULL,NULL,NULL,NULL,NULL,NULL,NULL,NULL,NULL,NULL,NULL,NULL,NULL,NULL,NULL,NULL,NULL,NULL,NULL,NULL,NULL,NULL,NULL,NULL,NULL,NULL,NULL,NULL,NULL,NULL,NULL,NULL,NULL,NULL,NULL,NULL,NULL,NULL,NULL,NULL,NULL,NULL,NULL,NULL,NULL,NULL,NULL,NULL,NULL,NULL,NULL,NULL,NULL,NULL,NULL,NULL,NULL,NULL,NULL,NULL,NULL,NULL,NULL,NULL,NULL,NULL,NULL,NULL,NULL,NULL,NULL,NULL,NULL,NULL,NULL,NULL,NULL,NULL,NULL,NULL,NULL,NULL,NULL,NULL,NULL,NULL,NULL,NULL,NULL,NULL,NULL,NULL,NULL,NULL,NULL,NULL,NULL,NULL,NULL,NULL,NULL,NULL,NULL,NULL,NULL,NULL,NULL,NULL,NULL,NULL,NULL,NULL,NULL,NULL,NULL,NULL,NULL,NULL,NULL,NULL,NULL,NULL,NULL,NULL,NULL,NULL,NULL,NULL,NULL,NULL,NULL,NULL,NULL,NULL,NULL,NULL,NULL,NULL,NULL,NULL,NULL,NULL,NULL,NULL,NULL,NULL,NULL,NULL,NULL,NULL,NULL,NULL,NULL,NULL,NULL,NULL,NULL,NULL,NULL,NULL,NULL,NULL,NULL,NULL,NULL,NULL,NULL,NULL,NULL,NULL,NULL,NULL,NULL,NULL,NULL,NULL,NULL,NULL,NULL,NULL,NULL,NULL,NULL,NULL,NULL,NULL,NULL,NULL,NULL,NULL,NULL,NULL,NULL,NULL,NULL,NULL,NULL,NULL,NULL,NULL,NULL,NULL,NULL,NULL,NULL,NULL,NULL,NULL,NULL,NULL,NULL,NULL,NULL,NULL,NULL,NULL,NULL,NULL,NULL,NULL,NULL,NULL,NULL,NULL,NULL,NULL,NULL,NULL,NULL,NULL,NULL),(98,NULL,NULL,NULL,NULL,NULL,NULL,NULL,NULL,NULL,NULL,NULL,NULL,NULL,NULL,NULL,NULL,NULL,NULL,NULL,NULL,NULL,NULL,NULL,NULL,NULL,NULL,NULL,NULL,NULL,NULL,NULL,NULL,NULL,NULL,NULL,NULL,NULL,NULL,NULL,NULL,NULL,NULL,NULL,NULL,NULL,NULL,NULL,NULL,NULL,NULL,NULL,NULL,NULL,NULL,NULL,NULL,NULL,NULL,NULL,NULL,NULL,NULL,NULL,NULL,NULL,NULL,NULL,NULL,NULL,NULL,NULL,NULL,NULL,NULL,NULL,NULL,NULL,NULL,NULL,NULL,NULL,NULL,NULL,NULL,NULL,NULL,NULL,NULL,NULL,NULL,NULL,NULL,NULL,NULL,NULL,NULL,NULL,NULL,NULL,NULL,NULL,NULL,NULL,NULL,NULL,NULL,NULL,NULL,NULL,NULL,NULL,NULL,NULL,NULL,NULL,NULL,NULL,NULL,NULL,NULL,NULL,NULL,NULL,NULL,NULL,NULL,NULL,NULL,NULL,NULL,NULL,NULL,NULL,NULL,NULL,NULL,NULL,NULL,NULL,NULL,NULL,NULL,NULL,NULL,NULL,NULL,NULL,NULL,NULL,NULL,NULL,NULL,NULL,NULL,NULL,NULL,NULL,NULL,NULL,NULL,NULL,NULL,NULL,NULL,NULL,NULL,NULL,NULL,NULL,NULL,NULL,NULL,NULL,NULL,NULL,NULL,NULL,NULL,NULL,NULL,NULL,NULL,NULL,NULL,NULL,NULL,NULL,NULL,NULL,NULL,NULL,NULL,NULL,NULL,NULL,NULL,NULL,NULL,NULL,NULL,NULL,NULL,NULL,NULL,NULL,NULL,NULL,NULL,NULL,NULL,NULL,NULL,NULL,NULL,NULL,NULL,NULL,NULL,NULL,NULL,NULL,NULL,NULL,NULL,NULL,NULL,NULL,NULL,NULL,NULL,NULL,NULL,NULL,NULL,NULL,NULL,NULL,NULL,NULL,NULL,NULL,NULL,NULL,NULL,NULL,NULL,NULL,NULL,NULL,NULL,NULL,NULL,NULL,NULL,NULL,NULL,NULL,NULL,NULL,NULL,NULL,NULL,NULL,NULL,NULL,NULL,NULL,NULL,NULL,NULL,NULL,NULL,NULL,NULL,NULL,NULL,NULL,NULL,NULL,NULL,NULL,NULL,NULL,NULL,NULL,NULL,NULL,NULL,NULL,NULL,NULL,NULL,NULL,NULL,NULL,NULL,NULL,NULL,NULL,NULL,NULL,NULL,NULL,NULL,NULL,NULL,NULL,NULL,NULL,NULL,NULL,NULL,NULL,NULL,NULL,NULL,NULL,NULL,NULL,NULL,NULL,NULL,NULL,NULL),(99,NULL,NULL,NULL,NULL,NULL,NULL,NULL,NULL,NULL,NULL,NULL,NULL,NULL,NULL,NULL,NULL,NULL,NULL,NULL,NULL,NULL,NULL,NULL,NULL,NULL,NULL,NULL,NULL,NULL,NULL,NULL,NULL,NULL,NULL,NULL,NULL,NULL,NULL,NULL,NULL,NULL,NULL,NULL,NULL,NULL,NULL,NULL,NULL,NULL,NULL,NULL,NULL,NULL,NULL,NULL,NULL,NULL,NULL,NULL,NULL,NULL,NULL,NULL,NULL,NULL,NULL,NULL,NULL,NULL,NULL,NULL,NULL,NULL,NULL,NULL,NULL,NULL,NULL,NULL,NULL,NULL,NULL,NULL,NULL,NULL,NULL,NULL,NULL,NULL,NULL,NULL,NULL,NULL,NULL,NULL,NULL,NULL,NULL,NULL,NULL,NULL,NULL,NULL,NULL,NULL,NULL,NULL,NULL,NULL,NULL,NULL,NULL,NULL,NULL,NULL,NULL,NULL,NULL,NULL,NULL,NULL,NULL,NULL,NULL,NULL,NULL,NULL,NULL,NULL,NULL,NULL,NULL,NULL,NULL,NULL,NULL,NULL,NULL,NULL,NULL,NULL,NULL,NULL,NULL,NULL,NULL,NULL,NULL,NULL,NULL,NULL,NULL,NULL,NULL,NULL,NULL,NULL,NULL,NULL,NULL,NULL,NULL,NULL,NULL,NULL,NULL,NULL,NULL,NULL,NULL,NULL,NULL,NULL,NULL,NULL,NULL,NULL,NULL,NULL,NULL,NULL,NULL,NULL,NULL,NULL,NULL,NULL,NULL,NULL,NULL,NULL,NULL,NULL,NULL,NULL,NULL,NULL,NULL,NULL,NULL,NULL,NULL,NULL,NULL,NULL,NULL,NULL,NULL,NULL,NULL,NULL,NULL,NULL,NULL,NULL,NULL,NULL,NULL,NULL,NULL,NULL,NULL,NULL,NULL,NULL,NULL,NULL,NULL,NULL,NULL,NULL,NULL,NULL,NULL,NULL,NULL,NULL,NULL,NULL,NULL,NULL,NULL,NULL,NULL,NULL,NULL,NULL,NULL,NULL,NULL,NULL,NULL,NULL,NULL,NULL,NULL,NULL,NULL,NULL,NULL,NULL,NULL,NULL,NULL,NULL,NULL,NULL,NULL,NULL,NULL,NULL,NULL,NULL,NULL,NULL,NULL,NULL,NULL,NULL,NULL,NULL,NULL,NULL,NULL,NULL,NULL,NULL,NULL,NULL,NULL,NULL,NULL,NULL,NULL,NULL,NULL,NULL,NULL,NULL,NULL,NULL,NULL,NULL,NULL,NULL,NULL,NULL,NULL,NULL,NULL,NULL,NULL,NULL,NULL,NULL,NULL,NULL,NULL,NULL,NULL,NULL,NULL,NULL,NULL),(100,NULL,NULL,NULL,NULL,NULL,NULL,NULL,NULL,NULL,NULL,NULL,NULL,NULL,NULL,NULL,NULL,NULL,NULL,NULL,NULL,NULL,NULL,NULL,NULL,NULL,NULL,NULL,NULL,NULL,NULL,NULL,NULL,NULL,NULL,NULL,NULL,NULL,NULL,NULL,NULL,NULL,NULL,NULL,NULL,NULL,NULL,NULL,NULL,NULL,NULL,NULL,NULL,NULL,NULL,NULL,NULL,NULL,NULL,NULL,NULL,NULL,NULL,NULL,NULL,NULL,NULL,NULL,NULL,NULL,NULL,NULL,NULL,NULL,NULL,NULL,NULL,NULL,NULL,NULL,NULL,NULL,NULL,NULL,NULL,NULL,NULL,NULL,NULL,NULL,NULL,NULL,NULL,NULL,NULL,NULL,NULL,NULL,NULL,NULL,NULL,NULL,NULL,NULL,NULL,NULL,NULL,NULL,NULL,NULL,NULL,NULL,NULL,NULL,NULL,NULL,NULL,NULL,NULL,NULL,NULL,NULL,NULL,NULL,NULL,NULL,NULL,NULL,NULL,NULL,NULL,NULL,NULL,NULL,NULL,NULL,NULL,NULL,NULL,NULL,NULL,NULL,NULL,NULL,NULL,NULL,NULL,NULL,NULL,NULL,NULL,NULL,NULL,NULL,NULL,NULL,NULL,NULL,NULL,NULL,NULL,NULL,NULL,NULL,NULL,NULL,NULL,NULL,NULL,NULL,NULL,NULL,NULL,NULL,NULL,NULL,NULL,NULL,NULL,NULL,NULL,NULL,NULL,NULL,NULL,NULL,NULL,NULL,NULL,NULL,NULL,NULL,NULL,NULL,NULL,NULL,NULL,NULL,NULL,NULL,NULL,NULL,NULL,NULL,NULL,NULL,NULL,NULL,NULL,NULL,NULL,NULL,NULL,NULL,NULL,NULL,NULL,NULL,NULL,NULL,NULL,NULL,NULL,NULL,NULL,NULL,NULL,NULL,NULL,NULL,NULL,NULL,NULL,NULL,NULL,NULL,NULL,NULL,NULL,NULL,NULL,NULL,NULL,NULL,NULL,NULL,NULL,NULL,NULL,NULL,NULL,NULL,NULL,NULL,NULL,NULL,NULL,NULL,NULL,NULL,NULL,NULL,NULL,NULL,NULL,NULL,NULL,NULL,NULL,NULL,NULL,NULL,NULL,NULL,NULL,NULL,NULL,NULL,NULL,NULL,NULL,NULL,NULL,NULL,NULL,NULL,NULL,NULL,NULL,NULL,NULL,NULL,NULL,NULL,NULL,NULL,NULL,NULL,NULL,NULL,NULL,NULL,NULL,NULL,NULL,NULL,NULL,NULL,NULL,NULL,NULL,NULL,NULL,NULL,NULL,NULL,NULL,NULL,NULL,NULL,NULL,NULL,NULL,NULL,NULL),(101,NULL,NULL,NULL,NULL,NULL,NULL,NULL,NULL,NULL,NULL,NULL,NULL,NULL,NULL,NULL,NULL,NULL,NULL,NULL,NULL,NULL,NULL,NULL,NULL,NULL,NULL,NULL,NULL,NULL,NULL,NULL,NULL,NULL,NULL,NULL,NULL,NULL,NULL,NULL,NULL,NULL,NULL,NULL,NULL,NULL,NULL,NULL,NULL,NULL,NULL,NULL,NULL,NULL,NULL,NULL,NULL,NULL,NULL,NULL,NULL,NULL,NULL,NULL,NULL,NULL,NULL,NULL,NULL,NULL,NULL,NULL,NULL,NULL,NULL,NULL,NULL,NULL,NULL,NULL,NULL,NULL,NULL,NULL,NULL,NULL,NULL,NULL,NULL,NULL,NULL,NULL,NULL,NULL,NULL,NULL,NULL,NULL,NULL,NULL,NULL,NULL,NULL,NULL,NULL,NULL,NULL,NULL,NULL,NULL,NULL,NULL,NULL,NULL,NULL,NULL,NULL,NULL,NULL,NULL,NULL,NULL,NULL,NULL,NULL,NULL,NULL,NULL,NULL,NULL,NULL,NULL,NULL,NULL,NULL,NULL,NULL,NULL,NULL,NULL,NULL,NULL,NULL,NULL,NULL,NULL,NULL,NULL,NULL,NULL,NULL,NULL,NULL,NULL,NULL,NULL,NULL,NULL,NULL,NULL,NULL,NULL,NULL,NULL,NULL,NULL,NULL,NULL,NULL,NULL,NULL,NULL,NULL,NULL,NULL,NULL,NULL,NULL,NULL,NULL,NULL,NULL,NULL,NULL,NULL,NULL,NULL,NULL,NULL,NULL,NULL,NULL,NULL,NULL,NULL,NULL,NULL,NULL,NULL,NULL,NULL,NULL,NULL,NULL,NULL,NULL,NULL,NULL,NULL,NULL,NULL,NULL,NULL,NULL,NULL,NULL,NULL,NULL,NULL,NULL,NULL,NULL,NULL,NULL,NULL,NULL,NULL,NULL,NULL,NULL,NULL,NULL,NULL,NULL,NULL,NULL,NULL,NULL,NULL,NULL,NULL,NULL,NULL,NULL,NULL,NULL,NULL,NULL,NULL,NULL,NULL,NULL,NULL,NULL,NULL,NULL,NULL,NULL,NULL,NULL,NULL,NULL,NULL,NULL,NULL,NULL,NULL,NULL,NULL,NULL,NULL,NULL,NULL,NULL,NULL,NULL,NULL,NULL,NULL,NULL,NULL,NULL,NULL,NULL,NULL,NULL,NULL,NULL,NULL,NULL,NULL,NULL,NULL,NULL,NULL,NULL,NULL,NULL,NULL,NULL,NULL,NULL,NULL,NULL,NULL,NULL,NULL,NULL,NULL,NULL,NULL,NULL,NULL,NULL,NULL,NULL,NULL,NULL,NULL,NULL,NULL,NULL,NULL,NULL,NULL),(102,NULL,NULL,NULL,NULL,NULL,NULL,NULL,NULL,NULL,NULL,NULL,NULL,NULL,NULL,NULL,NULL,NULL,NULL,NULL,NULL,NULL,NULL,NULL,NULL,NULL,NULL,NULL,NULL,NULL,NULL,NULL,NULL,NULL,NULL,NULL,NULL,NULL,NULL,NULL,NULL,NULL,NULL,NULL,NULL,NULL,NULL,NULL,NULL,NULL,NULL,NULL,NULL,NULL,NULL,NULL,NULL,NULL,NULL,NULL,NULL,NULL,NULL,NULL,NULL,NULL,NULL,NULL,NULL,NULL,NULL,NULL,NULL,NULL,NULL,NULL,NULL,NULL,NULL,NULL,NULL,NULL,NULL,NULL,NULL,NULL,NULL,NULL,NULL,NULL,NULL,NULL,NULL,NULL,NULL,NULL,NULL,NULL,NULL,NULL,NULL,NULL,NULL,NULL,NULL,NULL,NULL,NULL,NULL,NULL,NULL,NULL,NULL,NULL,NULL,NULL,NULL,NULL,NULL,NULL,NULL,NULL,NULL,NULL,NULL,NULL,NULL,NULL,NULL,NULL,NULL,NULL,NULL,NULL,NULL,NULL,NULL,NULL,NULL,NULL,NULL,NULL,NULL,NULL,NULL,NULL,NULL,NULL,NULL,NULL,NULL,NULL,NULL,NULL,NULL,NULL,NULL,NULL,NULL,NULL,NULL,NULL,NULL,NULL,NULL,NULL,NULL,NULL,NULL,NULL,NULL,NULL,NULL,NULL,NULL,NULL,NULL,NULL,NULL,NULL,NULL,NULL,NULL,NULL,NULL,NULL,NULL,NULL,NULL,NULL,NULL,NULL,NULL,NULL,NULL,NULL,NULL,NULL,NULL,NULL,NULL,NULL,NULL,NULL,NULL,NULL,NULL,NULL,NULL,NULL,NULL,NULL,NULL,NULL,NULL,NULL,NULL,NULL,NULL,NULL,NULL,NULL,NULL,NULL,NULL,NULL,NULL,NULL,NULL,NULL,NULL,NULL,NULL,NULL,NULL,NULL,NULL,NULL,NULL,NULL,NULL,NULL,NULL,NULL,NULL,NULL,NULL,NULL,NULL,NULL,NULL,NULL,NULL,NULL,NULL,NULL,NULL,NULL,NULL,NULL,NULL,NULL,NULL,NULL,NULL,NULL,NULL,NULL,NULL,NULL,NULL,NULL,NULL,NULL,NULL,NULL,NULL,NULL,NULL,NULL,NULL,NULL,NULL,NULL,NULL,NULL,NULL,NULL,NULL,NULL,NULL,NULL,NULL,NULL,NULL,NULL,NULL,NULL,NULL,NULL,NULL,NULL,NULL,NULL,NULL,NULL,NULL,NULL,NULL,NULL,NULL,NULL,NULL,NULL,NULL,NULL,NULL,NULL,NULL,NULL,NULL,NULL,NULL,NULL,NULL),(103,NULL,NULL,NULL,NULL,NULL,NULL,NULL,NULL,NULL,NULL,NULL,NULL,NULL,NULL,NULL,NULL,NULL,NULL,NULL,NULL,NULL,NULL,NULL,NULL,NULL,NULL,NULL,NULL,NULL,NULL,NULL,NULL,NULL,NULL,NULL,NULL,NULL,NULL,NULL,NULL,NULL,NULL,NULL,NULL,NULL,NULL,NULL,NULL,NULL,NULL,NULL,NULL,NULL,NULL,NULL,NULL,NULL,NULL,NULL,NULL,NULL,NULL,NULL,NULL,NULL,NULL,NULL,NULL,NULL,NULL,NULL,NULL,NULL,NULL,NULL,NULL,NULL,NULL,NULL,NULL,NULL,NULL,NULL,NULL,NULL,NULL,NULL,NULL,NULL,NULL,NULL,NULL,NULL,NULL,NULL,NULL,NULL,NULL,NULL,NULL,NULL,NULL,NULL,NULL,NULL,NULL,NULL,NULL,NULL,NULL,NULL,NULL,NULL,NULL,NULL,NULL,NULL,NULL,NULL,NULL,NULL,NULL,NULL,NULL,NULL,NULL,NULL,NULL,NULL,NULL,NULL,NULL,NULL,NULL,NULL,NULL,NULL,NULL,NULL,NULL,NULL,NULL,NULL,NULL,NULL,NULL,NULL,NULL,NULL,NULL,NULL,NULL,NULL,NULL,NULL,NULL,NULL,NULL,NULL,NULL,NULL,NULL,NULL,NULL,NULL,NULL,NULL,NULL,NULL,NULL,NULL,NULL,NULL,NULL,NULL,NULL,NULL,NULL,NULL,NULL,NULL,NULL,NULL,NULL,NULL,NULL,NULL,NULL,NULL,NULL,NULL,NULL,NULL,NULL,NULL,NULL,NULL,NULL,NULL,NULL,NULL,NULL,NULL,NULL,NULL,NULL,NULL,NULL,NULL,NULL,NULL,NULL,NULL,NULL,NULL,NULL,NULL,NULL,NULL,NULL,NULL,NULL,NULL,NULL,NULL,NULL,NULL,NULL,NULL,NULL,NULL,NULL,NULL,NULL,NULL,NULL,NULL,NULL,NULL,NULL,NULL,NULL,NULL,NULL,NULL,NULL,NULL,NULL,NULL,NULL,NULL,NULL,NULL,NULL,NULL,NULL,NULL,NULL,NULL,NULL,NULL,NULL,NULL,NULL,NULL,NULL,NULL,NULL,NULL,NULL,NULL,NULL,NULL,NULL,NULL,NULL,NULL,NULL,NULL,NULL,NULL,NULL,NULL,NULL,NULL,NULL,NULL,NULL,NULL,NULL,NULL,NULL,NULL,NULL,NULL,NULL,NULL,NULL,NULL,NULL,NULL,NULL,NULL,NULL,NULL,NULL,NULL,NULL,NULL,NULL,NULL,NULL,NULL,NULL,NULL,NULL,NULL,NULL,NULL,NULL,NULL,NULL,NULL,NULL),(104,NULL,NULL,NULL,NULL,NULL,NULL,NULL,NULL,NULL,NULL,NULL,NULL,NULL,NULL,NULL,NULL,NULL,NULL,NULL,NULL,NULL,NULL,NULL,NULL,NULL,NULL,NULL,NULL,NULL,NULL,NULL,NULL,NULL,NULL,NULL,NULL,NULL,NULL,NULL,NULL,NULL,NULL,NULL,NULL,NULL,NULL,NULL,NULL,NULL,NULL,NULL,NULL,NULL,NULL,NULL,NULL,NULL,NULL,NULL,NULL,NULL,NULL,NULL,NULL,NULL,NULL,NULL,NULL,NULL,NULL,NULL,NULL,NULL,NULL,NULL,NULL,NULL,NULL,NULL,NULL,NULL,NULL,NULL,NULL,NULL,NULL,NULL,NULL,NULL,NULL,NULL,NULL,NULL,NULL,NULL,NULL,NULL,NULL,NULL,NULL,NULL,NULL,NULL,NULL,NULL,NULL,NULL,NULL,NULL,NULL,NULL,NULL,NULL,NULL,NULL,NULL,NULL,NULL,NULL,NULL,NULL,NULL,NULL,NULL,NULL,NULL,NULL,NULL,NULL,NULL,NULL,NULL,NULL,NULL,NULL,NULL,NULL,NULL,NULL,NULL,NULL,NULL,NULL,NULL,NULL,NULL,NULL,NULL,NULL,NULL,NULL,NULL,NULL,NULL,NULL,NULL,NULL,NULL,NULL,NULL,NULL,NULL,NULL,NULL,NULL,NULL,NULL,NULL,NULL,NULL,NULL,NULL,NULL,NULL,NULL,NULL,NULL,NULL,NULL,NULL,NULL,NULL,NULL,NULL,NULL,NULL,NULL,NULL,NULL,NULL,NULL,NULL,NULL,NULL,NULL,NULL,NULL,NULL,NULL,NULL,NULL,NULL,NULL,NULL,NULL,NULL,NULL,NULL,NULL,NULL,NULL,NULL,NULL,NULL,NULL,NULL,NULL,NULL,NULL,NULL,NULL,NULL,NULL,NULL,NULL,NULL,NULL,NULL,NULL,NULL,NULL,NULL,NULL,NULL,NULL,NULL,NULL,NULL,NULL,NULL,NULL,NULL,NULL,NULL,NULL,NULL,NULL,NULL,NULL,NULL,NULL,NULL,NULL,NULL,NULL,NULL,NULL,NULL,NULL,NULL,NULL,NULL,NULL,NULL,NULL,NULL,NULL,NULL,NULL,NULL,NULL,NULL,NULL,NULL,NULL,NULL,NULL,NULL,NULL,NULL,NULL,NULL,NULL,NULL,NULL,NULL,NULL,NULL,NULL,NULL,NULL,NULL,NULL,NULL,NULL,NULL,NULL,NULL,NULL,NULL,NULL,NULL,NULL,NULL,NULL,NULL,NULL,NULL,NULL,NULL,NULL,NULL,NULL,NULL,NULL,NULL,NULL,NULL,NULL,NULL,NULL,NULL,NULL,NULL),(105,NULL,NULL,NULL,NULL,NULL,NULL,NULL,NULL,NULL,NULL,NULL,NULL,NULL,NULL,NULL,NULL,NULL,NULL,NULL,NULL,NULL,NULL,NULL,NULL,NULL,NULL,NULL,NULL,NULL,NULL,NULL,NULL,NULL,NULL,NULL,NULL,NULL,NULL,NULL,NULL,NULL,NULL,NULL,NULL,NULL,NULL,NULL,NULL,NULL,NULL,NULL,NULL,NULL,NULL,NULL,NULL,NULL,NULL,NULL,NULL,NULL,NULL,NULL,NULL,NULL,NULL,NULL,NULL,NULL,NULL,NULL,NULL,NULL,NULL,NULL,NULL,NULL,NULL,NULL,NULL,NULL,NULL,NULL,NULL,NULL,NULL,NULL,NULL,NULL,NULL,NULL,NULL,NULL,NULL,NULL,NULL,NULL,NULL,NULL,NULL,NULL,NULL,NULL,NULL,NULL,NULL,NULL,NULL,NULL,NULL,NULL,NULL,NULL,NULL,NULL,NULL,NULL,NULL,NULL,NULL,NULL,NULL,NULL,NULL,NULL,NULL,NULL,NULL,NULL,NULL,NULL,NULL,NULL,NULL,NULL,NULL,NULL,NULL,NULL,NULL,NULL,NULL,NULL,NULL,NULL,NULL,NULL,NULL,NULL,NULL,NULL,NULL,NULL,NULL,NULL,NULL,NULL,NULL,NULL,NULL,NULL,NULL,NULL,NULL,NULL,NULL,NULL,NULL,NULL,NULL,NULL,NULL,NULL,NULL,NULL,NULL,NULL,NULL,NULL,NULL,NULL,NULL,NULL,NULL,NULL,NULL,NULL,NULL,NULL,NULL,NULL,NULL,NULL,NULL,NULL,NULL,NULL,NULL,NULL,NULL,NULL,NULL,NULL,NULL,NULL,NULL,NULL,NULL,NULL,NULL,NULL,NULL,NULL,NULL,NULL,NULL,NULL,NULL,NULL,NULL,NULL,NULL,NULL,NULL,NULL,NULL,NULL,NULL,NULL,NULL,NULL,NULL,NULL,NULL,NULL,NULL,NULL,NULL,NULL,NULL,NULL,NULL,NULL,NULL,NULL,NULL,NULL,NULL,NULL,NULL,NULL,NULL,NULL,NULL,NULL,NULL,NULL,NULL,NULL,NULL,NULL,NULL,NULL,NULL,NULL,NULL,NULL,NULL,NULL,NULL,NULL,NULL,NULL,NULL,NULL,NULL,NULL,NULL,NULL,NULL,NULL,NULL,NULL,NULL,NULL,NULL,NULL,NULL,NULL,NULL,NULL,NULL,NULL,NULL,NULL,NULL,NULL,NULL,NULL,NULL,NULL,NULL,NULL,NULL,NULL,NULL,NULL,NULL,NULL,NULL,NULL,NULL,NULL,NULL,NULL,NULL,NULL,NULL,NULL,NULL,NULL,NULL,NULL,NULL),(106,NULL,NULL,NULL,NULL,NULL,NULL,NULL,NULL,NULL,NULL,NULL,NULL,NULL,NULL,NULL,NULL,NULL,NULL,NULL,NULL,NULL,NULL,NULL,NULL,NULL,NULL,NULL,NULL,NULL,NULL,NULL,NULL,NULL,NULL,NULL,NULL,NULL,NULL,NULL,NULL,NULL,NULL,NULL,NULL,NULL,NULL,NULL,NULL,NULL,NULL,NULL,NULL,NULL,NULL,NULL,NULL,NULL,NULL,NULL,NULL,NULL,NULL,NULL,NULL,NULL,NULL,NULL,NULL,NULL,NULL,NULL,NULL,NULL,NULL,NULL,NULL,NULL,NULL,NULL,NULL,NULL,NULL,NULL,NULL,NULL,NULL,NULL,NULL,NULL,NULL,NULL,NULL,NULL,NULL,NULL,NULL,NULL,NULL,NULL,NULL,NULL,NULL,NULL,NULL,NULL,NULL,NULL,NULL,NULL,NULL,NULL,NULL,NULL,NULL,NULL,NULL,NULL,NULL,NULL,NULL,NULL,NULL,NULL,NULL,NULL,NULL,NULL,NULL,NULL,NULL,NULL,NULL,NULL,NULL,NULL,NULL,NULL,NULL,NULL,NULL,NULL,NULL,NULL,NULL,NULL,NULL,NULL,NULL,NULL,NULL,NULL,NULL,NULL,NULL,NULL,NULL,NULL,NULL,NULL,NULL,NULL,NULL,NULL,NULL,NULL,NULL,NULL,NULL,NULL,NULL,NULL,NULL,NULL,NULL,NULL,NULL,NULL,NULL,NULL,NULL,NULL,NULL,NULL,NULL,NULL,NULL,NULL,NULL,NULL,NULL,NULL,NULL,NULL,NULL,NULL,NULL,NULL,NULL,NULL,NULL,NULL,NULL,NULL,NULL,NULL,NULL,NULL,NULL,NULL,NULL,NULL,NULL,NULL,NULL,NULL,NULL,NULL,NULL,NULL,NULL,NULL,NULL,NULL,NULL,NULL,NULL,NULL,NULL,NULL,NULL,NULL,NULL,NULL,NULL,NULL,NULL,NULL,NULL,NULL,NULL,NULL,NULL,NULL,NULL,NULL,NULL,NULL,NULL,NULL,NULL,NULL,NULL,NULL,NULL,NULL,NULL,NULL,NULL,NULL,NULL,NULL,NULL,NULL,NULL,NULL,NULL,NULL,NULL,NULL,NULL,NULL,NULL,NULL,NULL,NULL,NULL,NULL,NULL,NULL,NULL,NULL,NULL,NULL,NULL,NULL,NULL,NULL,NULL,NULL,NULL,NULL,NULL,NULL,NULL,NULL,NULL,NULL,NULL,NULL,NULL,NULL,NULL,NULL,NULL,NULL,NULL,NULL,NULL,NULL,NULL,NULL,NULL,NULL,NULL,NULL,NULL,NULL,NULL,NULL,NULL,NULL,NULL,NULL,NULL),(107,NULL,NULL,NULL,NULL,NULL,NULL,NULL,NULL,NULL,NULL,NULL,NULL,NULL,NULL,NULL,NULL,NULL,NULL,NULL,NULL,NULL,NULL,NULL,NULL,NULL,NULL,NULL,NULL,NULL,NULL,NULL,NULL,NULL,NULL,NULL,NULL,NULL,NULL,NULL,NULL,NULL,NULL,NULL,NULL,NULL,NULL,NULL,NULL,NULL,NULL,NULL,NULL,NULL,NULL,NULL,NULL,NULL,NULL,NULL,NULL,NULL,NULL,NULL,NULL,NULL,NULL,NULL,NULL,NULL,NULL,NULL,NULL,NULL,NULL,NULL,NULL,NULL,NULL,NULL,NULL,NULL,NULL,NULL,NULL,NULL,NULL,NULL,NULL,NULL,NULL,NULL,NULL,NULL,NULL,NULL,NULL,NULL,NULL,NULL,NULL,NULL,NULL,NULL,NULL,NULL,NULL,NULL,NULL,NULL,NULL,NULL,NULL,NULL,NULL,NULL,NULL,NULL,NULL,NULL,NULL,NULL,NULL,NULL,NULL,NULL,NULL,NULL,NULL,NULL,NULL,NULL,NULL,NULL,NULL,NULL,NULL,NULL,NULL,NULL,NULL,NULL,NULL,NULL,NULL,NULL,NULL,NULL,NULL,NULL,NULL,NULL,NULL,NULL,NULL,NULL,NULL,NULL,NULL,NULL,NULL,NULL,NULL,NULL,NULL,NULL,NULL,NULL,NULL,NULL,NULL,NULL,NULL,NULL,NULL,NULL,NULL,NULL,NULL,NULL,NULL,NULL,NULL,NULL,NULL,NULL,NULL,NULL,NULL,NULL,NULL,NULL,NULL,NULL,NULL,NULL,NULL,NULL,NULL,NULL,NULL,NULL,NULL,NULL,NULL,NULL,NULL,NULL,NULL,NULL,NULL,NULL,NULL,NULL,NULL,NULL,NULL,NULL,NULL,NULL,NULL,NULL,NULL,NULL,NULL,NULL,NULL,NULL,NULL,NULL,NULL,NULL,NULL,NULL,NULL,NULL,NULL,NULL,NULL,NULL,NULL,NULL,NULL,NULL,NULL,NULL,NULL,NULL,NULL,NULL,NULL,NULL,NULL,NULL,NULL,NULL,NULL,NULL,NULL,NULL,NULL,NULL,NULL,NULL,NULL,NULL,NULL,NULL,NULL,NULL,NULL,NULL,NULL,NULL,NULL,NULL,NULL,NULL,NULL,NULL,NULL,NULL,NULL,NULL,NULL,NULL,NULL,NULL,NULL,NULL,NULL,NULL,NULL,NULL,NULL,NULL,NULL,NULL,NULL,NULL,NULL,NULL,NULL,NULL,NULL,NULL,NULL,NULL,NULL,NULL,NULL,NULL,NULL,NULL,NULL,NULL,NULL,NULL,NULL,NULL,NULL,NULL,NULL,NULL,NULL),(108,NULL,NULL,NULL,NULL,NULL,NULL,NULL,NULL,NULL,NULL,NULL,NULL,NULL,NULL,NULL,NULL,NULL,NULL,NULL,NULL,NULL,NULL,NULL,NULL,NULL,NULL,NULL,NULL,NULL,NULL,NULL,NULL,NULL,NULL,NULL,NULL,NULL,NULL,NULL,NULL,NULL,NULL,NULL,NULL,NULL,NULL,NULL,NULL,NULL,NULL,NULL,NULL,NULL,NULL,NULL,NULL,NULL,NULL,NULL,NULL,NULL,NULL,NULL,NULL,NULL,NULL,NULL,NULL,NULL,NULL,NULL,NULL,NULL,NULL,NULL,NULL,NULL,NULL,NULL,NULL,NULL,NULL,NULL,NULL,NULL,NULL,NULL,NULL,NULL,NULL,NULL,NULL,NULL,NULL,NULL,NULL,NULL,NULL,NULL,NULL,NULL,NULL,NULL,NULL,NULL,NULL,NULL,NULL,NULL,NULL,NULL,NULL,NULL,NULL,NULL,NULL,NULL,NULL,NULL,NULL,NULL,NULL,NULL,NULL,NULL,NULL,NULL,NULL,NULL,NULL,NULL,NULL,NULL,NULL,NULL,NULL,NULL,NULL,NULL,NULL,NULL,NULL,NULL,NULL,NULL,NULL,NULL,NULL,NULL,NULL,NULL,NULL,NULL,NULL,NULL,NULL,NULL,NULL,NULL,NULL,NULL,NULL,NULL,NULL,NULL,NULL,NULL,NULL,NULL,NULL,NULL,NULL,NULL,NULL,NULL,NULL,NULL,NULL,NULL,NULL,NULL,NULL,NULL,NULL,NULL,NULL,NULL,NULL,NULL,NULL,NULL,NULL,NULL,NULL,NULL,NULL,NULL,NULL,NULL,NULL,NULL,NULL,NULL,NULL,NULL,NULL,NULL,NULL,NULL,NULL,NULL,NULL,NULL,NULL,NULL,NULL,NULL,NULL,NULL,NULL,NULL,NULL,NULL,NULL,NULL,NULL,NULL,NULL,NULL,NULL,NULL,NULL,NULL,NULL,NULL,NULL,NULL,NULL,NULL,NULL,NULL,NULL,NULL,NULL,NULL,NULL,NULL,NULL,NULL,NULL,NULL,NULL,NULL,NULL,NULL,NULL,NULL,NULL,NULL,NULL,NULL,NULL,NULL,NULL,NULL,NULL,NULL,NULL,NULL,NULL,NULL,NULL,NULL,NULL,NULL,NULL,NULL,NULL,NULL,NULL,NULL,NULL,NULL,NULL,NULL,NULL,NULL,NULL,NULL,NULL,NULL,NULL,NULL,NULL,NULL,NULL,NULL,NULL,NULL,NULL,NULL,NULL,NULL,NULL,NULL,NULL,NULL,NULL,NULL,NULL,NULL,NULL,NULL,NULL,NULL,NULL,NULL,NULL,NULL,NULL,NULL,NULL,NULL,NULL),(109,NULL,NULL,NULL,NULL,NULL,NULL,NULL,NULL,NULL,NULL,NULL,NULL,NULL,NULL,NULL,NULL,NULL,NULL,NULL,NULL,NULL,NULL,NULL,NULL,NULL,NULL,NULL,NULL,NULL,NULL,NULL,NULL,NULL,NULL,NULL,NULL,NULL,NULL,NULL,NULL,NULL,NULL,NULL,NULL,NULL,NULL,NULL,NULL,NULL,NULL,NULL,NULL,NULL,NULL,NULL,NULL,NULL,NULL,NULL,NULL,NULL,NULL,NULL,NULL,NULL,NULL,NULL,NULL,NULL,NULL,NULL,NULL,NULL,NULL,NULL,NULL,NULL,NULL,NULL,NULL,NULL,NULL,NULL,NULL,NULL,NULL,NULL,NULL,NULL,NULL,NULL,NULL,NULL,NULL,NULL,NULL,NULL,NULL,NULL,NULL,NULL,NULL,NULL,NULL,NULL,NULL,NULL,NULL,NULL,NULL,NULL,NULL,NULL,NULL,NULL,NULL,NULL,NULL,NULL,NULL,NULL,NULL,NULL,NULL,NULL,NULL,NULL,NULL,NULL,NULL,NULL,NULL,NULL,NULL,NULL,NULL,NULL,NULL,NULL,NULL,NULL,NULL,NULL,NULL,NULL,NULL,NULL,NULL,NULL,NULL,NULL,NULL,NULL,NULL,NULL,NULL,NULL,NULL,NULL,NULL,NULL,NULL,NULL,NULL,NULL,NULL,NULL,NULL,NULL,NULL,NULL,NULL,NULL,NULL,NULL,NULL,NULL,NULL,NULL,NULL,NULL,NULL,NULL,NULL,NULL,NULL,NULL,NULL,NULL,NULL,NULL,NULL,NULL,NULL,NULL,NULL,NULL,NULL,NULL,NULL,NULL,NULL,NULL,NULL,NULL,NULL,NULL,NULL,NULL,NULL,NULL,NULL,NULL,NULL,NULL,NULL,NULL,NULL,NULL,NULL,NULL,NULL,NULL,NULL,NULL,NULL,NULL,NULL,NULL,NULL,NULL,NULL,NULL,NULL,NULL,NULL,NULL,NULL,NULL,NULL,NULL,NULL,NULL,NULL,NULL,NULL,NULL,NULL,NULL,NULL,NULL,NULL,NULL,NULL,NULL,NULL,NULL,NULL,NULL,NULL,NULL,NULL,NULL,NULL,NULL,NULL,NULL,NULL,NULL,NULL,NULL,NULL,NULL,NULL,NULL,NULL,NULL,NULL,NULL,NULL,NULL,NULL,NULL,NULL,NULL,NULL,NULL,NULL,NULL,NULL,NULL,NULL,NULL,NULL,NULL,NULL,NULL,NULL,NULL,NULL,NULL,NULL,NULL,NULL,NULL,NULL,NULL,NULL,NULL,NULL,NULL,NULL,NULL,NULL,NULL,NULL,NULL,NULL,NULL,NULL,NULL,NULL,NULL,NULL),(110,NULL,NULL,NULL,NULL,NULL,NULL,NULL,NULL,NULL,NULL,NULL,NULL,NULL,NULL,NULL,NULL,NULL,NULL,NULL,NULL,NULL,NULL,NULL,NULL,NULL,NULL,NULL,NULL,NULL,NULL,NULL,NULL,NULL,NULL,NULL,NULL,NULL,NULL,NULL,NULL,NULL,NULL,NULL,NULL,NULL,NULL,NULL,NULL,NULL,NULL,NULL,NULL,NULL,NULL,NULL,NULL,NULL,NULL,NULL,NULL,NULL,NULL,NULL,NULL,NULL,NULL,NULL,NULL,NULL,NULL,NULL,NULL,NULL,NULL,NULL,NULL,NULL,NULL,NULL,NULL,NULL,NULL,NULL,NULL,NULL,NULL,NULL,NULL,NULL,NULL,NULL,NULL,NULL,NULL,NULL,NULL,NULL,NULL,NULL,NULL,NULL,NULL,NULL,NULL,NULL,NULL,NULL,NULL,NULL,NULL,NULL,NULL,NULL,NULL,NULL,NULL,NULL,NULL,NULL,NULL,NULL,NULL,NULL,NULL,NULL,NULL,NULL,NULL,NULL,NULL,NULL,NULL,NULL,NULL,NULL,NULL,NULL,NULL,NULL,NULL,NULL,NULL,NULL,NULL,NULL,NULL,NULL,NULL,NULL,NULL,NULL,NULL,NULL,NULL,NULL,NULL,NULL,NULL,NULL,NULL,NULL,NULL,NULL,NULL,NULL,NULL,NULL,NULL,NULL,NULL,NULL,NULL,NULL,NULL,NULL,NULL,NULL,NULL,NULL,NULL,NULL,NULL,NULL,NULL,NULL,NULL,NULL,NULL,NULL,NULL,NULL,NULL,NULL,NULL,NULL,NULL,NULL,NULL,NULL,NULL,NULL,NULL,NULL,NULL,NULL,NULL,NULL,NULL,NULL,NULL,NULL,NULL,NULL,NULL,NULL,NULL,NULL,NULL,NULL,NULL,NULL,NULL,NULL,NULL,NULL,NULL,NULL,NULL,NULL,NULL,NULL,NULL,NULL,NULL,NULL,NULL,NULL,NULL,NULL,NULL,NULL,NULL,NULL,NULL,NULL,NULL,NULL,NULL,NULL,NULL,NULL,NULL,NULL,NULL,NULL,NULL,NULL,NULL,NULL,NULL,NULL,NULL,NULL,NULL,NULL,NULL,NULL,NULL,NULL,NULL,NULL,NULL,NULL,NULL,NULL,NULL,NULL,NULL,NULL,NULL,NULL,NULL,NULL,NULL,NULL,NULL,NULL,NULL,NULL,NULL,NULL,NULL,NULL,NULL,NULL,NULL,NULL,NULL,NULL,NULL,NULL,NULL,NULL,NULL,NULL,NULL,NULL,NULL,NULL,NULL,NULL,NULL,NULL,NULL,NULL,NULL,NULL,NULL,NULL,NULL,NULL,NULL,NULL,NULL);
/*!40000 ALTER TABLE `MixsSpecification` ENABLE KEYS */;
UNLOCK TABLES;

--
-- Table structure for table `MixsSpecification_AUD`
--

DROP TABLE IF EXISTS `MixsSpecification_AUD`;
/*!40101 SET @saved_cs_client     = @@character_set_client */;
/*!40101 SET character_set_client = utf8 */;
CREATE TABLE `MixsSpecification_AUD` (
  `MixsSpecificationID` int(11) NOT NULL,
  `REV` int(11) NOT NULL,
  `REVTYPE` tinyint(4) DEFAULT NULL,
  `AbsAirHumidity` varchar(50) DEFAULT NULL,
  `AgrochemAddition` varchar(50) DEFAULT NULL,
  `AirTemp` varchar(50) DEFAULT NULL,
  `AirTempRegm` varchar(50) DEFAULT NULL,
  `AlSat` varchar(50) DEFAULT NULL,
  `AlSatMeth` varchar(50) DEFAULT NULL,
  `Alkalinity` varchar(50) DEFAULT NULL,
  `AlkylDiethers` varchar(50) DEFAULT NULL,
  `AminopeptAct` varchar(50) DEFAULT NULL,
  `Ammonium` varchar(50) DEFAULT NULL,
  `AmnioticFluidColor` varchar(50) DEFAULT NULL,
  `AnnualSeasonPrecpt` varchar(100) DEFAULT NULL,
  `AnnualSeasonTemp` varchar(100) DEFAULT NULL,
  `AntibioticRegm` varchar(50) DEFAULT NULL,
  `AtmosphericData` varchar(50) DEFAULT NULL,
  `BacProd` varchar(50) DEFAULT NULL,
  `BacResp` varchar(50) DEFAULT NULL,
  `BacteriaCarbProd` varchar(50) DEFAULT NULL,
  `BankfullWettedDepth` varchar(10) DEFAULT NULL,
  `BankfullWidth` varchar(10) DEFAULT NULL,
  `BarometricPress` varchar(50) DEFAULT NULL,
  `BiochemOxygenDem` varchar(50) DEFAULT NULL,
  `Biomass` varchar(50) DEFAULT NULL,
  `Biome` varchar(50) DEFAULT NULL,
  `BioticRelationship` varchar(50) DEFAULT NULL,
  `BirthControl` varchar(50) DEFAULT NULL,
  `Bishomohopanol` varchar(50) DEFAULT NULL,
  `BloodBloodDisord` varchar(50) DEFAULT NULL,
  `Bromide` varchar(50) DEFAULT NULL,
  `BuildOccupType` varchar(50) DEFAULT NULL,
  `BuildingSetting` varchar(50) DEFAULT NULL,
  `Calcium` varchar(50) DEFAULT NULL,
  `CanopyCoverage` varchar(10) DEFAULT NULL,
  `CarbDioxide` varchar(50) DEFAULT NULL,
  `CarbMonoxide` varchar(50) DEFAULT NULL,
  `CarbNitroRatio` varchar(50) DEFAULT NULL,
  `ChemAdministration` varchar(50) DEFAULT NULL,
  `ChemMutagen` varchar(50) DEFAULT NULL,
  `ChemOxygenDem` varchar(50) DEFAULT NULL,
  `Chloride` varchar(50) DEFAULT NULL,
  `Chlorophyll` varchar(50) DEFAULT NULL,
  `ClimateEnvironment` varchar(50) DEFAULT NULL,
  `Conduc` varchar(50) DEFAULT NULL,
  `CropRotation` varchar(50) DEFAULT NULL,
  `CurLandUse` varchar(100) DEFAULT NULL,
  `CurVegetation` varchar(50) DEFAULT NULL,
  `CurVegetationMeth` varchar(50) DEFAULT NULL,
  `Density` varchar(50) DEFAULT NULL,
  `DermatologyDisord` varchar(50) DEFAULT NULL,
  `DewPoint` varchar(50) DEFAULT NULL,
  `DietLastSixMonth` varchar(50) DEFAULT NULL,
  `DietherLipids` varchar(50) DEFAULT NULL,
  `DissCarbDioxide` varchar(50) DEFAULT NULL,
  `DissHydrogen` varchar(50) DEFAULT NULL,
  `DissInorgCarb` varchar(50) DEFAULT NULL,
  `DissInorgNitro` varchar(50) DEFAULT NULL,
  `DissInorgPhosp` varchar(50) DEFAULT NULL,
  `DissOrgCarb` varchar(50) DEFAULT NULL,
  `DissOrgNitro` varchar(50) DEFAULT NULL,
  `DissOxygen` varchar(50) DEFAULT NULL,
  `DominantHand` varchar(50) DEFAULT NULL,
  `DominantLandUse` varchar(100) DEFAULT NULL,
  `DominantStreamsideVegetation` varchar(100) DEFAULT NULL,
  `Douche` datetime(6) DEFAULT NULL,
  `DownPar` varchar(50) DEFAULT NULL,
  `DrainageClass` varchar(50) DEFAULT NULL,
  `DrugUsage` varchar(50) DEFAULT NULL,
  `EColi` varchar(50) DEFAULT NULL,
  `EfficiencyPercent` varchar(50) DEFAULT NULL,
  `Emulsions` varchar(50) DEFAULT NULL,
  `EncodedTraits` varchar(50) DEFAULT NULL,
  `EnvPackage` varchar(50) DEFAULT NULL,
  `EstimatedSize` varchar(50) DEFAULT NULL,
  `ExperimentalFactor` varchar(50) DEFAULT NULL,
  `ExtrachromElements` varchar(50) DEFAULT NULL,
  `ExtremeEvent` datetime(6) DEFAULT NULL,
  `ExtremeSalinity` varchar(100) DEFAULT NULL,
  `FaoClass` varchar(50) DEFAULT NULL,
  `Feature` varchar(50) DEFAULT NULL,
  `FertilizerRegm` varchar(50) DEFAULT NULL,
  `FilterType` varchar(50) DEFAULT NULL,
  `Fire` datetime(6) DEFAULT NULL,
  `FishKillEventInfo` varchar(100) DEFAULT NULL,
  `Flooding` datetime(6) DEFAULT NULL,
  `Fluor` varchar(50) DEFAULT NULL,
  `FoetalHealthStat` varchar(50) DEFAULT NULL,
  `FungicideRegm` varchar(50) DEFAULT NULL,
  `GaseousEnvironment` varchar(50) DEFAULT NULL,
  `GaseousSubstances` varchar(50) DEFAULT NULL,
  `GastrointestDisord` varchar(50) DEFAULT NULL,
  `GestationState` varchar(50) DEFAULT NULL,
  `GlucosidaseAct` varchar(50) DEFAULT NULL,
  `Gravidity` varchar(50) DEFAULT NULL,
  `Gravity` varchar(50) DEFAULT NULL,
  `GrowthHormoneRegm` varchar(50) DEFAULT NULL,
  `GrowthMed` varchar(50) DEFAULT NULL,
  `GynecologicDisord` varchar(50) DEFAULT NULL,
  `HealthDiseaseStat` varchar(50) DEFAULT NULL,
  `HeatCoolType` varchar(50) DEFAULT NULL,
  `HeavyMetals` varchar(50) DEFAULT NULL,
  `HeavyMetalsMeth` varchar(50) DEFAULT NULL,
  `HerbicideRegm` varchar(50) DEFAULT NULL,
  `Horizon` varchar(50) DEFAULT NULL,
  `HorizonMeth` varchar(50) DEFAULT NULL,
  `HostAge` varchar(50) DEFAULT NULL,
  `HostBloodPressDiast` varchar(50) DEFAULT NULL,
  `HostBloodPressSyst` varchar(50) DEFAULT NULL,
  `HostBodyHabitat` varchar(50) DEFAULT NULL,
  `HostBodyMassIndex` varchar(50) DEFAULT NULL,
  `HostBodyProduct` varchar(50) DEFAULT NULL,
  `HostBodySite` varchar(50) DEFAULT NULL,
  `HostBodyTemp` varchar(50) DEFAULT NULL,
  `HostColor` varchar(50) DEFAULT NULL,
  `HostCommonName` varchar(50) DEFAULT NULL,
  `HostDiet` varchar(50) DEFAULT NULL,
  `HostDiseaseStat` varchar(50) DEFAULT NULL,
  `HostDryMass` varchar(50) DEFAULT NULL,
  `HostFamilyRelationship` varchar(50) DEFAULT NULL,
  `HostGenotype` varchar(50) DEFAULT NULL,
  `HostGrowthCond` varchar(50) DEFAULT NULL,
  `HostHeight` varchar(50) DEFAULT NULL,
  `HostHivStat` varchar(50) DEFAULT NULL,
  `HostInfraSpecificName` varchar(50) DEFAULT NULL,
  `HostInfraSpecificRank` varchar(50) DEFAULT NULL,
  `HostLastMeal` varchar(50) DEFAULT NULL,
  `HostLength` varchar(50) DEFAULT NULL,
  `HostLifeStage` varchar(50) DEFAULT NULL,
  `HostOccupation` int(11) DEFAULT NULL,
  `HostPhenotype` varchar(50) DEFAULT NULL,
  `HostPulse` varchar(50) DEFAULT NULL,
  `HostSex` varchar(50) DEFAULT NULL,
  `HostShape` varchar(50) DEFAULT NULL,
  `HostSubjectId` varchar(50) DEFAULT NULL,
  `HostSubstrate` varchar(50) DEFAULT NULL,
  `HostTaxid` int(11) DEFAULT NULL,
  `HostTotMass` varchar(50) DEFAULT NULL,
  `HostWetMass` varchar(50) DEFAULT NULL,
  `Hrt` datetime(6) DEFAULT NULL,
  `Humidity` varchar(50) DEFAULT NULL,
  `HumidityRegm` varchar(50) DEFAULT NULL,
  `Hysterectomy` bit(1) DEFAULT NULL,
  `IhmcEthnicity` varchar(50) DEFAULT NULL,
  `IhmcMedicationCode` int(11) DEFAULT NULL,
  `IndoorSpace` varchar(50) DEFAULT NULL,
  `IndoorSurf` varchar(50) DEFAULT NULL,
  `IndustEffPercent` varchar(50) DEFAULT NULL,
  `InorgParticles` varchar(50) DEFAULT NULL,
  `InvestigationType` varchar(20) DEFAULT NULL,
  `IsolGrowthCondt` varchar(50) DEFAULT NULL,
  `KidneyDisord` varchar(50) DEFAULT NULL,
  `LightIntensity` varchar(50) DEFAULT NULL,
  `LightType` varchar(50) DEFAULT NULL,
  `LinkAdditAnalys` varchar(50) DEFAULT NULL,
  `LinkClassInfo` varchar(250) DEFAULT NULL,
  `LinkClimateInfo` varchar(250) DEFAULT NULL,
  `LiverDisord` varchar(50) DEFAULT NULL,
  `LocalClass` varchar(50) DEFAULT NULL,
  `LocalClassMeth` varchar(50) DEFAULT NULL,
  `MacrophyteCoverage` varchar(10) DEFAULT NULL,
  `Magnesium` varchar(50) DEFAULT NULL,
  `Material` varchar(50) DEFAULT NULL,
  `MaternalHealthStat` varchar(50) DEFAULT NULL,
  `MeanFrictVel` varchar(50) DEFAULT NULL,
  `MeanPeakFrictVel` varchar(50) DEFAULT NULL,
  `MechanicalDamage` varchar(50) DEFAULT NULL,
  `MedicHistPerform` bit(1) DEFAULT NULL,
  `Menarche` datetime(6) DEFAULT NULL,
  `Menopause` datetime(6) DEFAULT NULL,
  `Methane` varchar(50) DEFAULT NULL,
  `MicrobialBiomass` varchar(50) DEFAULT NULL,
  `MicrobialBiomassMeth` varchar(50) DEFAULT NULL,
  `MineralNutrRegm` varchar(50) DEFAULT NULL,
  `MiscParam` varchar(50) DEFAULT NULL,
  `nAlkanes` varchar(50) DEFAULT NULL,
  `Nitrate` varchar(50) DEFAULT NULL,
  `Nitrite` varchar(50) DEFAULT NULL,
  `Nitro` varchar(50) DEFAULT NULL,
  `NonMineralNutrRegm` varchar(50) DEFAULT NULL,
  `NoseMouthTeethThroatDisord` varchar(50) DEFAULT NULL,
  `NoseThroatDisord` varchar(50) DEFAULT NULL,
  `NumReplicons` int(11) DEFAULT NULL,
  `OccupSamp` int(11) DEFAULT NULL,
  `OccupantDensSamp` float DEFAULT NULL,
  `OrgCarb` varchar(50) DEFAULT NULL,
  `OrgMatter` varchar(50) DEFAULT NULL,
  `OrgNitro` varchar(50) DEFAULT NULL,
  `OrgParticles` varchar(50) DEFAULT NULL,
  `OrganismCount` varchar(50) DEFAULT NULL,
  `OxyStatSamp` varchar(50) DEFAULT NULL,
  `Oxygen` varchar(50) DEFAULT NULL,
  `PartOrgCarb` varchar(50) DEFAULT NULL,
  `PartOrgNitro` varchar(50) DEFAULT NULL,
  `ParticleClass` varchar(50) DEFAULT NULL,
  `Pathogenicity` varchar(50) DEFAULT NULL,
  `PeriphytonCoverage` varchar(100) DEFAULT NULL,
  `Perturbation` varchar(50) DEFAULT NULL,
  `PesticideRegm` varchar(50) DEFAULT NULL,
  `PetFarmAnimal` varchar(50) DEFAULT NULL,
  `PetroleumHydrocarb` varchar(50) DEFAULT NULL,
  `Ph` float DEFAULT NULL,
  `PhMeth` varchar(50) DEFAULT NULL,
  `PhRegm` varchar(50) DEFAULT NULL,
  `Phaeopigments` varchar(50) DEFAULT NULL,
  `Phosphate` varchar(50) DEFAULT NULL,
  `PhosplipidFattAcid` varchar(50) DEFAULT NULL,
  `PhotonFlux` varchar(50) DEFAULT NULL,
  `PlantBodySite` varchar(50) DEFAULT NULL,
  `PlantProduct` varchar(50) DEFAULT NULL,
  `Ploidy` varchar(50) DEFAULT NULL,
  `Pollutants` varchar(50) DEFAULT NULL,
  `PoolDnaExtracts` varchar(50) DEFAULT NULL,
  `Porosity` varchar(50) DEFAULT NULL,
  `Potassium` varchar(50) DEFAULT NULL,
  `PreTreatment` varchar(50) DEFAULT NULL,
  `Pregnancy` datetime(6) DEFAULT NULL,
  `Pressure` varchar(50) DEFAULT NULL,
  `PreviousLandUse` varchar(50) DEFAULT NULL,
  `PreviousLandUseMeth` varchar(50) DEFAULT NULL,
  `PrimaryProd` varchar(50) DEFAULT NULL,
  `PrimaryTreatment` varchar(50) DEFAULT NULL,
  `ProfilePosition` varchar(50) DEFAULT NULL,
  `Propagation` varchar(50) DEFAULT NULL,
  `PulmonaryDisord` varchar(50) DEFAULT NULL,
  `RadiationRegm` varchar(50) DEFAULT NULL,
  `RainfallRegm` varchar(50) DEFAULT NULL,
  `ReactorType` varchar(50) DEFAULT NULL,
  `RedoxPotential` varchar(50) DEFAULT NULL,
  `RefBiomaterial` varchar(50) DEFAULT NULL,
  `RelAirHumidity` varchar(50) DEFAULT NULL,
  `RelToOxygen` varchar(50) DEFAULT NULL,
  `RespPartMatter` varchar(50) DEFAULT NULL,
  `Salinity` varchar(50) DEFAULT NULL,
  `SalinityMeth` varchar(50) DEFAULT NULL,
  `SalmonInStream` varchar(10) DEFAULT NULL,
  `SalmonReturnStatus` varchar(15) DEFAULT NULL,
  `SaltRegm` varchar(50) DEFAULT NULL,
  `SampMatProcess` varchar(50) DEFAULT NULL,
  `SampSalinity` varchar(50) DEFAULT NULL,
  `SampSortMeth` varchar(50) DEFAULT NULL,
  `SampStoreDur` varchar(50) DEFAULT NULL,
  `SampStoreLoc` varchar(50) DEFAULT NULL,
  `SampStoreTemp` varchar(50) DEFAULT NULL,
  `SampVolWeDnaExt` varchar(50) DEFAULT NULL,
  `SampleReach` varchar(10) DEFAULT NULL,
  `SeasonEnvironment` varchar(50) DEFAULT NULL,
  `SecondaryTreatment` varchar(50) DEFAULT NULL,
  `SedimentType` varchar(50) DEFAULT NULL,
  `SewageType` varchar(50) DEFAULT NULL,
  `SexualAct` varchar(50) DEFAULT NULL,
  `Sieving` varchar(50) DEFAULT NULL,
  `Silicate` varchar(50) DEFAULT NULL,
  `SlopeAspect` varchar(50) DEFAULT NULL,
  `SlopeGradient` varchar(50) DEFAULT NULL,
  `SludgeRetentTime` varchar(50) DEFAULT NULL,
  `Smoker` bit(1) DEFAULT NULL,
  `Sodium` varchar(50) DEFAULT NULL,
  `SoilType` varchar(50) DEFAULT NULL,
  `SoilTypeMeth` varchar(50) DEFAULT NULL,
  `SolarIrradiance` varchar(50) DEFAULT NULL,
  `SolubleInorgMat` varchar(50) DEFAULT NULL,
  `SolubleOrgMat` varchar(50) DEFAULT NULL,
  `SolubleReactPhosp` varchar(50) DEFAULT NULL,
  `SpaceTypState` varchar(50) DEFAULT NULL,
  `SpecialDiet` varchar(50) DEFAULT NULL,
  `SpecificHost` varchar(50) DEFAULT NULL,
  `StandingWaterRegm` varchar(50) DEFAULT NULL,
  `StoreCond` varchar(50) DEFAULT NULL,
  `StreamsideVegetation` varchar(100) DEFAULT NULL,
  `StudyCompltStat` varchar(50) DEFAULT NULL,
  `SubspecfGenLin` varchar(50) DEFAULT NULL,
  `SubstructureType` varchar(50) DEFAULT NULL,
  `Sulfate` varchar(50) DEFAULT NULL,
  `Sulfide` varchar(50) DEFAULT NULL,
  `SurfAirCont` varchar(50) DEFAULT NULL,
  `SurfHumidity` varchar(50) DEFAULT NULL,
  `SurfMaterial` varchar(50) DEFAULT NULL,
  `SurfMoisture` varchar(50) DEFAULT NULL,
  `SurfMoisturePh` float DEFAULT NULL,
  `SurfTemp` varchar(50) DEFAULT NULL,
  `SuspendPartMatter` varchar(50) DEFAULT NULL,
  `SuspendSolids` varchar(50) DEFAULT NULL,
  `Temp` varchar(50) DEFAULT NULL,
  `TertiaryTreatment` varchar(50) DEFAULT NULL,
  `Texture` varchar(50) DEFAULT NULL,
  `TextureMeth` varchar(50) DEFAULT NULL,
  `TidalStage` varchar(50) DEFAULT NULL,
  `Tillage` varchar(50) DEFAULT NULL,
  `TimeLastToothbrush` datetime(6) DEFAULT NULL,
  `TimeSinceLastWash` datetime(6) DEFAULT NULL,
  `TissCultGrowthMed` varchar(50) DEFAULT NULL,
  `TotCarb` varchar(50) DEFAULT NULL,
  `TotDepthWaterCol` varchar(50) DEFAULT NULL,
  `TotDissNitro` varchar(50) DEFAULT NULL,
  `TotDissPhosp` varchar(50) DEFAULT NULL,
  `TotInorgNitro` varchar(50) DEFAULT NULL,
  `TotNMeth` varchar(50) DEFAULT NULL,
  `TotNitro` varchar(50) DEFAULT NULL,
  `TotOrgCMeth` varchar(50) DEFAULT NULL,
  `TotOrgCarb` varchar(50) DEFAULT NULL,
  `TotPartCarb` varchar(50) DEFAULT NULL,
  `TotPhosp` varchar(50) DEFAULT NULL,
  `TotPhosphate` varchar(50) DEFAULT NULL,
  `TotSuspendedSolids` varchar(50) DEFAULT NULL,
  `TravelOutSixMonth` varchar(50) DEFAULT NULL,
  `TrophicLevel` varchar(50) DEFAULT NULL,
  `Turbidity` varchar(50) DEFAULT NULL,
  `TwinSibling` bit(1) DEFAULT NULL,
  `TypOccupantDens` float DEFAULT NULL,
  `UrineCollectMeth` varchar(50) DEFAULT NULL,
  `UrogenitDisord` varchar(50) DEFAULT NULL,
  `UrogenitTractDisor` varchar(50) DEFAULT NULL,
  `VentilationRate` varchar(50) DEFAULT NULL,
  `VentilationType` varchar(50) DEFAULT NULL,
  `VolatileOrgComp` varchar(50) DEFAULT NULL,
  `WastewaterType` varchar(50) DEFAULT NULL,
  `WaterContent` varchar(50) DEFAULT NULL,
  `WaterContentSoilMeth` varchar(50) DEFAULT NULL,
  `WaterCurrent` varchar(50) DEFAULT NULL,
  `WaterTempRegm` varchar(50) DEFAULT NULL,
  `WateringRegm` varchar(50) DEFAULT NULL,
  `WeightLoss3Month` varchar(50) DEFAULT NULL,
  `WettedStreamWidth` varchar(10) DEFAULT NULL,
  `WindDirection` varchar(50) DEFAULT NULL,
  `WindSpeed` varchar(50) DEFAULT NULL,
  PRIMARY KEY (`MixsSpecificationID`,`REV`),
  KEY `FK_bva1xtoa70un4afj9pihokk84` (`REV`),
  CONSTRAINT `FK_bva1xtoa70un4afj9pihokk84` FOREIGN KEY (`REV`) REFERENCES `Revision` (`id`)
) ENGINE=InnoDB DEFAULT CHARSET=latin1;
/*!40101 SET character_set_client = @saved_cs_client */;

--
-- Dumping data for table `MixsSpecification_AUD`
--

LOCK TABLES `MixsSpecification_AUD` WRITE;
/*!40000 ALTER TABLE `MixsSpecification_AUD` DISABLE KEYS */;
INSERT INTO `MixsSpecification_AUD` VALUES (15,6,0,NULL,NULL,NULL,NULL,NULL,NULL,NULL,NULL,NULL,NULL,NULL,NULL,NULL,NULL,NULL,NULL,NULL,NULL,NULL,NULL,NULL,NULL,NULL,NULL,NULL,NULL,NULL,NULL,NULL,NULL,NULL,NULL,NULL,NULL,NULL,NULL,NULL,NULL,NULL,NULL,NULL,NULL,NULL,NULL,NULL,NULL,NULL,NULL,NULL,NULL,NULL,NULL,NULL,NULL,NULL,NULL,NULL,NULL,NULL,NULL,NULL,NULL,NULL,NULL,NULL,NULL,NULL,NULL,NULL,NULL,NULL,NULL,NULL,NULL,NULL,NULL,NULL,NULL,NULL,NULL,NULL,NULL,NULL,NULL,NULL,NULL,NULL,NULL,NULL,NULL,NULL,NULL,NULL,NULL,NULL,NULL,NULL,NULL,NULL,NULL,NULL,NULL,NULL,NULL,NULL,NULL,NULL,NULL,NULL,NULL,NULL,NULL,NULL,NULL,NULL,NULL,NULL,NULL,NULL,NULL,NULL,NULL,NULL,NULL,NULL,NULL,NULL,NULL,NULL,NULL,NULL,NULL,NULL,NULL,NULL,NULL,NULL,NULL,NULL,NULL,NULL,NULL,NULL,NULL,NULL,NULL,NULL,NULL,NULL,NULL,NULL,NULL,NULL,NULL,NULL,NULL,NULL,NULL,NULL,NULL,NULL,NULL,NULL,NULL,NULL,NULL,NULL,NULL,NULL,NULL,NULL,NULL,NULL,NULL,NULL,NULL,NULL,NULL,NULL,NULL,NULL,NULL,NULL,NULL,NULL,NULL,NULL,NULL,NULL,NULL,NULL,NULL,NULL,NULL,NULL,NULL,NULL,NULL,NULL,NULL,NULL,NULL,NULL,NULL,NULL,NULL,NULL,NULL,NULL,NULL,NULL,NULL,NULL,NULL,NULL,NULL,NULL,NULL,NULL,NULL,NULL,NULL,NULL,NULL,NULL,NULL,NULL,NULL,NULL,NULL,NULL,NULL,NULL,NULL,NULL,NULL,NULL,NULL,NULL,NULL,NULL,NULL,NULL,NULL,NULL,NULL,NULL,NULL,NULL,NULL,NULL,NULL,NULL,NULL,NULL,NULL,NULL,NULL,NULL,NULL,NULL,NULL,NULL,NULL,NULL,NULL,NULL,NULL,NULL,NULL,NULL,NULL,NULL,NULL,NULL,NULL,NULL,NULL,NULL,NULL,NULL,NULL,NULL,NULL,NULL,NULL,NULL,NULL,NULL,NULL,NULL,NULL,NULL,NULL,NULL,NULL,NULL,NULL,NULL,NULL,NULL,NULL,NULL,NULL,NULL,NULL,NULL,NULL,NULL,NULL,NULL,NULL,NULL,NULL,NULL,NULL,NULL,NULL,NULL,NULL,NULL,NULL,NULL,NULL),(16,6,0,NULL,NULL,NULL,NULL,NULL,NULL,NULL,NULL,NULL,NULL,NULL,NULL,NULL,NULL,NULL,NULL,NULL,NULL,NULL,NULL,NULL,NULL,NULL,NULL,NULL,NULL,NULL,NULL,NULL,NULL,NULL,NULL,NULL,NULL,NULL,NULL,NULL,NULL,NULL,NULL,NULL,NULL,NULL,NULL,NULL,NULL,NULL,NULL,NULL,NULL,NULL,NULL,NULL,NULL,NULL,NULL,NULL,NULL,NULL,NULL,NULL,NULL,NULL,NULL,NULL,NULL,NULL,NULL,NULL,NULL,NULL,NULL,NULL,NULL,NULL,NULL,NULL,NULL,NULL,NULL,NULL,NULL,NULL,NULL,NULL,NULL,NULL,NULL,NULL,NULL,NULL,NULL,NULL,NULL,NULL,NULL,NULL,NULL,NULL,NULL,NULL,NULL,NULL,NULL,NULL,NULL,NULL,NULL,NULL,NULL,NULL,NULL,NULL,NULL,NULL,NULL,NULL,NULL,NULL,NULL,NULL,NULL,NULL,NULL,NULL,NULL,NULL,NULL,NULL,NULL,NULL,NULL,NULL,NULL,NULL,NULL,NULL,NULL,NULL,NULL,NULL,NULL,NULL,NULL,NULL,NULL,NULL,NULL,NULL,NULL,NULL,NULL,NULL,NULL,NULL,NULL,NULL,NULL,NULL,NULL,NULL,NULL,NULL,NULL,NULL,NULL,NULL,NULL,NULL,NULL,NULL,NULL,NULL,NULL,NULL,NULL,NULL,NULL,NULL,NULL,NULL,NULL,NULL,NULL,NULL,NULL,NULL,NULL,NULL,NULL,NULL,NULL,NULL,NULL,NULL,NULL,NULL,NULL,NULL,NULL,NULL,NULL,NULL,NULL,NULL,NULL,NULL,NULL,NULL,NULL,NULL,NULL,NULL,NULL,NULL,NULL,NULL,NULL,NULL,NULL,NULL,NULL,NULL,NULL,NULL,NULL,NULL,NULL,NULL,NULL,NULL,NULL,NULL,NULL,NULL,NULL,NULL,NULL,NULL,NULL,NULL,NULL,NULL,NULL,NULL,NULL,NULL,NULL,NULL,NULL,NULL,NULL,NULL,NULL,NULL,NULL,NULL,NULL,NULL,NULL,NULL,NULL,NULL,NULL,NULL,NULL,NULL,NULL,NULL,NULL,NULL,NULL,NULL,NULL,NULL,NULL,NULL,NULL,NULL,NULL,NULL,NULL,NULL,NULL,NULL,NULL,NULL,NULL,NULL,NULL,NULL,NULL,NULL,NULL,NULL,NULL,NULL,NULL,NULL,NULL,NULL,NULL,NULL,NULL,NULL,NULL,NULL,NULL,NULL,NULL,NULL,NULL,NULL,NULL,NULL,NULL,NULL,NULL,NULL,NULL,NULL,NULL,NULL,NULL),(17,6,0,NULL,NULL,NULL,NULL,NULL,NULL,NULL,NULL,NULL,NULL,NULL,NULL,NULL,NULL,NULL,NULL,NULL,NULL,NULL,NULL,NULL,NULL,NULL,NULL,NULL,NULL,NULL,NULL,NULL,NULL,NULL,NULL,NULL,NULL,NULL,NULL,NULL,NULL,NULL,NULL,NULL,NULL,NULL,NULL,NULL,NULL,NULL,NULL,NULL,NULL,NULL,NULL,NULL,NULL,NULL,NULL,NULL,NULL,NULL,NULL,NULL,NULL,NULL,NULL,NULL,NULL,NULL,NULL,NULL,NULL,NULL,NULL,NULL,NULL,NULL,NULL,NULL,NULL,NULL,NULL,NULL,NULL,NULL,NULL,NULL,NULL,NULL,NULL,NULL,NULL,NULL,NULL,NULL,NULL,NULL,NULL,NULL,NULL,NULL,NULL,NULL,NULL,NULL,NULL,NULL,NULL,NULL,NULL,NULL,NULL,NULL,NULL,NULL,NULL,NULL,NULL,NULL,NULL,NULL,NULL,NULL,NULL,NULL,NULL,NULL,NULL,NULL,NULL,NULL,NULL,NULL,NULL,NULL,NULL,NULL,NULL,NULL,NULL,NULL,NULL,NULL,NULL,NULL,NULL,NULL,NULL,NULL,NULL,NULL,NULL,NULL,NULL,NULL,NULL,NULL,NULL,NULL,NULL,NULL,NULL,NULL,NULL,NULL,NULL,NULL,NULL,NULL,NULL,NULL,NULL,NULL,NULL,NULL,NULL,NULL,NULL,NULL,NULL,NULL,NULL,NULL,NULL,NULL,NULL,NULL,NULL,NULL,NULL,NULL,NULL,NULL,NULL,NULL,NULL,NULL,NULL,NULL,NULL,NULL,NULL,NULL,NULL,NULL,NULL,NULL,NULL,NULL,NULL,NULL,NULL,NULL,NULL,NULL,NULL,NULL,NULL,NULL,NULL,NULL,NULL,NULL,NULL,NULL,NULL,NULL,NULL,NULL,NULL,NULL,NULL,NULL,NULL,NULL,NULL,NULL,NULL,NULL,NULL,NULL,NULL,NULL,NULL,NULL,NULL,NULL,NULL,NULL,NULL,NULL,NULL,NULL,NULL,NULL,NULL,NULL,NULL,NULL,NULL,NULL,NULL,NULL,NULL,NULL,NULL,NULL,NULL,NULL,NULL,NULL,NULL,NULL,NULL,NULL,NULL,NULL,NULL,NULL,NULL,NULL,NULL,NULL,NULL,NULL,NULL,NULL,NULL,NULL,NULL,NULL,NULL,NULL,NULL,NULL,NULL,NULL,NULL,NULL,NULL,NULL,NULL,NULL,NULL,NULL,NULL,NULL,NULL,NULL,NULL,NULL,NULL,NULL,NULL,NULL,NULL,NULL,NULL,NULL,NULL,NULL,NULL,NULL,NULL,NULL,NULL),(18,6,0,NULL,NULL,NULL,NULL,NULL,NULL,NULL,NULL,NULL,NULL,NULL,NULL,NULL,NULL,NULL,NULL,NULL,NULL,NULL,NULL,NULL,NULL,NULL,NULL,NULL,NULL,NULL,NULL,NULL,NULL,NULL,NULL,NULL,NULL,NULL,NULL,NULL,NULL,NULL,NULL,NULL,NULL,NULL,NULL,NULL,NULL,NULL,NULL,NULL,NULL,NULL,NULL,NULL,NULL,NULL,NULL,NULL,NULL,NULL,NULL,NULL,NULL,NULL,NULL,NULL,NULL,NULL,NULL,NULL,NULL,NULL,NULL,NULL,NULL,NULL,NULL,NULL,NULL,NULL,NULL,NULL,NULL,NULL,NULL,NULL,NULL,NULL,NULL,NULL,NULL,NULL,NULL,NULL,NULL,NULL,NULL,NULL,NULL,NULL,NULL,NULL,NULL,NULL,NULL,NULL,NULL,NULL,NULL,NULL,NULL,NULL,NULL,NULL,NULL,NULL,NULL,NULL,NULL,NULL,NULL,NULL,NULL,NULL,NULL,NULL,NULL,NULL,NULL,NULL,NULL,NULL,NULL,NULL,NULL,NULL,NULL,NULL,NULL,NULL,NULL,NULL,NULL,NULL,NULL,NULL,NULL,NULL,NULL,NULL,NULL,NULL,NULL,NULL,NULL,NULL,NULL,NULL,NULL,NULL,NULL,NULL,NULL,NULL,NULL,NULL,NULL,NULL,NULL,NULL,NULL,NULL,NULL,NULL,NULL,NULL,NULL,NULL,NULL,NULL,NULL,NULL,NULL,NULL,NULL,NULL,NULL,NULL,NULL,NULL,NULL,NULL,NULL,NULL,NULL,NULL,NULL,NULL,NULL,NULL,NULL,NULL,NULL,NULL,NULL,NULL,NULL,NULL,NULL,NULL,NULL,NULL,NULL,NULL,NULL,NULL,NULL,NULL,NULL,NULL,NULL,NULL,NULL,NULL,NULL,NULL,NULL,NULL,NULL,NULL,NULL,NULL,NULL,NULL,NULL,NULL,NULL,NULL,NULL,NULL,NULL,NULL,NULL,NULL,NULL,NULL,NULL,NULL,NULL,NULL,NULL,NULL,NULL,NULL,NULL,NULL,NULL,NULL,NULL,NULL,NULL,NULL,NULL,NULL,NULL,NULL,NULL,NULL,NULL,NULL,NULL,NULL,NULL,NULL,NULL,NULL,NULL,NULL,NULL,NULL,NULL,NULL,NULL,NULL,NULL,NULL,NULL,NULL,NULL,NULL,NULL,NULL,NULL,NULL,NULL,NULL,NULL,NULL,NULL,NULL,NULL,NULL,NULL,NULL,NULL,NULL,NULL,NULL,NULL,NULL,NULL,NULL,NULL,NULL,NULL,NULL,NULL,NULL,NULL,NULL,NULL,NULL,NULL,NULL,NULL),(19,6,0,NULL,NULL,NULL,NULL,NULL,NULL,NULL,NULL,NULL,NULL,NULL,NULL,NULL,NULL,NULL,NULL,NULL,NULL,NULL,NULL,NULL,NULL,NULL,NULL,NULL,NULL,NULL,NULL,NULL,NULL,NULL,NULL,NULL,NULL,NULL,NULL,NULL,NULL,NULL,NULL,NULL,NULL,NULL,NULL,NULL,NULL,NULL,NULL,NULL,NULL,NULL,NULL,NULL,NULL,NULL,NULL,NULL,NULL,NULL,NULL,NULL,NULL,NULL,NULL,NULL,NULL,NULL,NULL,NULL,NULL,NULL,NULL,NULL,NULL,NULL,NULL,NULL,NULL,NULL,NULL,NULL,NULL,NULL,NULL,NULL,NULL,NULL,NULL,NULL,NULL,NULL,NULL,NULL,NULL,NULL,NULL,NULL,NULL,NULL,NULL,NULL,NULL,NULL,NULL,NULL,NULL,NULL,NULL,NULL,NULL,NULL,NULL,NULL,NULL,NULL,NULL,NULL,NULL,NULL,NULL,NULL,NULL,NULL,NULL,NULL,NULL,NULL,NULL,NULL,NULL,NULL,NULL,NULL,NULL,NULL,NULL,NULL,NULL,NULL,NULL,NULL,NULL,NULL,NULL,NULL,NULL,NULL,NULL,NULL,NULL,NULL,NULL,NULL,NULL,NULL,NULL,NULL,NULL,NULL,NULL,NULL,NULL,NULL,NULL,NULL,NULL,NULL,NULL,NULL,NULL,NULL,NULL,NULL,NULL,NULL,NULL,NULL,NULL,NULL,NULL,NULL,NULL,NULL,NULL,NULL,NULL,NULL,NULL,NULL,NULL,NULL,NULL,NULL,NULL,NULL,NULL,NULL,NULL,NULL,NULL,NULL,NULL,NULL,NULL,NULL,NULL,NULL,NULL,NULL,NULL,NULL,NULL,NULL,NULL,NULL,NULL,NULL,NULL,NULL,NULL,NULL,NULL,NULL,NULL,NULL,NULL,NULL,NULL,NULL,NULL,NULL,NULL,NULL,NULL,NULL,NULL,NULL,NULL,NULL,NULL,NULL,NULL,NULL,NULL,NULL,NULL,NULL,NULL,NULL,NULL,NULL,NULL,NULL,NULL,NULL,NULL,NULL,NULL,NULL,NULL,NULL,NULL,NULL,NULL,NULL,NULL,NULL,NULL,NULL,NULL,NULL,NULL,NULL,NULL,NULL,NULL,NULL,NULL,NULL,NULL,NULL,NULL,NULL,NULL,NULL,NULL,NULL,NULL,NULL,NULL,NULL,NULL,NULL,NULL,NULL,NULL,NULL,NULL,NULL,NULL,NULL,NULL,NULL,NULL,NULL,NULL,NULL,NULL,NULL,NULL,NULL,NULL,NULL,NULL,NULL,NULL,NULL,NULL,NULL,NULL,NULL,NULL,NULL,NULL),(20,6,0,NULL,NULL,NULL,NULL,NULL,NULL,NULL,NULL,NULL,NULL,NULL,NULL,NULL,NULL,NULL,NULL,NULL,NULL,NULL,NULL,NULL,NULL,NULL,NULL,NULL,NULL,NULL,NULL,NULL,NULL,NULL,NULL,NULL,NULL,NULL,NULL,NULL,NULL,NULL,NULL,NULL,NULL,NULL,NULL,NULL,NULL,NULL,NULL,NULL,NULL,NULL,NULL,NULL,NULL,NULL,NULL,NULL,NULL,NULL,NULL,NULL,NULL,NULL,NULL,NULL,NULL,NULL,NULL,NULL,NULL,NULL,NULL,NULL,NULL,NULL,NULL,NULL,NULL,NULL,NULL,NULL,NULL,NULL,NULL,NULL,NULL,NULL,NULL,NULL,NULL,NULL,NULL,NULL,NULL,NULL,NULL,NULL,NULL,NULL,NULL,NULL,NULL,NULL,NULL,NULL,NULL,NULL,NULL,NULL,NULL,NULL,NULL,NULL,NULL,NULL,NULL,NULL,NULL,NULL,NULL,NULL,NULL,NULL,NULL,NULL,NULL,NULL,NULL,NULL,NULL,NULL,NULL,NULL,NULL,NULL,NULL,NULL,NULL,NULL,NULL,NULL,NULL,NULL,NULL,NULL,NULL,NULL,NULL,NULL,NULL,NULL,NULL,NULL,NULL,NULL,NULL,NULL,NULL,NULL,NULL,NULL,NULL,NULL,NULL,NULL,NULL,NULL,NULL,NULL,NULL,NULL,NULL,NULL,NULL,NULL,NULL,NULL,NULL,NULL,NULL,NULL,NULL,NULL,NULL,NULL,NULL,NULL,NULL,NULL,NULL,NULL,NULL,NULL,NULL,NULL,NULL,NULL,NULL,NULL,NULL,NULL,NULL,NULL,NULL,NULL,NULL,NULL,NULL,NULL,NULL,NULL,NULL,NULL,NULL,NULL,NULL,NULL,NULL,NULL,NULL,NULL,NULL,NULL,NULL,NULL,NULL,NULL,NULL,NULL,NULL,NULL,NULL,NULL,NULL,NULL,NULL,NULL,NULL,NULL,NULL,NULL,NULL,NULL,NULL,NULL,NULL,NULL,NULL,NULL,NULL,NULL,NULL,NULL,NULL,NULL,NULL,NULL,NULL,NULL,NULL,NULL,NULL,NULL,NULL,NULL,NULL,NULL,NULL,NULL,NULL,NULL,NULL,NULL,NULL,NULL,NULL,NULL,NULL,NULL,NULL,NULL,NULL,NULL,NULL,NULL,NULL,NULL,NULL,NULL,NULL,NULL,NULL,NULL,NULL,NULL,NULL,NULL,NULL,NULL,NULL,NULL,NULL,NULL,NULL,NULL,NULL,NULL,NULL,NULL,NULL,NULL,NULL,NULL,NULL,NULL,NULL,NULL,NULL,NULL,NULL,NULL,NULL,NULL,NULL),(21,6,0,NULL,NULL,NULL,NULL,NULL,NULL,NULL,NULL,NULL,NULL,NULL,NULL,NULL,NULL,NULL,NULL,NULL,NULL,NULL,NULL,NULL,NULL,NULL,NULL,NULL,NULL,NULL,NULL,NULL,NULL,NULL,NULL,NULL,NULL,NULL,NULL,NULL,NULL,NULL,NULL,NULL,NULL,NULL,NULL,NULL,NULL,NULL,NULL,NULL,NULL,NULL,NULL,NULL,NULL,NULL,NULL,NULL,NULL,NULL,NULL,NULL,NULL,NULL,NULL,NULL,NULL,NULL,NULL,NULL,NULL,NULL,NULL,NULL,NULL,NULL,NULL,NULL,NULL,NULL,NULL,NULL,NULL,NULL,NULL,NULL,NULL,NULL,NULL,NULL,NULL,NULL,NULL,NULL,NULL,NULL,NULL,NULL,NULL,NULL,NULL,NULL,NULL,NULL,NULL,NULL,NULL,NULL,NULL,NULL,NULL,NULL,NULL,NULL,NULL,NULL,NULL,NULL,NULL,NULL,NULL,NULL,NULL,NULL,NULL,NULL,NULL,NULL,NULL,NULL,NULL,NULL,NULL,NULL,NULL,NULL,NULL,NULL,NULL,NULL,NULL,NULL,NULL,NULL,NULL,NULL,NULL,NULL,NULL,NULL,NULL,NULL,NULL,NULL,NULL,NULL,NULL,NULL,NULL,NULL,NULL,NULL,NULL,NULL,NULL,NULL,NULL,NULL,NULL,NULL,NULL,NULL,NULL,NULL,NULL,NULL,NULL,NULL,NULL,NULL,NULL,NULL,NULL,NULL,NULL,NULL,NULL,NULL,NULL,NULL,NULL,NULL,NULL,NULL,NULL,NULL,NULL,NULL,NULL,NULL,NULL,NULL,NULL,NULL,NULL,NULL,NULL,NULL,NULL,NULL,NULL,NULL,NULL,NULL,NULL,NULL,NULL,NULL,NULL,NULL,NULL,NULL,NULL,NULL,NULL,NULL,NULL,NULL,NULL,NULL,NULL,NULL,NULL,NULL,NULL,NULL,NULL,NULL,NULL,NULL,NULL,NULL,NULL,NULL,NULL,NULL,NULL,NULL,NULL,NULL,NULL,NULL,NULL,NULL,NULL,NULL,NULL,NULL,NULL,NULL,NULL,NULL,NULL,NULL,NULL,NULL,NULL,NULL,NULL,NULL,NULL,NULL,NULL,NULL,NULL,NULL,NULL,NULL,NULL,NULL,NULL,NULL,NULL,NULL,NULL,NULL,NULL,NULL,NULL,NULL,NULL,NULL,NULL,NULL,NULL,NULL,NULL,NULL,NULL,NULL,NULL,NULL,NULL,NULL,NULL,NULL,NULL,NULL,NULL,NULL,NULL,NULL,NULL,NULL,NULL,NULL,NULL,NULL,NULL,NULL,NULL,NULL,NULL,NULL,NULL),(22,6,0,NULL,NULL,NULL,NULL,NULL,NULL,NULL,NULL,NULL,NULL,NULL,NULL,NULL,NULL,NULL,NULL,NULL,NULL,NULL,NULL,NULL,NULL,NULL,NULL,NULL,NULL,NULL,NULL,NULL,NULL,NULL,NULL,NULL,NULL,NULL,NULL,NULL,NULL,NULL,NULL,NULL,NULL,NULL,NULL,NULL,NULL,NULL,NULL,NULL,NULL,NULL,NULL,NULL,NULL,NULL,NULL,NULL,NULL,NULL,NULL,NULL,NULL,NULL,NULL,NULL,NULL,NULL,NULL,NULL,NULL,NULL,NULL,NULL,NULL,NULL,NULL,NULL,NULL,NULL,NULL,NULL,NULL,NULL,NULL,NULL,NULL,NULL,NULL,NULL,NULL,NULL,NULL,NULL,NULL,NULL,NULL,NULL,NULL,NULL,NULL,NULL,NULL,NULL,NULL,NULL,NULL,NULL,NULL,NULL,NULL,NULL,NULL,NULL,NULL,NULL,NULL,NULL,NULL,NULL,NULL,NULL,NULL,NULL,NULL,NULL,NULL,NULL,NULL,NULL,NULL,NULL,NULL,NULL,NULL,NULL,NULL,NULL,NULL,NULL,NULL,NULL,NULL,NULL,NULL,NULL,NULL,NULL,NULL,NULL,NULL,NULL,NULL,NULL,NULL,NULL,NULL,NULL,NULL,NULL,NULL,NULL,NULL,NULL,NULL,NULL,NULL,NULL,NULL,NULL,NULL,NULL,NULL,NULL,NULL,NULL,NULL,NULL,NULL,NULL,NULL,NULL,NULL,NULL,NULL,NULL,NULL,NULL,NULL,NULL,NULL,NULL,NULL,NULL,NULL,NULL,NULL,NULL,NULL,NULL,NULL,NULL,NULL,NULL,NULL,NULL,NULL,NULL,NULL,NULL,NULL,NULL,NULL,NULL,NULL,NULL,NULL,NULL,NULL,NULL,NULL,NULL,NULL,NULL,NULL,NULL,NULL,NULL,NULL,NULL,NULL,NULL,NULL,NULL,NULL,NULL,NULL,NULL,NULL,NULL,NULL,NULL,NULL,NULL,NULL,NULL,NULL,NULL,NULL,NULL,NULL,NULL,NULL,NULL,NULL,NULL,NULL,NULL,NULL,NULL,NULL,NULL,NULL,NULL,NULL,NULL,NULL,NULL,NULL,NULL,NULL,NULL,NULL,NULL,NULL,NULL,NULL,NULL,NULL,NULL,NULL,NULL,NULL,NULL,NULL,NULL,NULL,NULL,NULL,NULL,NULL,NULL,NULL,NULL,NULL,NULL,NULL,NULL,NULL,NULL,NULL,NULL,NULL,NULL,NULL,NULL,NULL,NULL,NULL,NULL,NULL,NULL,NULL,NULL,NULL,NULL,NULL,NULL,NULL,NULL,NULL,NULL,NULL,NULL,NULL),(23,6,0,NULL,NULL,NULL,NULL,NULL,NULL,NULL,NULL,NULL,NULL,NULL,NULL,NULL,NULL,NULL,NULL,NULL,NULL,NULL,NULL,NULL,NULL,NULL,NULL,NULL,NULL,NULL,NULL,NULL,NULL,NULL,NULL,NULL,NULL,NULL,NULL,NULL,NULL,NULL,NULL,NULL,NULL,NULL,NULL,NULL,NULL,NULL,NULL,NULL,NULL,NULL,NULL,NULL,NULL,NULL,NULL,NULL,NULL,NULL,NULL,NULL,NULL,NULL,NULL,NULL,NULL,NULL,NULL,NULL,NULL,NULL,NULL,NULL,NULL,NULL,NULL,NULL,NULL,NULL,NULL,NULL,NULL,NULL,NULL,NULL,NULL,NULL,NULL,NULL,NULL,NULL,NULL,NULL,NULL,NULL,NULL,NULL,NULL,NULL,NULL,NULL,NULL,NULL,NULL,NULL,NULL,NULL,NULL,NULL,NULL,NULL,NULL,NULL,NULL,NULL,NULL,NULL,NULL,NULL,NULL,NULL,NULL,NULL,NULL,NULL,NULL,NULL,NULL,NULL,NULL,NULL,NULL,NULL,NULL,NULL,NULL,NULL,NULL,NULL,NULL,NULL,NULL,NULL,NULL,NULL,NULL,NULL,NULL,NULL,NULL,NULL,NULL,NULL,NULL,NULL,NULL,NULL,NULL,NULL,NULL,NULL,NULL,NULL,NULL,NULL,NULL,NULL,NULL,NULL,NULL,NULL,NULL,NULL,NULL,NULL,NULL,NULL,NULL,NULL,NULL,NULL,NULL,NULL,NULL,NULL,NULL,NULL,NULL,NULL,NULL,NULL,NULL,NULL,NULL,NULL,NULL,NULL,NULL,NULL,NULL,NULL,NULL,NULL,NULL,NULL,NULL,NULL,NULL,NULL,NULL,NULL,NULL,NULL,NULL,NULL,NULL,NULL,NULL,NULL,NULL,NULL,NULL,NULL,NULL,NULL,NULL,NULL,NULL,NULL,NULL,NULL,NULL,NULL,NULL,NULL,NULL,NULL,NULL,NULL,NULL,NULL,NULL,NULL,NULL,NULL,NULL,NULL,NULL,NULL,NULL,NULL,NULL,NULL,NULL,NULL,NULL,NULL,NULL,NULL,NULL,NULL,NULL,NULL,NULL,NULL,NULL,NULL,NULL,NULL,NULL,NULL,NULL,NULL,NULL,NULL,NULL,NULL,NULL,NULL,NULL,NULL,NULL,NULL,NULL,NULL,NULL,NULL,NULL,NULL,NULL,NULL,NULL,NULL,NULL,NULL,NULL,NULL,NULL,NULL,NULL,NULL,NULL,NULL,NULL,NULL,NULL,NULL,NULL,NULL,NULL,NULL,NULL,NULL,NULL,NULL,NULL,NULL,NULL,NULL,NULL,NULL,NULL,NULL,NULL),(24,6,0,NULL,NULL,NULL,NULL,NULL,NULL,NULL,NULL,NULL,NULL,NULL,NULL,NULL,NULL,NULL,NULL,NULL,NULL,NULL,NULL,NULL,NULL,NULL,NULL,NULL,NULL,NULL,NULL,NULL,NULL,NULL,NULL,NULL,NULL,NULL,NULL,NULL,NULL,NULL,NULL,NULL,NULL,NULL,NULL,NULL,NULL,NULL,NULL,NULL,NULL,NULL,NULL,NULL,NULL,NULL,NULL,NULL,NULL,NULL,NULL,NULL,NULL,NULL,NULL,NULL,NULL,NULL,NULL,NULL,NULL,NULL,NULL,NULL,NULL,NULL,NULL,NULL,NULL,NULL,NULL,NULL,NULL,NULL,NULL,NULL,NULL,NULL,NULL,NULL,NULL,NULL,NULL,NULL,NULL,NULL,NULL,NULL,NULL,NULL,NULL,NULL,NULL,NULL,NULL,NULL,NULL,NULL,NULL,NULL,NULL,NULL,NULL,NULL,NULL,NULL,NULL,NULL,NULL,NULL,NULL,NULL,NULL,NULL,NULL,NULL,NULL,NULL,NULL,NULL,NULL,NULL,NULL,NULL,NULL,NULL,NULL,NULL,NULL,NULL,NULL,NULL,NULL,NULL,NULL,NULL,NULL,NULL,NULL,NULL,NULL,NULL,NULL,NULL,NULL,NULL,NULL,NULL,NULL,NULL,NULL,NULL,NULL,NULL,NULL,NULL,NULL,NULL,NULL,NULL,NULL,NULL,NULL,NULL,NULL,NULL,NULL,NULL,NULL,NULL,NULL,NULL,NULL,NULL,NULL,NULL,NULL,NULL,NULL,NULL,NULL,NULL,NULL,NULL,NULL,NULL,NULL,NULL,NULL,NULL,NULL,NULL,NULL,NULL,NULL,NULL,NULL,NULL,NULL,NULL,NULL,NULL,NULL,NULL,NULL,NULL,NULL,NULL,NULL,NULL,NULL,NULL,NULL,NULL,NULL,NULL,NULL,NULL,NULL,NULL,NULL,NULL,NULL,NULL,NULL,NULL,NULL,NULL,NULL,NULL,NULL,NULL,NULL,NULL,NULL,NULL,NULL,NULL,NULL,NULL,NULL,NULL,NULL,NULL,NULL,NULL,NULL,NULL,NULL,NULL,NULL,NULL,NULL,NULL,NULL,NULL,NULL,NULL,NULL,NULL,NULL,NULL,NULL,NULL,NULL,NULL,NULL,NULL,NULL,NULL,NULL,NULL,NULL,NULL,NULL,NULL,NULL,NULL,NULL,NULL,NULL,NULL,NULL,NULL,NULL,NULL,NULL,NULL,NULL,NULL,NULL,NULL,NULL,NULL,NULL,NULL,NULL,NULL,NULL,NULL,NULL,NULL,NULL,NULL,NULL,NULL,NULL,NULL,NULL,NULL,NULL,NULL,NULL,NULL,NULL),(25,6,0,NULL,NULL,NULL,NULL,NULL,NULL,NULL,NULL,NULL,NULL,NULL,NULL,NULL,NULL,NULL,NULL,NULL,NULL,NULL,NULL,NULL,NULL,NULL,NULL,NULL,NULL,NULL,NULL,NULL,NULL,NULL,NULL,NULL,NULL,NULL,NULL,NULL,NULL,NULL,NULL,NULL,NULL,NULL,NULL,NULL,NULL,NULL,NULL,NULL,NULL,NULL,NULL,NULL,NULL,NULL,NULL,NULL,NULL,NULL,NULL,NULL,NULL,NULL,NULL,NULL,NULL,NULL,NULL,NULL,NULL,NULL,NULL,NULL,NULL,NULL,NULL,NULL,NULL,NULL,NULL,NULL,NULL,NULL,NULL,NULL,NULL,NULL,NULL,NULL,NULL,NULL,NULL,NULL,NULL,NULL,NULL,NULL,NULL,NULL,NULL,NULL,NULL,NULL,NULL,NULL,NULL,NULL,NULL,NULL,NULL,NULL,NULL,NULL,NULL,NULL,NULL,NULL,NULL,NULL,NULL,NULL,NULL,NULL,NULL,NULL,NULL,NULL,NULL,NULL,NULL,NULL,NULL,NULL,NULL,NULL,NULL,NULL,NULL,NULL,NULL,NULL,NULL,NULL,NULL,NULL,NULL,NULL,NULL,NULL,NULL,NULL,NULL,NULL,NULL,NULL,NULL,NULL,NULL,NULL,NULL,NULL,NULL,NULL,NULL,NULL,NULL,NULL,NULL,NULL,NULL,NULL,NULL,NULL,NULL,NULL,NULL,NULL,NULL,NULL,NULL,NULL,NULL,NULL,NULL,NULL,NULL,NULL,NULL,NULL,NULL,NULL,NULL,NULL,NULL,NULL,NULL,NULL,NULL,NULL,NULL,NULL,NULL,NULL,NULL,NULL,NULL,NULL,NULL,NULL,NULL,NULL,NULL,NULL,NULL,NULL,NULL,NULL,NULL,NULL,NULL,NULL,NULL,NULL,NULL,NULL,NULL,NULL,NULL,NULL,NULL,NULL,NULL,NULL,NULL,NULL,NULL,NULL,NULL,NULL,NULL,NULL,NULL,NULL,NULL,NULL,NULL,NULL,NULL,NULL,NULL,NULL,NULL,NULL,NULL,NULL,NULL,NULL,NULL,NULL,NULL,NULL,NULL,NULL,NULL,NULL,NULL,NULL,NULL,NULL,NULL,NULL,NULL,NULL,NULL,NULL,NULL,NULL,NULL,NULL,NULL,NULL,NULL,NULL,NULL,NULL,NULL,NULL,NULL,NULL,NULL,NULL,NULL,NULL,NULL,NULL,NULL,NULL,NULL,NULL,NULL,NULL,NULL,NULL,NULL,NULL,NULL,NULL,NULL,NULL,NULL,NULL,NULL,NULL,NULL,NULL,NULL,NULL,NULL,NULL,NULL,NULL,NULL,NULL,NULL),(26,6,0,NULL,NULL,NULL,NULL,NULL,NULL,NULL,NULL,NULL,NULL,NULL,NULL,NULL,NULL,NULL,NULL,NULL,NULL,NULL,NULL,NULL,NULL,NULL,NULL,NULL,NULL,NULL,NULL,NULL,NULL,NULL,NULL,NULL,NULL,NULL,NULL,NULL,NULL,NULL,NULL,NULL,NULL,NULL,NULL,NULL,NULL,NULL,NULL,NULL,NULL,NULL,NULL,NULL,NULL,NULL,NULL,NULL,NULL,NULL,NULL,NULL,NULL,NULL,NULL,NULL,NULL,NULL,NULL,NULL,NULL,NULL,NULL,NULL,NULL,NULL,NULL,NULL,NULL,NULL,NULL,NULL,NULL,NULL,NULL,NULL,NULL,NULL,NULL,NULL,NULL,NULL,NULL,NULL,NULL,NULL,NULL,NULL,NULL,NULL,NULL,NULL,NULL,NULL,NULL,NULL,NULL,NULL,NULL,NULL,NULL,NULL,NULL,NULL,NULL,NULL,NULL,NULL,NULL,NULL,NULL,NULL,NULL,NULL,NULL,NULL,NULL,NULL,NULL,NULL,NULL,NULL,NULL,NULL,NULL,NULL,NULL,NULL,NULL,NULL,NULL,NULL,NULL,NULL,NULL,NULL,NULL,NULL,NULL,NULL,NULL,NULL,NULL,NULL,NULL,NULL,NULL,NULL,NULL,NULL,NULL,NULL,NULL,NULL,NULL,NULL,NULL,NULL,NULL,NULL,NULL,NULL,NULL,NULL,NULL,NULL,NULL,NULL,NULL,NULL,NULL,NULL,NULL,NULL,NULL,NULL,NULL,NULL,NULL,NULL,NULL,NULL,NULL,NULL,NULL,NULL,NULL,NULL,NULL,NULL,NULL,NULL,NULL,NULL,NULL,NULL,NULL,NULL,NULL,NULL,NULL,NULL,NULL,NULL,NULL,NULL,NULL,NULL,NULL,NULL,NULL,NULL,NULL,NULL,NULL,NULL,NULL,NULL,NULL,NULL,NULL,NULL,NULL,NULL,NULL,NULL,NULL,NULL,NULL,NULL,NULL,NULL,NULL,NULL,NULL,NULL,NULL,NULL,NULL,NULL,NULL,NULL,NULL,NULL,NULL,NULL,NULL,NULL,NULL,NULL,NULL,NULL,NULL,NULL,NULL,NULL,NULL,NULL,NULL,NULL,NULL,NULL,NULL,NULL,NULL,NULL,NULL,NULL,NULL,NULL,NULL,NULL,NULL,NULL,NULL,NULL,NULL,NULL,NULL,NULL,NULL,NULL,NULL,NULL,NULL,NULL,NULL,NULL,NULL,NULL,NULL,NULL,NULL,NULL,NULL,NULL,NULL,NULL,NULL,NULL,NULL,NULL,NULL,NULL,NULL,NULL,NULL,NULL,NULL,NULL,NULL,NULL,NULL,NULL,NULL),(27,6,0,NULL,NULL,NULL,NULL,NULL,NULL,NULL,NULL,NULL,NULL,NULL,NULL,NULL,NULL,NULL,NULL,NULL,NULL,NULL,NULL,NULL,NULL,NULL,NULL,NULL,NULL,NULL,NULL,NULL,NULL,NULL,NULL,NULL,NULL,NULL,NULL,NULL,NULL,NULL,NULL,NULL,NULL,NULL,NULL,NULL,NULL,NULL,NULL,NULL,NULL,NULL,NULL,NULL,NULL,NULL,NULL,NULL,NULL,NULL,NULL,NULL,NULL,NULL,NULL,NULL,NULL,NULL,NULL,NULL,NULL,NULL,NULL,NULL,NULL,NULL,NULL,NULL,NULL,NULL,NULL,NULL,NULL,NULL,NULL,NULL,NULL,NULL,NULL,NULL,NULL,NULL,NULL,NULL,NULL,NULL,NULL,NULL,NULL,NULL,NULL,NULL,NULL,NULL,NULL,NULL,NULL,NULL,NULL,NULL,NULL,NULL,NULL,NULL,NULL,NULL,NULL,NULL,NULL,NULL,NULL,NULL,NULL,NULL,NULL,NULL,NULL,NULL,NULL,NULL,NULL,NULL,NULL,NULL,NULL,NULL,NULL,NULL,NULL,NULL,NULL,NULL,NULL,NULL,NULL,NULL,NULL,NULL,NULL,NULL,NULL,NULL,NULL,NULL,NULL,NULL,NULL,NULL,NULL,NULL,NULL,NULL,NULL,NULL,NULL,NULL,NULL,NULL,NULL,NULL,NULL,NULL,NULL,NULL,NULL,NULL,NULL,NULL,NULL,NULL,NULL,NULL,NULL,NULL,NULL,NULL,NULL,NULL,NULL,NULL,NULL,NULL,NULL,NULL,NULL,NULL,NULL,NULL,NULL,NULL,NULL,NULL,NULL,NULL,NULL,NULL,NULL,NULL,NULL,NULL,NULL,NULL,NULL,NULL,NULL,NULL,NULL,NULL,NULL,NULL,NULL,NULL,NULL,NULL,NULL,NULL,NULL,NULL,NULL,NULL,NULL,NULL,NULL,NULL,NULL,NULL,NULL,NULL,NULL,NULL,NULL,NULL,NULL,NULL,NULL,NULL,NULL,NULL,NULL,NULL,NULL,NULL,NULL,NULL,NULL,NULL,NULL,NULL,NULL,NULL,NULL,NULL,NULL,NULL,NULL,NULL,NULL,NULL,NULL,NULL,NULL,NULL,NULL,NULL,NULL,NULL,NULL,NULL,NULL,NULL,NULL,NULL,NULL,NULL,NULL,NULL,NULL,NULL,NULL,NULL,NULL,NULL,NULL,NULL,NULL,NULL,NULL,NULL,NULL,NULL,NULL,NULL,NULL,NULL,NULL,NULL,NULL,NULL,NULL,NULL,NULL,NULL,NULL,NULL,NULL,NULL,NULL,NULL,NULL,NULL,NULL,NULL,NULL,NULL,NULL),(28,6,0,NULL,NULL,NULL,NULL,NULL,NULL,NULL,NULL,NULL,NULL,NULL,NULL,NULL,NULL,NULL,NULL,NULL,NULL,NULL,NULL,NULL,NULL,NULL,NULL,NULL,NULL,NULL,NULL,NULL,NULL,NULL,NULL,NULL,NULL,NULL,NULL,NULL,NULL,NULL,NULL,NULL,NULL,NULL,NULL,NULL,NULL,NULL,NULL,NULL,NULL,NULL,NULL,NULL,NULL,NULL,NULL,NULL,NULL,NULL,NULL,NULL,NULL,NULL,NULL,NULL,NULL,NULL,NULL,NULL,NULL,NULL,NULL,NULL,NULL,NULL,NULL,NULL,NULL,NULL,NULL,NULL,NULL,NULL,NULL,NULL,NULL,NULL,NULL,NULL,NULL,NULL,NULL,NULL,NULL,NULL,NULL,NULL,NULL,NULL,NULL,NULL,NULL,NULL,NULL,NULL,NULL,NULL,NULL,NULL,NULL,NULL,NULL,NULL,NULL,NULL,NULL,NULL,NULL,NULL,NULL,NULL,NULL,NULL,NULL,NULL,NULL,NULL,NULL,NULL,NULL,NULL,NULL,NULL,NULL,NULL,NULL,NULL,NULL,NULL,NULL,NULL,NULL,NULL,NULL,NULL,NULL,NULL,NULL,NULL,NULL,NULL,NULL,NULL,NULL,NULL,NULL,NULL,NULL,NULL,NULL,NULL,NULL,NULL,NULL,NULL,NULL,NULL,NULL,NULL,NULL,NULL,NULL,NULL,NULL,NULL,NULL,NULL,NULL,NULL,NULL,NULL,NULL,NULL,NULL,NULL,NULL,NULL,NULL,NULL,NULL,NULL,NULL,NULL,NULL,NULL,NULL,NULL,NULL,NULL,NULL,NULL,NULL,NULL,NULL,NULL,NULL,NULL,NULL,NULL,NULL,NULL,NULL,NULL,NULL,NULL,NULL,NULL,NULL,NULL,NULL,NULL,NULL,NULL,NULL,NULL,NULL,NULL,NULL,NULL,NULL,NULL,NULL,NULL,NULL,NULL,NULL,NULL,NULL,NULL,NULL,NULL,NULL,NULL,NULL,NULL,NULL,NULL,NULL,NULL,NULL,NULL,NULL,NULL,NULL,NULL,NULL,NULL,NULL,NULL,NULL,NULL,NULL,NULL,NULL,NULL,NULL,NULL,NULL,NULL,NULL,NULL,NULL,NULL,NULL,NULL,NULL,NULL,NULL,NULL,NULL,NULL,NULL,NULL,NULL,NULL,NULL,NULL,NULL,NULL,NULL,NULL,NULL,NULL,NULL,NULL,NULL,NULL,NULL,NULL,NULL,NULL,NULL,NULL,NULL,NULL,NULL,NULL,NULL,NULL,NULL,NULL,NULL,NULL,NULL,NULL,NULL,NULL,NULL,NULL,NULL,NULL,NULL,NULL,NULL),(29,6,0,NULL,NULL,NULL,NULL,NULL,NULL,NULL,NULL,NULL,NULL,NULL,NULL,NULL,NULL,NULL,NULL,NULL,NULL,NULL,NULL,NULL,NULL,NULL,NULL,NULL,NULL,NULL,NULL,NULL,NULL,NULL,NULL,NULL,NULL,NULL,NULL,NULL,NULL,NULL,NULL,NULL,NULL,NULL,NULL,NULL,NULL,NULL,NULL,NULL,NULL,NULL,NULL,NULL,NULL,NULL,NULL,NULL,NULL,NULL,NULL,NULL,NULL,NULL,NULL,NULL,NULL,NULL,NULL,NULL,NULL,NULL,NULL,NULL,NULL,NULL,NULL,NULL,NULL,NULL,NULL,NULL,NULL,NULL,NULL,NULL,NULL,NULL,NULL,NULL,NULL,NULL,NULL,NULL,NULL,NULL,NULL,NULL,NULL,NULL,NULL,NULL,NULL,NULL,NULL,NULL,NULL,NULL,NULL,NULL,NULL,NULL,NULL,NULL,NULL,NULL,NULL,NULL,NULL,NULL,NULL,NULL,NULL,NULL,NULL,NULL,NULL,NULL,NULL,NULL,NULL,NULL,NULL,NULL,NULL,NULL,NULL,NULL,NULL,NULL,NULL,NULL,NULL,NULL,NULL,NULL,NULL,NULL,NULL,NULL,NULL,NULL,NULL,NULL,NULL,NULL,NULL,NULL,NULL,NULL,NULL,NULL,NULL,NULL,NULL,NULL,NULL,NULL,NULL,NULL,NULL,NULL,NULL,NULL,NULL,NULL,NULL,NULL,NULL,NULL,NULL,NULL,NULL,NULL,NULL,NULL,NULL,NULL,NULL,NULL,NULL,NULL,NULL,NULL,NULL,NULL,NULL,NULL,NULL,NULL,NULL,NULL,NULL,NULL,NULL,NULL,NULL,NULL,NULL,NULL,NULL,NULL,NULL,NULL,NULL,NULL,NULL,NULL,NULL,NULL,NULL,NULL,NULL,NULL,NULL,NULL,NULL,NULL,NULL,NULL,NULL,NULL,NULL,NULL,NULL,NULL,NULL,NULL,NULL,NULL,NULL,NULL,NULL,NULL,NULL,NULL,NULL,NULL,NULL,NULL,NULL,NULL,NULL,NULL,NULL,NULL,NULL,NULL,NULL,NULL,NULL,NULL,NULL,NULL,NULL,NULL,NULL,NULL,NULL,NULL,NULL,NULL,NULL,NULL,NULL,NULL,NULL,NULL,NULL,NULL,NULL,NULL,NULL,NULL,NULL,NULL,NULL,NULL,NULL,NULL,NULL,NULL,NULL,NULL,NULL,NULL,NULL,NULL,NULL,NULL,NULL,NULL,NULL,NULL,NULL,NULL,NULL,NULL,NULL,NULL,NULL,NULL,NULL,NULL,NULL,NULL,NULL,NULL,NULL,NULL,NULL,NULL,NULL,NULL,NULL),(30,6,0,NULL,NULL,NULL,NULL,NULL,NULL,NULL,NULL,NULL,NULL,NULL,NULL,NULL,NULL,NULL,NULL,NULL,NULL,NULL,NULL,NULL,NULL,NULL,NULL,NULL,NULL,NULL,NULL,NULL,NULL,NULL,NULL,NULL,NULL,NULL,NULL,NULL,NULL,NULL,NULL,NULL,NULL,NULL,NULL,NULL,NULL,NULL,NULL,NULL,NULL,NULL,NULL,NULL,NULL,NULL,NULL,NULL,NULL,NULL,NULL,NULL,NULL,NULL,NULL,NULL,NULL,NULL,NULL,NULL,NULL,NULL,NULL,NULL,NULL,NULL,NULL,NULL,NULL,NULL,NULL,NULL,NULL,NULL,NULL,NULL,NULL,NULL,NULL,NULL,NULL,NULL,NULL,NULL,NULL,NULL,NULL,NULL,NULL,NULL,NULL,NULL,NULL,NULL,NULL,NULL,NULL,NULL,NULL,NULL,NULL,NULL,NULL,NULL,NULL,NULL,NULL,NULL,NULL,NULL,NULL,NULL,NULL,NULL,NULL,NULL,NULL,NULL,NULL,NULL,NULL,NULL,NULL,NULL,NULL,NULL,NULL,NULL,NULL,NULL,NULL,NULL,NULL,NULL,NULL,NULL,NULL,NULL,NULL,NULL,NULL,NULL,NULL,NULL,NULL,NULL,NULL,NULL,NULL,NULL,NULL,NULL,NULL,NULL,NULL,NULL,NULL,NULL,NULL,NULL,NULL,NULL,NULL,NULL,NULL,NULL,NULL,NULL,NULL,NULL,NULL,NULL,NULL,NULL,NULL,NULL,NULL,NULL,NULL,NULL,NULL,NULL,NULL,NULL,NULL,NULL,NULL,NULL,NULL,NULL,NULL,NULL,NULL,NULL,NULL,NULL,NULL,NULL,NULL,NULL,NULL,NULL,NULL,NULL,NULL,NULL,NULL,NULL,NULL,NULL,NULL,NULL,NULL,NULL,NULL,NULL,NULL,NULL,NULL,NULL,NULL,NULL,NULL,NULL,NULL,NULL,NULL,NULL,NULL,NULL,NULL,NULL,NULL,NULL,NULL,NULL,NULL,NULL,NULL,NULL,NULL,NULL,NULL,NULL,NULL,NULL,NULL,NULL,NULL,NULL,NULL,NULL,NULL,NULL,NULL,NULL,NULL,NULL,NULL,NULL,NULL,NULL,NULL,NULL,NULL,NULL,NULL,NULL,NULL,NULL,NULL,NULL,NULL,NULL,NULL,NULL,NULL,NULL,NULL,NULL,NULL,NULL,NULL,NULL,NULL,NULL,NULL,NULL,NULL,NULL,NULL,NULL,NULL,NULL,NULL,NULL,NULL,NULL,NULL,NULL,NULL,NULL,NULL,NULL,NULL,NULL,NULL,NULL,NULL,NULL,NULL,NULL,NULL,NULL,NULL),(31,6,0,NULL,NULL,NULL,NULL,NULL,NULL,NULL,NULL,NULL,NULL,NULL,NULL,NULL,NULL,NULL,NULL,NULL,NULL,NULL,NULL,NULL,NULL,NULL,NULL,NULL,NULL,NULL,NULL,NULL,NULL,NULL,NULL,NULL,NULL,NULL,NULL,NULL,NULL,NULL,NULL,NULL,NULL,NULL,NULL,NULL,NULL,NULL,NULL,NULL,NULL,NULL,NULL,NULL,NULL,NULL,NULL,NULL,NULL,NULL,NULL,NULL,NULL,NULL,NULL,NULL,NULL,NULL,NULL,NULL,NULL,NULL,NULL,NULL,NULL,NULL,NULL,NULL,NULL,NULL,NULL,NULL,NULL,NULL,NULL,NULL,NULL,NULL,NULL,NULL,NULL,NULL,NULL,NULL,NULL,NULL,NULL,NULL,NULL,NULL,NULL,NULL,NULL,NULL,NULL,NULL,NULL,NULL,NULL,NULL,NULL,NULL,NULL,NULL,NULL,NULL,NULL,NULL,NULL,NULL,NULL,NULL,NULL,NULL,NULL,NULL,NULL,NULL,NULL,NULL,NULL,NULL,NULL,NULL,NULL,NULL,NULL,NULL,NULL,NULL,NULL,NULL,NULL,NULL,NULL,NULL,NULL,NULL,NULL,NULL,NULL,NULL,NULL,NULL,NULL,NULL,NULL,NULL,NULL,NULL,NULL,NULL,NULL,NULL,NULL,NULL,NULL,NULL,NULL,NULL,NULL,NULL,NULL,NULL,NULL,NULL,NULL,NULL,NULL,NULL,NULL,NULL,NULL,NULL,NULL,NULL,NULL,NULL,NULL,NULL,NULL,NULL,NULL,NULL,NULL,NULL,NULL,NULL,NULL,NULL,NULL,NULL,NULL,NULL,NULL,NULL,NULL,NULL,NULL,NULL,NULL,NULL,NULL,NULL,NULL,NULL,NULL,NULL,NULL,NULL,NULL,NULL,NULL,NULL,NULL,NULL,NULL,NULL,NULL,NULL,NULL,NULL,NULL,NULL,NULL,NULL,NULL,NULL,NULL,NULL,NULL,NULL,NULL,NULL,NULL,NULL,NULL,NULL,NULL,NULL,NULL,NULL,NULL,NULL,NULL,NULL,NULL,NULL,NULL,NULL,NULL,NULL,NULL,NULL,NULL,NULL,NULL,NULL,NULL,NULL,NULL,NULL,NULL,NULL,NULL,NULL,NULL,NULL,NULL,NULL,NULL,NULL,NULL,NULL,NULL,NULL,NULL,NULL,NULL,NULL,NULL,NULL,NULL,NULL,NULL,NULL,NULL,NULL,NULL,NULL,NULL,NULL,NULL,NULL,NULL,NULL,NULL,NULL,NULL,NULL,NULL,NULL,NULL,NULL,NULL,NULL,NULL,NULL,NULL,NULL,NULL,NULL,NULL,NULL,NULL),(32,6,0,NULL,NULL,NULL,NULL,NULL,NULL,NULL,NULL,NULL,NULL,NULL,NULL,NULL,NULL,NULL,NULL,NULL,NULL,NULL,NULL,NULL,NULL,NULL,NULL,NULL,NULL,NULL,NULL,NULL,NULL,NULL,NULL,NULL,NULL,NULL,NULL,NULL,NULL,NULL,NULL,NULL,NULL,NULL,NULL,NULL,NULL,NULL,NULL,NULL,NULL,NULL,NULL,NULL,NULL,NULL,NULL,NULL,NULL,NULL,NULL,NULL,NULL,NULL,NULL,NULL,NULL,NULL,NULL,NULL,NULL,NULL,NULL,NULL,NULL,NULL,NULL,NULL,NULL,NULL,NULL,NULL,NULL,NULL,NULL,NULL,NULL,NULL,NULL,NULL,NULL,NULL,NULL,NULL,NULL,NULL,NULL,NULL,NULL,NULL,NULL,NULL,NULL,NULL,NULL,NULL,NULL,NULL,NULL,NULL,NULL,NULL,NULL,NULL,NULL,NULL,NULL,NULL,NULL,NULL,NULL,NULL,NULL,NULL,NULL,NULL,NULL,NULL,NULL,NULL,NULL,NULL,NULL,NULL,NULL,NULL,NULL,NULL,NULL,NULL,NULL,NULL,NULL,NULL,NULL,NULL,NULL,NULL,NULL,NULL,NULL,NULL,NULL,NULL,NULL,NULL,NULL,NULL,NULL,NULL,NULL,NULL,NULL,NULL,NULL,NULL,NULL,NULL,NULL,NULL,NULL,NULL,NULL,NULL,NULL,NULL,NULL,NULL,NULL,NULL,NULL,NULL,NULL,NULL,NULL,NULL,NULL,NULL,NULL,NULL,NULL,NULL,NULL,NULL,NULL,NULL,NULL,NULL,NULL,NULL,NULL,NULL,NULL,NULL,NULL,NULL,NULL,NULL,NULL,NULL,NULL,NULL,NULL,NULL,NULL,NULL,NULL,NULL,NULL,NULL,NULL,NULL,NULL,NULL,NULL,NULL,NULL,NULL,NULL,NULL,NULL,NULL,NULL,NULL,NULL,NULL,NULL,NULL,NULL,NULL,NULL,NULL,NULL,NULL,NULL,NULL,NULL,NULL,NULL,NULL,NULL,NULL,NULL,NULL,NULL,NULL,NULL,NULL,NULL,NULL,NULL,NULL,NULL,NULL,NULL,NULL,NULL,NULL,NULL,NULL,NULL,NULL,NULL,NULL,NULL,NULL,NULL,NULL,NULL,NULL,NULL,NULL,NULL,NULL,NULL,NULL,NULL,NULL,NULL,NULL,NULL,NULL,NULL,NULL,NULL,NULL,NULL,NULL,NULL,NULL,NULL,NULL,NULL,NULL,NULL,NULL,NULL,NULL,NULL,NULL,NULL,NULL,NULL,NULL,NULL,NULL,NULL,NULL,NULL,NULL,NULL,NULL,NULL,NULL,NULL),(33,6,0,NULL,NULL,NULL,NULL,NULL,NULL,NULL,NULL,NULL,NULL,NULL,NULL,NULL,NULL,NULL,NULL,NULL,NULL,NULL,NULL,NULL,NULL,NULL,NULL,NULL,NULL,NULL,NULL,NULL,NULL,NULL,NULL,NULL,NULL,NULL,NULL,NULL,NULL,NULL,NULL,NULL,NULL,NULL,NULL,NULL,NULL,NULL,NULL,NULL,NULL,NULL,NULL,NULL,NULL,NULL,NULL,NULL,NULL,NULL,NULL,NULL,NULL,NULL,NULL,NULL,NULL,NULL,NULL,NULL,NULL,NULL,NULL,NULL,NULL,NULL,NULL,NULL,NULL,NULL,NULL,NULL,NULL,NULL,NULL,NULL,NULL,NULL,NULL,NULL,NULL,NULL,NULL,NULL,NULL,NULL,NULL,NULL,NULL,NULL,NULL,NULL,NULL,NULL,NULL,NULL,NULL,NULL,NULL,NULL,NULL,NULL,NULL,NULL,NULL,NULL,NULL,NULL,NULL,NULL,NULL,NULL,NULL,NULL,NULL,NULL,NULL,NULL,NULL,NULL,NULL,NULL,NULL,NULL,NULL,NULL,NULL,NULL,NULL,NULL,NULL,NULL,NULL,NULL,NULL,NULL,NULL,NULL,NULL,NULL,NULL,NULL,NULL,NULL,NULL,NULL,NULL,NULL,NULL,NULL,NULL,NULL,NULL,NULL,NULL,NULL,NULL,NULL,NULL,NULL,NULL,NULL,NULL,NULL,NULL,NULL,NULL,NULL,NULL,NULL,NULL,NULL,NULL,NULL,NULL,NULL,NULL,NULL,NULL,NULL,NULL,NULL,NULL,NULL,NULL,NULL,NULL,NULL,NULL,NULL,NULL,NULL,NULL,NULL,NULL,NULL,NULL,NULL,NULL,NULL,NULL,NULL,NULL,NULL,NULL,NULL,NULL,NULL,NULL,NULL,NULL,NULL,NULL,NULL,NULL,NULL,NULL,NULL,NULL,NULL,NULL,NULL,NULL,NULL,NULL,NULL,NULL,NULL,NULL,NULL,NULL,NULL,NULL,NULL,NULL,NULL,NULL,NULL,NULL,NULL,NULL,NULL,NULL,NULL,NULL,NULL,NULL,NULL,NULL,NULL,NULL,NULL,NULL,NULL,NULL,NULL,NULL,NULL,NULL,NULL,NULL,NULL,NULL,NULL,NULL,NULL,NULL,NULL,NULL,NULL,NULL,NULL,NULL,NULL,NULL,NULL,NULL,NULL,NULL,NULL,NULL,NULL,NULL,NULL,NULL,NULL,NULL,NULL,NULL,NULL,NULL,NULL,NULL,NULL,NULL,NULL,NULL,NULL,NULL,NULL,NULL,NULL,NULL,NULL,NULL,NULL,NULL,NULL,NULL,NULL,NULL,NULL,NULL,NULL,NULL),(34,6,0,NULL,NULL,NULL,NULL,NULL,NULL,NULL,NULL,NULL,NULL,NULL,NULL,NULL,NULL,NULL,NULL,NULL,NULL,NULL,NULL,NULL,NULL,NULL,NULL,NULL,NULL,NULL,NULL,NULL,NULL,NULL,NULL,NULL,NULL,NULL,NULL,NULL,NULL,NULL,NULL,NULL,NULL,NULL,NULL,NULL,NULL,NULL,NULL,NULL,NULL,NULL,NULL,NULL,NULL,NULL,NULL,NULL,NULL,NULL,NULL,NULL,NULL,NULL,NULL,NULL,NULL,NULL,NULL,NULL,NULL,NULL,NULL,NULL,NULL,NULL,NULL,NULL,NULL,NULL,NULL,NULL,NULL,NULL,NULL,NULL,NULL,NULL,NULL,NULL,NULL,NULL,NULL,NULL,NULL,NULL,NULL,NULL,NULL,NULL,NULL,NULL,NULL,NULL,NULL,NULL,NULL,NULL,NULL,NULL,NULL,NULL,NULL,NULL,NULL,NULL,NULL,NULL,NULL,NULL,NULL,NULL,NULL,NULL,NULL,NULL,NULL,NULL,NULL,NULL,NULL,NULL,NULL,NULL,NULL,NULL,NULL,NULL,NULL,NULL,NULL,NULL,NULL,NULL,NULL,NULL,NULL,NULL,NULL,NULL,NULL,NULL,NULL,NULL,NULL,NULL,NULL,NULL,NULL,NULL,NULL,NULL,NULL,NULL,NULL,NULL,NULL,NULL,NULL,NULL,NULL,NULL,NULL,NULL,NULL,NULL,NULL,NULL,NULL,NULL,NULL,NULL,NULL,NULL,NULL,NULL,NULL,NULL,NULL,NULL,NULL,NULL,NULL,NULL,NULL,NULL,NULL,NULL,NULL,NULL,NULL,NULL,NULL,NULL,NULL,NULL,NULL,NULL,NULL,NULL,NULL,NULL,NULL,NULL,NULL,NULL,NULL,NULL,NULL,NULL,NULL,NULL,NULL,NULL,NULL,NULL,NULL,NULL,NULL,NULL,NULL,NULL,NULL,NULL,NULL,NULL,NULL,NULL,NULL,NULL,NULL,NULL,NULL,NULL,NULL,NULL,NULL,NULL,NULL,NULL,NULL,NULL,NULL,NULL,NULL,NULL,NULL,NULL,NULL,NULL,NULL,NULL,NULL,NULL,NULL,NULL,NULL,NULL,NULL,NULL,NULL,NULL,NULL,NULL,NULL,NULL,NULL,NULL,NULL,NULL,NULL,NULL,NULL,NULL,NULL,NULL,NULL,NULL,NULL,NULL,NULL,NULL,NULL,NULL,NULL,NULL,NULL,NULL,NULL,NULL,NULL,NULL,NULL,NULL,NULL,NULL,NULL,NULL,NULL,NULL,NULL,NULL,NULL,NULL,NULL,NULL,NULL,NULL,NULL,NULL,NULL,NULL,NULL,NULL,NULL),(35,6,0,NULL,NULL,NULL,NULL,NULL,NULL,NULL,NULL,NULL,NULL,NULL,NULL,NULL,NULL,NULL,NULL,NULL,NULL,NULL,NULL,NULL,NULL,NULL,NULL,NULL,NULL,NULL,NULL,NULL,NULL,NULL,NULL,NULL,NULL,NULL,NULL,NULL,NULL,NULL,NULL,NULL,NULL,NULL,NULL,NULL,NULL,NULL,NULL,NULL,NULL,NULL,NULL,NULL,NULL,NULL,NULL,NULL,NULL,NULL,NULL,NULL,NULL,NULL,NULL,NULL,NULL,NULL,NULL,NULL,NULL,NULL,NULL,NULL,NULL,NULL,NULL,NULL,NULL,NULL,NULL,NULL,NULL,NULL,NULL,NULL,NULL,NULL,NULL,NULL,NULL,NULL,NULL,NULL,NULL,NULL,NULL,NULL,NULL,NULL,NULL,NULL,NULL,NULL,NULL,NULL,NULL,NULL,NULL,NULL,NULL,NULL,NULL,NULL,NULL,NULL,NULL,NULL,NULL,NULL,NULL,NULL,NULL,NULL,NULL,NULL,NULL,NULL,NULL,NULL,NULL,NULL,NULL,NULL,NULL,NULL,NULL,NULL,NULL,NULL,NULL,NULL,NULL,NULL,NULL,NULL,NULL,NULL,NULL,NULL,NULL,NULL,NULL,NULL,NULL,NULL,NULL,NULL,NULL,NULL,NULL,NULL,NULL,NULL,NULL,NULL,NULL,NULL,NULL,NULL,NULL,NULL,NULL,NULL,NULL,NULL,NULL,NULL,NULL,NULL,NULL,NULL,NULL,NULL,NULL,NULL,NULL,NULL,NULL,NULL,NULL,NULL,NULL,NULL,NULL,NULL,NULL,NULL,NULL,NULL,NULL,NULL,NULL,NULL,NULL,NULL,NULL,NULL,NULL,NULL,NULL,NULL,NULL,NULL,NULL,NULL,NULL,NULL,NULL,NULL,NULL,NULL,NULL,NULL,NULL,NULL,NULL,NULL,NULL,NULL,NULL,NULL,NULL,NULL,NULL,NULL,NULL,NULL,NULL,NULL,NULL,NULL,NULL,NULL,NULL,NULL,NULL,NULL,NULL,NULL,NULL,NULL,NULL,NULL,NULL,NULL,NULL,NULL,NULL,NULL,NULL,NULL,NULL,NULL,NULL,NULL,NULL,NULL,NULL,NULL,NULL,NULL,NULL,NULL,NULL,NULL,NULL,NULL,NULL,NULL,NULL,NULL,NULL,NULL,NULL,NULL,NULL,NULL,NULL,NULL,NULL,NULL,NULL,NULL,NULL,NULL,NULL,NULL,NULL,NULL,NULL,NULL,NULL,NULL,NULL,NULL,NULL,NULL,NULL,NULL,NULL,NULL,NULL,NULL,NULL,NULL,NULL,NULL,NULL,NULL,NULL,NULL,NULL,NULL,NULL),(36,6,0,NULL,NULL,NULL,NULL,NULL,NULL,NULL,NULL,NULL,NULL,NULL,NULL,NULL,NULL,NULL,NULL,NULL,NULL,NULL,NULL,NULL,NULL,NULL,NULL,NULL,NULL,NULL,NULL,NULL,NULL,NULL,NULL,NULL,NULL,NULL,NULL,NULL,NULL,NULL,NULL,NULL,NULL,NULL,NULL,NULL,NULL,NULL,NULL,NULL,NULL,NULL,NULL,NULL,NULL,NULL,NULL,NULL,NULL,NULL,NULL,NULL,NULL,NULL,NULL,NULL,NULL,NULL,NULL,NULL,NULL,NULL,NULL,NULL,NULL,NULL,NULL,NULL,NULL,NULL,NULL,NULL,NULL,NULL,NULL,NULL,NULL,NULL,NULL,NULL,NULL,NULL,NULL,NULL,NULL,NULL,NULL,NULL,NULL,NULL,NULL,NULL,NULL,NULL,NULL,NULL,NULL,NULL,NULL,NULL,NULL,NULL,NULL,NULL,NULL,NULL,NULL,NULL,NULL,NULL,NULL,NULL,NULL,NULL,NULL,NULL,NULL,NULL,NULL,NULL,NULL,NULL,NULL,NULL,NULL,NULL,NULL,NULL,NULL,NULL,NULL,NULL,NULL,NULL,NULL,NULL,NULL,NULL,NULL,NULL,NULL,NULL,NULL,NULL,NULL,NULL,NULL,NULL,NULL,NULL,NULL,NULL,NULL,NULL,NULL,NULL,NULL,NULL,NULL,NULL,NULL,NULL,NULL,NULL,NULL,NULL,NULL,NULL,NULL,NULL,NULL,NULL,NULL,NULL,NULL,NULL,NULL,NULL,NULL,NULL,NULL,NULL,NULL,NULL,NULL,NULL,NULL,NULL,NULL,NULL,NULL,NULL,NULL,NULL,NULL,NULL,NULL,NULL,NULL,NULL,NULL,NULL,NULL,NULL,NULL,NULL,NULL,NULL,NULL,NULL,NULL,NULL,NULL,NULL,NULL,NULL,NULL,NULL,NULL,NULL,NULL,NULL,NULL,NULL,NULL,NULL,NULL,NULL,NULL,NULL,NULL,NULL,NULL,NULL,NULL,NULL,NULL,NULL,NULL,NULL,NULL,NULL,NULL,NULL,NULL,NULL,NULL,NULL,NULL,NULL,NULL,NULL,NULL,NULL,NULL,NULL,NULL,NULL,NULL,NULL,NULL,NULL,NULL,NULL,NULL,NULL,NULL,NULL,NULL,NULL,NULL,NULL,NULL,NULL,NULL,NULL,NULL,NULL,NULL,NULL,NULL,NULL,NULL,NULL,NULL,NULL,NULL,NULL,NULL,NULL,NULL,NULL,NULL,NULL,NULL,NULL,NULL,NULL,NULL,NULL,NULL,NULL,NULL,NULL,NULL,NULL,NULL,NULL,NULL,NULL,NULL,NULL,NULL,NULL,NULL),(37,6,0,NULL,NULL,NULL,NULL,NULL,NULL,NULL,NULL,NULL,NULL,NULL,NULL,NULL,NULL,NULL,NULL,NULL,NULL,NULL,NULL,NULL,NULL,NULL,NULL,NULL,NULL,NULL,NULL,NULL,NULL,NULL,NULL,NULL,NULL,NULL,NULL,NULL,NULL,NULL,NULL,NULL,NULL,NULL,NULL,NULL,NULL,NULL,NULL,NULL,NULL,NULL,NULL,NULL,NULL,NULL,NULL,NULL,NULL,NULL,NULL,NULL,NULL,NULL,NULL,NULL,NULL,NULL,NULL,NULL,NULL,NULL,NULL,NULL,NULL,NULL,NULL,NULL,NULL,NULL,NULL,NULL,NULL,NULL,NULL,NULL,NULL,NULL,NULL,NULL,NULL,NULL,NULL,NULL,NULL,NULL,NULL,NULL,NULL,NULL,NULL,NULL,NULL,NULL,NULL,NULL,NULL,NULL,NULL,NULL,NULL,NULL,NULL,NULL,NULL,NULL,NULL,NULL,NULL,NULL,NULL,NULL,NULL,NULL,NULL,NULL,NULL,NULL,NULL,NULL,NULL,NULL,NULL,NULL,NULL,NULL,NULL,NULL,NULL,NULL,NULL,NULL,NULL,NULL,NULL,NULL,NULL,NULL,NULL,NULL,NULL,NULL,NULL,NULL,NULL,NULL,NULL,NULL,NULL,NULL,NULL,NULL,NULL,NULL,NULL,NULL,NULL,NULL,NULL,NULL,NULL,NULL,NULL,NULL,NULL,NULL,NULL,NULL,NULL,NULL,NULL,NULL,NULL,NULL,NULL,NULL,NULL,NULL,NULL,NULL,NULL,NULL,NULL,NULL,NULL,NULL,NULL,NULL,NULL,NULL,NULL,NULL,NULL,NULL,NULL,NULL,NULL,NULL,NULL,NULL,NULL,NULL,NULL,NULL,NULL,NULL,NULL,NULL,NULL,NULL,NULL,NULL,NULL,NULL,NULL,NULL,NULL,NULL,NULL,NULL,NULL,NULL,NULL,NULL,NULL,NULL,NULL,NULL,NULL,NULL,NULL,NULL,NULL,NULL,NULL,NULL,NULL,NULL,NULL,NULL,NULL,NULL,NULL,NULL,NULL,NULL,NULL,NULL,NULL,NULL,NULL,NULL,NULL,NULL,NULL,NULL,NULL,NULL,NULL,NULL,NULL,NULL,NULL,NULL,NULL,NULL,NULL,NULL,NULL,NULL,NULL,NULL,NULL,NULL,NULL,NULL,NULL,NULL,NULL,NULL,NULL,NULL,NULL,NULL,NULL,NULL,NULL,NULL,NULL,NULL,NULL,NULL,NULL,NULL,NULL,NULL,NULL,NULL,NULL,NULL,NULL,NULL,NULL,NULL,NULL,NULL,NULL,NULL,NULL,NULL,NULL,NULL,NULL,NULL,NULL),(38,6,0,NULL,NULL,NULL,NULL,NULL,NULL,NULL,NULL,NULL,NULL,NULL,NULL,NULL,NULL,NULL,NULL,NULL,NULL,NULL,NULL,NULL,NULL,NULL,NULL,NULL,NULL,NULL,NULL,NULL,NULL,NULL,NULL,NULL,NULL,NULL,NULL,NULL,NULL,NULL,NULL,NULL,NULL,NULL,NULL,NULL,NULL,NULL,NULL,NULL,NULL,NULL,NULL,NULL,NULL,NULL,NULL,NULL,NULL,NULL,NULL,NULL,NULL,NULL,NULL,NULL,NULL,NULL,NULL,NULL,NULL,NULL,NULL,NULL,NULL,NULL,NULL,NULL,NULL,NULL,NULL,NULL,NULL,NULL,NULL,NULL,NULL,NULL,NULL,NULL,NULL,NULL,NULL,NULL,NULL,NULL,NULL,NULL,NULL,NULL,NULL,NULL,NULL,NULL,NULL,NULL,NULL,NULL,NULL,NULL,NULL,NULL,NULL,NULL,NULL,NULL,NULL,NULL,NULL,NULL,NULL,NULL,NULL,NULL,NULL,NULL,NULL,NULL,NULL,NULL,NULL,NULL,NULL,NULL,NULL,NULL,NULL,NULL,NULL,NULL,NULL,NULL,NULL,NULL,NULL,NULL,NULL,NULL,NULL,NULL,NULL,NULL,NULL,NULL,NULL,NULL,NULL,NULL,NULL,NULL,NULL,NULL,NULL,NULL,NULL,NULL,NULL,NULL,NULL,NULL,NULL,NULL,NULL,NULL,NULL,NULL,NULL,NULL,NULL,NULL,NULL,NULL,NULL,NULL,NULL,NULL,NULL,NULL,NULL,NULL,NULL,NULL,NULL,NULL,NULL,NULL,NULL,NULL,NULL,NULL,NULL,NULL,NULL,NULL,NULL,NULL,NULL,NULL,NULL,NULL,NULL,NULL,NULL,NULL,NULL,NULL,NULL,NULL,NULL,NULL,NULL,NULL,NULL,NULL,NULL,NULL,NULL,NULL,NULL,NULL,NULL,NULL,NULL,NULL,NULL,NULL,NULL,NULL,NULL,NULL,NULL,NULL,NULL,NULL,NULL,NULL,NULL,NULL,NULL,NULL,NULL,NULL,NULL,NULL,NULL,NULL,NULL,NULL,NULL,NULL,NULL,NULL,NULL,NULL,NULL,NULL,NULL,NULL,NULL,NULL,NULL,NULL,NULL,NULL,NULL,NULL,NULL,NULL,NULL,NULL,NULL,NULL,NULL,NULL,NULL,NULL,NULL,NULL,NULL,NULL,NULL,NULL,NULL,NULL,NULL,NULL,NULL,NULL,NULL,NULL,NULL,NULL,NULL,NULL,NULL,NULL,NULL,NULL,NULL,NULL,NULL,NULL,NULL,NULL,NULL,NULL,NULL,NULL,NULL,NULL,NULL,NULL,NULL,NULL,NULL),(39,6,0,NULL,NULL,NULL,NULL,NULL,NULL,NULL,NULL,NULL,NULL,NULL,NULL,NULL,NULL,NULL,NULL,NULL,NULL,NULL,NULL,NULL,NULL,NULL,NULL,NULL,NULL,NULL,NULL,NULL,NULL,NULL,NULL,NULL,NULL,NULL,NULL,NULL,NULL,NULL,NULL,NULL,NULL,NULL,NULL,NULL,NULL,NULL,NULL,NULL,NULL,NULL,NULL,NULL,NULL,NULL,NULL,NULL,NULL,NULL,NULL,NULL,NULL,NULL,NULL,NULL,NULL,NULL,NULL,NULL,NULL,NULL,NULL,NULL,NULL,NULL,NULL,NULL,NULL,NULL,NULL,NULL,NULL,NULL,NULL,NULL,NULL,NULL,NULL,NULL,NULL,NULL,NULL,NULL,NULL,NULL,NULL,NULL,NULL,NULL,NULL,NULL,NULL,NULL,NULL,NULL,NULL,NULL,NULL,NULL,NULL,NULL,NULL,NULL,NULL,NULL,NULL,NULL,NULL,NULL,NULL,NULL,NULL,NULL,NULL,NULL,NULL,NULL,NULL,NULL,NULL,NULL,NULL,NULL,NULL,NULL,NULL,NULL,NULL,NULL,NULL,NULL,NULL,NULL,NULL,NULL,NULL,NULL,NULL,NULL,NULL,NULL,NULL,NULL,NULL,NULL,NULL,NULL,NULL,NULL,NULL,NULL,NULL,NULL,NULL,NULL,NULL,NULL,NULL,NULL,NULL,NULL,NULL,NULL,NULL,NULL,NULL,NULL,NULL,NULL,NULL,NULL,NULL,NULL,NULL,NULL,NULL,NULL,NULL,NULL,NULL,NULL,NULL,NULL,NULL,NULL,NULL,NULL,NULL,NULL,NULL,NULL,NULL,NULL,NULL,NULL,NULL,NULL,NULL,NULL,NULL,NULL,NULL,NULL,NULL,NULL,NULL,NULL,NULL,NULL,NULL,NULL,NULL,NULL,NULL,NULL,NULL,NULL,NULL,NULL,NULL,NULL,NULL,NULL,NULL,NULL,NULL,NULL,NULL,NULL,NULL,NULL,NULL,NULL,NULL,NULL,NULL,NULL,NULL,NULL,NULL,NULL,NULL,NULL,NULL,NULL,NULL,NULL,NULL,NULL,NULL,NULL,NULL,NULL,NULL,NULL,NULL,NULL,NULL,NULL,NULL,NULL,NULL,NULL,NULL,NULL,NULL,NULL,NULL,NULL,NULL,NULL,NULL,NULL,NULL,NULL,NULL,NULL,NULL,NULL,NULL,NULL,NULL,NULL,NULL,NULL,NULL,NULL,NULL,NULL,NULL,NULL,NULL,NULL,NULL,NULL,NULL,NULL,NULL,NULL,NULL,NULL,NULL,NULL,NULL,NULL,NULL,NULL,NULL,NULL,NULL,NULL,NULL,NULL,NULL),(40,6,0,NULL,NULL,NULL,NULL,NULL,NULL,NULL,NULL,NULL,NULL,NULL,NULL,NULL,NULL,NULL,NULL,NULL,NULL,NULL,NULL,NULL,NULL,NULL,NULL,NULL,NULL,NULL,NULL,NULL,NULL,NULL,NULL,NULL,NULL,NULL,NULL,NULL,NULL,NULL,NULL,NULL,NULL,NULL,NULL,NULL,NULL,NULL,NULL,NULL,NULL,NULL,NULL,NULL,NULL,NULL,NULL,NULL,NULL,NULL,NULL,NULL,NULL,NULL,NULL,NULL,NULL,NULL,NULL,NULL,NULL,NULL,NULL,NULL,NULL,NULL,NULL,NULL,NULL,NULL,NULL,NULL,NULL,NULL,NULL,NULL,NULL,NULL,NULL,NULL,NULL,NULL,NULL,NULL,NULL,NULL,NULL,NULL,NULL,NULL,NULL,NULL,NULL,NULL,NULL,NULL,NULL,NULL,NULL,NULL,NULL,NULL,NULL,NULL,NULL,NULL,NULL,NULL,NULL,NULL,NULL,NULL,NULL,NULL,NULL,NULL,NULL,NULL,NULL,NULL,NULL,NULL,NULL,NULL,NULL,NULL,NULL,NULL,NULL,NULL,NULL,NULL,NULL,NULL,NULL,NULL,NULL,NULL,NULL,NULL,NULL,NULL,NULL,NULL,NULL,NULL,NULL,NULL,NULL,NULL,NULL,NULL,NULL,NULL,NULL,NULL,NULL,NULL,NULL,NULL,NULL,NULL,NULL,NULL,NULL,NULL,NULL,NULL,NULL,NULL,NULL,NULL,NULL,NULL,NULL,NULL,NULL,NULL,NULL,NULL,NULL,NULL,NULL,NULL,NULL,NULL,NULL,NULL,NULL,NULL,NULL,NULL,NULL,NULL,NULL,NULL,NULL,NULL,NULL,NULL,NULL,NULL,NULL,NULL,NULL,NULL,NULL,NULL,NULL,NULL,NULL,NULL,NULL,NULL,NULL,NULL,NULL,NULL,NULL,NULL,NULL,NULL,NULL,NULL,NULL,NULL,NULL,NULL,NULL,NULL,NULL,NULL,NULL,NULL,NULL,NULL,NULL,NULL,NULL,NULL,NULL,NULL,NULL,NULL,NULL,NULL,NULL,NULL,NULL,NULL,NULL,NULL,NULL,NULL,NULL,NULL,NULL,NULL,NULL,NULL,NULL,NULL,NULL,NULL,NULL,NULL,NULL,NULL,NULL,NULL,NULL,NULL,NULL,NULL,NULL,NULL,NULL,NULL,NULL,NULL,NULL,NULL,NULL,NULL,NULL,NULL,NULL,NULL,NULL,NULL,NULL,NULL,NULL,NULL,NULL,NULL,NULL,NULL,NULL,NULL,NULL,NULL,NULL,NULL,NULL,NULL,NULL,NULL,NULL,NULL,NULL,NULL,NULL,NULL,NULL),(41,6,0,NULL,NULL,NULL,NULL,NULL,NULL,NULL,NULL,NULL,NULL,NULL,NULL,NULL,NULL,NULL,NULL,NULL,NULL,NULL,NULL,NULL,NULL,NULL,NULL,NULL,NULL,NULL,NULL,NULL,NULL,NULL,NULL,NULL,NULL,NULL,NULL,NULL,NULL,NULL,NULL,NULL,NULL,NULL,NULL,NULL,NULL,NULL,NULL,NULL,NULL,NULL,NULL,NULL,NULL,NULL,NULL,NULL,NULL,NULL,NULL,NULL,NULL,NULL,NULL,NULL,NULL,NULL,NULL,NULL,NULL,NULL,NULL,NULL,NULL,NULL,NULL,NULL,NULL,NULL,NULL,NULL,NULL,NULL,NULL,NULL,NULL,NULL,NULL,NULL,NULL,NULL,NULL,NULL,NULL,NULL,NULL,NULL,NULL,NULL,NULL,NULL,NULL,NULL,NULL,NULL,NULL,NULL,NULL,NULL,NULL,NULL,NULL,NULL,NULL,NULL,NULL,NULL,NULL,NULL,NULL,NULL,NULL,NULL,NULL,NULL,NULL,NULL,NULL,NULL,NULL,NULL,NULL,NULL,NULL,NULL,NULL,NULL,NULL,NULL,NULL,NULL,NULL,NULL,NULL,NULL,NULL,NULL,NULL,NULL,NULL,NULL,NULL,NULL,NULL,NULL,NULL,NULL,NULL,NULL,NULL,NULL,NULL,NULL,NULL,NULL,NULL,NULL,NULL,NULL,NULL,NULL,NULL,NULL,NULL,NULL,NULL,NULL,NULL,NULL,NULL,NULL,NULL,NULL,NULL,NULL,NULL,NULL,NULL,NULL,NULL,NULL,NULL,NULL,NULL,NULL,NULL,NULL,NULL,NULL,NULL,NULL,NULL,NULL,NULL,NULL,NULL,NULL,NULL,NULL,NULL,NULL,NULL,NULL,NULL,NULL,NULL,NULL,NULL,NULL,NULL,NULL,NULL,NULL,NULL,NULL,NULL,NULL,NULL,NULL,NULL,NULL,NULL,NULL,NULL,NULL,NULL,NULL,NULL,NULL,NULL,NULL,NULL,NULL,NULL,NULL,NULL,NULL,NULL,NULL,NULL,NULL,NULL,NULL,NULL,NULL,NULL,NULL,NULL,NULL,NULL,NULL,NULL,NULL,NULL,NULL,NULL,NULL,NULL,NULL,NULL,NULL,NULL,NULL,NULL,NULL,NULL,NULL,NULL,NULL,NULL,NULL,NULL,NULL,NULL,NULL,NULL,NULL,NULL,NULL,NULL,NULL,NULL,NULL,NULL,NULL,NULL,NULL,NULL,NULL,NULL,NULL,NULL,NULL,NULL,NULL,NULL,NULL,NULL,NULL,NULL,NULL,NULL,NULL,NULL,NULL,NULL,NULL,NULL,NULL,NULL,NULL,NULL,NULL,NULL),(42,6,0,NULL,NULL,NULL,NULL,NULL,NULL,NULL,NULL,NULL,NULL,NULL,NULL,NULL,NULL,NULL,NULL,NULL,NULL,NULL,NULL,NULL,NULL,NULL,NULL,NULL,NULL,NULL,NULL,NULL,NULL,NULL,NULL,NULL,NULL,NULL,NULL,NULL,NULL,NULL,NULL,NULL,NULL,NULL,NULL,NULL,NULL,NULL,NULL,NULL,NULL,NULL,NULL,NULL,NULL,NULL,NULL,NULL,NULL,NULL,NULL,NULL,NULL,NULL,NULL,NULL,NULL,NULL,NULL,NULL,NULL,NULL,NULL,NULL,NULL,NULL,NULL,NULL,NULL,NULL,NULL,NULL,NULL,NULL,NULL,NULL,NULL,NULL,NULL,NULL,NULL,NULL,NULL,NULL,NULL,NULL,NULL,NULL,NULL,NULL,NULL,NULL,NULL,NULL,NULL,NULL,NULL,NULL,NULL,NULL,NULL,NULL,NULL,NULL,NULL,NULL,NULL,NULL,NULL,NULL,NULL,NULL,NULL,NULL,NULL,NULL,NULL,NULL,NULL,NULL,NULL,NULL,NULL,NULL,NULL,NULL,NULL,NULL,NULL,NULL,NULL,NULL,NULL,NULL,NULL,NULL,NULL,NULL,NULL,NULL,NULL,NULL,NULL,NULL,NULL,NULL,NULL,NULL,NULL,NULL,NULL,NULL,NULL,NULL,NULL,NULL,NULL,NULL,NULL,NULL,NULL,NULL,NULL,NULL,NULL,NULL,NULL,NULL,NULL,NULL,NULL,NULL,NULL,NULL,NULL,NULL,NULL,NULL,NULL,NULL,NULL,NULL,NULL,NULL,NULL,NULL,NULL,NULL,NULL,NULL,NULL,NULL,NULL,NULL,NULL,NULL,NULL,NULL,NULL,NULL,NULL,NULL,NULL,NULL,NULL,NULL,NULL,NULL,NULL,NULL,NULL,NULL,NULL,NULL,NULL,NULL,NULL,NULL,NULL,NULL,NULL,NULL,NULL,NULL,NULL,NULL,NULL,NULL,NULL,NULL,NULL,NULL,NULL,NULL,NULL,NULL,NULL,NULL,NULL,NULL,NULL,NULL,NULL,NULL,NULL,NULL,NULL,NULL,NULL,NULL,NULL,NULL,NULL,NULL,NULL,NULL,NULL,NULL,NULL,NULL,NULL,NULL,NULL,NULL,NULL,NULL,NULL,NULL,NULL,NULL,NULL,NULL,NULL,NULL,NULL,NULL,NULL,NULL,NULL,NULL,NULL,NULL,NULL,NULL,NULL,NULL,NULL,NULL,NULL,NULL,NULL,NULL,NULL,NULL,NULL,NULL,NULL,NULL,NULL,NULL,NULL,NULL,NULL,NULL,NULL,NULL,NULL,NULL,NULL,NULL,NULL,NULL,NULL,NULL,NULL),(43,6,0,NULL,NULL,NULL,NULL,NULL,NULL,NULL,NULL,NULL,NULL,NULL,NULL,NULL,NULL,NULL,NULL,NULL,NULL,NULL,NULL,NULL,NULL,NULL,NULL,NULL,NULL,NULL,NULL,NULL,NULL,NULL,NULL,NULL,NULL,NULL,NULL,NULL,NULL,NULL,NULL,NULL,NULL,NULL,NULL,NULL,NULL,NULL,NULL,NULL,NULL,NULL,NULL,NULL,NULL,NULL,NULL,NULL,NULL,NULL,NULL,NULL,NULL,NULL,NULL,NULL,NULL,NULL,NULL,NULL,NULL,NULL,NULL,NULL,NULL,NULL,NULL,NULL,NULL,NULL,NULL,NULL,NULL,NULL,NULL,NULL,NULL,NULL,NULL,NULL,NULL,NULL,NULL,NULL,NULL,NULL,NULL,NULL,NULL,NULL,NULL,NULL,NULL,NULL,NULL,NULL,NULL,NULL,NULL,NULL,NULL,NULL,NULL,NULL,NULL,NULL,NULL,NULL,NULL,NULL,NULL,NULL,NULL,NULL,NULL,NULL,NULL,NULL,NULL,NULL,NULL,NULL,NULL,NULL,NULL,NULL,NULL,NULL,NULL,NULL,NULL,NULL,NULL,NULL,NULL,NULL,NULL,NULL,NULL,NULL,NULL,NULL,NULL,NULL,NULL,NULL,NULL,NULL,NULL,NULL,NULL,NULL,NULL,NULL,NULL,NULL,NULL,NULL,NULL,NULL,NULL,NULL,NULL,NULL,NULL,NULL,NULL,NULL,NULL,NULL,NULL,NULL,NULL,NULL,NULL,NULL,NULL,NULL,NULL,NULL,NULL,NULL,NULL,NULL,NULL,NULL,NULL,NULL,NULL,NULL,NULL,NULL,NULL,NULL,NULL,NULL,NULL,NULL,NULL,NULL,NULL,NULL,NULL,NULL,NULL,NULL,NULL,NULL,NULL,NULL,NULL,NULL,NULL,NULL,NULL,NULL,NULL,NULL,NULL,NULL,NULL,NULL,NULL,NULL,NULL,NULL,NULL,NULL,NULL,NULL,NULL,NULL,NULL,NULL,NULL,NULL,NULL,NULL,NULL,NULL,NULL,NULL,NULL,NULL,NULL,NULL,NULL,NULL,NULL,NULL,NULL,NULL,NULL,NULL,NULL,NULL,NULL,NULL,NULL,NULL,NULL,NULL,NULL,NULL,NULL,NULL,NULL,NULL,NULL,NULL,NULL,NULL,NULL,NULL,NULL,NULL,NULL,NULL,NULL,NULL,NULL,NULL,NULL,NULL,NULL,NULL,NULL,NULL,NULL,NULL,NULL,NULL,NULL,NULL,NULL,NULL,NULL,NULL,NULL,NULL,NULL,NULL,NULL,NULL,NULL,NULL,NULL,NULL,NULL,NULL,NULL,NULL,NULL,NULL,NULL),(44,6,0,NULL,NULL,NULL,NULL,NULL,NULL,NULL,NULL,NULL,NULL,NULL,NULL,NULL,NULL,NULL,NULL,NULL,NULL,NULL,NULL,NULL,NULL,NULL,NULL,NULL,NULL,NULL,NULL,NULL,NULL,NULL,NULL,NULL,NULL,NULL,NULL,NULL,NULL,NULL,NULL,NULL,NULL,NULL,NULL,NULL,NULL,NULL,NULL,NULL,NULL,NULL,NULL,NULL,NULL,NULL,NULL,NULL,NULL,NULL,NULL,NULL,NULL,NULL,NULL,NULL,NULL,NULL,NULL,NULL,NULL,NULL,NULL,NULL,NULL,NULL,NULL,NULL,NULL,NULL,NULL,NULL,NULL,NULL,NULL,NULL,NULL,NULL,NULL,NULL,NULL,NULL,NULL,NULL,NULL,NULL,NULL,NULL,NULL,NULL,NULL,NULL,NULL,NULL,NULL,NULL,NULL,NULL,NULL,NULL,NULL,NULL,NULL,NULL,NULL,NULL,NULL,NULL,NULL,NULL,NULL,NULL,NULL,NULL,NULL,NULL,NULL,NULL,NULL,NULL,NULL,NULL,NULL,NULL,NULL,NULL,NULL,NULL,NULL,NULL,NULL,NULL,NULL,NULL,NULL,NULL,NULL,NULL,NULL,NULL,NULL,NULL,NULL,NULL,NULL,NULL,NULL,NULL,NULL,NULL,NULL,NULL,NULL,NULL,NULL,NULL,NULL,NULL,NULL,NULL,NULL,NULL,NULL,NULL,NULL,NULL,NULL,NULL,NULL,NULL,NULL,NULL,NULL,NULL,NULL,NULL,NULL,NULL,NULL,NULL,NULL,NULL,NULL,NULL,NULL,NULL,NULL,NULL,NULL,NULL,NULL,NULL,NULL,NULL,NULL,NULL,NULL,NULL,NULL,NULL,NULL,NULL,NULL,NULL,NULL,NULL,NULL,NULL,NULL,NULL,NULL,NULL,NULL,NULL,NULL,NULL,NULL,NULL,NULL,NULL,NULL,NULL,NULL,NULL,NULL,NULL,NULL,NULL,NULL,NULL,NULL,NULL,NULL,NULL,NULL,NULL,NULL,NULL,NULL,NULL,NULL,NULL,NULL,NULL,NULL,NULL,NULL,NULL,NULL,NULL,NULL,NULL,NULL,NULL,NULL,NULL,NULL,NULL,NULL,NULL,NULL,NULL,NULL,NULL,NULL,NULL,NULL,NULL,NULL,NULL,NULL,NULL,NULL,NULL,NULL,NULL,NULL,NULL,NULL,NULL,NULL,NULL,NULL,NULL,NULL,NULL,NULL,NULL,NULL,NULL,NULL,NULL,NULL,NULL,NULL,NULL,NULL,NULL,NULL,NULL,NULL,NULL,NULL,NULL,NULL,NULL,NULL,NULL,NULL,NULL,NULL,NULL,NULL,NULL,NULL),(45,6,0,NULL,NULL,NULL,NULL,NULL,NULL,NULL,NULL,NULL,NULL,NULL,NULL,NULL,NULL,NULL,NULL,NULL,NULL,NULL,NULL,NULL,NULL,NULL,NULL,NULL,NULL,NULL,NULL,NULL,NULL,NULL,NULL,NULL,NULL,NULL,NULL,NULL,NULL,NULL,NULL,NULL,NULL,NULL,NULL,NULL,NULL,NULL,NULL,NULL,NULL,NULL,NULL,NULL,NULL,NULL,NULL,NULL,NULL,NULL,NULL,NULL,NULL,NULL,NULL,NULL,NULL,NULL,NULL,NULL,NULL,NULL,NULL,NULL,NULL,NULL,NULL,NULL,NULL,NULL,NULL,NULL,NULL,NULL,NULL,NULL,NULL,NULL,NULL,NULL,NULL,NULL,NULL,NULL,NULL,NULL,NULL,NULL,NULL,NULL,NULL,NULL,NULL,NULL,NULL,NULL,NULL,NULL,NULL,NULL,NULL,NULL,NULL,NULL,NULL,NULL,NULL,NULL,NULL,NULL,NULL,NULL,NULL,NULL,NULL,NULL,NULL,NULL,NULL,NULL,NULL,NULL,NULL,NULL,NULL,NULL,NULL,NULL,NULL,NULL,NULL,NULL,NULL,NULL,NULL,NULL,NULL,NULL,NULL,NULL,NULL,NULL,NULL,NULL,NULL,NULL,NULL,NULL,NULL,NULL,NULL,NULL,NULL,NULL,NULL,NULL,NULL,NULL,NULL,NULL,NULL,NULL,NULL,NULL,NULL,NULL,NULL,NULL,NULL,NULL,NULL,NULL,NULL,NULL,NULL,NULL,NULL,NULL,NULL,NULL,NULL,NULL,NULL,NULL,NULL,NULL,NULL,NULL,NULL,NULL,NULL,NULL,NULL,NULL,NULL,NULL,NULL,NULL,NULL,NULL,NULL,NULL,NULL,NULL,NULL,NULL,NULL,NULL,NULL,NULL,NULL,NULL,NULL,NULL,NULL,NULL,NULL,NULL,NULL,NULL,NULL,NULL,NULL,NULL,NULL,NULL,NULL,NULL,NULL,NULL,NULL,NULL,NULL,NULL,NULL,NULL,NULL,NULL,NULL,NULL,NULL,NULL,NULL,NULL,NULL,NULL,NULL,NULL,NULL,NULL,NULL,NULL,NULL,NULL,NULL,NULL,NULL,NULL,NULL,NULL,NULL,NULL,NULL,NULL,NULL,NULL,NULL,NULL,NULL,NULL,NULL,NULL,NULL,NULL,NULL,NULL,NULL,NULL,NULL,NULL,NULL,NULL,NULL,NULL,NULL,NULL,NULL,NULL,NULL,NULL,NULL,NULL,NULL,NULL,NULL,NULL,NULL,NULL,NULL,NULL,NULL,NULL,NULL,NULL,NULL,NULL,NULL,NULL,NULL,NULL,NULL,NULL,NULL,NULL,NULL),(46,6,0,NULL,NULL,NULL,NULL,NULL,NULL,NULL,NULL,NULL,NULL,NULL,NULL,NULL,NULL,NULL,NULL,NULL,NULL,NULL,NULL,NULL,NULL,NULL,NULL,NULL,NULL,NULL,NULL,NULL,NULL,NULL,NULL,NULL,NULL,NULL,NULL,NULL,NULL,NULL,NULL,NULL,NULL,NULL,NULL,NULL,NULL,NULL,NULL,NULL,NULL,NULL,NULL,NULL,NULL,NULL,NULL,NULL,NULL,NULL,NULL,NULL,NULL,NULL,NULL,NULL,NULL,NULL,NULL,NULL,NULL,NULL,NULL,NULL,NULL,NULL,NULL,NULL,NULL,NULL,NULL,NULL,NULL,NULL,NULL,NULL,NULL,NULL,NULL,NULL,NULL,NULL,NULL,NULL,NULL,NULL,NULL,NULL,NULL,NULL,NULL,NULL,NULL,NULL,NULL,NULL,NULL,NULL,NULL,NULL,NULL,NULL,NULL,NULL,NULL,NULL,NULL,NULL,NULL,NULL,NULL,NULL,NULL,NULL,NULL,NULL,NULL,NULL,NULL,NULL,NULL,NULL,NULL,NULL,NULL,NULL,NULL,NULL,NULL,NULL,NULL,NULL,NULL,NULL,NULL,NULL,NULL,NULL,NULL,NULL,NULL,NULL,NULL,NULL,NULL,NULL,NULL,NULL,NULL,NULL,NULL,NULL,NULL,NULL,NULL,NULL,NULL,NULL,NULL,NULL,NULL,NULL,NULL,NULL,NULL,NULL,NULL,NULL,NULL,NULL,NULL,NULL,NULL,NULL,NULL,NULL,NULL,NULL,NULL,NULL,NULL,NULL,NULL,NULL,NULL,NULL,NULL,NULL,NULL,NULL,NULL,NULL,NULL,NULL,NULL,NULL,NULL,NULL,NULL,NULL,NULL,NULL,NULL,NULL,NULL,NULL,NULL,NULL,NULL,NULL,NULL,NULL,NULL,NULL,NULL,NULL,NULL,NULL,NULL,NULL,NULL,NULL,NULL,NULL,NULL,NULL,NULL,NULL,NULL,NULL,NULL,NULL,NULL,NULL,NULL,NULL,NULL,NULL,NULL,NULL,NULL,NULL,NULL,NULL,NULL,NULL,NULL,NULL,NULL,NULL,NULL,NULL,NULL,NULL,NULL,NULL,NULL,NULL,NULL,NULL,NULL,NULL,NULL,NULL,NULL,NULL,NULL,NULL,NULL,NULL,NULL,NULL,NULL,NULL,NULL,NULL,NULL,NULL,NULL,NULL,NULL,NULL,NULL,NULL,NULL,NULL,NULL,NULL,NULL,NULL,NULL,NULL,NULL,NULL,NULL,NULL,NULL,NULL,NULL,NULL,NULL,NULL,NULL,NULL,NULL,NULL,NULL,NULL,NULL,NULL,NULL,NULL,NULL,NULL,NULL),(47,6,0,NULL,NULL,NULL,NULL,NULL,NULL,NULL,NULL,NULL,NULL,NULL,NULL,NULL,NULL,NULL,NULL,NULL,NULL,NULL,NULL,NULL,NULL,NULL,NULL,NULL,NULL,NULL,NULL,NULL,NULL,NULL,NULL,NULL,NULL,NULL,NULL,NULL,NULL,NULL,NULL,NULL,NULL,NULL,NULL,NULL,NULL,NULL,NULL,NULL,NULL,NULL,NULL,NULL,NULL,NULL,NULL,NULL,NULL,NULL,NULL,NULL,NULL,NULL,NULL,NULL,NULL,NULL,NULL,NULL,NULL,NULL,NULL,NULL,NULL,NULL,NULL,NULL,NULL,NULL,NULL,NULL,NULL,NULL,NULL,NULL,NULL,NULL,NULL,NULL,NULL,NULL,NULL,NULL,NULL,NULL,NULL,NULL,NULL,NULL,NULL,NULL,NULL,NULL,NULL,NULL,NULL,NULL,NULL,NULL,NULL,NULL,NULL,NULL,NULL,NULL,NULL,NULL,NULL,NULL,NULL,NULL,NULL,NULL,NULL,NULL,NULL,NULL,NULL,NULL,NULL,NULL,NULL,NULL,NULL,NULL,NULL,NULL,NULL,NULL,NULL,NULL,NULL,NULL,NULL,NULL,NULL,NULL,NULL,NULL,NULL,NULL,NULL,NULL,NULL,NULL,NULL,NULL,NULL,NULL,NULL,NULL,NULL,NULL,NULL,NULL,NULL,NULL,NULL,NULL,NULL,NULL,NULL,NULL,NULL,NULL,NULL,NULL,NULL,NULL,NULL,NULL,NULL,NULL,NULL,NULL,NULL,NULL,NULL,NULL,NULL,NULL,NULL,NULL,NULL,NULL,NULL,NULL,NULL,NULL,NULL,NULL,NULL,NULL,NULL,NULL,NULL,NULL,NULL,NULL,NULL,NULL,NULL,NULL,NULL,NULL,NULL,NULL,NULL,NULL,NULL,NULL,NULL,NULL,NULL,NULL,NULL,NULL,NULL,NULL,NULL,NULL,NULL,NULL,NULL,NULL,NULL,NULL,NULL,NULL,NULL,NULL,NULL,NULL,NULL,NULL,NULL,NULL,NULL,NULL,NULL,NULL,NULL,NULL,NULL,NULL,NULL,NULL,NULL,NULL,NULL,NULL,NULL,NULL,NULL,NULL,NULL,NULL,NULL,NULL,NULL,NULL,NULL,NULL,NULL,NULL,NULL,NULL,NULL,NULL,NULL,NULL,NULL,NULL,NULL,NULL,NULL,NULL,NULL,NULL,NULL,NULL,NULL,NULL,NULL,NULL,NULL,NULL,NULL,NULL,NULL,NULL,NULL,NULL,NULL,NULL,NULL,NULL,NULL,NULL,NULL,NULL,NULL,NULL,NULL,NULL,NULL,NULL,NULL,NULL,NULL,NULL,NULL,NULL,NULL),(48,6,0,NULL,NULL,NULL,NULL,NULL,NULL,NULL,NULL,NULL,NULL,NULL,NULL,NULL,NULL,NULL,NULL,NULL,NULL,NULL,NULL,NULL,NULL,NULL,NULL,NULL,NULL,NULL,NULL,NULL,NULL,NULL,NULL,NULL,NULL,NULL,NULL,NULL,NULL,NULL,NULL,NULL,NULL,NULL,NULL,NULL,NULL,NULL,NULL,NULL,NULL,NULL,NULL,NULL,NULL,NULL,NULL,NULL,NULL,NULL,NULL,NULL,NULL,NULL,NULL,NULL,NULL,NULL,NULL,NULL,NULL,NULL,NULL,NULL,NULL,NULL,NULL,NULL,NULL,NULL,NULL,NULL,NULL,NULL,NULL,NULL,NULL,NULL,NULL,NULL,NULL,NULL,NULL,NULL,NULL,NULL,NULL,NULL,NULL,NULL,NULL,NULL,NULL,NULL,NULL,NULL,NULL,NULL,NULL,NULL,NULL,NULL,NULL,NULL,NULL,NULL,NULL,NULL,NULL,NULL,NULL,NULL,NULL,NULL,NULL,NULL,NULL,NULL,NULL,NULL,NULL,NULL,NULL,NULL,NULL,NULL,NULL,NULL,NULL,NULL,NULL,NULL,NULL,NULL,NULL,NULL,NULL,NULL,NULL,NULL,NULL,NULL,NULL,NULL,NULL,NULL,NULL,NULL,NULL,NULL,NULL,NULL,NULL,NULL,NULL,NULL,NULL,NULL,NULL,NULL,NULL,NULL,NULL,NULL,NULL,NULL,NULL,NULL,NULL,NULL,NULL,NULL,NULL,NULL,NULL,NULL,NULL,NULL,NULL,NULL,NULL,NULL,NULL,NULL,NULL,NULL,NULL,NULL,NULL,NULL,NULL,NULL,NULL,NULL,NULL,NULL,NULL,NULL,NULL,NULL,NULL,NULL,NULL,NULL,NULL,NULL,NULL,NULL,NULL,NULL,NULL,NULL,NULL,NULL,NULL,NULL,NULL,NULL,NULL,NULL,NULL,NULL,NULL,NULL,NULL,NULL,NULL,NULL,NULL,NULL,NULL,NULL,NULL,NULL,NULL,NULL,NULL,NULL,NULL,NULL,NULL,NULL,NULL,NULL,NULL,NULL,NULL,NULL,NULL,NULL,NULL,NULL,NULL,NULL,NULL,NULL,NULL,NULL,NULL,NULL,NULL,NULL,NULL,NULL,NULL,NULL,NULL,NULL,NULL,NULL,NULL,NULL,NULL,NULL,NULL,NULL,NULL,NULL,NULL,NULL,NULL,NULL,NULL,NULL,NULL,NULL,NULL,NULL,NULL,NULL,NULL,NULL,NULL,NULL,NULL,NULL,NULL,NULL,NULL,NULL,NULL,NULL,NULL,NULL,NULL,NULL,NULL,NULL,NULL,NULL,NULL,NULL,NULL,NULL,NULL),(49,6,0,NULL,NULL,NULL,NULL,NULL,NULL,NULL,NULL,NULL,NULL,NULL,NULL,NULL,NULL,NULL,NULL,NULL,NULL,NULL,NULL,NULL,NULL,NULL,NULL,NULL,NULL,NULL,NULL,NULL,NULL,NULL,NULL,NULL,NULL,NULL,NULL,NULL,NULL,NULL,NULL,NULL,NULL,NULL,NULL,NULL,NULL,NULL,NULL,NULL,NULL,NULL,NULL,NULL,NULL,NULL,NULL,NULL,NULL,NULL,NULL,NULL,NULL,NULL,NULL,NULL,NULL,NULL,NULL,NULL,NULL,NULL,NULL,NULL,NULL,NULL,NULL,NULL,NULL,NULL,NULL,NULL,NULL,NULL,NULL,NULL,NULL,NULL,NULL,NULL,NULL,NULL,NULL,NULL,NULL,NULL,NULL,NULL,NULL,NULL,NULL,NULL,NULL,NULL,NULL,NULL,NULL,NULL,NULL,NULL,NULL,NULL,NULL,NULL,NULL,NULL,NULL,NULL,NULL,NULL,NULL,NULL,NULL,NULL,NULL,NULL,NULL,NULL,NULL,NULL,NULL,NULL,NULL,NULL,NULL,NULL,NULL,NULL,NULL,NULL,NULL,NULL,NULL,NULL,NULL,NULL,NULL,NULL,NULL,NULL,NULL,NULL,NULL,NULL,NULL,NULL,NULL,NULL,NULL,NULL,NULL,NULL,NULL,NULL,NULL,NULL,NULL,NULL,NULL,NULL,NULL,NULL,NULL,NULL,NULL,NULL,NULL,NULL,NULL,NULL,NULL,NULL,NULL,NULL,NULL,NULL,NULL,NULL,NULL,NULL,NULL,NULL,NULL,NULL,NULL,NULL,NULL,NULL,NULL,NULL,NULL,NULL,NULL,NULL,NULL,NULL,NULL,NULL,NULL,NULL,NULL,NULL,NULL,NULL,NULL,NULL,NULL,NULL,NULL,NULL,NULL,NULL,NULL,NULL,NULL,NULL,NULL,NULL,NULL,NULL,NULL,NULL,NULL,NULL,NULL,NULL,NULL,NULL,NULL,NULL,NULL,NULL,NULL,NULL,NULL,NULL,NULL,NULL,NULL,NULL,NULL,NULL,NULL,NULL,NULL,NULL,NULL,NULL,NULL,NULL,NULL,NULL,NULL,NULL,NULL,NULL,NULL,NULL,NULL,NULL,NULL,NULL,NULL,NULL,NULL,NULL,NULL,NULL,NULL,NULL,NULL,NULL,NULL,NULL,NULL,NULL,NULL,NULL,NULL,NULL,NULL,NULL,NULL,NULL,NULL,NULL,NULL,NULL,NULL,NULL,NULL,NULL,NULL,NULL,NULL,NULL,NULL,NULL,NULL,NULL,NULL,NULL,NULL,NULL,NULL,NULL,NULL,NULL,NULL,NULL,NULL,NULL,NULL,NULL,NULL),(50,6,0,NULL,NULL,NULL,NULL,NULL,NULL,NULL,NULL,NULL,NULL,NULL,NULL,NULL,NULL,NULL,NULL,NULL,NULL,NULL,NULL,NULL,NULL,NULL,NULL,NULL,NULL,NULL,NULL,NULL,NULL,NULL,NULL,NULL,NULL,NULL,NULL,NULL,NULL,NULL,NULL,NULL,NULL,NULL,NULL,NULL,NULL,NULL,NULL,NULL,NULL,NULL,NULL,NULL,NULL,NULL,NULL,NULL,NULL,NULL,NULL,NULL,NULL,NULL,NULL,NULL,NULL,NULL,NULL,NULL,NULL,NULL,NULL,NULL,NULL,NULL,NULL,NULL,NULL,NULL,NULL,NULL,NULL,NULL,NULL,NULL,NULL,NULL,NULL,NULL,NULL,NULL,NULL,NULL,NULL,NULL,NULL,NULL,NULL,NULL,NULL,NULL,NULL,NULL,NULL,NULL,NULL,NULL,NULL,NULL,NULL,NULL,NULL,NULL,NULL,NULL,NULL,NULL,NULL,NULL,NULL,NULL,NULL,NULL,NULL,NULL,NULL,NULL,NULL,NULL,NULL,NULL,NULL,NULL,NULL,NULL,NULL,NULL,NULL,NULL,NULL,NULL,NULL,NULL,NULL,NULL,NULL,NULL,NULL,NULL,NULL,NULL,NULL,NULL,NULL,NULL,NULL,NULL,NULL,NULL,NULL,NULL,NULL,NULL,NULL,NULL,NULL,NULL,NULL,NULL,NULL,NULL,NULL,NULL,NULL,NULL,NULL,NULL,NULL,NULL,NULL,NULL,NULL,NULL,NULL,NULL,NULL,NULL,NULL,NULL,NULL,NULL,NULL,NULL,NULL,NULL,NULL,NULL,NULL,NULL,NULL,NULL,NULL,NULL,NULL,NULL,NULL,NULL,NULL,NULL,NULL,NULL,NULL,NULL,NULL,NULL,NULL,NULL,NULL,NULL,NULL,NULL,NULL,NULL,NULL,NULL,NULL,NULL,NULL,NULL,NULL,NULL,NULL,NULL,NULL,NULL,NULL,NULL,NULL,NULL,NULL,NULL,NULL,NULL,NULL,NULL,NULL,NULL,NULL,NULL,NULL,NULL,NULL,NULL,NULL,NULL,NULL,NULL,NULL,NULL,NULL,NULL,NULL,NULL,NULL,NULL,NULL,NULL,NULL,NULL,NULL,NULL,NULL,NULL,NULL,NULL,NULL,NULL,NULL,NULL,NULL,NULL,NULL,NULL,NULL,NULL,NULL,NULL,NULL,NULL,NULL,NULL,NULL,NULL,NULL,NULL,NULL,NULL,NULL,NULL,NULL,NULL,NULL,NULL,NULL,NULL,NULL,NULL,NULL,NULL,NULL,NULL,NULL,NULL,NULL,NULL,NULL,NULL,NULL,NULL,NULL,NULL,NULL,NULL,NULL),(51,6,0,NULL,NULL,NULL,NULL,NULL,NULL,NULL,NULL,NULL,NULL,NULL,NULL,NULL,NULL,NULL,NULL,NULL,NULL,NULL,NULL,NULL,NULL,NULL,NULL,NULL,NULL,NULL,NULL,NULL,NULL,NULL,NULL,NULL,NULL,NULL,NULL,NULL,NULL,NULL,NULL,NULL,NULL,NULL,NULL,NULL,NULL,NULL,NULL,NULL,NULL,NULL,NULL,NULL,NULL,NULL,NULL,NULL,NULL,NULL,NULL,NULL,NULL,NULL,NULL,NULL,NULL,NULL,NULL,NULL,NULL,NULL,NULL,NULL,NULL,NULL,NULL,NULL,NULL,NULL,NULL,NULL,NULL,NULL,NULL,NULL,NULL,NULL,NULL,NULL,NULL,NULL,NULL,NULL,NULL,NULL,NULL,NULL,NULL,NULL,NULL,NULL,NULL,NULL,NULL,NULL,NULL,NULL,NULL,NULL,NULL,NULL,NULL,NULL,NULL,NULL,NULL,NULL,NULL,NULL,NULL,NULL,NULL,NULL,NULL,NULL,NULL,NULL,NULL,NULL,NULL,NULL,NULL,NULL,NULL,NULL,NULL,NULL,NULL,NULL,NULL,NULL,NULL,NULL,NULL,NULL,NULL,NULL,NULL,NULL,NULL,NULL,NULL,NULL,NULL,NULL,NULL,NULL,NULL,NULL,NULL,NULL,NULL,NULL,NULL,NULL,NULL,NULL,NULL,NULL,NULL,NULL,NULL,NULL,NULL,NULL,NULL,NULL,NULL,NULL,NULL,NULL,NULL,NULL,NULL,NULL,NULL,NULL,NULL,NULL,NULL,NULL,NULL,NULL,NULL,NULL,NULL,NULL,NULL,NULL,NULL,NULL,NULL,NULL,NULL,NULL,NULL,NULL,NULL,NULL,NULL,NULL,NULL,NULL,NULL,NULL,NULL,NULL,NULL,NULL,NULL,NULL,NULL,NULL,NULL,NULL,NULL,NULL,NULL,NULL,NULL,NULL,NULL,NULL,NULL,NULL,NULL,NULL,NULL,NULL,NULL,NULL,NULL,NULL,NULL,NULL,NULL,NULL,NULL,NULL,NULL,NULL,NULL,NULL,NULL,NULL,NULL,NULL,NULL,NULL,NULL,NULL,NULL,NULL,NULL,NULL,NULL,NULL,NULL,NULL,NULL,NULL,NULL,NULL,NULL,NULL,NULL,NULL,NULL,NULL,NULL,NULL,NULL,NULL,NULL,NULL,NULL,NULL,NULL,NULL,NULL,NULL,NULL,NULL,NULL,NULL,NULL,NULL,NULL,NULL,NULL,NULL,NULL,NULL,NULL,NULL,NULL,NULL,NULL,NULL,NULL,NULL,NULL,NULL,NULL,NULL,NULL,NULL,NULL,NULL,NULL,NULL,NULL,NULL,NULL),(52,6,0,NULL,NULL,NULL,NULL,NULL,NULL,NULL,NULL,NULL,NULL,NULL,NULL,NULL,NULL,NULL,NULL,NULL,NULL,NULL,NULL,NULL,NULL,NULL,NULL,NULL,NULL,NULL,NULL,NULL,NULL,NULL,NULL,NULL,NULL,NULL,NULL,NULL,NULL,NULL,NULL,NULL,NULL,NULL,NULL,NULL,NULL,NULL,NULL,NULL,NULL,NULL,NULL,NULL,NULL,NULL,NULL,NULL,NULL,NULL,NULL,NULL,NULL,NULL,NULL,NULL,NULL,NULL,NULL,NULL,NULL,NULL,NULL,NULL,NULL,NULL,NULL,NULL,NULL,NULL,NULL,NULL,NULL,NULL,NULL,NULL,NULL,NULL,NULL,NULL,NULL,NULL,NULL,NULL,NULL,NULL,NULL,NULL,NULL,NULL,NULL,NULL,NULL,NULL,NULL,NULL,NULL,NULL,NULL,NULL,NULL,NULL,NULL,NULL,NULL,NULL,NULL,NULL,NULL,NULL,NULL,NULL,NULL,NULL,NULL,NULL,NULL,NULL,NULL,NULL,NULL,NULL,NULL,NULL,NULL,NULL,NULL,NULL,NULL,NULL,NULL,NULL,NULL,NULL,NULL,NULL,NULL,NULL,NULL,NULL,NULL,NULL,NULL,NULL,NULL,NULL,NULL,NULL,NULL,NULL,NULL,NULL,NULL,NULL,NULL,NULL,NULL,NULL,NULL,NULL,NULL,NULL,NULL,NULL,NULL,NULL,NULL,NULL,NULL,NULL,NULL,NULL,NULL,NULL,NULL,NULL,NULL,NULL,NULL,NULL,NULL,NULL,NULL,NULL,NULL,NULL,NULL,NULL,NULL,NULL,NULL,NULL,NULL,NULL,NULL,NULL,NULL,NULL,NULL,NULL,NULL,NULL,NULL,NULL,NULL,NULL,NULL,NULL,NULL,NULL,NULL,NULL,NULL,NULL,NULL,NULL,NULL,NULL,NULL,NULL,NULL,NULL,NULL,NULL,NULL,NULL,NULL,NULL,NULL,NULL,NULL,NULL,NULL,NULL,NULL,NULL,NULL,NULL,NULL,NULL,NULL,NULL,NULL,NULL,NULL,NULL,NULL,NULL,NULL,NULL,NULL,NULL,NULL,NULL,NULL,NULL,NULL,NULL,NULL,NULL,NULL,NULL,NULL,NULL,NULL,NULL,NULL,NULL,NULL,NULL,NULL,NULL,NULL,NULL,NULL,NULL,NULL,NULL,NULL,NULL,NULL,NULL,NULL,NULL,NULL,NULL,NULL,NULL,NULL,NULL,NULL,NULL,NULL,NULL,NULL,NULL,NULL,NULL,NULL,NULL,NULL,NULL,NULL,NULL,NULL,NULL,NULL,NULL,NULL,NULL,NULL,NULL,NULL,NULL,NULL),(53,6,0,NULL,NULL,NULL,NULL,NULL,NULL,NULL,NULL,NULL,NULL,NULL,NULL,NULL,NULL,NULL,NULL,NULL,NULL,NULL,NULL,NULL,NULL,NULL,NULL,NULL,NULL,NULL,NULL,NULL,NULL,NULL,NULL,NULL,NULL,NULL,NULL,NULL,NULL,NULL,NULL,NULL,NULL,NULL,NULL,NULL,NULL,NULL,NULL,NULL,NULL,NULL,NULL,NULL,NULL,NULL,NULL,NULL,NULL,NULL,NULL,NULL,NULL,NULL,NULL,NULL,NULL,NULL,NULL,NULL,NULL,NULL,NULL,NULL,NULL,NULL,NULL,NULL,NULL,NULL,NULL,NULL,NULL,NULL,NULL,NULL,NULL,NULL,NULL,NULL,NULL,NULL,NULL,NULL,NULL,NULL,NULL,NULL,NULL,NULL,NULL,NULL,NULL,NULL,NULL,NULL,NULL,NULL,NULL,NULL,NULL,NULL,NULL,NULL,NULL,NULL,NULL,NULL,NULL,NULL,NULL,NULL,NULL,NULL,NULL,NULL,NULL,NULL,NULL,NULL,NULL,NULL,NULL,NULL,NULL,NULL,NULL,NULL,NULL,NULL,NULL,NULL,NULL,NULL,NULL,NULL,NULL,NULL,NULL,NULL,NULL,NULL,NULL,NULL,NULL,NULL,NULL,NULL,NULL,NULL,NULL,NULL,NULL,NULL,NULL,NULL,NULL,NULL,NULL,NULL,NULL,NULL,NULL,NULL,NULL,NULL,NULL,NULL,NULL,NULL,NULL,NULL,NULL,NULL,NULL,NULL,NULL,NULL,NULL,NULL,NULL,NULL,NULL,NULL,NULL,NULL,NULL,NULL,NULL,NULL,NULL,NULL,NULL,NULL,NULL,NULL,NULL,NULL,NULL,NULL,NULL,NULL,NULL,NULL,NULL,NULL,NULL,NULL,NULL,NULL,NULL,NULL,NULL,NULL,NULL,NULL,NULL,NULL,NULL,NULL,NULL,NULL,NULL,NULL,NULL,NULL,NULL,NULL,NULL,NULL,NULL,NULL,NULL,NULL,NULL,NULL,NULL,NULL,NULL,NULL,NULL,NULL,NULL,NULL,NULL,NULL,NULL,NULL,NULL,NULL,NULL,NULL,NULL,NULL,NULL,NULL,NULL,NULL,NULL,NULL,NULL,NULL,NULL,NULL,NULL,NULL,NULL,NULL,NULL,NULL,NULL,NULL,NULL,NULL,NULL,NULL,NULL,NULL,NULL,NULL,NULL,NULL,NULL,NULL,NULL,NULL,NULL,NULL,NULL,NULL,NULL,NULL,NULL,NULL,NULL,NULL,NULL,NULL,NULL,NULL,NULL,NULL,NULL,NULL,NULL,NULL,NULL,NULL,NULL,NULL,NULL,NULL,NULL,NULL,NULL),(54,6,0,NULL,NULL,NULL,NULL,NULL,NULL,NULL,NULL,NULL,NULL,NULL,NULL,NULL,NULL,NULL,NULL,NULL,NULL,NULL,NULL,NULL,NULL,NULL,NULL,NULL,NULL,NULL,NULL,NULL,NULL,NULL,NULL,NULL,NULL,NULL,NULL,NULL,NULL,NULL,NULL,NULL,NULL,NULL,NULL,NULL,NULL,NULL,NULL,NULL,NULL,NULL,NULL,NULL,NULL,NULL,NULL,NULL,NULL,NULL,NULL,NULL,NULL,NULL,NULL,NULL,NULL,NULL,NULL,NULL,NULL,NULL,NULL,NULL,NULL,NULL,NULL,NULL,NULL,NULL,NULL,NULL,NULL,NULL,NULL,NULL,NULL,NULL,NULL,NULL,NULL,NULL,NULL,NULL,NULL,NULL,NULL,NULL,NULL,NULL,NULL,NULL,NULL,NULL,NULL,NULL,NULL,NULL,NULL,NULL,NULL,NULL,NULL,NULL,NULL,NULL,NULL,NULL,NULL,NULL,NULL,NULL,NULL,NULL,NULL,NULL,NULL,NULL,NULL,NULL,NULL,NULL,NULL,NULL,NULL,NULL,NULL,NULL,NULL,NULL,NULL,NULL,NULL,NULL,NULL,NULL,NULL,NULL,NULL,NULL,NULL,NULL,NULL,NULL,NULL,NULL,NULL,NULL,NULL,NULL,NULL,NULL,NULL,NULL,NULL,NULL,NULL,NULL,NULL,NULL,NULL,NULL,NULL,NULL,NULL,NULL,NULL,NULL,NULL,NULL,NULL,NULL,NULL,NULL,NULL,NULL,NULL,NULL,NULL,NULL,NULL,NULL,NULL,NULL,NULL,NULL,NULL,NULL,NULL,NULL,NULL,NULL,NULL,NULL,NULL,NULL,NULL,NULL,NULL,NULL,NULL,NULL,NULL,NULL,NULL,NULL,NULL,NULL,NULL,NULL,NULL,NULL,NULL,NULL,NULL,NULL,NULL,NULL,NULL,NULL,NULL,NULL,NULL,NULL,NULL,NULL,NULL,NULL,NULL,NULL,NULL,NULL,NULL,NULL,NULL,NULL,NULL,NULL,NULL,NULL,NULL,NULL,NULL,NULL,NULL,NULL,NULL,NULL,NULL,NULL,NULL,NULL,NULL,NULL,NULL,NULL,NULL,NULL,NULL,NULL,NULL,NULL,NULL,NULL,NULL,NULL,NULL,NULL,NULL,NULL,NULL,NULL,NULL,NULL,NULL,NULL,NULL,NULL,NULL,NULL,NULL,NULL,NULL,NULL,NULL,NULL,NULL,NULL,NULL,NULL,NULL,NULL,NULL,NULL,NULL,NULL,NULL,NULL,NULL,NULL,NULL,NULL,NULL,NULL,NULL,NULL,NULL,NULL,NULL,NULL,NULL,NULL,NULL,NULL,NULL),(55,6,0,NULL,NULL,NULL,NULL,NULL,NULL,NULL,NULL,NULL,NULL,NULL,NULL,NULL,NULL,NULL,NULL,NULL,NULL,NULL,NULL,NULL,NULL,NULL,NULL,NULL,NULL,NULL,NULL,NULL,NULL,NULL,NULL,NULL,NULL,NULL,NULL,NULL,NULL,NULL,NULL,NULL,NULL,NULL,NULL,NULL,NULL,NULL,NULL,NULL,NULL,NULL,NULL,NULL,NULL,NULL,NULL,NULL,NULL,NULL,NULL,NULL,NULL,NULL,NULL,NULL,NULL,NULL,NULL,NULL,NULL,NULL,NULL,NULL,NULL,NULL,NULL,NULL,NULL,NULL,NULL,NULL,NULL,NULL,NULL,NULL,NULL,NULL,NULL,NULL,NULL,NULL,NULL,NULL,NULL,NULL,NULL,NULL,NULL,NULL,NULL,NULL,NULL,NULL,NULL,NULL,NULL,NULL,NULL,NULL,NULL,NULL,NULL,NULL,NULL,NULL,NULL,NULL,NULL,NULL,NULL,NULL,NULL,NULL,NULL,NULL,NULL,NULL,NULL,NULL,NULL,NULL,NULL,NULL,NULL,NULL,NULL,NULL,NULL,NULL,NULL,NULL,NULL,NULL,NULL,NULL,NULL,NULL,NULL,NULL,NULL,NULL,NULL,NULL,NULL,NULL,NULL,NULL,NULL,NULL,NULL,NULL,NULL,NULL,NULL,NULL,NULL,NULL,NULL,NULL,NULL,NULL,NULL,NULL,NULL,NULL,NULL,NULL,NULL,NULL,NULL,NULL,NULL,NULL,NULL,NULL,NULL,NULL,NULL,NULL,NULL,NULL,NULL,NULL,NULL,NULL,NULL,NULL,NULL,NULL,NULL,NULL,NULL,NULL,NULL,NULL,NULL,NULL,NULL,NULL,NULL,NULL,NULL,NULL,NULL,NULL,NULL,NULL,NULL,NULL,NULL,NULL,NULL,NULL,NULL,NULL,NULL,NULL,NULL,NULL,NULL,NULL,NULL,NULL,NULL,NULL,NULL,NULL,NULL,NULL,NULL,NULL,NULL,NULL,NULL,NULL,NULL,NULL,NULL,NULL,NULL,NULL,NULL,NULL,NULL,NULL,NULL,NULL,NULL,NULL,NULL,NULL,NULL,NULL,NULL,NULL,NULL,NULL,NULL,NULL,NULL,NULL,NULL,NULL,NULL,NULL,NULL,NULL,NULL,NULL,NULL,NULL,NULL,NULL,NULL,NULL,NULL,NULL,NULL,NULL,NULL,NULL,NULL,NULL,NULL,NULL,NULL,NULL,NULL,NULL,NULL,NULL,NULL,NULL,NULL,NULL,NULL,NULL,NULL,NULL,NULL,NULL,NULL,NULL,NULL,NULL,NULL,NULL,NULL,NULL,NULL,NULL,NULL,NULL,NULL),(56,6,0,NULL,NULL,NULL,NULL,NULL,NULL,NULL,NULL,NULL,NULL,NULL,NULL,NULL,NULL,NULL,NULL,NULL,NULL,NULL,NULL,NULL,NULL,NULL,NULL,NULL,NULL,NULL,NULL,NULL,NULL,NULL,NULL,NULL,NULL,NULL,NULL,NULL,NULL,NULL,NULL,NULL,NULL,NULL,NULL,NULL,NULL,NULL,NULL,NULL,NULL,NULL,NULL,NULL,NULL,NULL,NULL,NULL,NULL,NULL,NULL,NULL,NULL,NULL,NULL,NULL,NULL,NULL,NULL,NULL,NULL,NULL,NULL,NULL,NULL,NULL,NULL,NULL,NULL,NULL,NULL,NULL,NULL,NULL,NULL,NULL,NULL,NULL,NULL,NULL,NULL,NULL,NULL,NULL,NULL,NULL,NULL,NULL,NULL,NULL,NULL,NULL,NULL,NULL,NULL,NULL,NULL,NULL,NULL,NULL,NULL,NULL,NULL,NULL,NULL,NULL,NULL,NULL,NULL,NULL,NULL,NULL,NULL,NULL,NULL,NULL,NULL,NULL,NULL,NULL,NULL,NULL,NULL,NULL,NULL,NULL,NULL,NULL,NULL,NULL,NULL,NULL,NULL,NULL,NULL,NULL,NULL,NULL,NULL,NULL,NULL,NULL,NULL,NULL,NULL,NULL,NULL,NULL,NULL,NULL,NULL,NULL,NULL,NULL,NULL,NULL,NULL,NULL,NULL,NULL,NULL,NULL,NULL,NULL,NULL,NULL,NULL,NULL,NULL,NULL,NULL,NULL,NULL,NULL,NULL,NULL,NULL,NULL,NULL,NULL,NULL,NULL,NULL,NULL,NULL,NULL,NULL,NULL,NULL,NULL,NULL,NULL,NULL,NULL,NULL,NULL,NULL,NULL,NULL,NULL,NULL,NULL,NULL,NULL,NULL,NULL,NULL,NULL,NULL,NULL,NULL,NULL,NULL,NULL,NULL,NULL,NULL,NULL,NULL,NULL,NULL,NULL,NULL,NULL,NULL,NULL,NULL,NULL,NULL,NULL,NULL,NULL,NULL,NULL,NULL,NULL,NULL,NULL,NULL,NULL,NULL,NULL,NULL,NULL,NULL,NULL,NULL,NULL,NULL,NULL,NULL,NULL,NULL,NULL,NULL,NULL,NULL,NULL,NULL,NULL,NULL,NULL,NULL,NULL,NULL,NULL,NULL,NULL,NULL,NULL,NULL,NULL,NULL,NULL,NULL,NULL,NULL,NULL,NULL,NULL,NULL,NULL,NULL,NULL,NULL,NULL,NULL,NULL,NULL,NULL,NULL,NULL,NULL,NULL,NULL,NULL,NULL,NULL,NULL,NULL,NULL,NULL,NULL,NULL,NULL,NULL,NULL,NULL,NULL,NULL,NULL,NULL,NULL,NULL,NULL),(57,6,0,NULL,NULL,NULL,NULL,NULL,NULL,NULL,NULL,NULL,NULL,NULL,NULL,NULL,NULL,NULL,NULL,NULL,NULL,NULL,NULL,NULL,NULL,NULL,NULL,NULL,NULL,NULL,NULL,NULL,NULL,NULL,NULL,NULL,NULL,NULL,NULL,NULL,NULL,NULL,NULL,NULL,NULL,NULL,NULL,NULL,NULL,NULL,NULL,NULL,NULL,NULL,NULL,NULL,NULL,NULL,NULL,NULL,NULL,NULL,NULL,NULL,NULL,NULL,NULL,NULL,NULL,NULL,NULL,NULL,NULL,NULL,NULL,NULL,NULL,NULL,NULL,NULL,NULL,NULL,NULL,NULL,NULL,NULL,NULL,NULL,NULL,NULL,NULL,NULL,NULL,NULL,NULL,NULL,NULL,NULL,NULL,NULL,NULL,NULL,NULL,NULL,NULL,NULL,NULL,NULL,NULL,NULL,NULL,NULL,NULL,NULL,NULL,NULL,NULL,NULL,NULL,NULL,NULL,NULL,NULL,NULL,NULL,NULL,NULL,NULL,NULL,NULL,NULL,NULL,NULL,NULL,NULL,NULL,NULL,NULL,NULL,NULL,NULL,NULL,NULL,NULL,NULL,NULL,NULL,NULL,NULL,NULL,NULL,NULL,NULL,NULL,NULL,NULL,NULL,NULL,NULL,NULL,NULL,NULL,NULL,NULL,NULL,NULL,NULL,NULL,NULL,NULL,NULL,NULL,NULL,NULL,NULL,NULL,NULL,NULL,NULL,NULL,NULL,NULL,NULL,NULL,NULL,NULL,NULL,NULL,NULL,NULL,NULL,NULL,NULL,NULL,NULL,NULL,NULL,NULL,NULL,NULL,NULL,NULL,NULL,NULL,NULL,NULL,NULL,NULL,NULL,NULL,NULL,NULL,NULL,NULL,NULL,NULL,NULL,NULL,NULL,NULL,NULL,NULL,NULL,NULL,NULL,NULL,NULL,NULL,NULL,NULL,NULL,NULL,NULL,NULL,NULL,NULL,NULL,NULL,NULL,NULL,NULL,NULL,NULL,NULL,NULL,NULL,NULL,NULL,NULL,NULL,NULL,NULL,NULL,NULL,NULL,NULL,NULL,NULL,NULL,NULL,NULL,NULL,NULL,NULL,NULL,NULL,NULL,NULL,NULL,NULL,NULL,NULL,NULL,NULL,NULL,NULL,NULL,NULL,NULL,NULL,NULL,NULL,NULL,NULL,NULL,NULL,NULL,NULL,NULL,NULL,NULL,NULL,NULL,NULL,NULL,NULL,NULL,NULL,NULL,NULL,NULL,NULL,NULL,NULL,NULL,NULL,NULL,NULL,NULL,NULL,NULL,NULL,NULL,NULL,NULL,NULL,NULL,NULL,NULL,NULL,NULL,NULL,NULL,NULL,NULL,NULL,NULL),(58,6,0,NULL,NULL,NULL,NULL,NULL,NULL,NULL,NULL,NULL,NULL,NULL,NULL,NULL,NULL,NULL,NULL,NULL,NULL,NULL,NULL,NULL,NULL,NULL,NULL,NULL,NULL,NULL,NULL,NULL,NULL,NULL,NULL,NULL,NULL,NULL,NULL,NULL,NULL,NULL,NULL,NULL,NULL,NULL,NULL,NULL,NULL,NULL,NULL,NULL,NULL,NULL,NULL,NULL,NULL,NULL,NULL,NULL,NULL,NULL,NULL,NULL,NULL,NULL,NULL,NULL,NULL,NULL,NULL,NULL,NULL,NULL,NULL,NULL,NULL,NULL,NULL,NULL,NULL,NULL,NULL,NULL,NULL,NULL,NULL,NULL,NULL,NULL,NULL,NULL,NULL,NULL,NULL,NULL,NULL,NULL,NULL,NULL,NULL,NULL,NULL,NULL,NULL,NULL,NULL,NULL,NULL,NULL,NULL,NULL,NULL,NULL,NULL,NULL,NULL,NULL,NULL,NULL,NULL,NULL,NULL,NULL,NULL,NULL,NULL,NULL,NULL,NULL,NULL,NULL,NULL,NULL,NULL,NULL,NULL,NULL,NULL,NULL,NULL,NULL,NULL,NULL,NULL,NULL,NULL,NULL,NULL,NULL,NULL,NULL,NULL,NULL,NULL,NULL,NULL,NULL,NULL,NULL,NULL,NULL,NULL,NULL,NULL,NULL,NULL,NULL,NULL,NULL,NULL,NULL,NULL,NULL,NULL,NULL,NULL,NULL,NULL,NULL,NULL,NULL,NULL,NULL,NULL,NULL,NULL,NULL,NULL,NULL,NULL,NULL,NULL,NULL,NULL,NULL,NULL,NULL,NULL,NULL,NULL,NULL,NULL,NULL,NULL,NULL,NULL,NULL,NULL,NULL,NULL,NULL,NULL,NULL,NULL,NULL,NULL,NULL,NULL,NULL,NULL,NULL,NULL,NULL,NULL,NULL,NULL,NULL,NULL,NULL,NULL,NULL,NULL,NULL,NULL,NULL,NULL,NULL,NULL,NULL,NULL,NULL,NULL,NULL,NULL,NULL,NULL,NULL,NULL,NULL,NULL,NULL,NULL,NULL,NULL,NULL,NULL,NULL,NULL,NULL,NULL,NULL,NULL,NULL,NULL,NULL,NULL,NULL,NULL,NULL,NULL,NULL,NULL,NULL,NULL,NULL,NULL,NULL,NULL,NULL,NULL,NULL,NULL,NULL,NULL,NULL,NULL,NULL,NULL,NULL,NULL,NULL,NULL,NULL,NULL,NULL,NULL,NULL,NULL,NULL,NULL,NULL,NULL,NULL,NULL,NULL,NULL,NULL,NULL,NULL,NULL,NULL,NULL,NULL,NULL,NULL,NULL,NULL,NULL,NULL,NULL,NULL,NULL,NULL,NULL,NULL,NULL),(59,6,0,NULL,NULL,NULL,NULL,NULL,NULL,NULL,NULL,NULL,NULL,NULL,NULL,NULL,NULL,NULL,NULL,NULL,NULL,NULL,NULL,NULL,NULL,NULL,NULL,NULL,NULL,NULL,NULL,NULL,NULL,NULL,NULL,NULL,NULL,NULL,NULL,NULL,NULL,NULL,NULL,NULL,NULL,NULL,NULL,NULL,NULL,NULL,NULL,NULL,NULL,NULL,NULL,NULL,NULL,NULL,NULL,NULL,NULL,NULL,NULL,NULL,NULL,NULL,NULL,NULL,NULL,NULL,NULL,NULL,NULL,NULL,NULL,NULL,NULL,NULL,NULL,NULL,NULL,NULL,NULL,NULL,NULL,NULL,NULL,NULL,NULL,NULL,NULL,NULL,NULL,NULL,NULL,NULL,NULL,NULL,NULL,NULL,NULL,NULL,NULL,NULL,NULL,NULL,NULL,NULL,NULL,NULL,NULL,NULL,NULL,NULL,NULL,NULL,NULL,NULL,NULL,NULL,NULL,NULL,NULL,NULL,NULL,NULL,NULL,NULL,NULL,NULL,NULL,NULL,NULL,NULL,NULL,NULL,NULL,NULL,NULL,NULL,NULL,NULL,NULL,NULL,NULL,NULL,NULL,NULL,NULL,NULL,NULL,NULL,NULL,NULL,NULL,NULL,NULL,NULL,NULL,NULL,NULL,NULL,NULL,NULL,NULL,NULL,NULL,NULL,NULL,NULL,NULL,NULL,NULL,NULL,NULL,NULL,NULL,NULL,NULL,NULL,NULL,NULL,NULL,NULL,NULL,NULL,NULL,NULL,NULL,NULL,NULL,NULL,NULL,NULL,NULL,NULL,NULL,NULL,NULL,NULL,NULL,NULL,NULL,NULL,NULL,NULL,NULL,NULL,NULL,NULL,NULL,NULL,NULL,NULL,NULL,NULL,NULL,NULL,NULL,NULL,NULL,NULL,NULL,NULL,NULL,NULL,NULL,NULL,NULL,NULL,NULL,NULL,NULL,NULL,NULL,NULL,NULL,NULL,NULL,NULL,NULL,NULL,NULL,NULL,NULL,NULL,NULL,NULL,NULL,NULL,NULL,NULL,NULL,NULL,NULL,NULL,NULL,NULL,NULL,NULL,NULL,NULL,NULL,NULL,NULL,NULL,NULL,NULL,NULL,NULL,NULL,NULL,NULL,NULL,NULL,NULL,NULL,NULL,NULL,NULL,NULL,NULL,NULL,NULL,NULL,NULL,NULL,NULL,NULL,NULL,NULL,NULL,NULL,NULL,NULL,NULL,NULL,NULL,NULL,NULL,NULL,NULL,NULL,NULL,NULL,NULL,NULL,NULL,NULL,NULL,NULL,NULL,NULL,NULL,NULL,NULL,NULL,NULL,NULL,NULL,NULL,NULL,NULL,NULL,NULL,NULL,NULL),(60,6,0,NULL,NULL,NULL,NULL,NULL,NULL,NULL,NULL,NULL,NULL,NULL,NULL,NULL,NULL,NULL,NULL,NULL,NULL,NULL,NULL,NULL,NULL,NULL,NULL,NULL,NULL,NULL,NULL,NULL,NULL,NULL,NULL,NULL,NULL,NULL,NULL,NULL,NULL,NULL,NULL,NULL,NULL,NULL,NULL,NULL,NULL,NULL,NULL,NULL,NULL,NULL,NULL,NULL,NULL,NULL,NULL,NULL,NULL,NULL,NULL,NULL,NULL,NULL,NULL,NULL,NULL,NULL,NULL,NULL,NULL,NULL,NULL,NULL,NULL,NULL,NULL,NULL,NULL,NULL,NULL,NULL,NULL,NULL,NULL,NULL,NULL,NULL,NULL,NULL,NULL,NULL,NULL,NULL,NULL,NULL,NULL,NULL,NULL,NULL,NULL,NULL,NULL,NULL,NULL,NULL,NULL,NULL,NULL,NULL,NULL,NULL,NULL,NULL,NULL,NULL,NULL,NULL,NULL,NULL,NULL,NULL,NULL,NULL,NULL,NULL,NULL,NULL,NULL,NULL,NULL,NULL,NULL,NULL,NULL,NULL,NULL,NULL,NULL,NULL,NULL,NULL,NULL,NULL,NULL,NULL,NULL,NULL,NULL,NULL,NULL,NULL,NULL,NULL,NULL,NULL,NULL,NULL,NULL,NULL,NULL,NULL,NULL,NULL,NULL,NULL,NULL,NULL,NULL,NULL,NULL,NULL,NULL,NULL,NULL,NULL,NULL,NULL,NULL,NULL,NULL,NULL,NULL,NULL,NULL,NULL,NULL,NULL,NULL,NULL,NULL,NULL,NULL,NULL,NULL,NULL,NULL,NULL,NULL,NULL,NULL,NULL,NULL,NULL,NULL,NULL,NULL,NULL,NULL,NULL,NULL,NULL,NULL,NULL,NULL,NULL,NULL,NULL,NULL,NULL,NULL,NULL,NULL,NULL,NULL,NULL,NULL,NULL,NULL,NULL,NULL,NULL,NULL,NULL,NULL,NULL,NULL,NULL,NULL,NULL,NULL,NULL,NULL,NULL,NULL,NULL,NULL,NULL,NULL,NULL,NULL,NULL,NULL,NULL,NULL,NULL,NULL,NULL,NULL,NULL,NULL,NULL,NULL,NULL,NULL,NULL,NULL,NULL,NULL,NULL,NULL,NULL,NULL,NULL,NULL,NULL,NULL,NULL,NULL,NULL,NULL,NULL,NULL,NULL,NULL,NULL,NULL,NULL,NULL,NULL,NULL,NULL,NULL,NULL,NULL,NULL,NULL,NULL,NULL,NULL,NULL,NULL,NULL,NULL,NULL,NULL,NULL,NULL,NULL,NULL,NULL,NULL,NULL,NULL,NULL,NULL,NULL,NULL,NULL,NULL,NULL,NULL,NULL,NULL,NULL),(61,6,0,NULL,NULL,NULL,NULL,NULL,NULL,NULL,NULL,NULL,NULL,NULL,NULL,NULL,NULL,NULL,NULL,NULL,NULL,NULL,NULL,NULL,NULL,NULL,NULL,NULL,NULL,NULL,NULL,NULL,NULL,NULL,NULL,NULL,NULL,NULL,NULL,NULL,NULL,NULL,NULL,NULL,NULL,NULL,NULL,NULL,NULL,NULL,NULL,NULL,NULL,NULL,NULL,NULL,NULL,NULL,NULL,NULL,NULL,NULL,NULL,NULL,NULL,NULL,NULL,NULL,NULL,NULL,NULL,NULL,NULL,NULL,NULL,NULL,NULL,NULL,NULL,NULL,NULL,NULL,NULL,NULL,NULL,NULL,NULL,NULL,NULL,NULL,NULL,NULL,NULL,NULL,NULL,NULL,NULL,NULL,NULL,NULL,NULL,NULL,NULL,NULL,NULL,NULL,NULL,NULL,NULL,NULL,NULL,NULL,NULL,NULL,NULL,NULL,NULL,NULL,NULL,NULL,NULL,NULL,NULL,NULL,NULL,NULL,NULL,NULL,NULL,NULL,NULL,NULL,NULL,NULL,NULL,NULL,NULL,NULL,NULL,NULL,NULL,NULL,NULL,NULL,NULL,NULL,NULL,NULL,NULL,NULL,NULL,NULL,NULL,NULL,NULL,NULL,NULL,NULL,NULL,NULL,NULL,NULL,NULL,NULL,NULL,NULL,NULL,NULL,NULL,NULL,NULL,NULL,NULL,NULL,NULL,NULL,NULL,NULL,NULL,NULL,NULL,NULL,NULL,NULL,NULL,NULL,NULL,NULL,NULL,NULL,NULL,NULL,NULL,NULL,NULL,NULL,NULL,NULL,NULL,NULL,NULL,NULL,NULL,NULL,NULL,NULL,NULL,NULL,NULL,NULL,NULL,NULL,NULL,NULL,NULL,NULL,NULL,NULL,NULL,NULL,NULL,NULL,NULL,NULL,NULL,NULL,NULL,NULL,NULL,NULL,NULL,NULL,NULL,NULL,NULL,NULL,NULL,NULL,NULL,NULL,NULL,NULL,NULL,NULL,NULL,NULL,NULL,NULL,NULL,NULL,NULL,NULL,NULL,NULL,NULL,NULL,NULL,NULL,NULL,NULL,NULL,NULL,NULL,NULL,NULL,NULL,NULL,NULL,NULL,NULL,NULL,NULL,NULL,NULL,NULL,NULL,NULL,NULL,NULL,NULL,NULL,NULL,NULL,NULL,NULL,NULL,NULL,NULL,NULL,NULL,NULL,NULL,NULL,NULL,NULL,NULL,NULL,NULL,NULL,NULL,NULL,NULL,NULL,NULL,NULL,NULL,NULL,NULL,NULL,NULL,NULL,NULL,NULL,NULL,NULL,NULL,NULL,NULL,NULL,NULL,NULL,NULL,NULL,NULL,NULL,NULL,NULL),(62,6,0,NULL,NULL,NULL,NULL,NULL,NULL,NULL,NULL,NULL,NULL,NULL,NULL,NULL,NULL,NULL,NULL,NULL,NULL,NULL,NULL,NULL,NULL,NULL,NULL,NULL,NULL,NULL,NULL,NULL,NULL,NULL,NULL,NULL,NULL,NULL,NULL,NULL,NULL,NULL,NULL,NULL,NULL,NULL,NULL,NULL,NULL,NULL,NULL,NULL,NULL,NULL,NULL,NULL,NULL,NULL,NULL,NULL,NULL,NULL,NULL,NULL,NULL,NULL,NULL,NULL,NULL,NULL,NULL,NULL,NULL,NULL,NULL,NULL,NULL,NULL,NULL,NULL,NULL,NULL,NULL,NULL,NULL,NULL,NULL,NULL,NULL,NULL,NULL,NULL,NULL,NULL,NULL,NULL,NULL,NULL,NULL,NULL,NULL,NULL,NULL,NULL,NULL,NULL,NULL,NULL,NULL,NULL,NULL,NULL,NULL,NULL,NULL,NULL,NULL,NULL,NULL,NULL,NULL,NULL,NULL,NULL,NULL,NULL,NULL,NULL,NULL,NULL,NULL,NULL,NULL,NULL,NULL,NULL,NULL,NULL,NULL,NULL,NULL,NULL,NULL,NULL,NULL,NULL,NULL,NULL,NULL,NULL,NULL,NULL,NULL,NULL,NULL,NULL,NULL,NULL,NULL,NULL,NULL,NULL,NULL,NULL,NULL,NULL,NULL,NULL,NULL,NULL,NULL,NULL,NULL,NULL,NULL,NULL,NULL,NULL,NULL,NULL,NULL,NULL,NULL,NULL,NULL,NULL,NULL,NULL,NULL,NULL,NULL,NULL,NULL,NULL,NULL,NULL,NULL,NULL,NULL,NULL,NULL,NULL,NULL,NULL,NULL,NULL,NULL,NULL,NULL,NULL,NULL,NULL,NULL,NULL,NULL,NULL,NULL,NULL,NULL,NULL,NULL,NULL,NULL,NULL,NULL,NULL,NULL,NULL,NULL,NULL,NULL,NULL,NULL,NULL,NULL,NULL,NULL,NULL,NULL,NULL,NULL,NULL,NULL,NULL,NULL,NULL,NULL,NULL,NULL,NULL,NULL,NULL,NULL,NULL,NULL,NULL,NULL,NULL,NULL,NULL,NULL,NULL,NULL,NULL,NULL,NULL,NULL,NULL,NULL,NULL,NULL,NULL,NULL,NULL,NULL,NULL,NULL,NULL,NULL,NULL,NULL,NULL,NULL,NULL,NULL,NULL,NULL,NULL,NULL,NULL,NULL,NULL,NULL,NULL,NULL,NULL,NULL,NULL,NULL,NULL,NULL,NULL,NULL,NULL,NULL,NULL,NULL,NULL,NULL,NULL,NULL,NULL,NULL,NULL,NULL,NULL,NULL,NULL,NULL,NULL,NULL,NULL,NULL,NULL,NULL,NULL,NULL),(63,6,0,NULL,NULL,NULL,NULL,NULL,NULL,NULL,NULL,NULL,NULL,NULL,NULL,NULL,NULL,NULL,NULL,NULL,NULL,NULL,NULL,NULL,NULL,NULL,NULL,NULL,NULL,NULL,NULL,NULL,NULL,NULL,NULL,NULL,NULL,NULL,NULL,NULL,NULL,NULL,NULL,NULL,NULL,NULL,NULL,NULL,NULL,NULL,NULL,NULL,NULL,NULL,NULL,NULL,NULL,NULL,NULL,NULL,NULL,NULL,NULL,NULL,NULL,NULL,NULL,NULL,NULL,NULL,NULL,NULL,NULL,NULL,NULL,NULL,NULL,NULL,NULL,NULL,NULL,NULL,NULL,NULL,NULL,NULL,NULL,NULL,NULL,NULL,NULL,NULL,NULL,NULL,NULL,NULL,NULL,NULL,NULL,NULL,NULL,NULL,NULL,NULL,NULL,NULL,NULL,NULL,NULL,NULL,NULL,NULL,NULL,NULL,NULL,NULL,NULL,NULL,NULL,NULL,NULL,NULL,NULL,NULL,NULL,NULL,NULL,NULL,NULL,NULL,NULL,NULL,NULL,NULL,NULL,NULL,NULL,NULL,NULL,NULL,NULL,NULL,NULL,NULL,NULL,NULL,NULL,NULL,NULL,NULL,NULL,NULL,NULL,NULL,NULL,NULL,NULL,NULL,NULL,NULL,NULL,NULL,NULL,NULL,NULL,NULL,NULL,NULL,NULL,NULL,NULL,NULL,NULL,NULL,NULL,NULL,NULL,NULL,NULL,NULL,NULL,NULL,NULL,NULL,NULL,NULL,NULL,NULL,NULL,NULL,NULL,NULL,NULL,NULL,NULL,NULL,NULL,NULL,NULL,NULL,NULL,NULL,NULL,NULL,NULL,NULL,NULL,NULL,NULL,NULL,NULL,NULL,NULL,NULL,NULL,NULL,NULL,NULL,NULL,NULL,NULL,NULL,NULL,NULL,NULL,NULL,NULL,NULL,NULL,NULL,NULL,NULL,NULL,NULL,NULL,NULL,NULL,NULL,NULL,NULL,NULL,NULL,NULL,NULL,NULL,NULL,NULL,NULL,NULL,NULL,NULL,NULL,NULL,NULL,NULL,NULL,NULL,NULL,NULL,NULL,NULL,NULL,NULL,NULL,NULL,NULL,NULL,NULL,NULL,NULL,NULL,NULL,NULL,NULL,NULL,NULL,NULL,NULL,NULL,NULL,NULL,NULL,NULL,NULL,NULL,NULL,NULL,NULL,NULL,NULL,NULL,NULL,NULL,NULL,NULL,NULL,NULL,NULL,NULL,NULL,NULL,NULL,NULL,NULL,NULL,NULL,NULL,NULL,NULL,NULL,NULL,NULL,NULL,NULL,NULL,NULL,NULL,NULL,NULL,NULL,NULL,NULL,NULL,NULL,NULL,NULL,NULL),(64,6,0,NULL,NULL,NULL,NULL,NULL,NULL,NULL,NULL,NULL,NULL,NULL,NULL,NULL,NULL,NULL,NULL,NULL,NULL,NULL,NULL,NULL,NULL,NULL,NULL,NULL,NULL,NULL,NULL,NULL,NULL,NULL,NULL,NULL,NULL,NULL,NULL,NULL,NULL,NULL,NULL,NULL,NULL,NULL,NULL,NULL,NULL,NULL,NULL,NULL,NULL,NULL,NULL,NULL,NULL,NULL,NULL,NULL,NULL,NULL,NULL,NULL,NULL,NULL,NULL,NULL,NULL,NULL,NULL,NULL,NULL,NULL,NULL,NULL,NULL,NULL,NULL,NULL,NULL,NULL,NULL,NULL,NULL,NULL,NULL,NULL,NULL,NULL,NULL,NULL,NULL,NULL,NULL,NULL,NULL,NULL,NULL,NULL,NULL,NULL,NULL,NULL,NULL,NULL,NULL,NULL,NULL,NULL,NULL,NULL,NULL,NULL,NULL,NULL,NULL,NULL,NULL,NULL,NULL,NULL,NULL,NULL,NULL,NULL,NULL,NULL,NULL,NULL,NULL,NULL,NULL,NULL,NULL,NULL,NULL,NULL,NULL,NULL,NULL,NULL,NULL,NULL,NULL,NULL,NULL,NULL,NULL,NULL,NULL,NULL,NULL,NULL,NULL,NULL,NULL,NULL,NULL,NULL,NULL,NULL,NULL,NULL,NULL,NULL,NULL,NULL,NULL,NULL,NULL,NULL,NULL,NULL,NULL,NULL,NULL,NULL,NULL,NULL,NULL,NULL,NULL,NULL,NULL,NULL,NULL,NULL,NULL,NULL,NULL,NULL,NULL,NULL,NULL,NULL,NULL,NULL,NULL,NULL,NULL,NULL,NULL,NULL,NULL,NULL,NULL,NULL,NULL,NULL,NULL,NULL,NULL,NULL,NULL,NULL,NULL,NULL,NULL,NULL,NULL,NULL,NULL,NULL,NULL,NULL,NULL,NULL,NULL,NULL,NULL,NULL,NULL,NULL,NULL,NULL,NULL,NULL,NULL,NULL,NULL,NULL,NULL,NULL,NULL,NULL,NULL,NULL,NULL,NULL,NULL,NULL,NULL,NULL,NULL,NULL,NULL,NULL,NULL,NULL,NULL,NULL,NULL,NULL,NULL,NULL,NULL,NULL,NULL,NULL,NULL,NULL,NULL,NULL,NULL,NULL,NULL,NULL,NULL,NULL,NULL,NULL,NULL,NULL,NULL,NULL,NULL,NULL,NULL,NULL,NULL,NULL,NULL,NULL,NULL,NULL,NULL,NULL,NULL,NULL,NULL,NULL,NULL,NULL,NULL,NULL,NULL,NULL,NULL,NULL,NULL,NULL,NULL,NULL,NULL,NULL,NULL,NULL,NULL,NULL,NULL,NULL,NULL,NULL,NULL,NULL,NULL),(65,6,0,NULL,NULL,NULL,NULL,NULL,NULL,NULL,NULL,NULL,NULL,NULL,NULL,NULL,NULL,NULL,NULL,NULL,NULL,NULL,NULL,NULL,NULL,NULL,NULL,NULL,NULL,NULL,NULL,NULL,NULL,NULL,NULL,NULL,NULL,NULL,NULL,NULL,NULL,NULL,NULL,NULL,NULL,NULL,NULL,NULL,NULL,NULL,NULL,NULL,NULL,NULL,NULL,NULL,NULL,NULL,NULL,NULL,NULL,NULL,NULL,NULL,NULL,NULL,NULL,NULL,NULL,NULL,NULL,NULL,NULL,NULL,NULL,NULL,NULL,NULL,NULL,NULL,NULL,NULL,NULL,NULL,NULL,NULL,NULL,NULL,NULL,NULL,NULL,NULL,NULL,NULL,NULL,NULL,NULL,NULL,NULL,NULL,NULL,NULL,NULL,NULL,NULL,NULL,NULL,NULL,NULL,NULL,NULL,NULL,NULL,NULL,NULL,NULL,NULL,NULL,NULL,NULL,NULL,NULL,NULL,NULL,NULL,NULL,NULL,NULL,NULL,NULL,NULL,NULL,NULL,NULL,NULL,NULL,NULL,NULL,NULL,NULL,NULL,NULL,NULL,NULL,NULL,NULL,NULL,NULL,NULL,NULL,NULL,NULL,NULL,NULL,NULL,NULL,NULL,NULL,NULL,NULL,NULL,NULL,NULL,NULL,NULL,NULL,NULL,NULL,NULL,NULL,NULL,NULL,NULL,NULL,NULL,NULL,NULL,NULL,NULL,NULL,NULL,NULL,NULL,NULL,NULL,NULL,NULL,NULL,NULL,NULL,NULL,NULL,NULL,NULL,NULL,NULL,NULL,NULL,NULL,NULL,NULL,NULL,NULL,NULL,NULL,NULL,NULL,NULL,NULL,NULL,NULL,NULL,NULL,NULL,NULL,NULL,NULL,NULL,NULL,NULL,NULL,NULL,NULL,NULL,NULL,NULL,NULL,NULL,NULL,NULL,NULL,NULL,NULL,NULL,NULL,NULL,NULL,NULL,NULL,NULL,NULL,NULL,NULL,NULL,NULL,NULL,NULL,NULL,NULL,NULL,NULL,NULL,NULL,NULL,NULL,NULL,NULL,NULL,NULL,NULL,NULL,NULL,NULL,NULL,NULL,NULL,NULL,NULL,NULL,NULL,NULL,NULL,NULL,NULL,NULL,NULL,NULL,NULL,NULL,NULL,NULL,NULL,NULL,NULL,NULL,NULL,NULL,NULL,NULL,NULL,NULL,NULL,NULL,NULL,NULL,NULL,NULL,NULL,NULL,NULL,NULL,NULL,NULL,NULL,NULL,NULL,NULL,NULL,NULL,NULL,NULL,NULL,NULL,NULL,NULL,NULL,NULL,NULL,NULL,NULL,NULL,NULL,NULL,NULL,NULL,NULL,NULL),(66,6,0,NULL,NULL,NULL,NULL,NULL,NULL,NULL,NULL,NULL,NULL,NULL,NULL,NULL,NULL,NULL,NULL,NULL,NULL,NULL,NULL,NULL,NULL,NULL,NULL,NULL,NULL,NULL,NULL,NULL,NULL,NULL,NULL,NULL,NULL,NULL,NULL,NULL,NULL,NULL,NULL,NULL,NULL,NULL,NULL,NULL,NULL,NULL,NULL,NULL,NULL,NULL,NULL,NULL,NULL,NULL,NULL,NULL,NULL,NULL,NULL,NULL,NULL,NULL,NULL,NULL,NULL,NULL,NULL,NULL,NULL,NULL,NULL,NULL,NULL,NULL,NULL,NULL,NULL,NULL,NULL,NULL,NULL,NULL,NULL,NULL,NULL,NULL,NULL,NULL,NULL,NULL,NULL,NULL,NULL,NULL,NULL,NULL,NULL,NULL,NULL,NULL,NULL,NULL,NULL,NULL,NULL,NULL,NULL,NULL,NULL,NULL,NULL,NULL,NULL,NULL,NULL,NULL,NULL,NULL,NULL,NULL,NULL,NULL,NULL,NULL,NULL,NULL,NULL,NULL,NULL,NULL,NULL,NULL,NULL,NULL,NULL,NULL,NULL,NULL,NULL,NULL,NULL,NULL,NULL,NULL,NULL,NULL,NULL,NULL,NULL,NULL,NULL,NULL,NULL,NULL,NULL,NULL,NULL,NULL,NULL,NULL,NULL,NULL,NULL,NULL,NULL,NULL,NULL,NULL,NULL,NULL,NULL,NULL,NULL,NULL,NULL,NULL,NULL,NULL,NULL,NULL,NULL,NULL,NULL,NULL,NULL,NULL,NULL,NULL,NULL,NULL,NULL,NULL,NULL,NULL,NULL,NULL,NULL,NULL,NULL,NULL,NULL,NULL,NULL,NULL,NULL,NULL,NULL,NULL,NULL,NULL,NULL,NULL,NULL,NULL,NULL,NULL,NULL,NULL,NULL,NULL,NULL,NULL,NULL,NULL,NULL,NULL,NULL,NULL,NULL,NULL,NULL,NULL,NULL,NULL,NULL,NULL,NULL,NULL,NULL,NULL,NULL,NULL,NULL,NULL,NULL,NULL,NULL,NULL,NULL,NULL,NULL,NULL,NULL,NULL,NULL,NULL,NULL,NULL,NULL,NULL,NULL,NULL,NULL,NULL,NULL,NULL,NULL,NULL,NULL,NULL,NULL,NULL,NULL,NULL,NULL,NULL,NULL,NULL,NULL,NULL,NULL,NULL,NULL,NULL,NULL,NULL,NULL,NULL,NULL,NULL,NULL,NULL,NULL,NULL,NULL,NULL,NULL,NULL,NULL,NULL,NULL,NULL,NULL,NULL,NULL,NULL,NULL,NULL,NULL,NULL,NULL,NULL,NULL,NULL,NULL,NULL,NULL,NULL,NULL,NULL,NULL,NULL,NULL),(67,6,0,NULL,NULL,NULL,NULL,NULL,NULL,NULL,NULL,NULL,NULL,NULL,NULL,NULL,NULL,NULL,NULL,NULL,NULL,NULL,NULL,NULL,NULL,NULL,NULL,NULL,NULL,NULL,NULL,NULL,NULL,NULL,NULL,NULL,NULL,NULL,NULL,NULL,NULL,NULL,NULL,NULL,NULL,NULL,NULL,NULL,NULL,NULL,NULL,NULL,NULL,NULL,NULL,NULL,NULL,NULL,NULL,NULL,NULL,NULL,NULL,NULL,NULL,NULL,NULL,NULL,NULL,NULL,NULL,NULL,NULL,NULL,NULL,NULL,NULL,NULL,NULL,NULL,NULL,NULL,NULL,NULL,NULL,NULL,NULL,NULL,NULL,NULL,NULL,NULL,NULL,NULL,NULL,NULL,NULL,NULL,NULL,NULL,NULL,NULL,NULL,NULL,NULL,NULL,NULL,NULL,NULL,NULL,NULL,NULL,NULL,NULL,NULL,NULL,NULL,NULL,NULL,NULL,NULL,NULL,NULL,NULL,NULL,NULL,NULL,NULL,NULL,NULL,NULL,NULL,NULL,NULL,NULL,NULL,NULL,NULL,NULL,NULL,NULL,NULL,NULL,NULL,NULL,NULL,NULL,NULL,NULL,NULL,NULL,NULL,NULL,NULL,NULL,NULL,NULL,NULL,NULL,NULL,NULL,NULL,NULL,NULL,NULL,NULL,NULL,NULL,NULL,NULL,NULL,NULL,NULL,NULL,NULL,NULL,NULL,NULL,NULL,NULL,NULL,NULL,NULL,NULL,NULL,NULL,NULL,NULL,NULL,NULL,NULL,NULL,NULL,NULL,NULL,NULL,NULL,NULL,NULL,NULL,NULL,NULL,NULL,NULL,NULL,NULL,NULL,NULL,NULL,NULL,NULL,NULL,NULL,NULL,NULL,NULL,NULL,NULL,NULL,NULL,NULL,NULL,NULL,NULL,NULL,NULL,NULL,NULL,NULL,NULL,NULL,NULL,NULL,NULL,NULL,NULL,NULL,NULL,NULL,NULL,NULL,NULL,NULL,NULL,NULL,NULL,NULL,NULL,NULL,NULL,NULL,NULL,NULL,NULL,NULL,NULL,NULL,NULL,NULL,NULL,NULL,NULL,NULL,NULL,NULL,NULL,NULL,NULL,NULL,NULL,NULL,NULL,NULL,NULL,NULL,NULL,NULL,NULL,NULL,NULL,NULL,NULL,NULL,NULL,NULL,NULL,NULL,NULL,NULL,NULL,NULL,NULL,NULL,NULL,NULL,NULL,NULL,NULL,NULL,NULL,NULL,NULL,NULL,NULL,NULL,NULL,NULL,NULL,NULL,NULL,NULL,NULL,NULL,NULL,NULL,NULL,NULL,NULL,NULL,NULL,NULL,NULL,NULL,NULL,NULL,NULL,NULL),(68,6,0,NULL,NULL,NULL,NULL,NULL,NULL,NULL,NULL,NULL,NULL,NULL,NULL,NULL,NULL,NULL,NULL,NULL,NULL,NULL,NULL,NULL,NULL,NULL,NULL,NULL,NULL,NULL,NULL,NULL,NULL,NULL,NULL,NULL,NULL,NULL,NULL,NULL,NULL,NULL,NULL,NULL,NULL,NULL,NULL,NULL,NULL,NULL,NULL,NULL,NULL,NULL,NULL,NULL,NULL,NULL,NULL,NULL,NULL,NULL,NULL,NULL,NULL,NULL,NULL,NULL,NULL,NULL,NULL,NULL,NULL,NULL,NULL,NULL,NULL,NULL,NULL,NULL,NULL,NULL,NULL,NULL,NULL,NULL,NULL,NULL,NULL,NULL,NULL,NULL,NULL,NULL,NULL,NULL,NULL,NULL,NULL,NULL,NULL,NULL,NULL,NULL,NULL,NULL,NULL,NULL,NULL,NULL,NULL,NULL,NULL,NULL,NULL,NULL,NULL,NULL,NULL,NULL,NULL,NULL,NULL,NULL,NULL,NULL,NULL,NULL,NULL,NULL,NULL,NULL,NULL,NULL,NULL,NULL,NULL,NULL,NULL,NULL,NULL,NULL,NULL,NULL,NULL,NULL,NULL,NULL,NULL,NULL,NULL,NULL,NULL,NULL,NULL,NULL,NULL,NULL,NULL,NULL,NULL,NULL,NULL,NULL,NULL,NULL,NULL,NULL,NULL,NULL,NULL,NULL,NULL,NULL,NULL,NULL,NULL,NULL,NULL,NULL,NULL,NULL,NULL,NULL,NULL,NULL,NULL,NULL,NULL,NULL,NULL,NULL,NULL,NULL,NULL,NULL,NULL,NULL,NULL,NULL,NULL,NULL,NULL,NULL,NULL,NULL,NULL,NULL,NULL,NULL,NULL,NULL,NULL,NULL,NULL,NULL,NULL,NULL,NULL,NULL,NULL,NULL,NULL,NULL,NULL,NULL,NULL,NULL,NULL,NULL,NULL,NULL,NULL,NULL,NULL,NULL,NULL,NULL,NULL,NULL,NULL,NULL,NULL,NULL,NULL,NULL,NULL,NULL,NULL,NULL,NULL,NULL,NULL,NULL,NULL,NULL,NULL,NULL,NULL,NULL,NULL,NULL,NULL,NULL,NULL,NULL,NULL,NULL,NULL,NULL,NULL,NULL,NULL,NULL,NULL,NULL,NULL,NULL,NULL,NULL,NULL,NULL,NULL,NULL,NULL,NULL,NULL,NULL,NULL,NULL,NULL,NULL,NULL,NULL,NULL,NULL,NULL,NULL,NULL,NULL,NULL,NULL,NULL,NULL,NULL,NULL,NULL,NULL,NULL,NULL,NULL,NULL,NULL,NULL,NULL,NULL,NULL,NULL,NULL,NULL,NULL,NULL,NULL,NULL,NULL,NULL,NULL),(69,6,0,NULL,NULL,NULL,NULL,NULL,NULL,NULL,NULL,NULL,NULL,NULL,NULL,NULL,NULL,NULL,NULL,NULL,NULL,NULL,NULL,NULL,NULL,NULL,NULL,NULL,NULL,NULL,NULL,NULL,NULL,NULL,NULL,NULL,NULL,NULL,NULL,NULL,NULL,NULL,NULL,NULL,NULL,NULL,NULL,NULL,NULL,NULL,NULL,NULL,NULL,NULL,NULL,NULL,NULL,NULL,NULL,NULL,NULL,NULL,NULL,NULL,NULL,NULL,NULL,NULL,NULL,NULL,NULL,NULL,NULL,NULL,NULL,NULL,NULL,NULL,NULL,NULL,NULL,NULL,NULL,NULL,NULL,NULL,NULL,NULL,NULL,NULL,NULL,NULL,NULL,NULL,NULL,NULL,NULL,NULL,NULL,NULL,NULL,NULL,NULL,NULL,NULL,NULL,NULL,NULL,NULL,NULL,NULL,NULL,NULL,NULL,NULL,NULL,NULL,NULL,NULL,NULL,NULL,NULL,NULL,NULL,NULL,NULL,NULL,NULL,NULL,NULL,NULL,NULL,NULL,NULL,NULL,NULL,NULL,NULL,NULL,NULL,NULL,NULL,NULL,NULL,NULL,NULL,NULL,NULL,NULL,NULL,NULL,NULL,NULL,NULL,NULL,NULL,NULL,NULL,NULL,NULL,NULL,NULL,NULL,NULL,NULL,NULL,NULL,NULL,NULL,NULL,NULL,NULL,NULL,NULL,NULL,NULL,NULL,NULL,NULL,NULL,NULL,NULL,NULL,NULL,NULL,NULL,NULL,NULL,NULL,NULL,NULL,NULL,NULL,NULL,NULL,NULL,NULL,NULL,NULL,NULL,NULL,NULL,NULL,NULL,NULL,NULL,NULL,NULL,NULL,NULL,NULL,NULL,NULL,NULL,NULL,NULL,NULL,NULL,NULL,NULL,NULL,NULL,NULL,NULL,NULL,NULL,NULL,NULL,NULL,NULL,NULL,NULL,NULL,NULL,NULL,NULL,NULL,NULL,NULL,NULL,NULL,NULL,NULL,NULL,NULL,NULL,NULL,NULL,NULL,NULL,NULL,NULL,NULL,NULL,NULL,NULL,NULL,NULL,NULL,NULL,NULL,NULL,NULL,NULL,NULL,NULL,NULL,NULL,NULL,NULL,NULL,NULL,NULL,NULL,NULL,NULL,NULL,NULL,NULL,NULL,NULL,NULL,NULL,NULL,NULL,NULL,NULL,NULL,NULL,NULL,NULL,NULL,NULL,NULL,NULL,NULL,NULL,NULL,NULL,NULL,NULL,NULL,NULL,NULL,NULL,NULL,NULL,NULL,NULL,NULL,NULL,NULL,NULL,NULL,NULL,NULL,NULL,NULL,NULL,NULL,NULL,NULL,NULL,NULL,NULL,NULL,NULL),(70,6,0,NULL,NULL,NULL,NULL,NULL,NULL,NULL,NULL,NULL,NULL,NULL,NULL,NULL,NULL,NULL,NULL,NULL,NULL,NULL,NULL,NULL,NULL,NULL,NULL,NULL,NULL,NULL,NULL,NULL,NULL,NULL,NULL,NULL,NULL,NULL,NULL,NULL,NULL,NULL,NULL,NULL,NULL,NULL,NULL,NULL,NULL,NULL,NULL,NULL,NULL,NULL,NULL,NULL,NULL,NULL,NULL,NULL,NULL,NULL,NULL,NULL,NULL,NULL,NULL,NULL,NULL,NULL,NULL,NULL,NULL,NULL,NULL,NULL,NULL,NULL,NULL,NULL,NULL,NULL,NULL,NULL,NULL,NULL,NULL,NULL,NULL,NULL,NULL,NULL,NULL,NULL,NULL,NULL,NULL,NULL,NULL,NULL,NULL,NULL,NULL,NULL,NULL,NULL,NULL,NULL,NULL,NULL,NULL,NULL,NULL,NULL,NULL,NULL,NULL,NULL,NULL,NULL,NULL,NULL,NULL,NULL,NULL,NULL,NULL,NULL,NULL,NULL,NULL,NULL,NULL,NULL,NULL,NULL,NULL,NULL,NULL,NULL,NULL,NULL,NULL,NULL,NULL,NULL,NULL,NULL,NULL,NULL,NULL,NULL,NULL,NULL,NULL,NULL,NULL,NULL,NULL,NULL,NULL,NULL,NULL,NULL,NULL,NULL,NULL,NULL,NULL,NULL,NULL,NULL,NULL,NULL,NULL,NULL,NULL,NULL,NULL,NULL,NULL,NULL,NULL,NULL,NULL,NULL,NULL,NULL,NULL,NULL,NULL,NULL,NULL,NULL,NULL,NULL,NULL,NULL,NULL,NULL,NULL,NULL,NULL,NULL,NULL,NULL,NULL,NULL,NULL,NULL,NULL,NULL,NULL,NULL,NULL,NULL,NULL,NULL,NULL,NULL,NULL,NULL,NULL,NULL,NULL,NULL,NULL,NULL,NULL,NULL,NULL,NULL,NULL,NULL,NULL,NULL,NULL,NULL,NULL,NULL,NULL,NULL,NULL,NULL,NULL,NULL,NULL,NULL,NULL,NULL,NULL,NULL,NULL,NULL,NULL,NULL,NULL,NULL,NULL,NULL,NULL,NULL,NULL,NULL,NULL,NULL,NULL,NULL,NULL,NULL,NULL,NULL,NULL,NULL,NULL,NULL,NULL,NULL,NULL,NULL,NULL,NULL,NULL,NULL,NULL,NULL,NULL,NULL,NULL,NULL,NULL,NULL,NULL,NULL,NULL,NULL,NULL,NULL,NULL,NULL,NULL,NULL,NULL,NULL,NULL,NULL,NULL,NULL,NULL,NULL,NULL,NULL,NULL,NULL,NULL,NULL,NULL,NULL,NULL,NULL,NULL,NULL,NULL,NULL,NULL,NULL,NULL),(71,6,0,NULL,NULL,NULL,NULL,NULL,NULL,NULL,NULL,NULL,NULL,NULL,NULL,NULL,NULL,NULL,NULL,NULL,NULL,NULL,NULL,NULL,NULL,NULL,NULL,NULL,NULL,NULL,NULL,NULL,NULL,NULL,NULL,NULL,NULL,NULL,NULL,NULL,NULL,NULL,NULL,NULL,NULL,NULL,NULL,NULL,NULL,NULL,NULL,NULL,NULL,NULL,NULL,NULL,NULL,NULL,NULL,NULL,NULL,NULL,NULL,NULL,NULL,NULL,NULL,NULL,NULL,NULL,NULL,NULL,NULL,NULL,NULL,NULL,NULL,NULL,NULL,NULL,NULL,NULL,NULL,NULL,NULL,NULL,NULL,NULL,NULL,NULL,NULL,NULL,NULL,NULL,NULL,NULL,NULL,NULL,NULL,NULL,NULL,NULL,NULL,NULL,NULL,NULL,NULL,NULL,NULL,NULL,NULL,NULL,NULL,NULL,NULL,NULL,NULL,NULL,NULL,NULL,NULL,NULL,NULL,NULL,NULL,NULL,NULL,NULL,NULL,NULL,NULL,NULL,NULL,NULL,NULL,NULL,NULL,NULL,NULL,NULL,NULL,NULL,NULL,NULL,NULL,NULL,NULL,NULL,NULL,NULL,NULL,NULL,NULL,NULL,NULL,NULL,NULL,NULL,NULL,NULL,NULL,NULL,NULL,NULL,NULL,NULL,NULL,NULL,NULL,NULL,NULL,NULL,NULL,NULL,NULL,NULL,NULL,NULL,NULL,NULL,NULL,NULL,NULL,NULL,NULL,NULL,NULL,NULL,NULL,NULL,NULL,NULL,NULL,NULL,NULL,NULL,NULL,NULL,NULL,NULL,NULL,NULL,NULL,NULL,NULL,NULL,NULL,NULL,NULL,NULL,NULL,NULL,NULL,NULL,NULL,NULL,NULL,NULL,NULL,NULL,NULL,NULL,NULL,NULL,NULL,NULL,NULL,NULL,NULL,NULL,NULL,NULL,NULL,NULL,NULL,NULL,NULL,NULL,NULL,NULL,NULL,NULL,NULL,NULL,NULL,NULL,NULL,NULL,NULL,NULL,NULL,NULL,NULL,NULL,NULL,NULL,NULL,NULL,NULL,NULL,NULL,NULL,NULL,NULL,NULL,NULL,NULL,NULL,NULL,NULL,NULL,NULL,NULL,NULL,NULL,NULL,NULL,NULL,NULL,NULL,NULL,NULL,NULL,NULL,NULL,NULL,NULL,NULL,NULL,NULL,NULL,NULL,NULL,NULL,NULL,NULL,NULL,NULL,NULL,NULL,NULL,NULL,NULL,NULL,NULL,NULL,NULL,NULL,NULL,NULL,NULL,NULL,NULL,NULL,NULL,NULL,NULL,NULL,NULL,NULL,NULL,NULL,NULL,NULL,NULL,NULL,NULL),(72,6,0,NULL,NULL,NULL,NULL,NULL,NULL,NULL,NULL,NULL,NULL,NULL,NULL,NULL,NULL,NULL,NULL,NULL,NULL,NULL,NULL,NULL,NULL,NULL,NULL,NULL,NULL,NULL,NULL,NULL,NULL,NULL,NULL,NULL,NULL,NULL,NULL,NULL,NULL,NULL,NULL,NULL,NULL,NULL,NULL,NULL,NULL,NULL,NULL,NULL,NULL,NULL,NULL,NULL,NULL,NULL,NULL,NULL,NULL,NULL,NULL,NULL,NULL,NULL,NULL,NULL,NULL,NULL,NULL,NULL,NULL,NULL,NULL,NULL,NULL,NULL,NULL,NULL,NULL,NULL,NULL,NULL,NULL,NULL,NULL,NULL,NULL,NULL,NULL,NULL,NULL,NULL,NULL,NULL,NULL,NULL,NULL,NULL,NULL,NULL,NULL,NULL,NULL,NULL,NULL,NULL,NULL,NULL,NULL,NULL,NULL,NULL,NULL,NULL,NULL,NULL,NULL,NULL,NULL,NULL,NULL,NULL,NULL,NULL,NULL,NULL,NULL,NULL,NULL,NULL,NULL,NULL,NULL,NULL,NULL,NULL,NULL,NULL,NULL,NULL,NULL,NULL,NULL,NULL,NULL,NULL,NULL,NULL,NULL,NULL,NULL,NULL,NULL,NULL,NULL,NULL,NULL,NULL,NULL,NULL,NULL,NULL,NULL,NULL,NULL,NULL,NULL,NULL,NULL,NULL,NULL,NULL,NULL,NULL,NULL,NULL,NULL,NULL,NULL,NULL,NULL,NULL,NULL,NULL,NULL,NULL,NULL,NULL,NULL,NULL,NULL,NULL,NULL,NULL,NULL,NULL,NULL,NULL,NULL,NULL,NULL,NULL,NULL,NULL,NULL,NULL,NULL,NULL,NULL,NULL,NULL,NULL,NULL,NULL,NULL,NULL,NULL,NULL,NULL,NULL,NULL,NULL,NULL,NULL,NULL,NULL,NULL,NULL,NULL,NULL,NULL,NULL,NULL,NULL,NULL,NULL,NULL,NULL,NULL,NULL,NULL,NULL,NULL,NULL,NULL,NULL,NULL,NULL,NULL,NULL,NULL,NULL,NULL,NULL,NULL,NULL,NULL,NULL,NULL,NULL,NULL,NULL,NULL,NULL,NULL,NULL,NULL,NULL,NULL,NULL,NULL,NULL,NULL,NULL,NULL,NULL,NULL,NULL,NULL,NULL,NULL,NULL,NULL,NULL,NULL,NULL,NULL,NULL,NULL,NULL,NULL,NULL,NULL,NULL,NULL,NULL,NULL,NULL,NULL,NULL,NULL,NULL,NULL,NULL,NULL,NULL,NULL,NULL,NULL,NULL,NULL,NULL,NULL,NULL,NULL,NULL,NULL,NULL,NULL,NULL,NULL,NULL,NULL,NULL,NULL),(73,6,0,NULL,NULL,NULL,NULL,NULL,NULL,NULL,NULL,NULL,NULL,NULL,NULL,NULL,NULL,NULL,NULL,NULL,NULL,NULL,NULL,NULL,NULL,NULL,NULL,NULL,NULL,NULL,NULL,NULL,NULL,NULL,NULL,NULL,NULL,NULL,NULL,NULL,NULL,NULL,NULL,NULL,NULL,NULL,NULL,NULL,NULL,NULL,NULL,NULL,NULL,NULL,NULL,NULL,NULL,NULL,NULL,NULL,NULL,NULL,NULL,NULL,NULL,NULL,NULL,NULL,NULL,NULL,NULL,NULL,NULL,NULL,NULL,NULL,NULL,NULL,NULL,NULL,NULL,NULL,NULL,NULL,NULL,NULL,NULL,NULL,NULL,NULL,NULL,NULL,NULL,NULL,NULL,NULL,NULL,NULL,NULL,NULL,NULL,NULL,NULL,NULL,NULL,NULL,NULL,NULL,NULL,NULL,NULL,NULL,NULL,NULL,NULL,NULL,NULL,NULL,NULL,NULL,NULL,NULL,NULL,NULL,NULL,NULL,NULL,NULL,NULL,NULL,NULL,NULL,NULL,NULL,NULL,NULL,NULL,NULL,NULL,NULL,NULL,NULL,NULL,NULL,NULL,NULL,NULL,NULL,NULL,NULL,NULL,NULL,NULL,NULL,NULL,NULL,NULL,NULL,NULL,NULL,NULL,NULL,NULL,NULL,NULL,NULL,NULL,NULL,NULL,NULL,NULL,NULL,NULL,NULL,NULL,NULL,NULL,NULL,NULL,NULL,NULL,NULL,NULL,NULL,NULL,NULL,NULL,NULL,NULL,NULL,NULL,NULL,NULL,NULL,NULL,NULL,NULL,NULL,NULL,NULL,NULL,NULL,NULL,NULL,NULL,NULL,NULL,NULL,NULL,NULL,NULL,NULL,NULL,NULL,NULL,NULL,NULL,NULL,NULL,NULL,NULL,NULL,NULL,NULL,NULL,NULL,NULL,NULL,NULL,NULL,NULL,NULL,NULL,NULL,NULL,NULL,NULL,NULL,NULL,NULL,NULL,NULL,NULL,NULL,NULL,NULL,NULL,NULL,NULL,NULL,NULL,NULL,NULL,NULL,NULL,NULL,NULL,NULL,NULL,NULL,NULL,NULL,NULL,NULL,NULL,NULL,NULL,NULL,NULL,NULL,NULL,NULL,NULL,NULL,NULL,NULL,NULL,NULL,NULL,NULL,NULL,NULL,NULL,NULL,NULL,NULL,NULL,NULL,NULL,NULL,NULL,NULL,NULL,NULL,NULL,NULL,NULL,NULL,NULL,NULL,NULL,NULL,NULL,NULL,NULL,NULL,NULL,NULL,NULL,NULL,NULL,NULL,NULL,NULL,NULL,NULL,NULL,NULL,NULL,NULL,NULL,NULL,NULL,NULL,NULL,NULL,NULL),(74,6,0,NULL,NULL,NULL,NULL,NULL,NULL,NULL,NULL,NULL,NULL,NULL,NULL,NULL,NULL,NULL,NULL,NULL,NULL,NULL,NULL,NULL,NULL,NULL,NULL,NULL,NULL,NULL,NULL,NULL,NULL,NULL,NULL,NULL,NULL,NULL,NULL,NULL,NULL,NULL,NULL,NULL,NULL,NULL,NULL,NULL,NULL,NULL,NULL,NULL,NULL,NULL,NULL,NULL,NULL,NULL,NULL,NULL,NULL,NULL,NULL,NULL,NULL,NULL,NULL,NULL,NULL,NULL,NULL,NULL,NULL,NULL,NULL,NULL,NULL,NULL,NULL,NULL,NULL,NULL,NULL,NULL,NULL,NULL,NULL,NULL,NULL,NULL,NULL,NULL,NULL,NULL,NULL,NULL,NULL,NULL,NULL,NULL,NULL,NULL,NULL,NULL,NULL,NULL,NULL,NULL,NULL,NULL,NULL,NULL,NULL,NULL,NULL,NULL,NULL,NULL,NULL,NULL,NULL,NULL,NULL,NULL,NULL,NULL,NULL,NULL,NULL,NULL,NULL,NULL,NULL,NULL,NULL,NULL,NULL,NULL,NULL,NULL,NULL,NULL,NULL,NULL,NULL,NULL,NULL,NULL,NULL,NULL,NULL,NULL,NULL,NULL,NULL,NULL,NULL,NULL,NULL,NULL,NULL,NULL,NULL,NULL,NULL,NULL,NULL,NULL,NULL,NULL,NULL,NULL,NULL,NULL,NULL,NULL,NULL,NULL,NULL,NULL,NULL,NULL,NULL,NULL,NULL,NULL,NULL,NULL,NULL,NULL,NULL,NULL,NULL,NULL,NULL,NULL,NULL,NULL,NULL,NULL,NULL,NULL,NULL,NULL,NULL,NULL,NULL,NULL,NULL,NULL,NULL,NULL,NULL,NULL,NULL,NULL,NULL,NULL,NULL,NULL,NULL,NULL,NULL,NULL,NULL,NULL,NULL,NULL,NULL,NULL,NULL,NULL,NULL,NULL,NULL,NULL,NULL,NULL,NULL,NULL,NULL,NULL,NULL,NULL,NULL,NULL,NULL,NULL,NULL,NULL,NULL,NULL,NULL,NULL,NULL,NULL,NULL,NULL,NULL,NULL,NULL,NULL,NULL,NULL,NULL,NULL,NULL,NULL,NULL,NULL,NULL,NULL,NULL,NULL,NULL,NULL,NULL,NULL,NULL,NULL,NULL,NULL,NULL,NULL,NULL,NULL,NULL,NULL,NULL,NULL,NULL,NULL,NULL,NULL,NULL,NULL,NULL,NULL,NULL,NULL,NULL,NULL,NULL,NULL,NULL,NULL,NULL,NULL,NULL,NULL,NULL,NULL,NULL,NULL,NULL,NULL,NULL,NULL,NULL,NULL,NULL,NULL,NULL,NULL,NULL,NULL,NULL),(75,6,0,NULL,NULL,NULL,NULL,NULL,NULL,NULL,NULL,NULL,NULL,NULL,NULL,NULL,NULL,NULL,NULL,NULL,NULL,NULL,NULL,NULL,NULL,NULL,NULL,NULL,NULL,NULL,NULL,NULL,NULL,NULL,NULL,NULL,NULL,NULL,NULL,NULL,NULL,NULL,NULL,NULL,NULL,NULL,NULL,NULL,NULL,NULL,NULL,NULL,NULL,NULL,NULL,NULL,NULL,NULL,NULL,NULL,NULL,NULL,NULL,NULL,NULL,NULL,NULL,NULL,NULL,NULL,NULL,NULL,NULL,NULL,NULL,NULL,NULL,NULL,NULL,NULL,NULL,NULL,NULL,NULL,NULL,NULL,NULL,NULL,NULL,NULL,NULL,NULL,NULL,NULL,NULL,NULL,NULL,NULL,NULL,NULL,NULL,NULL,NULL,NULL,NULL,NULL,NULL,NULL,NULL,NULL,NULL,NULL,NULL,NULL,NULL,NULL,NULL,NULL,NULL,NULL,NULL,NULL,NULL,NULL,NULL,NULL,NULL,NULL,NULL,NULL,NULL,NULL,NULL,NULL,NULL,NULL,NULL,NULL,NULL,NULL,NULL,NULL,NULL,NULL,NULL,NULL,NULL,NULL,NULL,NULL,NULL,NULL,NULL,NULL,NULL,NULL,NULL,NULL,NULL,NULL,NULL,NULL,NULL,NULL,NULL,NULL,NULL,NULL,NULL,NULL,NULL,NULL,NULL,NULL,NULL,NULL,NULL,NULL,NULL,NULL,NULL,NULL,NULL,NULL,NULL,NULL,NULL,NULL,NULL,NULL,NULL,NULL,NULL,NULL,NULL,NULL,NULL,NULL,NULL,NULL,NULL,NULL,NULL,NULL,NULL,NULL,NULL,NULL,NULL,NULL,NULL,NULL,NULL,NULL,NULL,NULL,NULL,NULL,NULL,NULL,NULL,NULL,NULL,NULL,NULL,NULL,NULL,NULL,NULL,NULL,NULL,NULL,NULL,NULL,NULL,NULL,NULL,NULL,NULL,NULL,NULL,NULL,NULL,NULL,NULL,NULL,NULL,NULL,NULL,NULL,NULL,NULL,NULL,NULL,NULL,NULL,NULL,NULL,NULL,NULL,NULL,NULL,NULL,NULL,NULL,NULL,NULL,NULL,NULL,NULL,NULL,NULL,NULL,NULL,NULL,NULL,NULL,NULL,NULL,NULL,NULL,NULL,NULL,NULL,NULL,NULL,NULL,NULL,NULL,NULL,NULL,NULL,NULL,NULL,NULL,NULL,NULL,NULL,NULL,NULL,NULL,NULL,NULL,NULL,NULL,NULL,NULL,NULL,NULL,NULL,NULL,NULL,NULL,NULL,NULL,NULL,NULL,NULL,NULL,NULL,NULL,NULL,NULL,NULL,NULL,NULL,NULL),(76,6,0,NULL,NULL,NULL,NULL,NULL,NULL,NULL,NULL,NULL,NULL,NULL,NULL,NULL,NULL,NULL,NULL,NULL,NULL,NULL,NULL,NULL,NULL,NULL,NULL,NULL,NULL,NULL,NULL,NULL,NULL,NULL,NULL,NULL,NULL,NULL,NULL,NULL,NULL,NULL,NULL,NULL,NULL,NULL,NULL,NULL,NULL,NULL,NULL,NULL,NULL,NULL,NULL,NULL,NULL,NULL,NULL,NULL,NULL,NULL,NULL,NULL,NULL,NULL,NULL,NULL,NULL,NULL,NULL,NULL,NULL,NULL,NULL,NULL,NULL,NULL,NULL,NULL,NULL,NULL,NULL,NULL,NULL,NULL,NULL,NULL,NULL,NULL,NULL,NULL,NULL,NULL,NULL,NULL,NULL,NULL,NULL,NULL,NULL,NULL,NULL,NULL,NULL,NULL,NULL,NULL,NULL,NULL,NULL,NULL,NULL,NULL,NULL,NULL,NULL,NULL,NULL,NULL,NULL,NULL,NULL,NULL,NULL,NULL,NULL,NULL,NULL,NULL,NULL,NULL,NULL,NULL,NULL,NULL,NULL,NULL,NULL,NULL,NULL,NULL,NULL,NULL,NULL,NULL,NULL,NULL,NULL,NULL,NULL,NULL,NULL,NULL,NULL,NULL,NULL,NULL,NULL,NULL,NULL,NULL,NULL,NULL,NULL,NULL,NULL,NULL,NULL,NULL,NULL,NULL,NULL,NULL,NULL,NULL,NULL,NULL,NULL,NULL,NULL,NULL,NULL,NULL,NULL,NULL,NULL,NULL,NULL,NULL,NULL,NULL,NULL,NULL,NULL,NULL,NULL,NULL,NULL,NULL,NULL,NULL,NULL,NULL,NULL,NULL,NULL,NULL,NULL,NULL,NULL,NULL,NULL,NULL,NULL,NULL,NULL,NULL,NULL,NULL,NULL,NULL,NULL,NULL,NULL,NULL,NULL,NULL,NULL,NULL,NULL,NULL,NULL,NULL,NULL,NULL,NULL,NULL,NULL,NULL,NULL,NULL,NULL,NULL,NULL,NULL,NULL,NULL,NULL,NULL,NULL,NULL,NULL,NULL,NULL,NULL,NULL,NULL,NULL,NULL,NULL,NULL,NULL,NULL,NULL,NULL,NULL,NULL,NULL,NULL,NULL,NULL,NULL,NULL,NULL,NULL,NULL,NULL,NULL,NULL,NULL,NULL,NULL,NULL,NULL,NULL,NULL,NULL,NULL,NULL,NULL,NULL,NULL,NULL,NULL,NULL,NULL,NULL,NULL,NULL,NULL,NULL,NULL,NULL,NULL,NULL,NULL,NULL,NULL,NULL,NULL,NULL,NULL,NULL,NULL,NULL,NULL,NULL,NULL,NULL,NULL,NULL,NULL,NULL,NULL,NULL,NULL),(77,6,0,NULL,NULL,NULL,NULL,NULL,NULL,NULL,NULL,NULL,NULL,NULL,NULL,NULL,NULL,NULL,NULL,NULL,NULL,NULL,NULL,NULL,NULL,NULL,NULL,NULL,NULL,NULL,NULL,NULL,NULL,NULL,NULL,NULL,NULL,NULL,NULL,NULL,NULL,NULL,NULL,NULL,NULL,NULL,NULL,NULL,NULL,NULL,NULL,NULL,NULL,NULL,NULL,NULL,NULL,NULL,NULL,NULL,NULL,NULL,NULL,NULL,NULL,NULL,NULL,NULL,NULL,NULL,NULL,NULL,NULL,NULL,NULL,NULL,NULL,NULL,NULL,NULL,NULL,NULL,NULL,NULL,NULL,NULL,NULL,NULL,NULL,NULL,NULL,NULL,NULL,NULL,NULL,NULL,NULL,NULL,NULL,NULL,NULL,NULL,NULL,NULL,NULL,NULL,NULL,NULL,NULL,NULL,NULL,NULL,NULL,NULL,NULL,NULL,NULL,NULL,NULL,NULL,NULL,NULL,NULL,NULL,NULL,NULL,NULL,NULL,NULL,NULL,NULL,NULL,NULL,NULL,NULL,NULL,NULL,NULL,NULL,NULL,NULL,NULL,NULL,NULL,NULL,NULL,NULL,NULL,NULL,NULL,NULL,NULL,NULL,NULL,NULL,NULL,NULL,NULL,NULL,NULL,NULL,NULL,NULL,NULL,NULL,NULL,NULL,NULL,NULL,NULL,NULL,NULL,NULL,NULL,NULL,NULL,NULL,NULL,NULL,NULL,NULL,NULL,NULL,NULL,NULL,NULL,NULL,NULL,NULL,NULL,NULL,NULL,NULL,NULL,NULL,NULL,NULL,NULL,NULL,NULL,NULL,NULL,NULL,NULL,NULL,NULL,NULL,NULL,NULL,NULL,NULL,NULL,NULL,NULL,NULL,NULL,NULL,NULL,NULL,NULL,NULL,NULL,NULL,NULL,NULL,NULL,NULL,NULL,NULL,NULL,NULL,NULL,NULL,NULL,NULL,NULL,NULL,NULL,NULL,NULL,NULL,NULL,NULL,NULL,NULL,NULL,NULL,NULL,NULL,NULL,NULL,NULL,NULL,NULL,NULL,NULL,NULL,NULL,NULL,NULL,NULL,NULL,NULL,NULL,NULL,NULL,NULL,NULL,NULL,NULL,NULL,NULL,NULL,NULL,NULL,NULL,NULL,NULL,NULL,NULL,NULL,NULL,NULL,NULL,NULL,NULL,NULL,NULL,NULL,NULL,NULL,NULL,NULL,NULL,NULL,NULL,NULL,NULL,NULL,NULL,NULL,NULL,NULL,NULL,NULL,NULL,NULL,NULL,NULL,NULL,NULL,NULL,NULL,NULL,NULL,NULL,NULL,NULL,NULL,NULL,NULL,NULL,NULL,NULL,NULL,NULL,NULL),(78,6,0,NULL,NULL,NULL,NULL,NULL,NULL,NULL,NULL,NULL,NULL,NULL,NULL,NULL,NULL,NULL,NULL,NULL,NULL,NULL,NULL,NULL,NULL,NULL,NULL,NULL,NULL,NULL,NULL,NULL,NULL,NULL,NULL,NULL,NULL,NULL,NULL,NULL,NULL,NULL,NULL,NULL,NULL,NULL,NULL,NULL,NULL,NULL,NULL,NULL,NULL,NULL,NULL,NULL,NULL,NULL,NULL,NULL,NULL,NULL,NULL,NULL,NULL,NULL,NULL,NULL,NULL,NULL,NULL,NULL,NULL,NULL,NULL,NULL,NULL,NULL,NULL,NULL,NULL,NULL,NULL,NULL,NULL,NULL,NULL,NULL,NULL,NULL,NULL,NULL,NULL,NULL,NULL,NULL,NULL,NULL,NULL,NULL,NULL,NULL,NULL,NULL,NULL,NULL,NULL,NULL,NULL,NULL,NULL,NULL,NULL,NULL,NULL,NULL,NULL,NULL,NULL,NULL,NULL,NULL,NULL,NULL,NULL,NULL,NULL,NULL,NULL,NULL,NULL,NULL,NULL,NULL,NULL,NULL,NULL,NULL,NULL,NULL,NULL,NULL,NULL,NULL,NULL,NULL,NULL,NULL,NULL,NULL,NULL,NULL,NULL,NULL,NULL,NULL,NULL,NULL,NULL,NULL,NULL,NULL,NULL,NULL,NULL,NULL,NULL,NULL,NULL,NULL,NULL,NULL,NULL,NULL,NULL,NULL,NULL,NULL,NULL,NULL,NULL,NULL,NULL,NULL,NULL,NULL,NULL,NULL,NULL,NULL,NULL,NULL,NULL,NULL,NULL,NULL,NULL,NULL,NULL,NULL,NULL,NULL,NULL,NULL,NULL,NULL,NULL,NULL,NULL,NULL,NULL,NULL,NULL,NULL,NULL,NULL,NULL,NULL,NULL,NULL,NULL,NULL,NULL,NULL,NULL,NULL,NULL,NULL,NULL,NULL,NULL,NULL,NULL,NULL,NULL,NULL,NULL,NULL,NULL,NULL,NULL,NULL,NULL,NULL,NULL,NULL,NULL,NULL,NULL,NULL,NULL,NULL,NULL,NULL,NULL,NULL,NULL,NULL,NULL,NULL,NULL,NULL,NULL,NULL,NULL,NULL,NULL,NULL,NULL,NULL,NULL,NULL,NULL,NULL,NULL,NULL,NULL,NULL,NULL,NULL,NULL,NULL,NULL,NULL,NULL,NULL,NULL,NULL,NULL,NULL,NULL,NULL,NULL,NULL,NULL,NULL,NULL,NULL,NULL,NULL,NULL,NULL,NULL,NULL,NULL,NULL,NULL,NULL,NULL,NULL,NULL,NULL,NULL,NULL,NULL,NULL,NULL,NULL,NULL,NULL,NULL,NULL,NULL,NULL,NULL,NULL,NULL),(79,6,0,NULL,NULL,NULL,NULL,NULL,NULL,NULL,NULL,NULL,NULL,NULL,NULL,NULL,NULL,NULL,NULL,NULL,NULL,NULL,NULL,NULL,NULL,NULL,NULL,NULL,NULL,NULL,NULL,NULL,NULL,NULL,NULL,NULL,NULL,NULL,NULL,NULL,NULL,NULL,NULL,NULL,NULL,NULL,NULL,NULL,NULL,NULL,NULL,NULL,NULL,NULL,NULL,NULL,NULL,NULL,NULL,NULL,NULL,NULL,NULL,NULL,NULL,NULL,NULL,NULL,NULL,NULL,NULL,NULL,NULL,NULL,NULL,NULL,NULL,NULL,NULL,NULL,NULL,NULL,NULL,NULL,NULL,NULL,NULL,NULL,NULL,NULL,NULL,NULL,NULL,NULL,NULL,NULL,NULL,NULL,NULL,NULL,NULL,NULL,NULL,NULL,NULL,NULL,NULL,NULL,NULL,NULL,NULL,NULL,NULL,NULL,NULL,NULL,NULL,NULL,NULL,NULL,NULL,NULL,NULL,NULL,NULL,NULL,NULL,NULL,NULL,NULL,NULL,NULL,NULL,NULL,NULL,NULL,NULL,NULL,NULL,NULL,NULL,NULL,NULL,NULL,NULL,NULL,NULL,NULL,NULL,NULL,NULL,NULL,NULL,NULL,NULL,NULL,NULL,NULL,NULL,NULL,NULL,NULL,NULL,NULL,NULL,NULL,NULL,NULL,NULL,NULL,NULL,NULL,NULL,NULL,NULL,NULL,NULL,NULL,NULL,NULL,NULL,NULL,NULL,NULL,NULL,NULL,NULL,NULL,NULL,NULL,NULL,NULL,NULL,NULL,NULL,NULL,NULL,NULL,NULL,NULL,NULL,NULL,NULL,NULL,NULL,NULL,NULL,NULL,NULL,NULL,NULL,NULL,NULL,NULL,NULL,NULL,NULL,NULL,NULL,NULL,NULL,NULL,NULL,NULL,NULL,NULL,NULL,NULL,NULL,NULL,NULL,NULL,NULL,NULL,NULL,NULL,NULL,NULL,NULL,NULL,NULL,NULL,NULL,NULL,NULL,NULL,NULL,NULL,NULL,NULL,NULL,NULL,NULL,NULL,NULL,NULL,NULL,NULL,NULL,NULL,NULL,NULL,NULL,NULL,NULL,NULL,NULL,NULL,NULL,NULL,NULL,NULL,NULL,NULL,NULL,NULL,NULL,NULL,NULL,NULL,NULL,NULL,NULL,NULL,NULL,NULL,NULL,NULL,NULL,NULL,NULL,NULL,NULL,NULL,NULL,NULL,NULL,NULL,NULL,NULL,NULL,NULL,NULL,NULL,NULL,NULL,NULL,NULL,NULL,NULL,NULL,NULL,NULL,NULL,NULL,NULL,NULL,NULL,NULL,NULL,NULL,NULL,NULL,NULL,NULL,NULL,NULL),(80,6,0,NULL,NULL,NULL,NULL,NULL,NULL,NULL,NULL,NULL,NULL,NULL,NULL,NULL,NULL,NULL,NULL,NULL,NULL,NULL,NULL,NULL,NULL,NULL,NULL,NULL,NULL,NULL,NULL,NULL,NULL,NULL,NULL,NULL,NULL,NULL,NULL,NULL,NULL,NULL,NULL,NULL,NULL,NULL,NULL,NULL,NULL,NULL,NULL,NULL,NULL,NULL,NULL,NULL,NULL,NULL,NULL,NULL,NULL,NULL,NULL,NULL,NULL,NULL,NULL,NULL,NULL,NULL,NULL,NULL,NULL,NULL,NULL,NULL,NULL,NULL,NULL,NULL,NULL,NULL,NULL,NULL,NULL,NULL,NULL,NULL,NULL,NULL,NULL,NULL,NULL,NULL,NULL,NULL,NULL,NULL,NULL,NULL,NULL,NULL,NULL,NULL,NULL,NULL,NULL,NULL,NULL,NULL,NULL,NULL,NULL,NULL,NULL,NULL,NULL,NULL,NULL,NULL,NULL,NULL,NULL,NULL,NULL,NULL,NULL,NULL,NULL,NULL,NULL,NULL,NULL,NULL,NULL,NULL,NULL,NULL,NULL,NULL,NULL,NULL,NULL,NULL,NULL,NULL,NULL,NULL,NULL,NULL,NULL,NULL,NULL,NULL,NULL,NULL,NULL,NULL,NULL,NULL,NULL,NULL,NULL,NULL,NULL,NULL,NULL,NULL,NULL,NULL,NULL,NULL,NULL,NULL,NULL,NULL,NULL,NULL,NULL,NULL,NULL,NULL,NULL,NULL,NULL,NULL,NULL,NULL,NULL,NULL,NULL,NULL,NULL,NULL,NULL,NULL,NULL,NULL,NULL,NULL,NULL,NULL,NULL,NULL,NULL,NULL,NULL,NULL,NULL,NULL,NULL,NULL,NULL,NULL,NULL,NULL,NULL,NULL,NULL,NULL,NULL,NULL,NULL,NULL,NULL,NULL,NULL,NULL,NULL,NULL,NULL,NULL,NULL,NULL,NULL,NULL,NULL,NULL,NULL,NULL,NULL,NULL,NULL,NULL,NULL,NULL,NULL,NULL,NULL,NULL,NULL,NULL,NULL,NULL,NULL,NULL,NULL,NULL,NULL,NULL,NULL,NULL,NULL,NULL,NULL,NULL,NULL,NULL,NULL,NULL,NULL,NULL,NULL,NULL,NULL,NULL,NULL,NULL,NULL,NULL,NULL,NULL,NULL,NULL,NULL,NULL,NULL,NULL,NULL,NULL,NULL,NULL,NULL,NULL,NULL,NULL,NULL,NULL,NULL,NULL,NULL,NULL,NULL,NULL,NULL,NULL,NULL,NULL,NULL,NULL,NULL,NULL,NULL,NULL,NULL,NULL,NULL,NULL,NULL,NULL,NULL,NULL,NULL,NULL,NULL,NULL,NULL),(81,6,0,NULL,NULL,NULL,NULL,NULL,NULL,NULL,NULL,NULL,NULL,NULL,NULL,NULL,NULL,NULL,NULL,NULL,NULL,NULL,NULL,NULL,NULL,NULL,NULL,NULL,NULL,NULL,NULL,NULL,NULL,NULL,NULL,NULL,NULL,NULL,NULL,NULL,NULL,NULL,NULL,NULL,NULL,NULL,NULL,NULL,NULL,NULL,NULL,NULL,NULL,NULL,NULL,NULL,NULL,NULL,NULL,NULL,NULL,NULL,NULL,NULL,NULL,NULL,NULL,NULL,NULL,NULL,NULL,NULL,NULL,NULL,NULL,NULL,NULL,NULL,NULL,NULL,NULL,NULL,NULL,NULL,NULL,NULL,NULL,NULL,NULL,NULL,NULL,NULL,NULL,NULL,NULL,NULL,NULL,NULL,NULL,NULL,NULL,NULL,NULL,NULL,NULL,NULL,NULL,NULL,NULL,NULL,NULL,NULL,NULL,NULL,NULL,NULL,NULL,NULL,NULL,NULL,NULL,NULL,NULL,NULL,NULL,NULL,NULL,NULL,NULL,NULL,NULL,NULL,NULL,NULL,NULL,NULL,NULL,NULL,NULL,NULL,NULL,NULL,NULL,NULL,NULL,NULL,NULL,NULL,NULL,NULL,NULL,NULL,NULL,NULL,NULL,NULL,NULL,NULL,NULL,NULL,NULL,NULL,NULL,NULL,NULL,NULL,NULL,NULL,NULL,NULL,NULL,NULL,NULL,NULL,NULL,NULL,NULL,NULL,NULL,NULL,NULL,NULL,NULL,NULL,NULL,NULL,NULL,NULL,NULL,NULL,NULL,NULL,NULL,NULL,NULL,NULL,NULL,NULL,NULL,NULL,NULL,NULL,NULL,NULL,NULL,NULL,NULL,NULL,NULL,NULL,NULL,NULL,NULL,NULL,NULL,NULL,NULL,NULL,NULL,NULL,NULL,NULL,NULL,NULL,NULL,NULL,NULL,NULL,NULL,NULL,NULL,NULL,NULL,NULL,NULL,NULL,NULL,NULL,NULL,NULL,NULL,NULL,NULL,NULL,NULL,NULL,NULL,NULL,NULL,NULL,NULL,NULL,NULL,NULL,NULL,NULL,NULL,NULL,NULL,NULL,NULL,NULL,NULL,NULL,NULL,NULL,NULL,NULL,NULL,NULL,NULL,NULL,NULL,NULL,NULL,NULL,NULL,NULL,NULL,NULL,NULL,NULL,NULL,NULL,NULL,NULL,NULL,NULL,NULL,NULL,NULL,NULL,NULL,NULL,NULL,NULL,NULL,NULL,NULL,NULL,NULL,NULL,NULL,NULL,NULL,NULL,NULL,NULL,NULL,NULL,NULL,NULL,NULL,NULL,NULL,NULL,NULL,NULL,NULL,NULL,NULL,NULL,NULL,NULL,NULL,NULL,NULL),(82,6,0,NULL,NULL,NULL,NULL,NULL,NULL,NULL,NULL,NULL,NULL,NULL,NULL,NULL,NULL,NULL,NULL,NULL,NULL,NULL,NULL,NULL,NULL,NULL,NULL,NULL,NULL,NULL,NULL,NULL,NULL,NULL,NULL,NULL,NULL,NULL,NULL,NULL,NULL,NULL,NULL,NULL,NULL,NULL,NULL,NULL,NULL,NULL,NULL,NULL,NULL,NULL,NULL,NULL,NULL,NULL,NULL,NULL,NULL,NULL,NULL,NULL,NULL,NULL,NULL,NULL,NULL,NULL,NULL,NULL,NULL,NULL,NULL,NULL,NULL,NULL,NULL,NULL,NULL,NULL,NULL,NULL,NULL,NULL,NULL,NULL,NULL,NULL,NULL,NULL,NULL,NULL,NULL,NULL,NULL,NULL,NULL,NULL,NULL,NULL,NULL,NULL,NULL,NULL,NULL,NULL,NULL,NULL,NULL,NULL,NULL,NULL,NULL,NULL,NULL,NULL,NULL,NULL,NULL,NULL,NULL,NULL,NULL,NULL,NULL,NULL,NULL,NULL,NULL,NULL,NULL,NULL,NULL,NULL,NULL,NULL,NULL,NULL,NULL,NULL,NULL,NULL,NULL,NULL,NULL,NULL,NULL,NULL,NULL,NULL,NULL,NULL,NULL,NULL,NULL,NULL,NULL,NULL,NULL,NULL,NULL,NULL,NULL,NULL,NULL,NULL,NULL,NULL,NULL,NULL,NULL,NULL,NULL,NULL,NULL,NULL,NULL,NULL,NULL,NULL,NULL,NULL,NULL,NULL,NULL,NULL,NULL,NULL,NULL,NULL,NULL,NULL,NULL,NULL,NULL,NULL,NULL,NULL,NULL,NULL,NULL,NULL,NULL,NULL,NULL,NULL,NULL,NULL,NULL,NULL,NULL,NULL,NULL,NULL,NULL,NULL,NULL,NULL,NULL,NULL,NULL,NULL,NULL,NULL,NULL,NULL,NULL,NULL,NULL,NULL,NULL,NULL,NULL,NULL,NULL,NULL,NULL,NULL,NULL,NULL,NULL,NULL,NULL,NULL,NULL,NULL,NULL,NULL,NULL,NULL,NULL,NULL,NULL,NULL,NULL,NULL,NULL,NULL,NULL,NULL,NULL,NULL,NULL,NULL,NULL,NULL,NULL,NULL,NULL,NULL,NULL,NULL,NULL,NULL,NULL,NULL,NULL,NULL,NULL,NULL,NULL,NULL,NULL,NULL,NULL,NULL,NULL,NULL,NULL,NULL,NULL,NULL,NULL,NULL,NULL,NULL,NULL,NULL,NULL,NULL,NULL,NULL,NULL,NULL,NULL,NULL,NULL,NULL,NULL,NULL,NULL,NULL,NULL,NULL,NULL,NULL,NULL,NULL,NULL,NULL,NULL,NULL,NULL,NULL,NULL),(83,6,0,NULL,NULL,NULL,NULL,NULL,NULL,NULL,NULL,NULL,NULL,NULL,NULL,NULL,NULL,NULL,NULL,NULL,NULL,NULL,NULL,NULL,NULL,NULL,NULL,NULL,NULL,NULL,NULL,NULL,NULL,NULL,NULL,NULL,NULL,NULL,NULL,NULL,NULL,NULL,NULL,NULL,NULL,NULL,NULL,NULL,NULL,NULL,NULL,NULL,NULL,NULL,NULL,NULL,NULL,NULL,NULL,NULL,NULL,NULL,NULL,NULL,NULL,NULL,NULL,NULL,NULL,NULL,NULL,NULL,NULL,NULL,NULL,NULL,NULL,NULL,NULL,NULL,NULL,NULL,NULL,NULL,NULL,NULL,NULL,NULL,NULL,NULL,NULL,NULL,NULL,NULL,NULL,NULL,NULL,NULL,NULL,NULL,NULL,NULL,NULL,NULL,NULL,NULL,NULL,NULL,NULL,NULL,NULL,NULL,NULL,NULL,NULL,NULL,NULL,NULL,NULL,NULL,NULL,NULL,NULL,NULL,NULL,NULL,NULL,NULL,NULL,NULL,NULL,NULL,NULL,NULL,NULL,NULL,NULL,NULL,NULL,NULL,NULL,NULL,NULL,NULL,NULL,NULL,NULL,NULL,NULL,NULL,NULL,NULL,NULL,NULL,NULL,NULL,NULL,NULL,NULL,NULL,NULL,NULL,NULL,NULL,NULL,NULL,NULL,NULL,NULL,NULL,NULL,NULL,NULL,NULL,NULL,NULL,NULL,NULL,NULL,NULL,NULL,NULL,NULL,NULL,NULL,NULL,NULL,NULL,NULL,NULL,NULL,NULL,NULL,NULL,NULL,NULL,NULL,NULL,NULL,NULL,NULL,NULL,NULL,NULL,NULL,NULL,NULL,NULL,NULL,NULL,NULL,NULL,NULL,NULL,NULL,NULL,NULL,NULL,NULL,NULL,NULL,NULL,NULL,NULL,NULL,NULL,NULL,NULL,NULL,NULL,NULL,NULL,NULL,NULL,NULL,NULL,NULL,NULL,NULL,NULL,NULL,NULL,NULL,NULL,NULL,NULL,NULL,NULL,NULL,NULL,NULL,NULL,NULL,NULL,NULL,NULL,NULL,NULL,NULL,NULL,NULL,NULL,NULL,NULL,NULL,NULL,NULL,NULL,NULL,NULL,NULL,NULL,NULL,NULL,NULL,NULL,NULL,NULL,NULL,NULL,NULL,NULL,NULL,NULL,NULL,NULL,NULL,NULL,NULL,NULL,NULL,NULL,NULL,NULL,NULL,NULL,NULL,NULL,NULL,NULL,NULL,NULL,NULL,NULL,NULL,NULL,NULL,NULL,NULL,NULL,NULL,NULL,NULL,NULL,NULL,NULL,NULL,NULL,NULL,NULL,NULL,NULL,NULL,NULL,NULL,NULL,NULL),(84,6,0,NULL,NULL,NULL,NULL,NULL,NULL,NULL,NULL,NULL,NULL,NULL,NULL,NULL,NULL,NULL,NULL,NULL,NULL,NULL,NULL,NULL,NULL,NULL,NULL,NULL,NULL,NULL,NULL,NULL,NULL,NULL,NULL,NULL,NULL,NULL,NULL,NULL,NULL,NULL,NULL,NULL,NULL,NULL,NULL,NULL,NULL,NULL,NULL,NULL,NULL,NULL,NULL,NULL,NULL,NULL,NULL,NULL,NULL,NULL,NULL,NULL,NULL,NULL,NULL,NULL,NULL,NULL,NULL,NULL,NULL,NULL,NULL,NULL,NULL,NULL,NULL,NULL,NULL,NULL,NULL,NULL,NULL,NULL,NULL,NULL,NULL,NULL,NULL,NULL,NULL,NULL,NULL,NULL,NULL,NULL,NULL,NULL,NULL,NULL,NULL,NULL,NULL,NULL,NULL,NULL,NULL,NULL,NULL,NULL,NULL,NULL,NULL,NULL,NULL,NULL,NULL,NULL,NULL,NULL,NULL,NULL,NULL,NULL,NULL,NULL,NULL,NULL,NULL,NULL,NULL,NULL,NULL,NULL,NULL,NULL,NULL,NULL,NULL,NULL,NULL,NULL,NULL,NULL,NULL,NULL,NULL,NULL,NULL,NULL,NULL,NULL,NULL,NULL,NULL,NULL,NULL,NULL,NULL,NULL,NULL,NULL,NULL,NULL,NULL,NULL,NULL,NULL,NULL,NULL,NULL,NULL,NULL,NULL,NULL,NULL,NULL,NULL,NULL,NULL,NULL,NULL,NULL,NULL,NULL,NULL,NULL,NULL,NULL,NULL,NULL,NULL,NULL,NULL,NULL,NULL,NULL,NULL,NULL,NULL,NULL,NULL,NULL,NULL,NULL,NULL,NULL,NULL,NULL,NULL,NULL,NULL,NULL,NULL,NULL,NULL,NULL,NULL,NULL,NULL,NULL,NULL,NULL,NULL,NULL,NULL,NULL,NULL,NULL,NULL,NULL,NULL,NULL,NULL,NULL,NULL,NULL,NULL,NULL,NULL,NULL,NULL,NULL,NULL,NULL,NULL,NULL,NULL,NULL,NULL,NULL,NULL,NULL,NULL,NULL,NULL,NULL,NULL,NULL,NULL,NULL,NULL,NULL,NULL,NULL,NULL,NULL,NULL,NULL,NULL,NULL,NULL,NULL,NULL,NULL,NULL,NULL,NULL,NULL,NULL,NULL,NULL,NULL,NULL,NULL,NULL,NULL,NULL,NULL,NULL,NULL,NULL,NULL,NULL,NULL,NULL,NULL,NULL,NULL,NULL,NULL,NULL,NULL,NULL,NULL,NULL,NULL,NULL,NULL,NULL,NULL,NULL,NULL,NULL,NULL,NULL,NULL,NULL,NULL,NULL,NULL,NULL,NULL,NULL,NULL),(85,6,0,NULL,NULL,NULL,NULL,NULL,NULL,NULL,NULL,NULL,NULL,NULL,NULL,NULL,NULL,NULL,NULL,NULL,NULL,NULL,NULL,NULL,NULL,NULL,NULL,NULL,NULL,NULL,NULL,NULL,NULL,NULL,NULL,NULL,NULL,NULL,NULL,NULL,NULL,NULL,NULL,NULL,NULL,NULL,NULL,NULL,NULL,NULL,NULL,NULL,NULL,NULL,NULL,NULL,NULL,NULL,NULL,NULL,NULL,NULL,NULL,NULL,NULL,NULL,NULL,NULL,NULL,NULL,NULL,NULL,NULL,NULL,NULL,NULL,NULL,NULL,NULL,NULL,NULL,NULL,NULL,NULL,NULL,NULL,NULL,NULL,NULL,NULL,NULL,NULL,NULL,NULL,NULL,NULL,NULL,NULL,NULL,NULL,NULL,NULL,NULL,NULL,NULL,NULL,NULL,NULL,NULL,NULL,NULL,NULL,NULL,NULL,NULL,NULL,NULL,NULL,NULL,NULL,NULL,NULL,NULL,NULL,NULL,NULL,NULL,NULL,NULL,NULL,NULL,NULL,NULL,NULL,NULL,NULL,NULL,NULL,NULL,NULL,NULL,NULL,NULL,NULL,NULL,NULL,NULL,NULL,NULL,NULL,NULL,NULL,NULL,NULL,NULL,NULL,NULL,NULL,NULL,NULL,NULL,NULL,NULL,NULL,NULL,NULL,NULL,NULL,NULL,NULL,NULL,NULL,NULL,NULL,NULL,NULL,NULL,NULL,NULL,NULL,NULL,NULL,NULL,NULL,NULL,NULL,NULL,NULL,NULL,NULL,NULL,NULL,NULL,NULL,NULL,NULL,NULL,NULL,NULL,NULL,NULL,NULL,NULL,NULL,NULL,NULL,NULL,NULL,NULL,NULL,NULL,NULL,NULL,NULL,NULL,NULL,NULL,NULL,NULL,NULL,NULL,NULL,NULL,NULL,NULL,NULL,NULL,NULL,NULL,NULL,NULL,NULL,NULL,NULL,NULL,NULL,NULL,NULL,NULL,NULL,NULL,NULL,NULL,NULL,NULL,NULL,NULL,NULL,NULL,NULL,NULL,NULL,NULL,NULL,NULL,NULL,NULL,NULL,NULL,NULL,NULL,NULL,NULL,NULL,NULL,NULL,NULL,NULL,NULL,NULL,NULL,NULL,NULL,NULL,NULL,NULL,NULL,NULL,NULL,NULL,NULL,NULL,NULL,NULL,NULL,NULL,NULL,NULL,NULL,NULL,NULL,NULL,NULL,NULL,NULL,NULL,NULL,NULL,NULL,NULL,NULL,NULL,NULL,NULL,NULL,NULL,NULL,NULL,NULL,NULL,NULL,NULL,NULL,NULL,NULL,NULL,NULL,NULL,NULL,NULL,NULL,NULL,NULL,NULL,NULL,NULL,NULL),(86,6,0,NULL,NULL,NULL,NULL,NULL,NULL,NULL,NULL,NULL,NULL,NULL,NULL,NULL,NULL,NULL,NULL,NULL,NULL,NULL,NULL,NULL,NULL,NULL,NULL,NULL,NULL,NULL,NULL,NULL,NULL,NULL,NULL,NULL,NULL,NULL,NULL,NULL,NULL,NULL,NULL,NULL,NULL,NULL,NULL,NULL,NULL,NULL,NULL,NULL,NULL,NULL,NULL,NULL,NULL,NULL,NULL,NULL,NULL,NULL,NULL,NULL,NULL,NULL,NULL,NULL,NULL,NULL,NULL,NULL,NULL,NULL,NULL,NULL,NULL,NULL,NULL,NULL,NULL,NULL,NULL,NULL,NULL,NULL,NULL,NULL,NULL,NULL,NULL,NULL,NULL,NULL,NULL,NULL,NULL,NULL,NULL,NULL,NULL,NULL,NULL,NULL,NULL,NULL,NULL,NULL,NULL,NULL,NULL,NULL,NULL,NULL,NULL,NULL,NULL,NULL,NULL,NULL,NULL,NULL,NULL,NULL,NULL,NULL,NULL,NULL,NULL,NULL,NULL,NULL,NULL,NULL,NULL,NULL,NULL,NULL,NULL,NULL,NULL,NULL,NULL,NULL,NULL,NULL,NULL,NULL,NULL,NULL,NULL,NULL,NULL,NULL,NULL,NULL,NULL,NULL,NULL,NULL,NULL,NULL,NULL,NULL,NULL,NULL,NULL,NULL,NULL,NULL,NULL,NULL,NULL,NULL,NULL,NULL,NULL,NULL,NULL,NULL,NULL,NULL,NULL,NULL,NULL,NULL,NULL,NULL,NULL,NULL,NULL,NULL,NULL,NULL,NULL,NULL,NULL,NULL,NULL,NULL,NULL,NULL,NULL,NULL,NULL,NULL,NULL,NULL,NULL,NULL,NULL,NULL,NULL,NULL,NULL,NULL,NULL,NULL,NULL,NULL,NULL,NULL,NULL,NULL,NULL,NULL,NULL,NULL,NULL,NULL,NULL,NULL,NULL,NULL,NULL,NULL,NULL,NULL,NULL,NULL,NULL,NULL,NULL,NULL,NULL,NULL,NULL,NULL,NULL,NULL,NULL,NULL,NULL,NULL,NULL,NULL,NULL,NULL,NULL,NULL,NULL,NULL,NULL,NULL,NULL,NULL,NULL,NULL,NULL,NULL,NULL,NULL,NULL,NULL,NULL,NULL,NULL,NULL,NULL,NULL,NULL,NULL,NULL,NULL,NULL,NULL,NULL,NULL,NULL,NULL,NULL,NULL,NULL,NULL,NULL,NULL,NULL,NULL,NULL,NULL,NULL,NULL,NULL,NULL,NULL,NULL,NULL,NULL,NULL,NULL,NULL,NULL,NULL,NULL,NULL,NULL,NULL,NULL,NULL,NULL,NULL,NULL,NULL,NULL,NULL,NULL,NULL),(87,6,0,NULL,NULL,NULL,NULL,NULL,NULL,NULL,NULL,NULL,NULL,NULL,NULL,NULL,NULL,NULL,NULL,NULL,NULL,NULL,NULL,NULL,NULL,NULL,NULL,NULL,NULL,NULL,NULL,NULL,NULL,NULL,NULL,NULL,NULL,NULL,NULL,NULL,NULL,NULL,NULL,NULL,NULL,NULL,NULL,NULL,NULL,NULL,NULL,NULL,NULL,NULL,NULL,NULL,NULL,NULL,NULL,NULL,NULL,NULL,NULL,NULL,NULL,NULL,NULL,NULL,NULL,NULL,NULL,NULL,NULL,NULL,NULL,NULL,NULL,NULL,NULL,NULL,NULL,NULL,NULL,NULL,NULL,NULL,NULL,NULL,NULL,NULL,NULL,NULL,NULL,NULL,NULL,NULL,NULL,NULL,NULL,NULL,NULL,NULL,NULL,NULL,NULL,NULL,NULL,NULL,NULL,NULL,NULL,NULL,NULL,NULL,NULL,NULL,NULL,NULL,NULL,NULL,NULL,NULL,NULL,NULL,NULL,NULL,NULL,NULL,NULL,NULL,NULL,NULL,NULL,NULL,NULL,NULL,NULL,NULL,NULL,NULL,NULL,NULL,NULL,NULL,NULL,NULL,NULL,NULL,NULL,NULL,NULL,NULL,NULL,NULL,NULL,NULL,NULL,NULL,NULL,NULL,NULL,NULL,NULL,NULL,NULL,NULL,NULL,NULL,NULL,NULL,NULL,NULL,NULL,NULL,NULL,NULL,NULL,NULL,NULL,NULL,NULL,NULL,NULL,NULL,NULL,NULL,NULL,NULL,NULL,NULL,NULL,NULL,NULL,NULL,NULL,NULL,NULL,NULL,NULL,NULL,NULL,NULL,NULL,NULL,NULL,NULL,NULL,NULL,NULL,NULL,NULL,NULL,NULL,NULL,NULL,NULL,NULL,NULL,NULL,NULL,NULL,NULL,NULL,NULL,NULL,NULL,NULL,NULL,NULL,NULL,NULL,NULL,NULL,NULL,NULL,NULL,NULL,NULL,NULL,NULL,NULL,NULL,NULL,NULL,NULL,NULL,NULL,NULL,NULL,NULL,NULL,NULL,NULL,NULL,NULL,NULL,NULL,NULL,NULL,NULL,NULL,NULL,NULL,NULL,NULL,NULL,NULL,NULL,NULL,NULL,NULL,NULL,NULL,NULL,NULL,NULL,NULL,NULL,NULL,NULL,NULL,NULL,NULL,NULL,NULL,NULL,NULL,NULL,NULL,NULL,NULL,NULL,NULL,NULL,NULL,NULL,NULL,NULL,NULL,NULL,NULL,NULL,NULL,NULL,NULL,NULL,NULL,NULL,NULL,NULL,NULL,NULL,NULL,NULL,NULL,NULL,NULL,NULL,NULL,NULL,NULL,NULL,NULL,NULL,NULL,NULL,NULL),(88,6,0,NULL,NULL,NULL,NULL,NULL,NULL,NULL,NULL,NULL,NULL,NULL,NULL,NULL,NULL,NULL,NULL,NULL,NULL,NULL,NULL,NULL,NULL,NULL,NULL,NULL,NULL,NULL,NULL,NULL,NULL,NULL,NULL,NULL,NULL,NULL,NULL,NULL,NULL,NULL,NULL,NULL,NULL,NULL,NULL,NULL,NULL,NULL,NULL,NULL,NULL,NULL,NULL,NULL,NULL,NULL,NULL,NULL,NULL,NULL,NULL,NULL,NULL,NULL,NULL,NULL,NULL,NULL,NULL,NULL,NULL,NULL,NULL,NULL,NULL,NULL,NULL,NULL,NULL,NULL,NULL,NULL,NULL,NULL,NULL,NULL,NULL,NULL,NULL,NULL,NULL,NULL,NULL,NULL,NULL,NULL,NULL,NULL,NULL,NULL,NULL,NULL,NULL,NULL,NULL,NULL,NULL,NULL,NULL,NULL,NULL,NULL,NULL,NULL,NULL,NULL,NULL,NULL,NULL,NULL,NULL,NULL,NULL,NULL,NULL,NULL,NULL,NULL,NULL,NULL,NULL,NULL,NULL,NULL,NULL,NULL,NULL,NULL,NULL,NULL,NULL,NULL,NULL,NULL,NULL,NULL,NULL,NULL,NULL,NULL,NULL,NULL,NULL,NULL,NULL,NULL,NULL,NULL,NULL,NULL,NULL,NULL,NULL,NULL,NULL,NULL,NULL,NULL,NULL,NULL,NULL,NULL,NULL,NULL,NULL,NULL,NULL,NULL,NULL,NULL,NULL,NULL,NULL,NULL,NULL,NULL,NULL,NULL,NULL,NULL,NULL,NULL,NULL,NULL,NULL,NULL,NULL,NULL,NULL,NULL,NULL,NULL,NULL,NULL,NULL,NULL,NULL,NULL,NULL,NULL,NULL,NULL,NULL,NULL,NULL,NULL,NULL,NULL,NULL,NULL,NULL,NULL,NULL,NULL,NULL,NULL,NULL,NULL,NULL,NULL,NULL,NULL,NULL,NULL,NULL,NULL,NULL,NULL,NULL,NULL,NULL,NULL,NULL,NULL,NULL,NULL,NULL,NULL,NULL,NULL,NULL,NULL,NULL,NULL,NULL,NULL,NULL,NULL,NULL,NULL,NULL,NULL,NULL,NULL,NULL,NULL,NULL,NULL,NULL,NULL,NULL,NULL,NULL,NULL,NULL,NULL,NULL,NULL,NULL,NULL,NULL,NULL,NULL,NULL,NULL,NULL,NULL,NULL,NULL,NULL,NULL,NULL,NULL,NULL,NULL,NULL,NULL,NULL,NULL,NULL,NULL,NULL,NULL,NULL,NULL,NULL,NULL,NULL,NULL,NULL,NULL,NULL,NULL,NULL,NULL,NULL,NULL,NULL,NULL,NULL,NULL,NULL,NULL,NULL,NULL),(89,6,0,NULL,NULL,NULL,NULL,NULL,NULL,NULL,NULL,NULL,NULL,NULL,NULL,NULL,NULL,NULL,NULL,NULL,NULL,NULL,NULL,NULL,NULL,NULL,NULL,NULL,NULL,NULL,NULL,NULL,NULL,NULL,NULL,NULL,NULL,NULL,NULL,NULL,NULL,NULL,NULL,NULL,NULL,NULL,NULL,NULL,NULL,NULL,NULL,NULL,NULL,NULL,NULL,NULL,NULL,NULL,NULL,NULL,NULL,NULL,NULL,NULL,NULL,NULL,NULL,NULL,NULL,NULL,NULL,NULL,NULL,NULL,NULL,NULL,NULL,NULL,NULL,NULL,NULL,NULL,NULL,NULL,NULL,NULL,NULL,NULL,NULL,NULL,NULL,NULL,NULL,NULL,NULL,NULL,NULL,NULL,NULL,NULL,NULL,NULL,NULL,NULL,NULL,NULL,NULL,NULL,NULL,NULL,NULL,NULL,NULL,NULL,NULL,NULL,NULL,NULL,NULL,NULL,NULL,NULL,NULL,NULL,NULL,NULL,NULL,NULL,NULL,NULL,NULL,NULL,NULL,NULL,NULL,NULL,NULL,NULL,NULL,NULL,NULL,NULL,NULL,NULL,NULL,NULL,NULL,NULL,NULL,NULL,NULL,NULL,NULL,NULL,NULL,NULL,NULL,NULL,NULL,NULL,NULL,NULL,NULL,NULL,NULL,NULL,NULL,NULL,NULL,NULL,NULL,NULL,NULL,NULL,NULL,NULL,NULL,NULL,NULL,NULL,NULL,NULL,NULL,NULL,NULL,NULL,NULL,NULL,NULL,NULL,NULL,NULL,NULL,NULL,NULL,NULL,NULL,NULL,NULL,NULL,NULL,NULL,NULL,NULL,NULL,NULL,NULL,NULL,NULL,NULL,NULL,NULL,NULL,NULL,NULL,NULL,NULL,NULL,NULL,NULL,NULL,NULL,NULL,NULL,NULL,NULL,NULL,NULL,NULL,NULL,NULL,NULL,NULL,NULL,NULL,NULL,NULL,NULL,NULL,NULL,NULL,NULL,NULL,NULL,NULL,NULL,NULL,NULL,NULL,NULL,NULL,NULL,NULL,NULL,NULL,NULL,NULL,NULL,NULL,NULL,NULL,NULL,NULL,NULL,NULL,NULL,NULL,NULL,NULL,NULL,NULL,NULL,NULL,NULL,NULL,NULL,NULL,NULL,NULL,NULL,NULL,NULL,NULL,NULL,NULL,NULL,NULL,NULL,NULL,NULL,NULL,NULL,NULL,NULL,NULL,NULL,NULL,NULL,NULL,NULL,NULL,NULL,NULL,NULL,NULL,NULL,NULL,NULL,NULL,NULL,NULL,NULL,NULL,NULL,NULL,NULL,NULL,NULL,NULL,NULL,NULL,NULL,NULL,NULL,NULL,NULL,NULL),(90,6,0,NULL,NULL,NULL,NULL,NULL,NULL,NULL,NULL,NULL,NULL,NULL,NULL,NULL,NULL,NULL,NULL,NULL,NULL,NULL,NULL,NULL,NULL,NULL,NULL,NULL,NULL,NULL,NULL,NULL,NULL,NULL,NULL,NULL,NULL,NULL,NULL,NULL,NULL,NULL,NULL,NULL,NULL,NULL,NULL,NULL,NULL,NULL,NULL,NULL,NULL,NULL,NULL,NULL,NULL,NULL,NULL,NULL,NULL,NULL,NULL,NULL,NULL,NULL,NULL,NULL,NULL,NULL,NULL,NULL,NULL,NULL,NULL,NULL,NULL,NULL,NULL,NULL,NULL,NULL,NULL,NULL,NULL,NULL,NULL,NULL,NULL,NULL,NULL,NULL,NULL,NULL,NULL,NULL,NULL,NULL,NULL,NULL,NULL,NULL,NULL,NULL,NULL,NULL,NULL,NULL,NULL,NULL,NULL,NULL,NULL,NULL,NULL,NULL,NULL,NULL,NULL,NULL,NULL,NULL,NULL,NULL,NULL,NULL,NULL,NULL,NULL,NULL,NULL,NULL,NULL,NULL,NULL,NULL,NULL,NULL,NULL,NULL,NULL,NULL,NULL,NULL,NULL,NULL,NULL,NULL,NULL,NULL,NULL,NULL,NULL,NULL,NULL,NULL,NULL,NULL,NULL,NULL,NULL,NULL,NULL,NULL,NULL,NULL,NULL,NULL,NULL,NULL,NULL,NULL,NULL,NULL,NULL,NULL,NULL,NULL,NULL,NULL,NULL,NULL,NULL,NULL,NULL,NULL,NULL,NULL,NULL,NULL,NULL,NULL,NULL,NULL,NULL,NULL,NULL,NULL,NULL,NULL,NULL,NULL,NULL,NULL,NULL,NULL,NULL,NULL,NULL,NULL,NULL,NULL,NULL,NULL,NULL,NULL,NULL,NULL,NULL,NULL,NULL,NULL,NULL,NULL,NULL,NULL,NULL,NULL,NULL,NULL,NULL,NULL,NULL,NULL,NULL,NULL,NULL,NULL,NULL,NULL,NULL,NULL,NULL,NULL,NULL,NULL,NULL,NULL,NULL,NULL,NULL,NULL,NULL,NULL,NULL,NULL,NULL,NULL,NULL,NULL,NULL,NULL,NULL,NULL,NULL,NULL,NULL,NULL,NULL,NULL,NULL,NULL,NULL,NULL,NULL,NULL,NULL,NULL,NULL,NULL,NULL,NULL,NULL,NULL,NULL,NULL,NULL,NULL,NULL,NULL,NULL,NULL,NULL,NULL,NULL,NULL,NULL,NULL,NULL,NULL,NULL,NULL,NULL,NULL,NULL,NULL,NULL,NULL,NULL,NULL,NULL,NULL,NULL,NULL,NULL,NULL,NULL,NULL,NULL,NULL,NULL,NULL,NULL,NULL,NULL,NULL,NULL),(91,6,0,NULL,NULL,NULL,NULL,NULL,NULL,NULL,NULL,NULL,NULL,NULL,NULL,NULL,NULL,NULL,NULL,NULL,NULL,NULL,NULL,NULL,NULL,NULL,NULL,NULL,NULL,NULL,NULL,NULL,NULL,NULL,NULL,NULL,NULL,NULL,NULL,NULL,NULL,NULL,NULL,NULL,NULL,NULL,NULL,NULL,NULL,NULL,NULL,NULL,NULL,NULL,NULL,NULL,NULL,NULL,NULL,NULL,NULL,NULL,NULL,NULL,NULL,NULL,NULL,NULL,NULL,NULL,NULL,NULL,NULL,NULL,NULL,NULL,NULL,NULL,NULL,NULL,NULL,NULL,NULL,NULL,NULL,NULL,NULL,NULL,NULL,NULL,NULL,NULL,NULL,NULL,NULL,NULL,NULL,NULL,NULL,NULL,NULL,NULL,NULL,NULL,NULL,NULL,NULL,NULL,NULL,NULL,NULL,NULL,NULL,NULL,NULL,NULL,NULL,NULL,NULL,NULL,NULL,NULL,NULL,NULL,NULL,NULL,NULL,NULL,NULL,NULL,NULL,NULL,NULL,NULL,NULL,NULL,NULL,NULL,NULL,NULL,NULL,NULL,NULL,NULL,NULL,NULL,NULL,NULL,NULL,NULL,NULL,NULL,NULL,NULL,NULL,NULL,NULL,NULL,NULL,NULL,NULL,NULL,NULL,NULL,NULL,NULL,NULL,NULL,NULL,NULL,NULL,NULL,NULL,NULL,NULL,NULL,NULL,NULL,NULL,NULL,NULL,NULL,NULL,NULL,NULL,NULL,NULL,NULL,NULL,NULL,NULL,NULL,NULL,NULL,NULL,NULL,NULL,NULL,NULL,NULL,NULL,NULL,NULL,NULL,NULL,NULL,NULL,NULL,NULL,NULL,NULL,NULL,NULL,NULL,NULL,NULL,NULL,NULL,NULL,NULL,NULL,NULL,NULL,NULL,NULL,NULL,NULL,NULL,NULL,NULL,NULL,NULL,NULL,NULL,NULL,NULL,NULL,NULL,NULL,NULL,NULL,NULL,NULL,NULL,NULL,NULL,NULL,NULL,NULL,NULL,NULL,NULL,NULL,NULL,NULL,NULL,NULL,NULL,NULL,NULL,NULL,NULL,NULL,NULL,NULL,NULL,NULL,NULL,NULL,NULL,NULL,NULL,NULL,NULL,NULL,NULL,NULL,NULL,NULL,NULL,NULL,NULL,NULL,NULL,NULL,NULL,NULL,NULL,NULL,NULL,NULL,NULL,NULL,NULL,NULL,NULL,NULL,NULL,NULL,NULL,NULL,NULL,NULL,NULL,NULL,NULL,NULL,NULL,NULL,NULL,NULL,NULL,NULL,NULL,NULL,NULL,NULL,NULL,NULL,NULL,NULL,NULL,NULL,NULL,NULL,NULL,NULL),(92,6,0,NULL,NULL,NULL,NULL,NULL,NULL,NULL,NULL,NULL,NULL,NULL,NULL,NULL,NULL,NULL,NULL,NULL,NULL,NULL,NULL,NULL,NULL,NULL,NULL,NULL,NULL,NULL,NULL,NULL,NULL,NULL,NULL,NULL,NULL,NULL,NULL,NULL,NULL,NULL,NULL,NULL,NULL,NULL,NULL,NULL,NULL,NULL,NULL,NULL,NULL,NULL,NULL,NULL,NULL,NULL,NULL,NULL,NULL,NULL,NULL,NULL,NULL,NULL,NULL,NULL,NULL,NULL,NULL,NULL,NULL,NULL,NULL,NULL,NULL,NULL,NULL,NULL,NULL,NULL,NULL,NULL,NULL,NULL,NULL,NULL,NULL,NULL,NULL,NULL,NULL,NULL,NULL,NULL,NULL,NULL,NULL,NULL,NULL,NULL,NULL,NULL,NULL,NULL,NULL,NULL,NULL,NULL,NULL,NULL,NULL,NULL,NULL,NULL,NULL,NULL,NULL,NULL,NULL,NULL,NULL,NULL,NULL,NULL,NULL,NULL,NULL,NULL,NULL,NULL,NULL,NULL,NULL,NULL,NULL,NULL,NULL,NULL,NULL,NULL,NULL,NULL,NULL,NULL,NULL,NULL,NULL,NULL,NULL,NULL,NULL,NULL,NULL,NULL,NULL,NULL,NULL,NULL,NULL,NULL,NULL,NULL,NULL,NULL,NULL,NULL,NULL,NULL,NULL,NULL,NULL,NULL,NULL,NULL,NULL,NULL,NULL,NULL,NULL,NULL,NULL,NULL,NULL,NULL,NULL,NULL,NULL,NULL,NULL,NULL,NULL,NULL,NULL,NULL,NULL,NULL,NULL,NULL,NULL,NULL,NULL,NULL,NULL,NULL,NULL,NULL,NULL,NULL,NULL,NULL,NULL,NULL,NULL,NULL,NULL,NULL,NULL,NULL,NULL,NULL,NULL,NULL,NULL,NULL,NULL,NULL,NULL,NULL,NULL,NULL,NULL,NULL,NULL,NULL,NULL,NULL,NULL,NULL,NULL,NULL,NULL,NULL,NULL,NULL,NULL,NULL,NULL,NULL,NULL,NULL,NULL,NULL,NULL,NULL,NULL,NULL,NULL,NULL,NULL,NULL,NULL,NULL,NULL,NULL,NULL,NULL,NULL,NULL,NULL,NULL,NULL,NULL,NULL,NULL,NULL,NULL,NULL,NULL,NULL,NULL,NULL,NULL,NULL,NULL,NULL,NULL,NULL,NULL,NULL,NULL,NULL,NULL,NULL,NULL,NULL,NULL,NULL,NULL,NULL,NULL,NULL,NULL,NULL,NULL,NULL,NULL,NULL,NULL,NULL,NULL,NULL,NULL,NULL,NULL,NULL,NULL,NULL,NULL,NULL,NULL,NULL,NULL,NULL,NULL,NULL),(93,6,0,NULL,NULL,NULL,NULL,NULL,NULL,NULL,NULL,NULL,NULL,NULL,NULL,NULL,NULL,NULL,NULL,NULL,NULL,NULL,NULL,NULL,NULL,NULL,NULL,NULL,NULL,NULL,NULL,NULL,NULL,NULL,NULL,NULL,NULL,NULL,NULL,NULL,NULL,NULL,NULL,NULL,NULL,NULL,NULL,NULL,NULL,NULL,NULL,NULL,NULL,NULL,NULL,NULL,NULL,NULL,NULL,NULL,NULL,NULL,NULL,NULL,NULL,NULL,NULL,NULL,NULL,NULL,NULL,NULL,NULL,NULL,NULL,NULL,NULL,NULL,NULL,NULL,NULL,NULL,NULL,NULL,NULL,NULL,NULL,NULL,NULL,NULL,NULL,NULL,NULL,NULL,NULL,NULL,NULL,NULL,NULL,NULL,NULL,NULL,NULL,NULL,NULL,NULL,NULL,NULL,NULL,NULL,NULL,NULL,NULL,NULL,NULL,NULL,NULL,NULL,NULL,NULL,NULL,NULL,NULL,NULL,NULL,NULL,NULL,NULL,NULL,NULL,NULL,NULL,NULL,NULL,NULL,NULL,NULL,NULL,NULL,NULL,NULL,NULL,NULL,NULL,NULL,NULL,NULL,NULL,NULL,NULL,NULL,NULL,NULL,NULL,NULL,NULL,NULL,NULL,NULL,NULL,NULL,NULL,NULL,NULL,NULL,NULL,NULL,NULL,NULL,NULL,NULL,NULL,NULL,NULL,NULL,NULL,NULL,NULL,NULL,NULL,NULL,NULL,NULL,NULL,NULL,NULL,NULL,NULL,NULL,NULL,NULL,NULL,NULL,NULL,NULL,NULL,NULL,NULL,NULL,NULL,NULL,NULL,NULL,NULL,NULL,NULL,NULL,NULL,NULL,NULL,NULL,NULL,NULL,NULL,NULL,NULL,NULL,NULL,NULL,NULL,NULL,NULL,NULL,NULL,NULL,NULL,NULL,NULL,NULL,NULL,NULL,NULL,NULL,NULL,NULL,NULL,NULL,NULL,NULL,NULL,NULL,NULL,NULL,NULL,NULL,NULL,NULL,NULL,NULL,NULL,NULL,NULL,NULL,NULL,NULL,NULL,NULL,NULL,NULL,NULL,NULL,NULL,NULL,NULL,NULL,NULL,NULL,NULL,NULL,NULL,NULL,NULL,NULL,NULL,NULL,NULL,NULL,NULL,NULL,NULL,NULL,NULL,NULL,NULL,NULL,NULL,NULL,NULL,NULL,NULL,NULL,NULL,NULL,NULL,NULL,NULL,NULL,NULL,NULL,NULL,NULL,NULL,NULL,NULL,NULL,NULL,NULL,NULL,NULL,NULL,NULL,NULL,NULL,NULL,NULL,NULL,NULL,NULL,NULL,NULL,NULL,NULL,NULL,NULL,NULL,NULL,NULL),(94,6,0,NULL,NULL,NULL,NULL,NULL,NULL,NULL,NULL,NULL,NULL,NULL,NULL,NULL,NULL,NULL,NULL,NULL,NULL,NULL,NULL,NULL,NULL,NULL,NULL,NULL,NULL,NULL,NULL,NULL,NULL,NULL,NULL,NULL,NULL,NULL,NULL,NULL,NULL,NULL,NULL,NULL,NULL,NULL,NULL,NULL,NULL,NULL,NULL,NULL,NULL,NULL,NULL,NULL,NULL,NULL,NULL,NULL,NULL,NULL,NULL,NULL,NULL,NULL,NULL,NULL,NULL,NULL,NULL,NULL,NULL,NULL,NULL,NULL,NULL,NULL,NULL,NULL,NULL,NULL,NULL,NULL,NULL,NULL,NULL,NULL,NULL,NULL,NULL,NULL,NULL,NULL,NULL,NULL,NULL,NULL,NULL,NULL,NULL,NULL,NULL,NULL,NULL,NULL,NULL,NULL,NULL,NULL,NULL,NULL,NULL,NULL,NULL,NULL,NULL,NULL,NULL,NULL,NULL,NULL,NULL,NULL,NULL,NULL,NULL,NULL,NULL,NULL,NULL,NULL,NULL,NULL,NULL,NULL,NULL,NULL,NULL,NULL,NULL,NULL,NULL,NULL,NULL,NULL,NULL,NULL,NULL,NULL,NULL,NULL,NULL,NULL,NULL,NULL,NULL,NULL,NULL,NULL,NULL,NULL,NULL,NULL,NULL,NULL,NULL,NULL,NULL,NULL,NULL,NULL,NULL,NULL,NULL,NULL,NULL,NULL,NULL,NULL,NULL,NULL,NULL,NULL,NULL,NULL,NULL,NULL,NULL,NULL,NULL,NULL,NULL,NULL,NULL,NULL,NULL,NULL,NULL,NULL,NULL,NULL,NULL,NULL,NULL,NULL,NULL,NULL,NULL,NULL,NULL,NULL,NULL,NULL,NULL,NULL,NULL,NULL,NULL,NULL,NULL,NULL,NULL,NULL,NULL,NULL,NULL,NULL,NULL,NULL,NULL,NULL,NULL,NULL,NULL,NULL,NULL,NULL,NULL,NULL,NULL,NULL,NULL,NULL,NULL,NULL,NULL,NULL,NULL,NULL,NULL,NULL,NULL,NULL,NULL,NULL,NULL,NULL,NULL,NULL,NULL,NULL,NULL,NULL,NULL,NULL,NULL,NULL,NULL,NULL,NULL,NULL,NULL,NULL,NULL,NULL,NULL,NULL,NULL,NULL,NULL,NULL,NULL,NULL,NULL,NULL,NULL,NULL,NULL,NULL,NULL,NULL,NULL,NULL,NULL,NULL,NULL,NULL,NULL,NULL,NULL,NULL,NULL,NULL,NULL,NULL,NULL,NULL,NULL,NULL,NULL,NULL,NULL,NULL,NULL,NULL,NULL,NULL,NULL,NULL,NULL,NULL,NULL,NULL,NULL,NULL,NULL),(95,6,0,NULL,NULL,NULL,NULL,NULL,NULL,NULL,NULL,NULL,NULL,NULL,NULL,NULL,NULL,NULL,NULL,NULL,NULL,NULL,NULL,NULL,NULL,NULL,NULL,NULL,NULL,NULL,NULL,NULL,NULL,NULL,NULL,NULL,NULL,NULL,NULL,NULL,NULL,NULL,NULL,NULL,NULL,NULL,NULL,NULL,NULL,NULL,NULL,NULL,NULL,NULL,NULL,NULL,NULL,NULL,NULL,NULL,NULL,NULL,NULL,NULL,NULL,NULL,NULL,NULL,NULL,NULL,NULL,NULL,NULL,NULL,NULL,NULL,NULL,NULL,NULL,NULL,NULL,NULL,NULL,NULL,NULL,NULL,NULL,NULL,NULL,NULL,NULL,NULL,NULL,NULL,NULL,NULL,NULL,NULL,NULL,NULL,NULL,NULL,NULL,NULL,NULL,NULL,NULL,NULL,NULL,NULL,NULL,NULL,NULL,NULL,NULL,NULL,NULL,NULL,NULL,NULL,NULL,NULL,NULL,NULL,NULL,NULL,NULL,NULL,NULL,NULL,NULL,NULL,NULL,NULL,NULL,NULL,NULL,NULL,NULL,NULL,NULL,NULL,NULL,NULL,NULL,NULL,NULL,NULL,NULL,NULL,NULL,NULL,NULL,NULL,NULL,NULL,NULL,NULL,NULL,NULL,NULL,NULL,NULL,NULL,NULL,NULL,NULL,NULL,NULL,NULL,NULL,NULL,NULL,NULL,NULL,NULL,NULL,NULL,NULL,NULL,NULL,NULL,NULL,NULL,NULL,NULL,NULL,NULL,NULL,NULL,NULL,NULL,NULL,NULL,NULL,NULL,NULL,NULL,NULL,NULL,NULL,NULL,NULL,NULL,NULL,NULL,NULL,NULL,NULL,NULL,NULL,NULL,NULL,NULL,NULL,NULL,NULL,NULL,NULL,NULL,NULL,NULL,NULL,NULL,NULL,NULL,NULL,NULL,NULL,NULL,NULL,NULL,NULL,NULL,NULL,NULL,NULL,NULL,NULL,NULL,NULL,NULL,NULL,NULL,NULL,NULL,NULL,NULL,NULL,NULL,NULL,NULL,NULL,NULL,NULL,NULL,NULL,NULL,NULL,NULL,NULL,NULL,NULL,NULL,NULL,NULL,NULL,NULL,NULL,NULL,NULL,NULL,NULL,NULL,NULL,NULL,NULL,NULL,NULL,NULL,NULL,NULL,NULL,NULL,NULL,NULL,NULL,NULL,NULL,NULL,NULL,NULL,NULL,NULL,NULL,NULL,NULL,NULL,NULL,NULL,NULL,NULL,NULL,NULL,NULL,NULL,NULL,NULL,NULL,NULL,NULL,NULL,NULL,NULL,NULL,NULL,NULL,NULL,NULL,NULL,NULL,NULL,NULL,NULL,NULL,NULL,NULL),(96,6,0,NULL,NULL,NULL,NULL,NULL,NULL,NULL,NULL,NULL,NULL,NULL,NULL,NULL,NULL,NULL,NULL,NULL,NULL,NULL,NULL,NULL,NULL,NULL,NULL,NULL,NULL,NULL,NULL,NULL,NULL,NULL,NULL,NULL,NULL,NULL,NULL,NULL,NULL,NULL,NULL,NULL,NULL,NULL,NULL,NULL,NULL,NULL,NULL,NULL,NULL,NULL,NULL,NULL,NULL,NULL,NULL,NULL,NULL,NULL,NULL,NULL,NULL,NULL,NULL,NULL,NULL,NULL,NULL,NULL,NULL,NULL,NULL,NULL,NULL,NULL,NULL,NULL,NULL,NULL,NULL,NULL,NULL,NULL,NULL,NULL,NULL,NULL,NULL,NULL,NULL,NULL,NULL,NULL,NULL,NULL,NULL,NULL,NULL,NULL,NULL,NULL,NULL,NULL,NULL,NULL,NULL,NULL,NULL,NULL,NULL,NULL,NULL,NULL,NULL,NULL,NULL,NULL,NULL,NULL,NULL,NULL,NULL,NULL,NULL,NULL,NULL,NULL,NULL,NULL,NULL,NULL,NULL,NULL,NULL,NULL,NULL,NULL,NULL,NULL,NULL,NULL,NULL,NULL,NULL,NULL,NULL,NULL,NULL,NULL,NULL,NULL,NULL,NULL,NULL,NULL,NULL,NULL,NULL,NULL,NULL,NULL,NULL,NULL,NULL,NULL,NULL,NULL,NULL,NULL,NULL,NULL,NULL,NULL,NULL,NULL,NULL,NULL,NULL,NULL,NULL,NULL,NULL,NULL,NULL,NULL,NULL,NULL,NULL,NULL,NULL,NULL,NULL,NULL,NULL,NULL,NULL,NULL,NULL,NULL,NULL,NULL,NULL,NULL,NULL,NULL,NULL,NULL,NULL,NULL,NULL,NULL,NULL,NULL,NULL,NULL,NULL,NULL,NULL,NULL,NULL,NULL,NULL,NULL,NULL,NULL,NULL,NULL,NULL,NULL,NULL,NULL,NULL,NULL,NULL,NULL,NULL,NULL,NULL,NULL,NULL,NULL,NULL,NULL,NULL,NULL,NULL,NULL,NULL,NULL,NULL,NULL,NULL,NULL,NULL,NULL,NULL,NULL,NULL,NULL,NULL,NULL,NULL,NULL,NULL,NULL,NULL,NULL,NULL,NULL,NULL,NULL,NULL,NULL,NULL,NULL,NULL,NULL,NULL,NULL,NULL,NULL,NULL,NULL,NULL,NULL,NULL,NULL,NULL,NULL,NULL,NULL,NULL,NULL,NULL,NULL,NULL,NULL,NULL,NULL,NULL,NULL,NULL,NULL,NULL,NULL,NULL,NULL,NULL,NULL,NULL,NULL,NULL,NULL,NULL,NULL,NULL,NULL,NULL,NULL,NULL,NULL,NULL,NULL,NULL),(97,6,0,NULL,NULL,NULL,NULL,NULL,NULL,NULL,NULL,NULL,NULL,NULL,NULL,NULL,NULL,NULL,NULL,NULL,NULL,NULL,NULL,NULL,NULL,NULL,NULL,NULL,NULL,NULL,NULL,NULL,NULL,NULL,NULL,NULL,NULL,NULL,NULL,NULL,NULL,NULL,NULL,NULL,NULL,NULL,NULL,NULL,NULL,NULL,NULL,NULL,NULL,NULL,NULL,NULL,NULL,NULL,NULL,NULL,NULL,NULL,NULL,NULL,NULL,NULL,NULL,NULL,NULL,NULL,NULL,NULL,NULL,NULL,NULL,NULL,NULL,NULL,NULL,NULL,NULL,NULL,NULL,NULL,NULL,NULL,NULL,NULL,NULL,NULL,NULL,NULL,NULL,NULL,NULL,NULL,NULL,NULL,NULL,NULL,NULL,NULL,NULL,NULL,NULL,NULL,NULL,NULL,NULL,NULL,NULL,NULL,NULL,NULL,NULL,NULL,NULL,NULL,NULL,NULL,NULL,NULL,NULL,NULL,NULL,NULL,NULL,NULL,NULL,NULL,NULL,NULL,NULL,NULL,NULL,NULL,NULL,NULL,NULL,NULL,NULL,NULL,NULL,NULL,NULL,NULL,NULL,NULL,NULL,NULL,NULL,NULL,NULL,NULL,NULL,NULL,NULL,NULL,NULL,NULL,NULL,NULL,NULL,NULL,NULL,NULL,NULL,NULL,NULL,NULL,NULL,NULL,NULL,NULL,NULL,NULL,NULL,NULL,NULL,NULL,NULL,NULL,NULL,NULL,NULL,NULL,NULL,NULL,NULL,NULL,NULL,NULL,NULL,NULL,NULL,NULL,NULL,NULL,NULL,NULL,NULL,NULL,NULL,NULL,NULL,NULL,NULL,NULL,NULL,NULL,NULL,NULL,NULL,NULL,NULL,NULL,NULL,NULL,NULL,NULL,NULL,NULL,NULL,NULL,NULL,NULL,NULL,NULL,NULL,NULL,NULL,NULL,NULL,NULL,NULL,NULL,NULL,NULL,NULL,NULL,NULL,NULL,NULL,NULL,NULL,NULL,NULL,NULL,NULL,NULL,NULL,NULL,NULL,NULL,NULL,NULL,NULL,NULL,NULL,NULL,NULL,NULL,NULL,NULL,NULL,NULL,NULL,NULL,NULL,NULL,NULL,NULL,NULL,NULL,NULL,NULL,NULL,NULL,NULL,NULL,NULL,NULL,NULL,NULL,NULL,NULL,NULL,NULL,NULL,NULL,NULL,NULL,NULL,NULL,NULL,NULL,NULL,NULL,NULL,NULL,NULL,NULL,NULL,NULL,NULL,NULL,NULL,NULL,NULL,NULL,NULL,NULL,NULL,NULL,NULL,NULL,NULL,NULL,NULL,NULL,NULL,NULL,NULL,NULL,NULL,NULL,NULL),(98,6,0,NULL,NULL,NULL,NULL,NULL,NULL,NULL,NULL,NULL,NULL,NULL,NULL,NULL,NULL,NULL,NULL,NULL,NULL,NULL,NULL,NULL,NULL,NULL,NULL,NULL,NULL,NULL,NULL,NULL,NULL,NULL,NULL,NULL,NULL,NULL,NULL,NULL,NULL,NULL,NULL,NULL,NULL,NULL,NULL,NULL,NULL,NULL,NULL,NULL,NULL,NULL,NULL,NULL,NULL,NULL,NULL,NULL,NULL,NULL,NULL,NULL,NULL,NULL,NULL,NULL,NULL,NULL,NULL,NULL,NULL,NULL,NULL,NULL,NULL,NULL,NULL,NULL,NULL,NULL,NULL,NULL,NULL,NULL,NULL,NULL,NULL,NULL,NULL,NULL,NULL,NULL,NULL,NULL,NULL,NULL,NULL,NULL,NULL,NULL,NULL,NULL,NULL,NULL,NULL,NULL,NULL,NULL,NULL,NULL,NULL,NULL,NULL,NULL,NULL,NULL,NULL,NULL,NULL,NULL,NULL,NULL,NULL,NULL,NULL,NULL,NULL,NULL,NULL,NULL,NULL,NULL,NULL,NULL,NULL,NULL,NULL,NULL,NULL,NULL,NULL,NULL,NULL,NULL,NULL,NULL,NULL,NULL,NULL,NULL,NULL,NULL,NULL,NULL,NULL,NULL,NULL,NULL,NULL,NULL,NULL,NULL,NULL,NULL,NULL,NULL,NULL,NULL,NULL,NULL,NULL,NULL,NULL,NULL,NULL,NULL,NULL,NULL,NULL,NULL,NULL,NULL,NULL,NULL,NULL,NULL,NULL,NULL,NULL,NULL,NULL,NULL,NULL,NULL,NULL,NULL,NULL,NULL,NULL,NULL,NULL,NULL,NULL,NULL,NULL,NULL,NULL,NULL,NULL,NULL,NULL,NULL,NULL,NULL,NULL,NULL,NULL,NULL,NULL,NULL,NULL,NULL,NULL,NULL,NULL,NULL,NULL,NULL,NULL,NULL,NULL,NULL,NULL,NULL,NULL,NULL,NULL,NULL,NULL,NULL,NULL,NULL,NULL,NULL,NULL,NULL,NULL,NULL,NULL,NULL,NULL,NULL,NULL,NULL,NULL,NULL,NULL,NULL,NULL,NULL,NULL,NULL,NULL,NULL,NULL,NULL,NULL,NULL,NULL,NULL,NULL,NULL,NULL,NULL,NULL,NULL,NULL,NULL,NULL,NULL,NULL,NULL,NULL,NULL,NULL,NULL,NULL,NULL,NULL,NULL,NULL,NULL,NULL,NULL,NULL,NULL,NULL,NULL,NULL,NULL,NULL,NULL,NULL,NULL,NULL,NULL,NULL,NULL,NULL,NULL,NULL,NULL,NULL,NULL,NULL,NULL,NULL,NULL,NULL,NULL,NULL,NULL,NULL,NULL,NULL),(99,6,0,NULL,NULL,NULL,NULL,NULL,NULL,NULL,NULL,NULL,NULL,NULL,NULL,NULL,NULL,NULL,NULL,NULL,NULL,NULL,NULL,NULL,NULL,NULL,NULL,NULL,NULL,NULL,NULL,NULL,NULL,NULL,NULL,NULL,NULL,NULL,NULL,NULL,NULL,NULL,NULL,NULL,NULL,NULL,NULL,NULL,NULL,NULL,NULL,NULL,NULL,NULL,NULL,NULL,NULL,NULL,NULL,NULL,NULL,NULL,NULL,NULL,NULL,NULL,NULL,NULL,NULL,NULL,NULL,NULL,NULL,NULL,NULL,NULL,NULL,NULL,NULL,NULL,NULL,NULL,NULL,NULL,NULL,NULL,NULL,NULL,NULL,NULL,NULL,NULL,NULL,NULL,NULL,NULL,NULL,NULL,NULL,NULL,NULL,NULL,NULL,NULL,NULL,NULL,NULL,NULL,NULL,NULL,NULL,NULL,NULL,NULL,NULL,NULL,NULL,NULL,NULL,NULL,NULL,NULL,NULL,NULL,NULL,NULL,NULL,NULL,NULL,NULL,NULL,NULL,NULL,NULL,NULL,NULL,NULL,NULL,NULL,NULL,NULL,NULL,NULL,NULL,NULL,NULL,NULL,NULL,NULL,NULL,NULL,NULL,NULL,NULL,NULL,NULL,NULL,NULL,NULL,NULL,NULL,NULL,NULL,NULL,NULL,NULL,NULL,NULL,NULL,NULL,NULL,NULL,NULL,NULL,NULL,NULL,NULL,NULL,NULL,NULL,NULL,NULL,NULL,NULL,NULL,NULL,NULL,NULL,NULL,NULL,NULL,NULL,NULL,NULL,NULL,NULL,NULL,NULL,NULL,NULL,NULL,NULL,NULL,NULL,NULL,NULL,NULL,NULL,NULL,NULL,NULL,NULL,NULL,NULL,NULL,NULL,NULL,NULL,NULL,NULL,NULL,NULL,NULL,NULL,NULL,NULL,NULL,NULL,NULL,NULL,NULL,NULL,NULL,NULL,NULL,NULL,NULL,NULL,NULL,NULL,NULL,NULL,NULL,NULL,NULL,NULL,NULL,NULL,NULL,NULL,NULL,NULL,NULL,NULL,NULL,NULL,NULL,NULL,NULL,NULL,NULL,NULL,NULL,NULL,NULL,NULL,NULL,NULL,NULL,NULL,NULL,NULL,NULL,NULL,NULL,NULL,NULL,NULL,NULL,NULL,NULL,NULL,NULL,NULL,NULL,NULL,NULL,NULL,NULL,NULL,NULL,NULL,NULL,NULL,NULL,NULL,NULL,NULL,NULL,NULL,NULL,NULL,NULL,NULL,NULL,NULL,NULL,NULL,NULL,NULL,NULL,NULL,NULL,NULL,NULL,NULL,NULL,NULL,NULL,NULL,NULL,NULL,NULL,NULL,NULL,NULL,NULL),(100,6,0,NULL,NULL,NULL,NULL,NULL,NULL,NULL,NULL,NULL,NULL,NULL,NULL,NULL,NULL,NULL,NULL,NULL,NULL,NULL,NULL,NULL,NULL,NULL,NULL,NULL,NULL,NULL,NULL,NULL,NULL,NULL,NULL,NULL,NULL,NULL,NULL,NULL,NULL,NULL,NULL,NULL,NULL,NULL,NULL,NULL,NULL,NULL,NULL,NULL,NULL,NULL,NULL,NULL,NULL,NULL,NULL,NULL,NULL,NULL,NULL,NULL,NULL,NULL,NULL,NULL,NULL,NULL,NULL,NULL,NULL,NULL,NULL,NULL,NULL,NULL,NULL,NULL,NULL,NULL,NULL,NULL,NULL,NULL,NULL,NULL,NULL,NULL,NULL,NULL,NULL,NULL,NULL,NULL,NULL,NULL,NULL,NULL,NULL,NULL,NULL,NULL,NULL,NULL,NULL,NULL,NULL,NULL,NULL,NULL,NULL,NULL,NULL,NULL,NULL,NULL,NULL,NULL,NULL,NULL,NULL,NULL,NULL,NULL,NULL,NULL,NULL,NULL,NULL,NULL,NULL,NULL,NULL,NULL,NULL,NULL,NULL,NULL,NULL,NULL,NULL,NULL,NULL,NULL,NULL,NULL,NULL,NULL,NULL,NULL,NULL,NULL,NULL,NULL,NULL,NULL,NULL,NULL,NULL,NULL,NULL,NULL,NULL,NULL,NULL,NULL,NULL,NULL,NULL,NULL,NULL,NULL,NULL,NULL,NULL,NULL,NULL,NULL,NULL,NULL,NULL,NULL,NULL,NULL,NULL,NULL,NULL,NULL,NULL,NULL,NULL,NULL,NULL,NULL,NULL,NULL,NULL,NULL,NULL,NULL,NULL,NULL,NULL,NULL,NULL,NULL,NULL,NULL,NULL,NULL,NULL,NULL,NULL,NULL,NULL,NULL,NULL,NULL,NULL,NULL,NULL,NULL,NULL,NULL,NULL,NULL,NULL,NULL,NULL,NULL,NULL,NULL,NULL,NULL,NULL,NULL,NULL,NULL,NULL,NULL,NULL,NULL,NULL,NULL,NULL,NULL,NULL,NULL,NULL,NULL,NULL,NULL,NULL,NULL,NULL,NULL,NULL,NULL,NULL,NULL,NULL,NULL,NULL,NULL,NULL,NULL,NULL,NULL,NULL,NULL,NULL,NULL,NULL,NULL,NULL,NULL,NULL,NULL,NULL,NULL,NULL,NULL,NULL,NULL,NULL,NULL,NULL,NULL,NULL,NULL,NULL,NULL,NULL,NULL,NULL,NULL,NULL,NULL,NULL,NULL,NULL,NULL,NULL,NULL,NULL,NULL,NULL,NULL,NULL,NULL,NULL,NULL,NULL,NULL,NULL,NULL,NULL,NULL,NULL,NULL,NULL,NULL,NULL,NULL,NULL),(101,6,0,NULL,NULL,NULL,NULL,NULL,NULL,NULL,NULL,NULL,NULL,NULL,NULL,NULL,NULL,NULL,NULL,NULL,NULL,NULL,NULL,NULL,NULL,NULL,NULL,NULL,NULL,NULL,NULL,NULL,NULL,NULL,NULL,NULL,NULL,NULL,NULL,NULL,NULL,NULL,NULL,NULL,NULL,NULL,NULL,NULL,NULL,NULL,NULL,NULL,NULL,NULL,NULL,NULL,NULL,NULL,NULL,NULL,NULL,NULL,NULL,NULL,NULL,NULL,NULL,NULL,NULL,NULL,NULL,NULL,NULL,NULL,NULL,NULL,NULL,NULL,NULL,NULL,NULL,NULL,NULL,NULL,NULL,NULL,NULL,NULL,NULL,NULL,NULL,NULL,NULL,NULL,NULL,NULL,NULL,NULL,NULL,NULL,NULL,NULL,NULL,NULL,NULL,NULL,NULL,NULL,NULL,NULL,NULL,NULL,NULL,NULL,NULL,NULL,NULL,NULL,NULL,NULL,NULL,NULL,NULL,NULL,NULL,NULL,NULL,NULL,NULL,NULL,NULL,NULL,NULL,NULL,NULL,NULL,NULL,NULL,NULL,NULL,NULL,NULL,NULL,NULL,NULL,NULL,NULL,NULL,NULL,NULL,NULL,NULL,NULL,NULL,NULL,NULL,NULL,NULL,NULL,NULL,NULL,NULL,NULL,NULL,NULL,NULL,NULL,NULL,NULL,NULL,NULL,NULL,NULL,NULL,NULL,NULL,NULL,NULL,NULL,NULL,NULL,NULL,NULL,NULL,NULL,NULL,NULL,NULL,NULL,NULL,NULL,NULL,NULL,NULL,NULL,NULL,NULL,NULL,NULL,NULL,NULL,NULL,NULL,NULL,NULL,NULL,NULL,NULL,NULL,NULL,NULL,NULL,NULL,NULL,NULL,NULL,NULL,NULL,NULL,NULL,NULL,NULL,NULL,NULL,NULL,NULL,NULL,NULL,NULL,NULL,NULL,NULL,NULL,NULL,NULL,NULL,NULL,NULL,NULL,NULL,NULL,NULL,NULL,NULL,NULL,NULL,NULL,NULL,NULL,NULL,NULL,NULL,NULL,NULL,NULL,NULL,NULL,NULL,NULL,NULL,NULL,NULL,NULL,NULL,NULL,NULL,NULL,NULL,NULL,NULL,NULL,NULL,NULL,NULL,NULL,NULL,NULL,NULL,NULL,NULL,NULL,NULL,NULL,NULL,NULL,NULL,NULL,NULL,NULL,NULL,NULL,NULL,NULL,NULL,NULL,NULL,NULL,NULL,NULL,NULL,NULL,NULL,NULL,NULL,NULL,NULL,NULL,NULL,NULL,NULL,NULL,NULL,NULL,NULL,NULL,NULL,NULL,NULL,NULL,NULL,NULL,NULL,NULL,NULL,NULL,NULL,NULL),(102,6,0,NULL,NULL,NULL,NULL,NULL,NULL,NULL,NULL,NULL,NULL,NULL,NULL,NULL,NULL,NULL,NULL,NULL,NULL,NULL,NULL,NULL,NULL,NULL,NULL,NULL,NULL,NULL,NULL,NULL,NULL,NULL,NULL,NULL,NULL,NULL,NULL,NULL,NULL,NULL,NULL,NULL,NULL,NULL,NULL,NULL,NULL,NULL,NULL,NULL,NULL,NULL,NULL,NULL,NULL,NULL,NULL,NULL,NULL,NULL,NULL,NULL,NULL,NULL,NULL,NULL,NULL,NULL,NULL,NULL,NULL,NULL,NULL,NULL,NULL,NULL,NULL,NULL,NULL,NULL,NULL,NULL,NULL,NULL,NULL,NULL,NULL,NULL,NULL,NULL,NULL,NULL,NULL,NULL,NULL,NULL,NULL,NULL,NULL,NULL,NULL,NULL,NULL,NULL,NULL,NULL,NULL,NULL,NULL,NULL,NULL,NULL,NULL,NULL,NULL,NULL,NULL,NULL,NULL,NULL,NULL,NULL,NULL,NULL,NULL,NULL,NULL,NULL,NULL,NULL,NULL,NULL,NULL,NULL,NULL,NULL,NULL,NULL,NULL,NULL,NULL,NULL,NULL,NULL,NULL,NULL,NULL,NULL,NULL,NULL,NULL,NULL,NULL,NULL,NULL,NULL,NULL,NULL,NULL,NULL,NULL,NULL,NULL,NULL,NULL,NULL,NULL,NULL,NULL,NULL,NULL,NULL,NULL,NULL,NULL,NULL,NULL,NULL,NULL,NULL,NULL,NULL,NULL,NULL,NULL,NULL,NULL,NULL,NULL,NULL,NULL,NULL,NULL,NULL,NULL,NULL,NULL,NULL,NULL,NULL,NULL,NULL,NULL,NULL,NULL,NULL,NULL,NULL,NULL,NULL,NULL,NULL,NULL,NULL,NULL,NULL,NULL,NULL,NULL,NULL,NULL,NULL,NULL,NULL,NULL,NULL,NULL,NULL,NULL,NULL,NULL,NULL,NULL,NULL,NULL,NULL,NULL,NULL,NULL,NULL,NULL,NULL,NULL,NULL,NULL,NULL,NULL,NULL,NULL,NULL,NULL,NULL,NULL,NULL,NULL,NULL,NULL,NULL,NULL,NULL,NULL,NULL,NULL,NULL,NULL,NULL,NULL,NULL,NULL,NULL,NULL,NULL,NULL,NULL,NULL,NULL,NULL,NULL,NULL,NULL,NULL,NULL,NULL,NULL,NULL,NULL,NULL,NULL,NULL,NULL,NULL,NULL,NULL,NULL,NULL,NULL,NULL,NULL,NULL,NULL,NULL,NULL,NULL,NULL,NULL,NULL,NULL,NULL,NULL,NULL,NULL,NULL,NULL,NULL,NULL,NULL,NULL,NULL,NULL,NULL,NULL,NULL,NULL,NULL,NULL),(103,6,0,NULL,NULL,NULL,NULL,NULL,NULL,NULL,NULL,NULL,NULL,NULL,NULL,NULL,NULL,NULL,NULL,NULL,NULL,NULL,NULL,NULL,NULL,NULL,NULL,NULL,NULL,NULL,NULL,NULL,NULL,NULL,NULL,NULL,NULL,NULL,NULL,NULL,NULL,NULL,NULL,NULL,NULL,NULL,NULL,NULL,NULL,NULL,NULL,NULL,NULL,NULL,NULL,NULL,NULL,NULL,NULL,NULL,NULL,NULL,NULL,NULL,NULL,NULL,NULL,NULL,NULL,NULL,NULL,NULL,NULL,NULL,NULL,NULL,NULL,NULL,NULL,NULL,NULL,NULL,NULL,NULL,NULL,NULL,NULL,NULL,NULL,NULL,NULL,NULL,NULL,NULL,NULL,NULL,NULL,NULL,NULL,NULL,NULL,NULL,NULL,NULL,NULL,NULL,NULL,NULL,NULL,NULL,NULL,NULL,NULL,NULL,NULL,NULL,NULL,NULL,NULL,NULL,NULL,NULL,NULL,NULL,NULL,NULL,NULL,NULL,NULL,NULL,NULL,NULL,NULL,NULL,NULL,NULL,NULL,NULL,NULL,NULL,NULL,NULL,NULL,NULL,NULL,NULL,NULL,NULL,NULL,NULL,NULL,NULL,NULL,NULL,NULL,NULL,NULL,NULL,NULL,NULL,NULL,NULL,NULL,NULL,NULL,NULL,NULL,NULL,NULL,NULL,NULL,NULL,NULL,NULL,NULL,NULL,NULL,NULL,NULL,NULL,NULL,NULL,NULL,NULL,NULL,NULL,NULL,NULL,NULL,NULL,NULL,NULL,NULL,NULL,NULL,NULL,NULL,NULL,NULL,NULL,NULL,NULL,NULL,NULL,NULL,NULL,NULL,NULL,NULL,NULL,NULL,NULL,NULL,NULL,NULL,NULL,NULL,NULL,NULL,NULL,NULL,NULL,NULL,NULL,NULL,NULL,NULL,NULL,NULL,NULL,NULL,NULL,NULL,NULL,NULL,NULL,NULL,NULL,NULL,NULL,NULL,NULL,NULL,NULL,NULL,NULL,NULL,NULL,NULL,NULL,NULL,NULL,NULL,NULL,NULL,NULL,NULL,NULL,NULL,NULL,NULL,NULL,NULL,NULL,NULL,NULL,NULL,NULL,NULL,NULL,NULL,NULL,NULL,NULL,NULL,NULL,NULL,NULL,NULL,NULL,NULL,NULL,NULL,NULL,NULL,NULL,NULL,NULL,NULL,NULL,NULL,NULL,NULL,NULL,NULL,NULL,NULL,NULL,NULL,NULL,NULL,NULL,NULL,NULL,NULL,NULL,NULL,NULL,NULL,NULL,NULL,NULL,NULL,NULL,NULL,NULL,NULL,NULL,NULL,NULL,NULL,NULL,NULL,NULL,NULL,NULL,NULL),(104,6,0,NULL,NULL,NULL,NULL,NULL,NULL,NULL,NULL,NULL,NULL,NULL,NULL,NULL,NULL,NULL,NULL,NULL,NULL,NULL,NULL,NULL,NULL,NULL,NULL,NULL,NULL,NULL,NULL,NULL,NULL,NULL,NULL,NULL,NULL,NULL,NULL,NULL,NULL,NULL,NULL,NULL,NULL,NULL,NULL,NULL,NULL,NULL,NULL,NULL,NULL,NULL,NULL,NULL,NULL,NULL,NULL,NULL,NULL,NULL,NULL,NULL,NULL,NULL,NULL,NULL,NULL,NULL,NULL,NULL,NULL,NULL,NULL,NULL,NULL,NULL,NULL,NULL,NULL,NULL,NULL,NULL,NULL,NULL,NULL,NULL,NULL,NULL,NULL,NULL,NULL,NULL,NULL,NULL,NULL,NULL,NULL,NULL,NULL,NULL,NULL,NULL,NULL,NULL,NULL,NULL,NULL,NULL,NULL,NULL,NULL,NULL,NULL,NULL,NULL,NULL,NULL,NULL,NULL,NULL,NULL,NULL,NULL,NULL,NULL,NULL,NULL,NULL,NULL,NULL,NULL,NULL,NULL,NULL,NULL,NULL,NULL,NULL,NULL,NULL,NULL,NULL,NULL,NULL,NULL,NULL,NULL,NULL,NULL,NULL,NULL,NULL,NULL,NULL,NULL,NULL,NULL,NULL,NULL,NULL,NULL,NULL,NULL,NULL,NULL,NULL,NULL,NULL,NULL,NULL,NULL,NULL,NULL,NULL,NULL,NULL,NULL,NULL,NULL,NULL,NULL,NULL,NULL,NULL,NULL,NULL,NULL,NULL,NULL,NULL,NULL,NULL,NULL,NULL,NULL,NULL,NULL,NULL,NULL,NULL,NULL,NULL,NULL,NULL,NULL,NULL,NULL,NULL,NULL,NULL,NULL,NULL,NULL,NULL,NULL,NULL,NULL,NULL,NULL,NULL,NULL,NULL,NULL,NULL,NULL,NULL,NULL,NULL,NULL,NULL,NULL,NULL,NULL,NULL,NULL,NULL,NULL,NULL,NULL,NULL,NULL,NULL,NULL,NULL,NULL,NULL,NULL,NULL,NULL,NULL,NULL,NULL,NULL,NULL,NULL,NULL,NULL,NULL,NULL,NULL,NULL,NULL,NULL,NULL,NULL,NULL,NULL,NULL,NULL,NULL,NULL,NULL,NULL,NULL,NULL,NULL,NULL,NULL,NULL,NULL,NULL,NULL,NULL,NULL,NULL,NULL,NULL,NULL,NULL,NULL,NULL,NULL,NULL,NULL,NULL,NULL,NULL,NULL,NULL,NULL,NULL,NULL,NULL,NULL,NULL,NULL,NULL,NULL,NULL,NULL,NULL,NULL,NULL,NULL,NULL,NULL,NULL,NULL,NULL,NULL,NULL,NULL,NULL,NULL,NULL),(105,6,0,NULL,NULL,NULL,NULL,NULL,NULL,NULL,NULL,NULL,NULL,NULL,NULL,NULL,NULL,NULL,NULL,NULL,NULL,NULL,NULL,NULL,NULL,NULL,NULL,NULL,NULL,NULL,NULL,NULL,NULL,NULL,NULL,NULL,NULL,NULL,NULL,NULL,NULL,NULL,NULL,NULL,NULL,NULL,NULL,NULL,NULL,NULL,NULL,NULL,NULL,NULL,NULL,NULL,NULL,NULL,NULL,NULL,NULL,NULL,NULL,NULL,NULL,NULL,NULL,NULL,NULL,NULL,NULL,NULL,NULL,NULL,NULL,NULL,NULL,NULL,NULL,NULL,NULL,NULL,NULL,NULL,NULL,NULL,NULL,NULL,NULL,NULL,NULL,NULL,NULL,NULL,NULL,NULL,NULL,NULL,NULL,NULL,NULL,NULL,NULL,NULL,NULL,NULL,NULL,NULL,NULL,NULL,NULL,NULL,NULL,NULL,NULL,NULL,NULL,NULL,NULL,NULL,NULL,NULL,NULL,NULL,NULL,NULL,NULL,NULL,NULL,NULL,NULL,NULL,NULL,NULL,NULL,NULL,NULL,NULL,NULL,NULL,NULL,NULL,NULL,NULL,NULL,NULL,NULL,NULL,NULL,NULL,NULL,NULL,NULL,NULL,NULL,NULL,NULL,NULL,NULL,NULL,NULL,NULL,NULL,NULL,NULL,NULL,NULL,NULL,NULL,NULL,NULL,NULL,NULL,NULL,NULL,NULL,NULL,NULL,NULL,NULL,NULL,NULL,NULL,NULL,NULL,NULL,NULL,NULL,NULL,NULL,NULL,NULL,NULL,NULL,NULL,NULL,NULL,NULL,NULL,NULL,NULL,NULL,NULL,NULL,NULL,NULL,NULL,NULL,NULL,NULL,NULL,NULL,NULL,NULL,NULL,NULL,NULL,NULL,NULL,NULL,NULL,NULL,NULL,NULL,NULL,NULL,NULL,NULL,NULL,NULL,NULL,NULL,NULL,NULL,NULL,NULL,NULL,NULL,NULL,NULL,NULL,NULL,NULL,NULL,NULL,NULL,NULL,NULL,NULL,NULL,NULL,NULL,NULL,NULL,NULL,NULL,NULL,NULL,NULL,NULL,NULL,NULL,NULL,NULL,NULL,NULL,NULL,NULL,NULL,NULL,NULL,NULL,NULL,NULL,NULL,NULL,NULL,NULL,NULL,NULL,NULL,NULL,NULL,NULL,NULL,NULL,NULL,NULL,NULL,NULL,NULL,NULL,NULL,NULL,NULL,NULL,NULL,NULL,NULL,NULL,NULL,NULL,NULL,NULL,NULL,NULL,NULL,NULL,NULL,NULL,NULL,NULL,NULL,NULL,NULL,NULL,NULL,NULL,NULL,NULL,NULL,NULL,NULL,NULL,NULL,NULL,NULL),(106,6,0,NULL,NULL,NULL,NULL,NULL,NULL,NULL,NULL,NULL,NULL,NULL,NULL,NULL,NULL,NULL,NULL,NULL,NULL,NULL,NULL,NULL,NULL,NULL,NULL,NULL,NULL,NULL,NULL,NULL,NULL,NULL,NULL,NULL,NULL,NULL,NULL,NULL,NULL,NULL,NULL,NULL,NULL,NULL,NULL,NULL,NULL,NULL,NULL,NULL,NULL,NULL,NULL,NULL,NULL,NULL,NULL,NULL,NULL,NULL,NULL,NULL,NULL,NULL,NULL,NULL,NULL,NULL,NULL,NULL,NULL,NULL,NULL,NULL,NULL,NULL,NULL,NULL,NULL,NULL,NULL,NULL,NULL,NULL,NULL,NULL,NULL,NULL,NULL,NULL,NULL,NULL,NULL,NULL,NULL,NULL,NULL,NULL,NULL,NULL,NULL,NULL,NULL,NULL,NULL,NULL,NULL,NULL,NULL,NULL,NULL,NULL,NULL,NULL,NULL,NULL,NULL,NULL,NULL,NULL,NULL,NULL,NULL,NULL,NULL,NULL,NULL,NULL,NULL,NULL,NULL,NULL,NULL,NULL,NULL,NULL,NULL,NULL,NULL,NULL,NULL,NULL,NULL,NULL,NULL,NULL,NULL,NULL,NULL,NULL,NULL,NULL,NULL,NULL,NULL,NULL,NULL,NULL,NULL,NULL,NULL,NULL,NULL,NULL,NULL,NULL,NULL,NULL,NULL,NULL,NULL,NULL,NULL,NULL,NULL,NULL,NULL,NULL,NULL,NULL,NULL,NULL,NULL,NULL,NULL,NULL,NULL,NULL,NULL,NULL,NULL,NULL,NULL,NULL,NULL,NULL,NULL,NULL,NULL,NULL,NULL,NULL,NULL,NULL,NULL,NULL,NULL,NULL,NULL,NULL,NULL,NULL,NULL,NULL,NULL,NULL,NULL,NULL,NULL,NULL,NULL,NULL,NULL,NULL,NULL,NULL,NULL,NULL,NULL,NULL,NULL,NULL,NULL,NULL,NULL,NULL,NULL,NULL,NULL,NULL,NULL,NULL,NULL,NULL,NULL,NULL,NULL,NULL,NULL,NULL,NULL,NULL,NULL,NULL,NULL,NULL,NULL,NULL,NULL,NULL,NULL,NULL,NULL,NULL,NULL,NULL,NULL,NULL,NULL,NULL,NULL,NULL,NULL,NULL,NULL,NULL,NULL,NULL,NULL,NULL,NULL,NULL,NULL,NULL,NULL,NULL,NULL,NULL,NULL,NULL,NULL,NULL,NULL,NULL,NULL,NULL,NULL,NULL,NULL,NULL,NULL,NULL,NULL,NULL,NULL,NULL,NULL,NULL,NULL,NULL,NULL,NULL,NULL,NULL,NULL,NULL,NULL,NULL,NULL,NULL,NULL,NULL,NULL,NULL,NULL),(107,6,0,NULL,NULL,NULL,NULL,NULL,NULL,NULL,NULL,NULL,NULL,NULL,NULL,NULL,NULL,NULL,NULL,NULL,NULL,NULL,NULL,NULL,NULL,NULL,NULL,NULL,NULL,NULL,NULL,NULL,NULL,NULL,NULL,NULL,NULL,NULL,NULL,NULL,NULL,NULL,NULL,NULL,NULL,NULL,NULL,NULL,NULL,NULL,NULL,NULL,NULL,NULL,NULL,NULL,NULL,NULL,NULL,NULL,NULL,NULL,NULL,NULL,NULL,NULL,NULL,NULL,NULL,NULL,NULL,NULL,NULL,NULL,NULL,NULL,NULL,NULL,NULL,NULL,NULL,NULL,NULL,NULL,NULL,NULL,NULL,NULL,NULL,NULL,NULL,NULL,NULL,NULL,NULL,NULL,NULL,NULL,NULL,NULL,NULL,NULL,NULL,NULL,NULL,NULL,NULL,NULL,NULL,NULL,NULL,NULL,NULL,NULL,NULL,NULL,NULL,NULL,NULL,NULL,NULL,NULL,NULL,NULL,NULL,NULL,NULL,NULL,NULL,NULL,NULL,NULL,NULL,NULL,NULL,NULL,NULL,NULL,NULL,NULL,NULL,NULL,NULL,NULL,NULL,NULL,NULL,NULL,NULL,NULL,NULL,NULL,NULL,NULL,NULL,NULL,NULL,NULL,NULL,NULL,NULL,NULL,NULL,NULL,NULL,NULL,NULL,NULL,NULL,NULL,NULL,NULL,NULL,NULL,NULL,NULL,NULL,NULL,NULL,NULL,NULL,NULL,NULL,NULL,NULL,NULL,NULL,NULL,NULL,NULL,NULL,NULL,NULL,NULL,NULL,NULL,NULL,NULL,NULL,NULL,NULL,NULL,NULL,NULL,NULL,NULL,NULL,NULL,NULL,NULL,NULL,NULL,NULL,NULL,NULL,NULL,NULL,NULL,NULL,NULL,NULL,NULL,NULL,NULL,NULL,NULL,NULL,NULL,NULL,NULL,NULL,NULL,NULL,NULL,NULL,NULL,NULL,NULL,NULL,NULL,NULL,NULL,NULL,NULL,NULL,NULL,NULL,NULL,NULL,NULL,NULL,NULL,NULL,NULL,NULL,NULL,NULL,NULL,NULL,NULL,NULL,NULL,NULL,NULL,NULL,NULL,NULL,NULL,NULL,NULL,NULL,NULL,NULL,NULL,NULL,NULL,NULL,NULL,NULL,NULL,NULL,NULL,NULL,NULL,NULL,NULL,NULL,NULL,NULL,NULL,NULL,NULL,NULL,NULL,NULL,NULL,NULL,NULL,NULL,NULL,NULL,NULL,NULL,NULL,NULL,NULL,NULL,NULL,NULL,NULL,NULL,NULL,NULL,NULL,NULL,NULL,NULL,NULL,NULL,NULL,NULL,NULL,NULL,NULL,NULL,NULL,NULL),(108,6,0,NULL,NULL,NULL,NULL,NULL,NULL,NULL,NULL,NULL,NULL,NULL,NULL,NULL,NULL,NULL,NULL,NULL,NULL,NULL,NULL,NULL,NULL,NULL,NULL,NULL,NULL,NULL,NULL,NULL,NULL,NULL,NULL,NULL,NULL,NULL,NULL,NULL,NULL,NULL,NULL,NULL,NULL,NULL,NULL,NULL,NULL,NULL,NULL,NULL,NULL,NULL,NULL,NULL,NULL,NULL,NULL,NULL,NULL,NULL,NULL,NULL,NULL,NULL,NULL,NULL,NULL,NULL,NULL,NULL,NULL,NULL,NULL,NULL,NULL,NULL,NULL,NULL,NULL,NULL,NULL,NULL,NULL,NULL,NULL,NULL,NULL,NULL,NULL,NULL,NULL,NULL,NULL,NULL,NULL,NULL,NULL,NULL,NULL,NULL,NULL,NULL,NULL,NULL,NULL,NULL,NULL,NULL,NULL,NULL,NULL,NULL,NULL,NULL,NULL,NULL,NULL,NULL,NULL,NULL,NULL,NULL,NULL,NULL,NULL,NULL,NULL,NULL,NULL,NULL,NULL,NULL,NULL,NULL,NULL,NULL,NULL,NULL,NULL,NULL,NULL,NULL,NULL,NULL,NULL,NULL,NULL,NULL,NULL,NULL,NULL,NULL,NULL,NULL,NULL,NULL,NULL,NULL,NULL,NULL,NULL,NULL,NULL,NULL,NULL,NULL,NULL,NULL,NULL,NULL,NULL,NULL,NULL,NULL,NULL,NULL,NULL,NULL,NULL,NULL,NULL,NULL,NULL,NULL,NULL,NULL,NULL,NULL,NULL,NULL,NULL,NULL,NULL,NULL,NULL,NULL,NULL,NULL,NULL,NULL,NULL,NULL,NULL,NULL,NULL,NULL,NULL,NULL,NULL,NULL,NULL,NULL,NULL,NULL,NULL,NULL,NULL,NULL,NULL,NULL,NULL,NULL,NULL,NULL,NULL,NULL,NULL,NULL,NULL,NULL,NULL,NULL,NULL,NULL,NULL,NULL,NULL,NULL,NULL,NULL,NULL,NULL,NULL,NULL,NULL,NULL,NULL,NULL,NULL,NULL,NULL,NULL,NULL,NULL,NULL,NULL,NULL,NULL,NULL,NULL,NULL,NULL,NULL,NULL,NULL,NULL,NULL,NULL,NULL,NULL,NULL,NULL,NULL,NULL,NULL,NULL,NULL,NULL,NULL,NULL,NULL,NULL,NULL,NULL,NULL,NULL,NULL,NULL,NULL,NULL,NULL,NULL,NULL,NULL,NULL,NULL,NULL,NULL,NULL,NULL,NULL,NULL,NULL,NULL,NULL,NULL,NULL,NULL,NULL,NULL,NULL,NULL,NULL,NULL,NULL,NULL,NULL,NULL,NULL,NULL,NULL,NULL,NULL,NULL,NULL),(109,6,0,NULL,NULL,NULL,NULL,NULL,NULL,NULL,NULL,NULL,NULL,NULL,NULL,NULL,NULL,NULL,NULL,NULL,NULL,NULL,NULL,NULL,NULL,NULL,NULL,NULL,NULL,NULL,NULL,NULL,NULL,NULL,NULL,NULL,NULL,NULL,NULL,NULL,NULL,NULL,NULL,NULL,NULL,NULL,NULL,NULL,NULL,NULL,NULL,NULL,NULL,NULL,NULL,NULL,NULL,NULL,NULL,NULL,NULL,NULL,NULL,NULL,NULL,NULL,NULL,NULL,NULL,NULL,NULL,NULL,NULL,NULL,NULL,NULL,NULL,NULL,NULL,NULL,NULL,NULL,NULL,NULL,NULL,NULL,NULL,NULL,NULL,NULL,NULL,NULL,NULL,NULL,NULL,NULL,NULL,NULL,NULL,NULL,NULL,NULL,NULL,NULL,NULL,NULL,NULL,NULL,NULL,NULL,NULL,NULL,NULL,NULL,NULL,NULL,NULL,NULL,NULL,NULL,NULL,NULL,NULL,NULL,NULL,NULL,NULL,NULL,NULL,NULL,NULL,NULL,NULL,NULL,NULL,NULL,NULL,NULL,NULL,NULL,NULL,NULL,NULL,NULL,NULL,NULL,NULL,NULL,NULL,NULL,NULL,NULL,NULL,NULL,NULL,NULL,NULL,NULL,NULL,NULL,NULL,NULL,NULL,NULL,NULL,NULL,NULL,NULL,NULL,NULL,NULL,NULL,NULL,NULL,NULL,NULL,NULL,NULL,NULL,NULL,NULL,NULL,NULL,NULL,NULL,NULL,NULL,NULL,NULL,NULL,NULL,NULL,NULL,NULL,NULL,NULL,NULL,NULL,NULL,NULL,NULL,NULL,NULL,NULL,NULL,NULL,NULL,NULL,NULL,NULL,NULL,NULL,NULL,NULL,NULL,NULL,NULL,NULL,NULL,NULL,NULL,NULL,NULL,NULL,NULL,NULL,NULL,NULL,NULL,NULL,NULL,NULL,NULL,NULL,NULL,NULL,NULL,NULL,NULL,NULL,NULL,NULL,NULL,NULL,NULL,NULL,NULL,NULL,NULL,NULL,NULL,NULL,NULL,NULL,NULL,NULL,NULL,NULL,NULL,NULL,NULL,NULL,NULL,NULL,NULL,NULL,NULL,NULL,NULL,NULL,NULL,NULL,NULL,NULL,NULL,NULL,NULL,NULL,NULL,NULL,NULL,NULL,NULL,NULL,NULL,NULL,NULL,NULL,NULL,NULL,NULL,NULL,NULL,NULL,NULL,NULL,NULL,NULL,NULL,NULL,NULL,NULL,NULL,NULL,NULL,NULL,NULL,NULL,NULL,NULL,NULL,NULL,NULL,NULL,NULL,NULL,NULL,NULL,NULL,NULL,NULL,NULL,NULL,NULL,NULL,NULL,NULL),(110,6,0,NULL,NULL,NULL,NULL,NULL,NULL,NULL,NULL,NULL,NULL,NULL,NULL,NULL,NULL,NULL,NULL,NULL,NULL,NULL,NULL,NULL,NULL,NULL,NULL,NULL,NULL,NULL,NULL,NULL,NULL,NULL,NULL,NULL,NULL,NULL,NULL,NULL,NULL,NULL,NULL,NULL,NULL,NULL,NULL,NULL,NULL,NULL,NULL,NULL,NULL,NULL,NULL,NULL,NULL,NULL,NULL,NULL,NULL,NULL,NULL,NULL,NULL,NULL,NULL,NULL,NULL,NULL,NULL,NULL,NULL,NULL,NULL,NULL,NULL,NULL,NULL,NULL,NULL,NULL,NULL,NULL,NULL,NULL,NULL,NULL,NULL,NULL,NULL,NULL,NULL,NULL,NULL,NULL,NULL,NULL,NULL,NULL,NULL,NULL,NULL,NULL,NULL,NULL,NULL,NULL,NULL,NULL,NULL,NULL,NULL,NULL,NULL,NULL,NULL,NULL,NULL,NULL,NULL,NULL,NULL,NULL,NULL,NULL,NULL,NULL,NULL,NULL,NULL,NULL,NULL,NULL,NULL,NULL,NULL,NULL,NULL,NULL,NULL,NULL,NULL,NULL,NULL,NULL,NULL,NULL,NULL,NULL,NULL,NULL,NULL,NULL,NULL,NULL,NULL,NULL,NULL,NULL,NULL,NULL,NULL,NULL,NULL,NULL,NULL,NULL,NULL,NULL,NULL,NULL,NULL,NULL,NULL,NULL,NULL,NULL,NULL,NULL,NULL,NULL,NULL,NULL,NULL,NULL,NULL,NULL,NULL,NULL,NULL,NULL,NULL,NULL,NULL,NULL,NULL,NULL,NULL,NULL,NULL,NULL,NULL,NULL,NULL,NULL,NULL,NULL,NULL,NULL,NULL,NULL,NULL,NULL,NULL,NULL,NULL,NULL,NULL,NULL,NULL,NULL,NULL,NULL,NULL,NULL,NULL,NULL,NULL,NULL,NULL,NULL,NULL,NULL,NULL,NULL,NULL,NULL,NULL,NULL,NULL,NULL,NULL,NULL,NULL,NULL,NULL,NULL,NULL,NULL,NULL,NULL,NULL,NULL,NULL,NULL,NULL,NULL,NULL,NULL,NULL,NULL,NULL,NULL,NULL,NULL,NULL,NULL,NULL,NULL,NULL,NULL,NULL,NULL,NULL,NULL,NULL,NULL,NULL,NULL,NULL,NULL,NULL,NULL,NULL,NULL,NULL,NULL,NULL,NULL,NULL,NULL,NULL,NULL,NULL,NULL,NULL,NULL,NULL,NULL,NULL,NULL,NULL,NULL,NULL,NULL,NULL,NULL,NULL,NULL,NULL,NULL,NULL,NULL,NULL,NULL,NULL,NULL,NULL,NULL,NULL,NULL,NULL,NULL,NULL,NULL,NULL);
/*!40000 ALTER TABLE `MixsSpecification_AUD` ENABLE KEYS */;
UNLOCK TABLES;

--
-- Table structure for table `PcrBatchAttach`
--

DROP TABLE IF EXISTS `PcrBatchAttach`;
/*!40101 SET @saved_cs_client     = @@character_set_client */;
/*!40101 SET character_set_client = utf8 */;
CREATE TABLE `PcrBatchAttach` (
  `PcrBatchAttachId` int(11) NOT NULL AUTO_INCREMENT,
  `DateEntered` date NOT NULL,
  `FileExtension` varchar(255) DEFAULT NULL,
  `FileName` varchar(255) NOT NULL,
  `FileTitle` varchar(255) DEFAULT NULL,
  `Height` int(11) DEFAULT NULL,
  `Notes` varchar(1024) DEFAULT NULL,
  `Width` int(11) DEFAULT NULL,
  `PcrBatchId` int(11) NOT NULL,
  PRIMARY KEY (`PcrBatchAttachId`),
  KEY `FK_i1hvqhm5h2qb9xbijcvcjkksn` (`PcrBatchId`),
  CONSTRAINT `FK_i1hvqhm5h2qb9xbijcvcjkksn` FOREIGN KEY (`PcrBatchId`) REFERENCES `PcrBatchs` (`PCRBatchID`)
) ENGINE=InnoDB DEFAULT CHARSET=latin1;
/*!40101 SET character_set_client = @saved_cs_client */;

--
-- Dumping data for table `PcrBatchAttach`
--

LOCK TABLES `PcrBatchAttach` WRITE;
/*!40000 ALTER TABLE `PcrBatchAttach` DISABLE KEYS */;
/*!40000 ALTER TABLE `PcrBatchAttach` ENABLE KEYS */;
UNLOCK TABLES;

--
-- Table structure for table `PcrBatchs`
--

DROP TABLE IF EXISTS `PcrBatchs`;
/*!40101 SET @saved_cs_client     = @@character_set_client */;
/*!40101 SET character_set_client = utf8 */;
CREATE TABLE `PcrBatchs` (
  `PCRBatchID` int(11) NOT NULL AUTO_INCREMENT,
  `CleanUpDate` date DEFAULT NULL,
  `CleanUpMethod` varchar(100) DEFAULT NULL,
  `CleanUpPlateId` varchar(50) DEFAULT NULL,
  `DnaDilution` varchar(50) DEFAULT NULL,
  `Experimenter` varchar(50) DEFAULT NULL,
  `LastModified` datetime(6) DEFAULT NULL,
  `Name` varchar(50) NOT NULL,
  `NormalizationMethod` varchar(100) DEFAULT NULL,
  `NormalizationPlateId` varchar(50) DEFAULT NULL,
  `NormalizedConcentration` varchar(20) DEFAULT NULL,
  `Notes` longtext,
  `Objective` varchar(200) DEFAULT NULL,
  `PcrPoolingNumber` varchar(50) DEFAULT NULL,
  `Polymerase` varchar(50) DEFAULT NULL,
  `Pooled` bit(1) DEFAULT NULL,
  `PositiveControl` varchar(50) DEFAULT NULL,
  `Project` varchar(50) DEFAULT NULL,
  `Purification` varchar(50) DEFAULT NULL,
  `QuantificationMethod` varchar(100) DEFAULT NULL,
  `ReactionDate` date DEFAULT NULL,
  `ReactionVolume` varchar(50) DEFAULT NULL,
  `Reference` varchar(200) DEFAULT NULL,
  `Result` longtext,
  `Thermocycler` varchar(50) DEFAULT NULL,
  `Type` varchar(255) NOT NULL,
  `GroupID` int(11) DEFAULT NULL,
  `PCRProfileID` int(11) DEFAULT NULL,
  `PrimerForwardID` int(11) DEFAULT NULL,
  `PrimerReverseID` int(11) DEFAULT NULL,
  `ProtocolID` int(11) DEFAULT NULL,
  `RegionID` int(11) DEFAULT NULL,
  `Round2BatchID` int(11) DEFAULT NULL,
  `SeqSubmissionID` int(11) DEFAULT NULL,
  PRIMARY KEY (`PCRBatchID`),
  UNIQUE KEY `UK_dltslxx4u78lx3eoye0rgfiqu` (`Name`,`GroupID`),
  KEY `FK_190on7fv02cyhhqqbtynwmcfb` (`GroupID`),
  KEY `FK_iyhmua5d43idxmrqwa6mt1mmx` (`PCRProfileID`),
  KEY `FK_5xrpd7j1ifhcveugmvivsy9j4` (`PrimerForwardID`),
  KEY `FK_qsywx3kn4haf7fb0fal1ko4sd` (`PrimerReverseID`),
  KEY `FK_tkxk7kxmhav5jejmldunlthm2` (`ProtocolID`),
  KEY `FK_4c30viwryqtx91qdsp81emqa` (`RegionID`),
  KEY `FK_5ox5bp4jaw3po3u184kff1sul` (`Round2BatchID`),
  KEY `FK_knhujokmet0ew9isorewoouim` (`SeqSubmissionID`),
  CONSTRAINT `FK_190on7fv02cyhhqqbtynwmcfb` FOREIGN KEY (`GroupID`) REFERENCES `Groups` (`GroupID`),
  CONSTRAINT `FK_4c30viwryqtx91qdsp81emqa` FOREIGN KEY (`RegionID`) REFERENCES `Regions` (`TagID`),
  CONSTRAINT `FK_5ox5bp4jaw3po3u184kff1sul` FOREIGN KEY (`Round2BatchID`) REFERENCES `PcrBatchs` (`PCRBatchID`),
  CONSTRAINT `FK_5xrpd7j1ifhcveugmvivsy9j4` FOREIGN KEY (`PrimerForwardID`) REFERENCES `PcrPrimers` (`PCRPrimerID`),
  CONSTRAINT `FK_iyhmua5d43idxmrqwa6mt1mmx` FOREIGN KEY (`PCRProfileID`) REFERENCES `PcrProfiles` (`PCRProfileID`),
  CONSTRAINT `FK_knhujokmet0ew9isorewoouim` FOREIGN KEY (`SeqSubmissionID`) REFERENCES `SeqSubmissions` (`SeqSubmissionID`),
  CONSTRAINT `FK_qsywx3kn4haf7fb0fal1ko4sd` FOREIGN KEY (`PrimerReverseID`) REFERENCES `PcrPrimers` (`PCRPrimerID`),
  CONSTRAINT `FK_tkxk7kxmhav5jejmldunlthm2` FOREIGN KEY (`ProtocolID`) REFERENCES `Protocols` (`ProtocolID`)
) ENGINE=InnoDB AUTO_INCREMENT=7 DEFAULT CHARSET=latin1;
/*!40101 SET character_set_client = @saved_cs_client */;

--
-- Dumping data for table `PcrBatchs`
--

LOCK TABLES `PcrBatchs` WRITE;
/*!40000 ALTER TABLE `PcrBatchs` DISABLE KEYS */;
INSERT INTO `PcrBatchs` VALUES (1,NULL,NULL,NULL,'aDilution','Gregg Robideau','2013-03-19 00:00:00.000000','GR_PCR_001',NULL,NULL,NULL,'PCR Batch notes 1','aObjective','4','aTaq','\0','aControl',NULL,'aPurification',NULL,'2010-01-04','10','aReference','aResult','aThermocycler','SANGER',1,1,2,1,4,2,NULL,2),(2,NULL,NULL,NULL,'bDilution','Tara Rintoul','2013-03-19 00:00:00.000000','TR_PCR_001',NULL,NULL,NULL,'PCR Batch notes 1','bObjective','4','bTaq','','bControl',NULL,'bPurification',NULL,'2010-01-05','15','bReference','bResult','bThermocycler','SANGER',1,2,4,3,4,3,NULL,2),(3,NULL,NULL,NULL,'cDilution','Mat Poff','2013-03-19 00:00:00.000000','MP_PCR_001',NULL,NULL,NULL,'PCR Batch notes 1','cObjective','4','cTaq','','cControl',NULL,'cPurification',NULL,'2010-01-05','15','cReference','cResult','cThermocycler','NGS',2,2,4,3,4,3,5,NULL),(4,NULL,NULL,NULL,'dDilution','Mat Poff','2013-03-19 00:00:00.000000','MP_PCR_002',NULL,NULL,NULL,'PCR Batch notes 1','dObjective','4','dTaq','','dControl',NULL,'dPurification',NULL,'2010-01-05','15','dReference','dResult','dThermocycler','NGS',2,2,4,3,4,3,6,NULL),(5,NULL,NULL,NULL,'cDilution','Mat Poff','2013-03-19 00:00:00.000000','MP_PCR_001_r2',NULL,NULL,NULL,'PCR Batch notes 1','cObjective','4','cTaq','','cControl',NULL,'cPurification',NULL,'2010-01-05','15','cReference','cResult','cThermocycler','ROUND2',2,2,4,3,4,3,NULL,NULL),(6,NULL,NULL,NULL,'dDilution','Mat Poff','2013-03-19 00:00:00.000000','MP_PCR_002_r2',NULL,NULL,NULL,'PCR Batch notes 1','dObjective','4','dTaq','','dControl',NULL,'dPurification',NULL,'2010-01-05','15','dReference','dResult','dThermocycler','ROUND2',2,2,4,3,4,3,NULL,NULL);
/*!40000 ALTER TABLE `PcrBatchs` ENABLE KEYS */;
UNLOCK TABLES;

--
-- Table structure for table `PcrBatchs_AUD`
--

DROP TABLE IF EXISTS `PcrBatchs_AUD`;
/*!40101 SET @saved_cs_client     = @@character_set_client */;
/*!40101 SET character_set_client = utf8 */;
CREATE TABLE `PcrBatchs_AUD` (
  `PCRBatchID` int(11) NOT NULL,
  `REV` int(11) NOT NULL,
  `REVTYPE` tinyint(4) DEFAULT NULL,
  `CleanUpDate` date DEFAULT NULL,
  `CleanUpMethod` varchar(100) DEFAULT NULL,
  `CleanUpPlateId` varchar(50) DEFAULT NULL,
  `DnaDilution` varchar(50) DEFAULT NULL,
  `Experimenter` varchar(50) DEFAULT NULL,
  `Name` varchar(50) DEFAULT NULL,
  `NormalizationMethod` varchar(100) DEFAULT NULL,
  `NormalizationPlateId` varchar(50) DEFAULT NULL,
  `NormalizedConcentration` varchar(20) DEFAULT NULL,
  `Notes` longtext,
  `Objective` varchar(200) DEFAULT NULL,
  `PcrPoolingNumber` varchar(50) DEFAULT NULL,
  `Polymerase` varchar(50) DEFAULT NULL,
  `Pooled` bit(1) DEFAULT NULL,
  `PositiveControl` varchar(50) DEFAULT NULL,
  `Project` varchar(50) DEFAULT NULL,
  `Purification` varchar(50) DEFAULT NULL,
  `QuantificationMethod` varchar(100) DEFAULT NULL,
  `ReactionDate` date DEFAULT NULL,
  `ReactionVolume` varchar(50) DEFAULT NULL,
  `Reference` varchar(200) DEFAULT NULL,
  `Result` longtext,
  `Thermocycler` varchar(50) DEFAULT NULL,
  `Type` varchar(255) DEFAULT NULL,
  `GroupID` int(11) DEFAULT NULL,
  `PCRProfileID` int(11) DEFAULT NULL,
  `PrimerForwardID` int(11) DEFAULT NULL,
  `PrimerReverseID` int(11) DEFAULT NULL,
  `ProtocolID` int(11) DEFAULT NULL,
  `RegionID` int(11) DEFAULT NULL,
  `Round2BatchID` int(11) DEFAULT NULL,
  `SeqSubmissionID` int(11) DEFAULT NULL,
  PRIMARY KEY (`PCRBatchID`,`REV`),
  KEY `FK_djmx4xysiut1o4y0p87bgcp95` (`REV`),
  CONSTRAINT `FK_djmx4xysiut1o4y0p87bgcp95` FOREIGN KEY (`REV`) REFERENCES `Revision` (`id`)
) ENGINE=InnoDB DEFAULT CHARSET=latin1;
/*!40101 SET character_set_client = @saved_cs_client */;

--
-- Dumping data for table `PcrBatchs_AUD`
--

LOCK TABLES `PcrBatchs_AUD` WRITE;
/*!40000 ALTER TABLE `PcrBatchs_AUD` DISABLE KEYS */;
/*!40000 ALTER TABLE `PcrBatchs_AUD` ENABLE KEYS */;
UNLOCK TABLES;

--
-- Table structure for table `PcrPrimers`
--

DROP TABLE IF EXISTS `PcrPrimers`;
/*!40101 SET @saved_cs_client     = @@character_set_client */;
/*!40101 SET character_set_client = utf8 */;
CREATE TABLE `PcrPrimers` (
  `PCRPrimerID` int(11) NOT NULL AUTO_INCREMENT,
  `Application` varchar(200) DEFAULT NULL,
  `DateOrdered` date DEFAULT NULL,
  `DesignDate` date DEFAULT NULL,
  `DesignedBy` varchar(50) DEFAULT NULL,
  `Direction` varchar(1) DEFAULT NULL,
  `LastModified` datetime(6) DEFAULT NULL,
  `LitReference` varchar(512) DEFAULT NULL,
  `LotNumber` int(11) NOT NULL,
  `Name` varchar(255) NOT NULL,
  `Note` varchar(1024) DEFAULT NULL,
  `Position` varchar(10) DEFAULT NULL,
  `Purification` varchar(50) DEFAULT NULL,
  `Reference` longtext,
  `ReferenceSeqDir` varchar(255) DEFAULT NULL,
  `ReferenceSeqFile` varchar(50) DEFAULT NULL,
  `RestrictionSite` longtext,
  `Seq` varchar(255) NOT NULL DEFAULT '',
  `SequenceLength` varchar(50) DEFAULT NULL,
  `StockConcentration` varchar(10) DEFAULT NULL,
  `Storage` varchar(50) DEFAULT NULL,
  `Supplier` varchar(50) DEFAULT NULL,
  `TargetSpecies` varchar(50) DEFAULT NULL,
  `TmCalculated` varchar(11) DEFAULT NULL,
  `TmPE` int(11) DEFAULT NULL,
  `Type` varchar(255) NOT NULL,
  `URLLink` longtext,
  `Used4Cloning` bit(1) DEFAULT NULL,
  `Used4Genotyping` bit(1) DEFAULT NULL,
  `Used4NestedPCR` bit(1) DEFAULT NULL,
  `Used4QRTPCR` bit(1) DEFAULT NULL,
  `Used4Sequencing` bit(1) DEFAULT NULL,
  `Used4StdPCR` bit(1) DEFAULT NULL,
  `Version` int(11) DEFAULT NULL,
  `GroupID` int(11) DEFAULT NULL,
  `DesignedByID` int(11) DEFAULT NULL,
  `PCRCieContactID` int(11) DEFAULT NULL,
  `RegionID` int(11) DEFAULT NULL,
  PRIMARY KEY (`PCRPrimerID`),
  UNIQUE KEY `UK_duh2h6r8djyl9i4qael9wfu9w` (`Name`,`LotNumber`,`GroupID`),
  KEY `FK_libscfvci046fww5lgwxqauh5` (`GroupID`),
  KEY `FK_4anag2k5y8odmss8vru2hprag` (`DesignedByID`),
  KEY `FK_j7w8lp16p2plapfkw12sxn561` (`PCRCieContactID`),
  KEY `FK_d5ldlywy1pp43lba8ciyyx1us` (`RegionID`),
  CONSTRAINT `FK_4anag2k5y8odmss8vru2hprag` FOREIGN KEY (`DesignedByID`) REFERENCES `People` (`PeopleID`),
  CONSTRAINT `FK_d5ldlywy1pp43lba8ciyyx1us` FOREIGN KEY (`RegionID`) REFERENCES `Regions` (`TagID`),
  CONSTRAINT `FK_j7w8lp16p2plapfkw12sxn561` FOREIGN KEY (`PCRCieContactID`) REFERENCES `People` (`PeopleID`),
  CONSTRAINT `FK_libscfvci046fww5lgwxqauh5` FOREIGN KEY (`GroupID`) REFERENCES `Groups` (`GroupID`)
) ENGINE=InnoDB AUTO_INCREMENT=6 DEFAULT CHARSET=latin1;
/*!40101 SET character_set_client = @saved_cs_client */;

--
-- Dumping data for table `PcrPrimers`
--

LOCK TABLES `PcrPrimers` WRITE;
/*!40000 ALTER TABLE `PcrPrimers` DISABLE KEYS */;
INSERT INTO `PcrPrimers` VALUES (1,NULL,NULL,NULL,'Bob Jones','R','2013-03-19 00:00:00.000000','Wikipedia',1,'ITS1','ITS4 primer hybridizes at the 5\' end of the 28S gene region.',NULL,'none',NULL,NULL,NULL,'600','ACTACGATCAGCATCGATG','19','10',NULL,NULL,NULL,'55',NULL,'PRIMER',NULL,'','\0','\0','\0','','',NULL,8,NULL,NULL,2),(2,NULL,NULL,NULL,'Tom Smith','F','2013-03-19 00:00:00.000000','Wikipedia',1,'ITS2','ITS5 primer hybridizes towards the 5\' end of the 18S gene region.',NULL,'none',NULL,NULL,NULL,'150','CATCGCTACGATCAGCTCG','19','12',NULL,NULL,NULL,'55',NULL,'PRIMER',NULL,'','\0','\0','\0','','',NULL,8,NULL,NULL,2),(3,NULL,NULL,NULL,'Bob Jones','R','2013-03-19 00:00:00.000000','Wikipedia',1,'Fm83','Oomycete COI',NULL,'none',NULL,NULL,NULL,'600','CTCCAATAAAAAATAACCAAAAATG','25','13',NULL,NULL,NULL,'55',NULL,'PRIMER',NULL,'','\0','\0','\0','','',NULL,8,NULL,NULL,3),(4,NULL,NULL,NULL,'Bob Jones','F','2013-03-19 00:00:00.000000','Wikipedia',1,'Oom-COI-Lev-up','Oomycete COI',NULL,'none',NULL,NULL,NULL,'150','CYTCHGGRTGWCCRAAAAACCAAA','24','14',NULL,NULL,NULL,'55',NULL,'PRIMER',NULL,'','\0','\0','\0','','',NULL,8,NULL,NULL,3),(5,NULL,NULL,NULL,'Bob Jones','F','2013-03-19 00:00:00.000000','Wikipedia',1,'MID44_ITS55','Fusion Primer',NULL,'HPLC',NULL,NULL,NULL,'150','AGCACTGTAGGGAAGTAAAAGTCGTAACAAGG','24','15',NULL,NULL,NULL,'55',NULL,'MID',NULL,'','\0','\0','\0','','',NULL,8,NULL,NULL,2);
/*!40000 ALTER TABLE `PcrPrimers` ENABLE KEYS */;
UNLOCK TABLES;

--
-- Table structure for table `PcrPrimers_AUD`
--

DROP TABLE IF EXISTS `PcrPrimers_AUD`;
/*!40101 SET @saved_cs_client     = @@character_set_client */;
/*!40101 SET character_set_client = utf8 */;
CREATE TABLE `PcrPrimers_AUD` (
  `PCRPrimerID` int(11) NOT NULL,
  `REV` int(11) NOT NULL,
  `REVTYPE` tinyint(4) DEFAULT NULL,
  `Application` varchar(200) DEFAULT NULL,
  `DateOrdered` date DEFAULT NULL,
  `DesignDate` date DEFAULT NULL,
  `DesignedBy` varchar(50) DEFAULT NULL,
  `Direction` varchar(1) DEFAULT NULL,
  `LitReference` varchar(512) DEFAULT NULL,
  `LotNumber` int(11) DEFAULT NULL,
  `Name` varchar(255) DEFAULT NULL,
  `Note` varchar(1024) DEFAULT NULL,
  `Position` varchar(10) DEFAULT NULL,
  `Purification` varchar(50) DEFAULT NULL,
  `Reference` longtext,
  `ReferenceSeqDir` varchar(255) DEFAULT NULL,
  `ReferenceSeqFile` varchar(50) DEFAULT NULL,
  `RestrictionSite` longtext,
  `Seq` varchar(255) DEFAULT NULL,
  `SequenceLength` varchar(50) DEFAULT NULL,
  `StockConcentration` varchar(10) DEFAULT NULL,
  `Storage` varchar(50) DEFAULT NULL,
  `Supplier` varchar(50) DEFAULT NULL,
  `TargetSpecies` varchar(50) DEFAULT NULL,
  `TmCalculated` varchar(11) DEFAULT NULL,
  `TmPE` int(11) DEFAULT NULL,
  `Type` varchar(255) DEFAULT NULL,
  `URLLink` longtext,
  `Used4Cloning` bit(1) DEFAULT NULL,
  `Used4Genotyping` bit(1) DEFAULT NULL,
  `Used4NestedPCR` bit(1) DEFAULT NULL,
  `Used4QRTPCR` bit(1) DEFAULT NULL,
  `Used4Sequencing` bit(1) DEFAULT NULL,
  `Used4StdPCR` bit(1) DEFAULT NULL,
  `Version` int(11) DEFAULT NULL,
  `GroupID` int(11) DEFAULT NULL,
  `DesignedByID` int(11) DEFAULT NULL,
  `PCRCieContactID` int(11) DEFAULT NULL,
  `RegionID` int(11) DEFAULT NULL,
  PRIMARY KEY (`PCRPrimerID`,`REV`),
  KEY `FK_7frxhwqxndu6ggu0pf8m33e1d` (`REV`),
  CONSTRAINT `FK_7frxhwqxndu6ggu0pf8m33e1d` FOREIGN KEY (`REV`) REFERENCES `Revision` (`id`)
) ENGINE=InnoDB DEFAULT CHARSET=latin1;
/*!40101 SET character_set_client = @saved_cs_client */;

--
-- Dumping data for table `PcrPrimers_AUD`
--

LOCK TABLES `PcrPrimers_AUD` WRITE;
/*!40000 ALTER TABLE `PcrPrimers_AUD` DISABLE KEYS */;
/*!40000 ALTER TABLE `PcrPrimers_AUD` ENABLE KEYS */;
UNLOCK TABLES;

--
-- Table structure for table `PcrProfiles`
--

DROP TABLE IF EXISTS `PcrProfiles`;
/*!40101 SET @saved_cs_client     = @@character_set_client */;
/*!40101 SET character_set_client = utf8 */;
CREATE TABLE `PcrProfiles` (
  `PCRProfileID` int(11) NOT NULL AUTO_INCREMENT,
  `Application` varchar(50) DEFAULT NULL,
  `Cycles` varchar(50) DEFAULT NULL,
  `LastModified` datetime(6) DEFAULT NULL,
  `Name` varchar(50) NOT NULL,
  `Step1` varchar(50) DEFAULT NULL,
  `Step10` varchar(50) DEFAULT NULL,
  `Step11` varchar(50) DEFAULT NULL,
  `Step12` varchar(50) DEFAULT NULL,
  `Step13` varchar(50) DEFAULT NULL,
  `Step14` varchar(50) DEFAULT NULL,
  `Step15` varchar(50) DEFAULT NULL,
  `Step2` varchar(50) DEFAULT NULL,
  `Step3` varchar(50) DEFAULT NULL,
  `Step4` varchar(50) DEFAULT NULL,
  `Step5` varchar(50) DEFAULT NULL,
  `Step6` varchar(50) DEFAULT NULL,
  `Step7` varchar(50) DEFAULT NULL,
  `Step8` varchar(50) DEFAULT NULL,
  `Step9` varchar(50) DEFAULT NULL,
  `GroupID` int(11) DEFAULT NULL,
  `RegionID` int(11) DEFAULT NULL,
  PRIMARY KEY (`PCRProfileID`),
  UNIQUE KEY `UK_7sa4mdiir7g4x2bcydhd5r9w2` (`Name`,`GroupID`),
  KEY `FK_g9ndujio1cprdfv1vxr25h6r4` (`GroupID`),
  KEY `FK_8inqadrodpjw8h6jun9r19u20` (`RegionID`),
  CONSTRAINT `FK_8inqadrodpjw8h6jun9r19u20` FOREIGN KEY (`RegionID`) REFERENCES `Regions` (`TagID`),
  CONSTRAINT `FK_g9ndujio1cprdfv1vxr25h6r4` FOREIGN KEY (`GroupID`) REFERENCES `Groups` (`GroupID`)
) ENGINE=InnoDB AUTO_INCREMENT=4 DEFAULT CHARSET=latin1;
/*!40101 SET character_set_client = @saved_cs_client */;

--
-- Dumping data for table `PcrProfiles`
--

LOCK TABLES `PcrProfiles` WRITE;
/*!40000 ALTER TABLE `PcrProfiles` DISABLE KEYS */;
INSERT INTO `PcrProfiles` VALUES (1,'PCR of ITS Region','10','2013-03-19 00:00:00.000000','ITS','95 for 3\'',NULL,NULL,NULL,NULL,NULL,NULL,'95 for 1\'','60 for 2\'','72 for 1\'','55 for 1\'',NULL,NULL,NULL,NULL,8,2),(2,'PCR of COI Region','20','2013-03-19 00:00:00.000000','COI','85 for 3\'',NULL,NULL,NULL,NULL,NULL,NULL,'75 for 1\'','70 for 2\'','72 for 1\'','55 for 1\'',NULL,NULL,NULL,NULL,8,3),(3,'PCR of ACA Region','30','2013-03-19 00:00:00.000000','ACA','85 for 3\'',NULL,NULL,NULL,NULL,NULL,NULL,'97 for 1\'','66 for 2\'','72 for 1\'','55 for 1\'',NULL,NULL,NULL,NULL,8,4);
/*!40000 ALTER TABLE `PcrProfiles` ENABLE KEYS */;
UNLOCK TABLES;

--
-- Table structure for table `PcrProfiles_AUD`
--

DROP TABLE IF EXISTS `PcrProfiles_AUD`;
/*!40101 SET @saved_cs_client     = @@character_set_client */;
/*!40101 SET character_set_client = utf8 */;
CREATE TABLE `PcrProfiles_AUD` (
  `PCRProfileID` int(11) NOT NULL,
  `REV` int(11) NOT NULL,
  `REVTYPE` tinyint(4) DEFAULT NULL,
  `Application` varchar(50) DEFAULT NULL,
  `Cycles` varchar(50) DEFAULT NULL,
  `Name` varchar(50) DEFAULT NULL,
  `Step1` varchar(50) DEFAULT NULL,
  `Step10` varchar(50) DEFAULT NULL,
  `Step11` varchar(50) DEFAULT NULL,
  `Step12` varchar(50) DEFAULT NULL,
  `Step13` varchar(50) DEFAULT NULL,
  `Step14` varchar(50) DEFAULT NULL,
  `Step15` varchar(50) DEFAULT NULL,
  `Step2` varchar(50) DEFAULT NULL,
  `Step3` varchar(50) DEFAULT NULL,
  `Step4` varchar(50) DEFAULT NULL,
  `Step5` varchar(50) DEFAULT NULL,
  `Step6` varchar(50) DEFAULT NULL,
  `Step7` varchar(50) DEFAULT NULL,
  `Step8` varchar(50) DEFAULT NULL,
  `Step9` varchar(50) DEFAULT NULL,
  `GroupID` int(11) DEFAULT NULL,
  `RegionID` int(11) DEFAULT NULL,
  PRIMARY KEY (`PCRProfileID`,`REV`),
  KEY `FK_dftsxppl9qolmnbp96t2vyf4s` (`REV`),
  CONSTRAINT `FK_dftsxppl9qolmnbp96t2vyf4s` FOREIGN KEY (`REV`) REFERENCES `Revision` (`id`)
) ENGINE=InnoDB DEFAULT CHARSET=latin1;
/*!40101 SET character_set_client = @saved_cs_client */;

--
-- Dumping data for table `PcrProfiles_AUD`
--

LOCK TABLES `PcrProfiles_AUD` WRITE;
/*!40000 ALTER TABLE `PcrProfiles_AUD` DISABLE KEYS */;
/*!40000 ALTER TABLE `PcrProfiles_AUD` ENABLE KEYS */;
UNLOCK TABLES;

--
-- Table structure for table `PcrReactions`
--

DROP TABLE IF EXISTS `PcrReactions`;
/*!40101 SET @saved_cs_client     = @@character_set_client */;
/*!40101 SET character_set_client = utf8 */;
CREATE TABLE `PcrReactions` (
  `PcrReactionID` int(11) NOT NULL AUTO_INCREMENT,
  `CleanUpPlateCoordinates` varchar(5) DEFAULT NULL,
  `FinalConcentration` varchar(50) DEFAULT NULL,
  `FinalQuality` varchar(50) DEFAULT NULL,
  `ImageDir` varchar(255) DEFAULT NULL,
  `ImageName` varchar(50) DEFAULT NULL,
  `IndexSet` varchar(50) DEFAULT NULL,
  `LastModified` datetime(6) DEFAULT NULL,
  `LocEnd` int(11) DEFAULT NULL,
  `LocStart` int(11) DEFAULT NULL,
  `NormalizationCoordinates` varchar(5) DEFAULT NULL,
  `Note` longtext,
  `PcrName` varchar(50) DEFAULT NULL,
  `Result` longtext,
  `Target` varchar(50) DEFAULT NULL,
  `GroupID` int(11) DEFAULT NULL,
  `MID` int(11) DEFAULT NULL,
  `PCRBatchID` int(11) NOT NULL,
  `PrimerForwardID` int(11) DEFAULT NULL,
  `PrimerReverseID` int(11) DEFAULT NULL,
  `RegionID` int(11) DEFAULT NULL,
  `Round1ReactionID` int(11) DEFAULT NULL,
  `SampleID` int(11) DEFAULT NULL,
  PRIMARY KEY (`PcrReactionID`),
  UNIQUE KEY `UK_r6twnrc5jjmfcou6ga115bs9n` (`PcrName`,`PCRBatchID`,`GroupID`),
  KEY `FK_jg81alaokneidyb0v3knwmj3u` (`GroupID`),
  KEY `FK_947m1h8wbrjbe7webovc5ohhd` (`MID`),
  KEY `FK_s2joblkkv71yib8kce8uxvlt7` (`PCRBatchID`),
  KEY `FK_kvp7jk41aby9lisqxyxjlly6n` (`PrimerForwardID`),
  KEY `FK_hxxl23rrnb8u65nr8myhg0899` (`PrimerReverseID`),
  KEY `FK_nk19pirk3oy63udfhcjhg7m29` (`RegionID`),
  KEY `FK_4s912n70sf0mdyj3fcskcmnia` (`Round1ReactionID`),
  KEY `FK_aoqmedewpccv2ml2lgoec0c06` (`SampleID`),
  CONSTRAINT `FK_4s912n70sf0mdyj3fcskcmnia` FOREIGN KEY (`Round1ReactionID`) REFERENCES `PcrReactions` (`PcrReactionID`),
  CONSTRAINT `FK_947m1h8wbrjbe7webovc5ohhd` FOREIGN KEY (`MID`) REFERENCES `PcrPrimers` (`PCRPrimerID`),
  CONSTRAINT `FK_aoqmedewpccv2ml2lgoec0c06` FOREIGN KEY (`SampleID`) REFERENCES `Samples` (`SampleID`),
  CONSTRAINT `FK_hxxl23rrnb8u65nr8myhg0899` FOREIGN KEY (`PrimerReverseID`) REFERENCES `PcrPrimers` (`PCRPrimerID`),
  CONSTRAINT `FK_jg81alaokneidyb0v3knwmj3u` FOREIGN KEY (`GroupID`) REFERENCES `Groups` (`GroupID`),
  CONSTRAINT `FK_kvp7jk41aby9lisqxyxjlly6n` FOREIGN KEY (`PrimerForwardID`) REFERENCES `PcrPrimers` (`PCRPrimerID`),
  CONSTRAINT `FK_nk19pirk3oy63udfhcjhg7m29` FOREIGN KEY (`RegionID`) REFERENCES `Regions` (`TagID`),
  CONSTRAINT `FK_s2joblkkv71yib8kce8uxvlt7` FOREIGN KEY (`PCRBatchID`) REFERENCES `PcrBatchs` (`PCRBatchID`)
) ENGINE=InnoDB AUTO_INCREMENT=7 DEFAULT CHARSET=latin1;
/*!40101 SET character_set_client = @saved_cs_client */;

--
-- Dumping data for table `PcrReactions`
--

LOCK TABLES `PcrReactions` WRITE;
/*!40000 ALTER TABLE `PcrReactions` DISABLE KEYS */;
INSERT INTO `PcrReactions` VALUES (1,NULL,NULL,NULL,NULL,NULL,NULL,'2013-03-19 00:00:00.000000',NULL,NULL,NULL,'PCR Reaction notes 1','A01','Good Band','Target1',1,5,1,1,2,2,NULL,1),(2,NULL,NULL,NULL,NULL,NULL,NULL,'2013-03-19 00:00:00.000000',NULL,NULL,NULL,'PCR Reaction notes 2','B01','Weak Band','Target2',1,NULL,1,3,3,4,NULL,2),(3,NULL,NULL,NULL,NULL,NULL,NULL,'2013-03-19 00:00:00.000000',NULL,NULL,NULL,'PCR Reaction notes 3','C01','No Band','Target1',1,5,1,1,2,2,NULL,3),(4,NULL,NULL,NULL,NULL,NULL,NULL,'2013-03-19 00:00:00.000000',NULL,NULL,NULL,'PCR Reaction notes 4','A01','Multiple Bands','Target2',1,NULL,2,3,3,4,NULL,4),(5,NULL,NULL,NULL,NULL,NULL,NULL,'2013-03-19 00:00:00.000000',NULL,NULL,NULL,'PCR Reaction notes 5','B01','Multiple Bands','Target2',2,NULL,3,4,3,2,NULL,4),(6,NULL,NULL,NULL,NULL,NULL,NULL,'2013-03-19 00:00:00.000000',NULL,NULL,NULL,'PCR Reaction notes 5','C01','Multiple Bands','Target2',2,NULL,3,4,3,2,NULL,4);
/*!40000 ALTER TABLE `PcrReactions` ENABLE KEYS */;
UNLOCK TABLES;

--
-- Table structure for table `PcrReactions_AUD`
--

DROP TABLE IF EXISTS `PcrReactions_AUD`;
/*!40101 SET @saved_cs_client     = @@character_set_client */;
/*!40101 SET character_set_client = utf8 */;
CREATE TABLE `PcrReactions_AUD` (
  `PcrReactionID` int(11) NOT NULL,
  `REV` int(11) NOT NULL,
  `REVTYPE` tinyint(4) DEFAULT NULL,
  `CleanUpPlateCoordinates` varchar(5) DEFAULT NULL,
  `FinalConcentration` varchar(50) DEFAULT NULL,
  `FinalQuality` varchar(50) DEFAULT NULL,
  `ImageDir` varchar(255) DEFAULT NULL,
  `ImageName` varchar(50) DEFAULT NULL,
  `IndexSet` varchar(50) DEFAULT NULL,
  `LocEnd` int(11) DEFAULT NULL,
  `LocStart` int(11) DEFAULT NULL,
  `NormalizationCoordinates` varchar(5) DEFAULT NULL,
  `Note` longtext,
  `PcrName` varchar(50) DEFAULT NULL,
  `Result` longtext,
  `Target` varchar(50) DEFAULT NULL,
  `GroupID` int(11) DEFAULT NULL,
  `MID` int(11) DEFAULT NULL,
  `PCRBatchID` int(11) DEFAULT NULL,
  `PrimerForwardID` int(11) DEFAULT NULL,
  `PrimerReverseID` int(11) DEFAULT NULL,
  `RegionID` int(11) DEFAULT NULL,
  `Round1ReactionID` int(11) DEFAULT NULL,
  `SampleID` int(11) DEFAULT NULL,
  PRIMARY KEY (`PcrReactionID`,`REV`),
  KEY `FK_e5emcecbalr3q8lwtky433qjm` (`REV`),
  CONSTRAINT `FK_e5emcecbalr3q8lwtky433qjm` FOREIGN KEY (`REV`) REFERENCES `Revision` (`id`)
) ENGINE=InnoDB DEFAULT CHARSET=latin1;
/*!40101 SET character_set_client = @saved_cs_client */;

--
-- Dumping data for table `PcrReactions_AUD`
--

LOCK TABLES `PcrReactions_AUD` WRITE;
/*!40000 ALTER TABLE `PcrReactions_AUD` DISABLE KEYS */;
/*!40000 ALTER TABLE `PcrReactions_AUD` ENABLE KEYS */;
UNLOCK TABLES;

--
-- Table structure for table `People`
--

DROP TABLE IF EXISTS `People`;
/*!40101 SET @saved_cs_client     = @@character_set_client */;
/*!40101 SET character_set_client = utf8 */;
CREATE TABLE `People` (
  `PeopleID` int(11) NOT NULL AUTO_INCREMENT,
  `LastModified` datetime(6) DEFAULT NULL,
  `NameFamily` varchar(50) NOT NULL,
  `NameGiven` varchar(50) DEFAULT NULL,
  `NameMiddle` varchar(50) DEFAULT NULL,
  `NamePrefix` varchar(50) DEFAULT NULL,
  `NameSuffix` varchar(50) DEFAULT NULL,
  `Note` longtext,
  PRIMARY KEY (`PeopleID`)
) ENGINE=InnoDB AUTO_INCREMENT=3 DEFAULT CHARSET=latin1;
/*!40101 SET character_set_client = @saved_cs_client */;

--
-- Dumping data for table `People`
--

LOCK TABLES `People` WRITE;
/*!40000 ALTER TABLE `People` DISABLE KEYS */;
INSERT INTO `People` VALUES (1,'2007-04-03 00:00:00.000000','Raible','Matt','','','',''),(2,'2007-04-03 00:00:00.000000','Johnson','Bob','','','','');
/*!40000 ALTER TABLE `People` ENABLE KEYS */;
UNLOCK TABLES;

--
-- Table structure for table `PeopleAddresses`
--

DROP TABLE IF EXISTS `PeopleAddresses`;
/*!40101 SET @saved_cs_client     = @@character_set_client */;
/*!40101 SET character_set_client = utf8 */;
CREATE TABLE `PeopleAddresses` (
  `PeopleAddressID` int(11) NOT NULL AUTO_INCREMENT,
  `AddrType` varchar(20) NOT NULL,
  `PrimaryAddr` bit(1) NOT NULL,
  `TelCell` varchar(40) DEFAULT NULL,
  `TelFax` varchar(40) DEFAULT NULL,
  `TelPager` varchar(40) DEFAULT NULL,
  `TelVoice1` varchar(40) DEFAULT NULL,
  `TelVoice2` varchar(40) DEFAULT NULL,
  `AddressID` int(11) DEFAULT NULL,
  `PeopleID` int(11) DEFAULT NULL,
  PRIMARY KEY (`PeopleAddressID`),
  KEY `FK_t2mrruiddat2byt9i5coq185o` (`AddressID`),
  KEY `FK_fmo1wa3swpawahjntu632s4dm` (`PeopleID`),
  CONSTRAINT `FK_fmo1wa3swpawahjntu632s4dm` FOREIGN KEY (`PeopleID`) REFERENCES `People` (`PeopleID`),
  CONSTRAINT `FK_t2mrruiddat2byt9i5coq185o` FOREIGN KEY (`AddressID`) REFERENCES `Addresses` (`AddressID`)
) ENGINE=InnoDB DEFAULT CHARSET=latin1;
/*!40101 SET character_set_client = @saved_cs_client */;

--
-- Dumping data for table `PeopleAddresses`
--

LOCK TABLES `PeopleAddresses` WRITE;
/*!40000 ALTER TABLE `PeopleAddresses` DISABLE KEYS */;
/*!40000 ALTER TABLE `PeopleAddresses` ENABLE KEYS */;
UNLOCK TABLES;

--
-- Table structure for table `PeopleGroups`
--

DROP TABLE IF EXISTS `PeopleGroups`;
/*!40101 SET @saved_cs_client     = @@character_set_client */;
/*!40101 SET character_set_client = utf8 */;
CREATE TABLE `PeopleGroups` (
  `PeopleGroupID` int(11) NOT NULL AUTO_INCREMENT,
  `LastModified` datetime(6) DEFAULT NULL,
  `GroupID` int(11) DEFAULT NULL,
  `PeopleID` int(11) DEFAULT NULL,
  PRIMARY KEY (`PeopleGroupID`),
  KEY `FK_7qbopoys5i020a1u0wtksh9al` (`GroupID`),
  KEY `FK_buxmypgdwcfgy8gprhfo1k9a4` (`PeopleID`),
  CONSTRAINT `FK_7qbopoys5i020a1u0wtksh9al` FOREIGN KEY (`GroupID`) REFERENCES `Groups` (`GroupID`),
  CONSTRAINT `FK_buxmypgdwcfgy8gprhfo1k9a4` FOREIGN KEY (`PeopleID`) REFERENCES `People` (`PeopleID`)
) ENGINE=InnoDB AUTO_INCREMENT=3 DEFAULT CHARSET=latin1;
/*!40101 SET character_set_client = @saved_cs_client */;

--
-- Dumping data for table `PeopleGroups`
--

LOCK TABLES `PeopleGroups` WRITE;
/*!40000 ALTER TABLE `PeopleGroups` DISABLE KEYS */;
INSERT INTO `PeopleGroups` VALUES (1,'2013-03-19 00:00:00.000000',6,1),(2,'2013-03-19 00:00:00.000000',7,1);
/*!40000 ALTER TABLE `PeopleGroups` ENABLE KEYS */;
UNLOCK TABLES;

--
-- Table structure for table `Printers`
--

DROP TABLE IF EXISTS `Printers`;
/*!40101 SET @saved_cs_client     = @@character_set_client */;
/*!40101 SET character_set_client = utf8 */;
CREATE TABLE `Printers` (
  `PrinterID` int(11) NOT NULL AUTO_INCREMENT,
  `Alias` varchar(255) NOT NULL,
  `AssetTag` varchar(255) DEFAULT NULL,
  `IpAddress` varchar(255) DEFAULT NULL,
  `LastModified` datetime(6) DEFAULT NULL,
  `Location` varchar(255) DEFAULT NULL,
  `Path` varchar(255) DEFAULT NULL,
  `PrinterName` varchar(50) NOT NULL,
  `LabelFormatID` int(11) DEFAULT NULL,
  PRIMARY KEY (`PrinterID`),
  UNIQUE KEY `UK_5et5n4fc8jcen1a6inakmydlx` (`Alias`),
  KEY `FK_di98ww0jwy6rja4tadd2baqrl` (`LabelFormatID`),
  CONSTRAINT `FK_di98ww0jwy6rja4tadd2baqrl` FOREIGN KEY (`LabelFormatID`) REFERENCES `LabelFormats` (`LabelFormatID`)
) ENGINE=InnoDB AUTO_INCREMENT=10 DEFAULT CHARSET=latin1;
/*!40101 SET character_set_client = @saved_cs_client */;

--
-- Dumping data for table `Printers`
--

LOCK TABLES `Printers` WRITE;
/*!40000 ALTER TABLE `Printers` DISABLE KEYS */;
INSERT INTO `Printers` VALUES (5,'ip600-1',NULL,'10.117.57.161','2013-03-19 00:00:00.000000','DAOM Lab',NULL,'Brady IP600 Printer (Daom Lab)',1),(6,'ip600-22',NULL,'10.117.218.239','2013-03-19 00:00:00.000000','KAS Lab',NULL,'Brady IP600 Printer (KAS Lab)',1),(7,'ip600-2',NULL,'10.117.218.159','2013-03-19 00:00:00.000000','LEV Lab',NULL,'Brady IP600 Printer (LEV Lab)',2),(8,'ip600-MBB-2133',NULL,'10.117.204.120','2013-03-19 00:00:00.000000','MMB Lab',NULL,'Brady IP600 Printer (MMB LAB)',1),(9,'HP8500',NULL,'1.1.1.1','2013-03-19 00:00:00.000000','second floor hallway',NULL,'HP8500',3);
/*!40000 ALTER TABLE `Printers` ENABLE KEYS */;
UNLOCK TABLES;

--
-- Table structure for table `Products`
--

DROP TABLE IF EXISTS `Products`;
/*!40101 SET @saved_cs_client     = @@character_set_client */;
/*!40101 SET character_set_client = utf8 */;
CREATE TABLE `Products` (
  `ProductID` int(11) NOT NULL AUTO_INCREMENT,
  `Description` varchar(200) DEFAULT NULL,
  `LastModified` datetime(6) DEFAULT NULL,
  `Name` varchar(50) NOT NULL,
  `Type` varchar(50) DEFAULT NULL,
  `UPC` varchar(50) DEFAULT NULL,
  `GroupID` int(11) DEFAULT NULL,
  PRIMARY KEY (`ProductID`),
  UNIQUE KEY `UK_fevk2xo6g0perb22rbxe79gmf` (`Name`,`GroupID`),
  KEY `FK_clmijec1ll51e1cw4y06pa1lj` (`GroupID`),
  CONSTRAINT `FK_clmijec1ll51e1cw4y06pa1lj` FOREIGN KEY (`GroupID`) REFERENCES `Groups` (`GroupID`)
) ENGINE=InnoDB AUTO_INCREMENT=3 DEFAULT CHARSET=latin1;
/*!40101 SET character_set_client = @saved_cs_client */;

--
-- Dumping data for table `Products`
--

LOCK TABLES `Products` WRITE;
/*!40000 ALTER TABLE `Products` DISABLE KEYS */;
INSERT INTO `Products` VALUES (1,'Kit used to create a sample','2013-03-19 00:00:00.000000','Kit 242','Kit','068274000218',1),(2,'It\'s a cardboard box. What more do you need to know?','2013-03-19 00:00:00.000000','Bob\'s Goods\' Cardboard Box','A Cardboard Box','069000061015',1);
/*!40000 ALTER TABLE `Products` ENABLE KEYS */;
UNLOCK TABLES;

--
-- Table structure for table `Products_AUD`
--

DROP TABLE IF EXISTS `Products_AUD`;
/*!40101 SET @saved_cs_client     = @@character_set_client */;
/*!40101 SET character_set_client = utf8 */;
CREATE TABLE `Products_AUD` (
  `ProductID` int(11) NOT NULL,
  `REV` int(11) NOT NULL,
  `REVTYPE` tinyint(4) DEFAULT NULL,
  `Description` varchar(200) DEFAULT NULL,
  `Name` varchar(50) DEFAULT NULL,
  `Type` varchar(50) DEFAULT NULL,
  `UPC` varchar(50) DEFAULT NULL,
  `GroupID` int(11) DEFAULT NULL,
  PRIMARY KEY (`ProductID`,`REV`),
  KEY `FK_n7jjay7ughu5qrc2sbuots3sk` (`REV`),
  CONSTRAINT `FK_n7jjay7ughu5qrc2sbuots3sk` FOREIGN KEY (`REV`) REFERENCES `Revision` (`id`)
) ENGINE=InnoDB DEFAULT CHARSET=latin1;
/*!40101 SET character_set_client = @saved_cs_client */;

--
-- Dumping data for table `Products_AUD`
--

LOCK TABLES `Products_AUD` WRITE;
/*!40000 ALTER TABLE `Products_AUD` DISABLE KEYS */;
/*!40000 ALTER TABLE `Products_AUD` ENABLE KEYS */;
UNLOCK TABLES;

--
-- Table structure for table `ProjectTags`
--

DROP TABLE IF EXISTS `ProjectTags`;
/*!40101 SET @saved_cs_client     = @@character_set_client */;
/*!40101 SET character_set_client = utf8 */;
CREATE TABLE `ProjectTags` (
  `TagID` int(11) NOT NULL AUTO_INCREMENT,
  `Description` longtext,
  `LastModified` datetime(6) DEFAULT NULL,
  `lft` int(11) DEFAULT NULL,
  `Name` varchar(30) NOT NULL,
  `rgt` int(11) DEFAULT NULL,
  `DurationFrom` date DEFAULT NULL,
  `DurationUntil` date DEFAULT NULL,
  `FundingSource` varchar(30) DEFAULT NULL,
  `Status` varchar(20) DEFAULT NULL,
  `Title` varchar(200) DEFAULT NULL,
  `GroupID` int(11) DEFAULT NULL,
  PRIMARY KEY (`TagID`),
  UNIQUE KEY `UK_9x0k5m3mp5ms3pgxp4sp6dotw` (`Name`),
  UNIQUE KEY `UK_h88xanisv3f9ubo9h4x65nxhd` (`Name`,`GroupID`),
  KEY `FK_phqvhw9un9ed5rsp6nysmu151` (`GroupID`),
  CONSTRAINT `FK_phqvhw9un9ed5rsp6nysmu151` FOREIGN KEY (`GroupID`) REFERENCES `Groups` (`GroupID`)
) ENGINE=InnoDB AUTO_INCREMENT=9 DEFAULT CHARSET=latin1;
/*!40101 SET character_set_client = @saved_cs_client */;

--
-- Dumping data for table `ProjectTags`
--

LOCK TABLES `ProjectTags` WRITE;
/*!40000 ALTER TABLE `ProjectTags` DISABLE KEYS */;
INSERT INTO `ProjectTags` VALUES (1,'System root node that every project inherits from. Should not be displayed in the UI.','2013-03-19 00:00:00.000000',1,'root',16,NULL,NULL,NULL,NULL,NULL,1),(2,'Metagenomic pipeline project.','2013-03-19 00:00:00.000000',2,'SAGES',11,'2010-04-01','2014-04-01','A-Base','Open','Whatever SAGES stands for',1),(3,'Description of Sarah\'s project 1','2013-03-19 00:00:00.000000',3,'Sarah1',8,'2010-04-01','2014-04-01','A-Base','Open','Sarah\'s project 1',3),(4,'Description of Sarah\'s project for her tech 1','2013-03-19 00:00:00.000000',4,'S.tech1',5,'2010-04-01','2014-04-01','A-Base','Open','Sarah\'s project for her tech 1',3),(5,'Description of Sarah\'s project for her tech 2','2013-03-19 00:00:00.000000',6,'S.tech2',7,'2010-04-01','2014-04-01','A-Base','Open','Sarah\'s project for her tech 2',3),(6,'Description of Andre\'s project','2013-03-19 00:00:00.000000',9,'Andre1',10,'2010-04-01','2014-04-01','A-Base','Open','Andre\'s project',1),(7,'Quarantine Invasive Species project.','2013-03-19 00:00:00.000000',12,'GRDI',15,'2010-04-01','2014-04-01','A-Base','Open','Whatever GRDI stands for',1),(8,'Description of Sarah\'s project 2','2013-03-19 00:00:00.000000',13,'Sarah2',14,'2010-04-01','2014-04-01','A-Base','Open','Sarah\'s project 2',3);
/*!40000 ALTER TABLE `ProjectTags` ENABLE KEYS */;
UNLOCK TABLES;

--
-- Table structure for table `ProjectTags_AUD`
--

DROP TABLE IF EXISTS `ProjectTags_AUD`;
/*!40101 SET @saved_cs_client     = @@character_set_client */;
/*!40101 SET character_set_client = utf8 */;
CREATE TABLE `ProjectTags_AUD` (
  `TagID` int(11) NOT NULL,
  `REV` int(11) NOT NULL,
  `REVTYPE` tinyint(4) DEFAULT NULL,
  `DurationFrom` date DEFAULT NULL,
  `DurationUntil` date DEFAULT NULL,
  `FundingSource` varchar(30) DEFAULT NULL,
  `Status` varchar(20) DEFAULT NULL,
  `Title` varchar(200) DEFAULT NULL,
  `GroupID` int(11) DEFAULT NULL,
  PRIMARY KEY (`TagID`,`REV`),
  KEY `FK_i84pu0014li6cglfesarm767j` (`REV`),
  CONSTRAINT `FK_i84pu0014li6cglfesarm767j` FOREIGN KEY (`REV`) REFERENCES `Revision` (`id`)
) ENGINE=InnoDB DEFAULT CHARSET=latin1;
/*!40101 SET character_set_client = @saved_cs_client */;

--
-- Dumping data for table `ProjectTags_AUD`
--

LOCK TABLES `ProjectTags_AUD` WRITE;
/*!40000 ALTER TABLE `ProjectTags_AUD` DISABLE KEYS */;
/*!40000 ALTER TABLE `ProjectTags_AUD` ENABLE KEYS */;
UNLOCK TABLES;

--
-- Table structure for table `Projects`
--

DROP TABLE IF EXISTS `Projects`;
/*!40101 SET @saved_cs_client     = @@character_set_client */;
/*!40101 SET character_set_client = utf8 */;
CREATE TABLE `Projects` (
  `ProjectID` int(11) NOT NULL AUTO_INCREMENT,
  `Description` longtext,
  `LastModified` datetime(6) DEFAULT NULL,
  `Name` varchar(50) NOT NULL,
  `GroupID` int(11) DEFAULT NULL,
  PRIMARY KEY (`ProjectID`),
  UNIQUE KEY `UK_6sxa05kpc3ujngpsvmaqdw9pt` (`Name`),
  KEY `FK_rsyctg2p1bxfnhguxpr3xrm47` (`GroupID`),
  CONSTRAINT `FK_rsyctg2p1bxfnhguxpr3xrm47` FOREIGN KEY (`GroupID`) REFERENCES `Groups` (`GroupID`)
) ENGINE=InnoDB AUTO_INCREMENT=4 DEFAULT CHARSET=latin1;
/*!40101 SET character_set_client = @saved_cs_client */;

--
-- Dumping data for table `Projects`
--

LOCK TABLES `Projects` WRITE;
/*!40000 ALTER TABLE `Projects` DISABLE KEYS */;
INSERT INTO `Projects` VALUES (1,NULL,'2007-04-03 00:00:00.000000','Test Project',1),(2,NULL,'2007-04-03 00:00:00.000000','Another Project',1),(3,NULL,'2007-04-03 00:00:00.000000','A sub Project',1);
/*!40000 ALTER TABLE `Projects` ENABLE KEYS */;
UNLOCK TABLES;

--
-- Table structure for table `ProjectsProject`
--

DROP TABLE IF EXISTS `ProjectsProject`;
/*!40101 SET @saved_cs_client     = @@character_set_client */;
/*!40101 SET character_set_client = utf8 */;
CREATE TABLE `ProjectsProject` (
  `ProjectsProjectID` int(11) NOT NULL AUTO_INCREMENT,
  `ChildID` int(11) NOT NULL,
  `ParentID` int(11) NOT NULL,
  PRIMARY KEY (`ProjectsProjectID`),
  UNIQUE KEY `UK_tjbd851lfl437pmvjt76rbc57` (`ChildID`),
  KEY `FK_40glvko9wlbdh4axsvon037mg` (`ParentID`),
  CONSTRAINT `FK_40glvko9wlbdh4axsvon037mg` FOREIGN KEY (`ParentID`) REFERENCES `Projects` (`ProjectID`),
  CONSTRAINT `FK_tjbd851lfl437pmvjt76rbc57` FOREIGN KEY (`ChildID`) REFERENCES `Projects` (`ProjectID`)
) ENGINE=InnoDB AUTO_INCREMENT=2 DEFAULT CHARSET=latin1;
/*!40101 SET character_set_client = @saved_cs_client */;

--
-- Dumping data for table `ProjectsProject`
--

LOCK TABLES `ProjectsProject` WRITE;
/*!40000 ALTER TABLE `ProjectsProject` DISABLE KEYS */;
INSERT INTO `ProjectsProject` VALUES (1,3,1);
/*!40000 ALTER TABLE `ProjectsProject` ENABLE KEYS */;
UNLOCK TABLES;

--
-- Table structure for table `ProtocolAttach`
--

DROP TABLE IF EXISTS `ProtocolAttach`;
/*!40101 SET @saved_cs_client     = @@character_set_client */;
/*!40101 SET character_set_client = utf8 */;
CREATE TABLE `ProtocolAttach` (
  `ProtocolAttachId` int(11) NOT NULL AUTO_INCREMENT,
  `DateEntered` date NOT NULL,
  `FileExtension` varchar(255) DEFAULT NULL,
  `FileName` varchar(255) NOT NULL,
  `FileTitle` varchar(255) DEFAULT NULL,
  `Height` int(11) DEFAULT NULL,
  `Notes` varchar(1024) DEFAULT NULL,
  `Width` int(11) DEFAULT NULL,
  `ProtocolID` int(11) NOT NULL,
  PRIMARY KEY (`ProtocolAttachId`),
  KEY `FK_susn9fe31sdoambvi1nlx436n` (`ProtocolID`),
  CONSTRAINT `FK_susn9fe31sdoambvi1nlx436n` FOREIGN KEY (`ProtocolID`) REFERENCES `Protocols` (`ProtocolID`)
) ENGINE=InnoDB DEFAULT CHARSET=latin1;
/*!40101 SET character_set_client = @saved_cs_client */;

--
-- Dumping data for table `ProtocolAttach`
--

LOCK TABLES `ProtocolAttach` WRITE;
/*!40000 ALTER TABLE `ProtocolAttach` DISABLE KEYS */;
/*!40000 ALTER TABLE `ProtocolAttach` ENABLE KEYS */;
UNLOCK TABLES;

--
-- Table structure for table `Protocols`
--

DROP TABLE IF EXISTS `Protocols`;
/*!40101 SET @saved_cs_client     = @@character_set_client */;
/*!40101 SET character_set_client = utf8 */;
CREATE TABLE `Protocols` (
  `ProtocolID` int(11) NOT NULL AUTO_INCREMENT,
  `Description` varchar(200) DEFAULT NULL,
  `Equipment` varchar(50) DEFAULT NULL,
  `ForwardPrimerConcentration` varchar(50) DEFAULT NULL,
  `LastModified` datetime(6) DEFAULT NULL,
  `Name` varchar(50) NOT NULL,
  `Notes` varchar(200) DEFAULT NULL,
  `ReactionMixVolume` varchar(50) DEFAULT NULL,
  `ReactionMixVolumePerTube` varchar(50) DEFAULT NULL,
  `Reference` varchar(100) DEFAULT NULL,
  `ReversePrimerConcentration` varchar(50) DEFAULT NULL,
  `Steps` varchar(1000) DEFAULT NULL,
  `Type` varchar(255) NOT NULL,
  `Version` varchar(5) DEFAULT NULL,
  `GroupID` int(11) NOT NULL,
  `ProductID` int(11) DEFAULT NULL,
  PRIMARY KEY (`ProtocolID`),
  UNIQUE KEY `UK_9rlls40vfmcvrg63wc6e9fig` (`GroupID`,`Name`,`Type`),
  KEY `FK_1xw4rqu4nlbrgr7tfhix7ufr1` (`ProductID`),
  CONSTRAINT `FK_1xw4rqu4nlbrgr7tfhix7ufr1` FOREIGN KEY (`ProductID`) REFERENCES `Products` (`ProductID`),
  CONSTRAINT `FK_8uvt9ggw52gw8ec687h28civr` FOREIGN KEY (`GroupID`) REFERENCES `Groups` (`GroupID`)
) ENGINE=InnoDB AUTO_INCREMENT=12 DEFAULT CHARSET=latin1;
/*!40101 SET character_set_client = @saved_cs_client */;

--
-- Dumping data for table `Protocols`
--

LOCK TABLES `Protocols` WRITE;
/*!40000 ALTER TABLE `Protocols` DISABLE KEYS */;
INSERT INTO `Protocols` VALUES (1,NULL,NULL,'','2017-01-01 00:00:00.000000','Specimen collection protocol',NULL,'','',NULL,'',NULL,'COLLECTION_EVENT',NULL,1,NULL),(2,NULL,NULL,'','2017-01-01 00:00:00.000000','specimen preparation protocol',NULL,'','',NULL,'',NULL,'SPECIMEN_PREPARATION',NULL,1,NULL),(3,NULL,NULL,'','2017-01-01 00:00:00.000000','DNA extraction protocol',NULL,'','',NULL,'',NULL,'DNA_EXTRACTION',NULL,1,NULL),(4,NULL,NULL,'','2017-01-01 00:00:00.000000','PCR protocol',NULL,'','',NULL,'',NULL,'PCR_REACTION',NULL,1,NULL),(5,NULL,NULL,'','2017-01-01 00:00:00.000000','Sequence reaction protocol',NULL,'','',NULL,'',NULL,'SEQ_REACTION',NULL,1,NULL),(6,NULL,NULL,'','2017-01-01 00:00:00.000000','Environmental specimen collection protocol',NULL,'','',NULL,'',NULL,'COLLECTION_EVENT',NULL,1,NULL),(7,NULL,NULL,'','2017-01-01 00:00:00.000000','Sequencing using PCR templates and 20mM primers',NULL,'','',NULL,'',NULL,'SEQ_REACTION',NULL,1,NULL),(8,NULL,NULL,'','2017-01-17 00:00:00.000000','PCR Standardized for Sequencing (10ul), +BSA ',NULL,'10','9',NULL,'',NULL,'PCR_REACTION',NULL,1,NULL),(9,NULL,NULL,'20 uM','2017-01-01 00:00:00.000000','PCR without purification before sequencing, revise',NULL,'10','9',NULL,'20 uM',NULL,'PCR_REACTION',NULL,1,NULL),(10,NULL,NULL,'20 uM','2017-01-01 00:00:00.000000','PCR requiring purification before sequencing, revi',NULL,'10','9',NULL,'20 uM',NULL,'PCR_REACTION',NULL,1,NULL),(11,NULL,NULL,'3.2 uM','2017-01-01 00:00:00.000000','BDT v3.1 Sequencing Protocol. Revised July 2005 ND',NULL,'','',NULL,'',NULL,'SEQ_REACTION',NULL,1,NULL);
/*!40000 ALTER TABLE `Protocols` ENABLE KEYS */;
UNLOCK TABLES;

--
-- Table structure for table `Protocols_AUD`
--

DROP TABLE IF EXISTS `Protocols_AUD`;
/*!40101 SET @saved_cs_client     = @@character_set_client */;
/*!40101 SET character_set_client = utf8 */;
CREATE TABLE `Protocols_AUD` (
  `ProtocolID` int(11) NOT NULL,
  `REV` int(11) NOT NULL,
  `REVTYPE` tinyint(4) DEFAULT NULL,
  `Description` varchar(200) DEFAULT NULL,
  `Equipment` varchar(50) DEFAULT NULL,
  `ForwardPrimerConcentration` varchar(50) DEFAULT NULL,
  `Name` varchar(50) DEFAULT NULL,
  `Notes` varchar(200) DEFAULT NULL,
  `ReactionMixVolume` varchar(50) DEFAULT NULL,
  `ReactionMixVolumePerTube` varchar(50) DEFAULT NULL,
  `Reference` varchar(100) DEFAULT NULL,
  `ReversePrimerConcentration` varchar(50) DEFAULT NULL,
  `Steps` varchar(1000) DEFAULT NULL,
  `Type` varchar(255) DEFAULT NULL,
  `Version` varchar(5) DEFAULT NULL,
  `GroupID` int(11) DEFAULT NULL,
  `ProductID` int(11) DEFAULT NULL,
  PRIMARY KEY (`ProtocolID`,`REV`),
  KEY `FK_gnj2gppl4gftqldmlj4btgxgg` (`REV`),
  CONSTRAINT `FK_gnj2gppl4gftqldmlj4btgxgg` FOREIGN KEY (`REV`) REFERENCES `Revision` (`id`)
) ENGINE=InnoDB DEFAULT CHARSET=latin1;
/*!40101 SET character_set_client = @saved_cs_client */;

--
-- Dumping data for table `Protocols_AUD`
--

LOCK TABLES `Protocols_AUD` WRITE;
/*!40000 ALTER TABLE `Protocols_AUD` DISABLE KEYS */;
/*!40000 ALTER TABLE `Protocols_AUD` ENABLE KEYS */;
UNLOCK TABLES;

--
-- Table structure for table `ProviderChains`
--

DROP TABLE IF EXISTS `ProviderChains`;
/*!40101 SET @saved_cs_client     = @@character_set_client */;
/*!40101 SET character_set_client = utf8 */;
CREATE TABLE `ProviderChains` (
  `ProviderChainID` int(11) NOT NULL AUTO_INCREMENT,
  `DateReceived` datetime DEFAULT NULL,
  `LastModified` datetime(6) DEFAULT NULL,
  `SpecimenIdent` varchar(50) DEFAULT NULL,
  `SpecimenNumber` int(11) DEFAULT NULL,
  `ProviderID` int(11) DEFAULT NULL,
  `ReceivedByID` int(11) DEFAULT NULL,
  `ParentProviderChainID` int(11) DEFAULT NULL,
  PRIMARY KEY (`ProviderChainID`),
  KEY `FK_1jp1erfwf28iroh9l6liq791v` (`ProviderID`),
  KEY `FK_nil4cfpn0c7m8slqnk4owktsg` (`ReceivedByID`),
  KEY `FK_l3qknci5nmdeqx7h6o3smaswa` (`ParentProviderChainID`),
  CONSTRAINT `FK_1jp1erfwf28iroh9l6liq791v` FOREIGN KEY (`ProviderID`) REFERENCES `People` (`PeopleID`),
  CONSTRAINT `FK_l3qknci5nmdeqx7h6o3smaswa` FOREIGN KEY (`ParentProviderChainID`) REFERENCES `ProviderChains` (`ProviderChainID`),
  CONSTRAINT `FK_nil4cfpn0c7m8slqnk4owktsg` FOREIGN KEY (`ReceivedByID`) REFERENCES `People` (`PeopleID`)
) ENGINE=InnoDB AUTO_INCREMENT=15 DEFAULT CHARSET=latin1;
/*!40101 SET character_set_client = @saved_cs_client */;

--
-- Dumping data for table `ProviderChains`
--

LOCK TABLES `ProviderChains` WRITE;
/*!40000 ALTER TABLE `ProviderChains` DISABLE KEYS */;
INSERT INTO `ProviderChains` VALUES (1,NULL,'2007-04-03 00:00:00.000000',NULL,NULL,1,2,NULL),(2,NULL,'2007-04-03 00:00:00.000000',NULL,NULL,1,2,NULL),(3,NULL,'2007-04-03 00:00:00.000000',NULL,NULL,1,2,NULL),(4,NULL,'2007-04-03 00:00:00.000000',NULL,NULL,1,2,NULL),(5,NULL,'2007-04-03 00:00:00.000000',NULL,NULL,1,2,NULL),(12,NULL,'2007-04-03 00:00:00.000000',NULL,NULL,1,2,NULL),(13,NULL,'2007-04-03 00:00:00.000000',NULL,NULL,1,2,NULL),(14,NULL,'2007-04-03 00:00:00.000000',NULL,NULL,1,2,NULL);
/*!40000 ALTER TABLE `ProviderChains` ENABLE KEYS */;
UNLOCK TABLES;

--
-- Table structure for table `ProviderChains_AUD`
--

DROP TABLE IF EXISTS `ProviderChains_AUD`;
/*!40101 SET @saved_cs_client     = @@character_set_client */;
/*!40101 SET character_set_client = utf8 */;
CREATE TABLE `ProviderChains_AUD` (
  `ProviderChainID` int(11) NOT NULL,
  `REV` int(11) NOT NULL,
  `REVTYPE` tinyint(4) DEFAULT NULL,
  `DateReceived` datetime DEFAULT NULL,
  `SpecimenIdent` varchar(50) DEFAULT NULL,
  `SpecimenNumber` int(11) DEFAULT NULL,
  `ProviderID` int(11) DEFAULT NULL,
  `ReceivedByID` int(11) DEFAULT NULL,
  `ParentProviderChainID` int(11) DEFAULT NULL,
  PRIMARY KEY (`ProviderChainID`,`REV`),
  KEY `FK_syge507bmxa59tfo3sun3s8le` (`REV`),
  CONSTRAINT `FK_syge507bmxa59tfo3sun3s8le` FOREIGN KEY (`REV`) REFERENCES `Revision` (`id`)
) ENGINE=InnoDB DEFAULT CHARSET=latin1;
/*!40101 SET character_set_client = @saved_cs_client */;

--
-- Dumping data for table `ProviderChains_AUD`
--

LOCK TABLES `ProviderChains_AUD` WRITE;
/*!40000 ALTER TABLE `ProviderChains_AUD` DISABLE KEYS */;
/*!40000 ALTER TABLE `ProviderChains_AUD` ENABLE KEYS */;
UNLOCK TABLES;

--
-- Table structure for table `Provinces`
--

DROP TABLE IF EXISTS `Provinces`;
/*!40101 SET @saved_cs_client     = @@character_set_client */;
/*!40101 SET character_set_client = utf8 */;
CREATE TABLE `Provinces` (
  `ProvinceId` int(11) NOT NULL AUTO_INCREMENT,
  `Abbreviation` varchar(512) DEFAULT NULL,
  `LastModified` datetime(6) DEFAULT NULL,
  `Name` varchar(512) NOT NULL,
  `Note` varchar(512) DEFAULT NULL,
  `CountryId` int(11) DEFAULT NULL,
  PRIMARY KEY (`ProvinceId`),
  KEY `FK_sj0ixihlctmheexvesghvvhbh` (`CountryId`),
  CONSTRAINT `FK_sj0ixihlctmheexvesghvvhbh` FOREIGN KEY (`CountryId`) REFERENCES `Countries` (`CountryId`)
) ENGINE=InnoDB AUTO_INCREMENT=2 DEFAULT CHARSET=latin1;
/*!40101 SET character_set_client = @saved_cs_client */;

--
-- Dumping data for table `Provinces`
--

LOCK TABLES `Provinces` WRITE;
/*!40000 ALTER TABLE `Provinces` DISABLE KEYS */;
INSERT INTO `Provinces` VALUES (1,'AW','2013-03-19 00:00:00.000000','Anywhere','aaa',1);
/*!40000 ALTER TABLE `Provinces` ENABLE KEYS */;
UNLOCK TABLES;

--
-- Table structure for table `ReactionComponents`
--

DROP TABLE IF EXISTS `ReactionComponents`;
/*!40101 SET @saved_cs_client     = @@character_set_client */;
/*!40101 SET character_set_client = utf8 */;
CREATE TABLE `ReactionComponents` (
  `ReactionComponentID` int(11) NOT NULL AUTO_INCREMENT,
  `Concentration` varchar(50) DEFAULT NULL,
  `LastModified` datetime(6) DEFAULT NULL,
  `Name` varchar(50) DEFAULT NULL,
  `Quantity` varchar(50) DEFAULT NULL,
  `ProtocolID` int(11) NOT NULL,
  PRIMARY KEY (`ReactionComponentID`),
  KEY `FK_1a4aoax0d4hbnk3xyjl4qi9vv` (`ProtocolID`),
  CONSTRAINT `FK_1a4aoax0d4hbnk3xyjl4qi9vv` FOREIGN KEY (`ProtocolID`) REFERENCES `Protocols` (`ProtocolID`)
) ENGINE=InnoDB AUTO_INCREMENT=24 DEFAULT CHARSET=latin1;
/*!40101 SET character_set_client = @saved_cs_client */;

--
-- Dumping data for table `ReactionComponents`
--

LOCK TABLES `ReactionComponents` WRITE;
/*!40000 ALTER TABLE `ReactionComponents` DISABLE KEYS */;
INSERT INTO `ReactionComponents` VALUES (1,'20mM','2017-01-01 00:00:00.000000','REVERSE_PRIMER','0.04',8),(2,'20mM','2017-01-01 00:00:00.000000','FORWARD_PRIMER','0.04',8),(3,'10x','2017-01-01 00:00:00.000000','(10X) Tit Buffer','1.0',8),(4,'2mM','2017-01-01 00:00:00.000000','2mM dNTPs','0.5',8),(5,'50x','2017-01-01 00:00:00.000000','(50X) Titan Taq','0.1',8),(6,'20mg/mL','2017-01-01 00:00:00.000000','BSA 20mg/mL','0.5',8),(7,'1:8','2017-01-01 00:00:00.000000','Seq Mix','8.5',7),(8,'','2017-01-01 00:00:00.000000','H2O','0.42',7),(9,'20mM','2017-01-01 00:00:00.000000','Primer','0.08',7),(10,'20 uM','2017-01-01 00:00:00.000000','REVERSE_PRIMER','0.04',9),(11,'20 uM','2017-01-01 00:00:00.000000','FORWARD_PRIMER','0.04',9),(12,'10X','2017-01-01 00:00:00.000000','10X Titanium Taq buffer','1.00',9),(13,'2 mM','2017-01-01 00:00:00.000000','2 mM dNTPs','0.5',9),(14,'','2017-01-01 00:00:00.000000','Sterile HPLC H2O','7.32',9),(15,'1 ng/ul','2017-01-01 00:00:00.000000','Titanium Taw Polymerase','0.1',9),(16,'','2017-01-01 00:00:00.000000','REVERSE_PRIMER','0.25',10),(17,'','2017-01-01 00:00:00.000000','FORWARD_PRIMER','0.25',10),(18,'10X','2017-01-01 00:00:00.000000','10X TitaniumTM Taq buffer','1.00',10),(19,'2 mM','2017-01-01 00:00:00.000000','2 mM dNTPs','1.00',10),(20,'','2017-01-01 00:00:00.000000','Sterile HPLC H2O','6.30',10),(21,'','2017-01-01 00:00:00.000000','Titanium Taq Polymerase','0.2',10),(22,'','2017-01-01 00:00:00.000000','Seq Mix','8.5',11),(23,'3.2 uM','2017-01-01 00:00:00.000000','Primer','0.5',11);
/*!40000 ALTER TABLE `ReactionComponents` ENABLE KEYS */;
UNLOCK TABLES;

--
-- Table structure for table `Refs`
--

DROP TABLE IF EXISTS `Refs`;
/*!40101 SET @saved_cs_client     = @@character_set_client */;
/*!40101 SET character_set_client = utf8 */;
CREATE TABLE `Refs` (
  `ReferenceID` int(11) NOT NULL AUTO_INCREMENT,
  `AttachFile` varchar(100) DEFAULT NULL,
  `Author` varchar(500) DEFAULT NULL,
  `Date` varchar(100) DEFAULT NULL,
  `LastModified` datetime(6) DEFAULT NULL,
  `OrigId` varchar(100) DEFAULT NULL,
  `Source` varchar(500) DEFAULT NULL,
  `Title` varchar(500) DEFAULT NULL,
  `Year` int(11) DEFAULT NULL,
  `AccountID` int(11) NOT NULL,
  PRIMARY KEY (`ReferenceID`),
  KEY `FK_4qvccfx8g3psr818ndnsit51d` (`AccountID`),
  CONSTRAINT `FK_4qvccfx8g3psr818ndnsit51d` FOREIGN KEY (`AccountID`) REFERENCES `Accounts` (`AccountID`)
) ENGINE=InnoDB DEFAULT CHARSET=latin1;
/*!40101 SET character_set_client = @saved_cs_client */;

--
-- Dumping data for table `Refs`
--

LOCK TABLES `Refs` WRITE;
/*!40000 ALTER TABLE `Refs` DISABLE KEYS */;
/*!40000 ALTER TABLE `Refs` ENABLE KEYS */;
UNLOCK TABLES;

--
-- Table structure for table `Regions`
--

DROP TABLE IF EXISTS `Regions`;
/*!40101 SET @saved_cs_client     = @@character_set_client */;
/*!40101 SET character_set_client = utf8 */;
CREATE TABLE `Regions` (
  `TagID` int(11) NOT NULL AUTO_INCREMENT,
  `Description` longtext,
  `LastModified` datetime(6) DEFAULT NULL,
  `lft` int(11) DEFAULT NULL,
  `Name` varchar(30) NOT NULL,
  `rgt` int(11) DEFAULT NULL,
  `Aliases` varchar(255) DEFAULT NULL,
  `ApplicableOrganisims` varchar(255) DEFAULT NULL,
  `Symbol` varchar(50) NOT NULL,
  `GroupID` int(11) DEFAULT NULL,
  PRIMARY KEY (`TagID`),
  UNIQUE KEY `UK_s7k0km863cn8h4dvj8d43hrr6` (`Name`),
  UNIQUE KEY `UK_dyejdil5b8y2kps0hqh3thhun` (`Name`,`GroupID`),
  KEY `FK_afqlk7jwweqdv5evifnx1ugkm` (`GroupID`),
  CONSTRAINT `FK_afqlk7jwweqdv5evifnx1ugkm` FOREIGN KEY (`GroupID`) REFERENCES `Groups` (`GroupID`)
) ENGINE=InnoDB AUTO_INCREMENT=5 DEFAULT CHARSET=latin1;
/*!40101 SET character_set_client = @saved_cs_client */;

--
-- Dumping data for table `Regions`
--

LOCK TABLES `Regions` WRITE;
/*!40000 ALTER TABLE `Regions` DISABLE KEYS */;
INSERT INTO `Regions` VALUES (1,'System root node that every region inherits from. Should not be displayed in the UI.','2013-03-19 00:00:00.000000',1,'root',8,NULL,NULL,'root',1),(2,'ITS Region Amplification','2013-03-19 00:00:00.000000',2,'Internal Transcribed Spacer',3,NULL,NULL,'ITS',8),(3,'COI Region Amplificiation','2013-03-19 00:00:00.000000',4,'Cytochrome c oxidase subunit I',5,NULL,NULL,'COI',8),(4,'ACA Region Amplificiation','2013-03-19 00:00:00.000000',6,'ACA',7,NULL,NULL,'ACA',8);
/*!40000 ALTER TABLE `Regions` ENABLE KEYS */;
UNLOCK TABLES;

--
-- Table structure for table `Regions_AUD`
--

DROP TABLE IF EXISTS `Regions_AUD`;
/*!40101 SET @saved_cs_client     = @@character_set_client */;
/*!40101 SET character_set_client = utf8 */;
CREATE TABLE `Regions_AUD` (
  `TagID` int(11) NOT NULL,
  `REV` int(11) NOT NULL,
  `REVTYPE` tinyint(4) DEFAULT NULL,
  `Aliases` varchar(255) DEFAULT NULL,
  `ApplicableOrganisims` varchar(255) DEFAULT NULL,
  `Symbol` varchar(50) DEFAULT NULL,
  `GroupID` int(11) DEFAULT NULL,
  PRIMARY KEY (`TagID`,`REV`),
  KEY `FK_1tm6uj8qa05skj1arvj1tc5na` (`REV`),
  CONSTRAINT `FK_1tm6uj8qa05skj1arvj1tc5na` FOREIGN KEY (`REV`) REFERENCES `Revision` (`id`)
) ENGINE=InnoDB DEFAULT CHARSET=latin1;
/*!40101 SET character_set_client = @saved_cs_client */;

--
-- Dumping data for table `Regions_AUD`
--

LOCK TABLES `Regions_AUD` WRITE;
/*!40000 ALTER TABLE `Regions_AUD` DISABLE KEYS */;
INSERT INTO `Regions_AUD` VALUES (26,5,0,NULL,NULL,'TRN',2);
/*!40000 ALTER TABLE `Regions_AUD` ENABLE KEYS */;
UNLOCK TABLES;

--
-- Table structure for table `Revision`
--

DROP TABLE IF EXISTS `Revision`;
/*!40101 SET @saved_cs_client     = @@character_set_client */;
/*!40101 SET character_set_client = utf8 */;
CREATE TABLE `Revision` (
  `id` int(11) NOT NULL AUTO_INCREMENT,
  `timestamp` bigint(20) NOT NULL,
  `userName` varchar(255) DEFAULT NULL,
  PRIMARY KEY (`id`)
) ENGINE=InnoDB AUTO_INCREMENT=8 DEFAULT CHARSET=latin1;
/*!40101 SET character_set_client = @saved_cs_client */;

--
-- Dumping data for table `Revision`
--

LOCK TABLES `Revision` WRITE;
/*!40000 ALTER TABLE `Revision` DISABLE KEYS */;
INSERT INTO `Revision` VALUES (1,1513780597970,'Test User'),(2,1513780599353,'Test User'),(3,1513780599360,'Test User'),(4,1513780599393,'Test User'),(5,1513780614049,'Automated System'),(6,1521147208677,'Admin'),(7,1521149406670,'Admin');
/*!40000 ALTER TABLE `Revision` ENABLE KEYS */;
UNLOCK TABLES;

--
-- Table structure for table `SampleAttach`
--

DROP TABLE IF EXISTS `SampleAttach`;
/*!40101 SET @saved_cs_client     = @@character_set_client */;
/*!40101 SET character_set_client = utf8 */;
CREATE TABLE `SampleAttach` (
  `SampleAttachId` int(11) NOT NULL AUTO_INCREMENT,
  `DateEntered` date NOT NULL,
  `FileExtension` varchar(255) DEFAULT NULL,
  `FileName` varchar(255) NOT NULL,
  `FileTitle` varchar(255) DEFAULT NULL,
  `Height` int(11) DEFAULT NULL,
  `Notes` varchar(1024) DEFAULT NULL,
  `Width` int(11) DEFAULT NULL,
  `SampleId` int(11) NOT NULL,
  PRIMARY KEY (`SampleAttachId`),
  KEY `FK_qb9ji50w6mbt5tgj801fn2yd0` (`SampleId`),
  CONSTRAINT `FK_qb9ji50w6mbt5tgj801fn2yd0` FOREIGN KEY (`SampleId`) REFERENCES `Samples` (`SampleID`)
) ENGINE=InnoDB DEFAULT CHARSET=latin1;
/*!40101 SET character_set_client = @saved_cs_client */;

--
-- Dumping data for table `SampleAttach`
--

LOCK TABLES `SampleAttach` WRITE;
/*!40000 ALTER TABLE `SampleAttach` DISABLE KEYS */;
/*!40000 ALTER TABLE `SampleAttach` ENABLE KEYS */;
UNLOCK TABLES;

--
-- Table structure for table `Samples`
--

DROP TABLE IF EXISTS `Samples`;
/*!40101 SET @saved_cs_client     = @@character_set_client */;
/*!40101 SET character_set_client = utf8 */;
CREATE TABLE `Samples` (
  `SampleID` int(11) NOT NULL AUTO_INCREMENT,
  `Date` date DEFAULT NULL,
  `DnaConcentration` varchar(50) DEFAULT NULL,
  `DnaConcentrationNotes` varchar(200) DEFAULT NULL,
  `DnaConcentrationPerStartMaterial` varchar(50) DEFAULT NULL,
  `DnaNotes` longtext,
  `Experimenter` varchar(50) DEFAULT NULL,
  `ExtractionBatch` varchar(100) DEFAULT NULL,
  `LastModified` datetime(6) DEFAULT NULL,
  `LysisBufferVolume` double DEFAULT NULL,
  `Name` varchar(50) NOT NULL,
  `Notes` longtext,
  `NuclAcidExt` varchar(50) DEFAULT NULL,
  `PelletSize` double DEFAULT NULL,
  `ProteinaseKVolume` double DEFAULT NULL,
  `QuantificationMethod` varchar(100) DEFAULT NULL,
  `QubitDNAConcentration` double DEFAULT NULL,
  `Ratio260_230` double DEFAULT NULL,
  `Ratio260_280` double DEFAULT NULL,
  `Source` varchar(200) DEFAULT NULL,
  `Treatment` longtext,
  `TubeId` varchar(50) DEFAULT NULL,
  `UnusableDna` bit(1) DEFAULT NULL,
  `Version` varchar(50) NOT NULL DEFAULT '',
  `VersionDescription` varchar(512) DEFAULT NULL,
  `GroupID` int(11) DEFAULT NULL,
  `ProductID` int(11) DEFAULT NULL,
  `MixedSpecimenID` int(11) DEFAULT NULL,
  `ProtocolID` int(11) DEFAULT NULL,
  `SpecimenID` int(11) DEFAULT NULL,
  PRIMARY KEY (`SampleID`),
  UNIQUE KEY `UK_1aqcmkjwtipu7d9j70hud3j0i` (`Name`,`Version`,`GroupID`),
  KEY `FK_oydcu32elckh89l3sqk5sidbk` (`GroupID`),
  KEY `FK_chdo5fadxi2yf42ww78sy89xa` (`ProductID`),
  KEY `FK_nf0fq2j176ync5qmfirg3fker` (`MixedSpecimenID`),
  KEY `FK_68me2pv0wxtbibrt30wwtr1dr` (`ProtocolID`),
  KEY `FK_cs25lgdf3it0yx9ks1r8jb79n` (`SpecimenID`),
  CONSTRAINT `FK_68me2pv0wxtbibrt30wwtr1dr` FOREIGN KEY (`ProtocolID`) REFERENCES `Protocols` (`ProtocolID`),
  CONSTRAINT `FK_chdo5fadxi2yf42ww78sy89xa` FOREIGN KEY (`ProductID`) REFERENCES `Products` (`ProductID`),
  CONSTRAINT `FK_cs25lgdf3it0yx9ks1r8jb79n` FOREIGN KEY (`SpecimenID`) REFERENCES `Specimens` (`SpecimenID`),
  CONSTRAINT `FK_nf0fq2j176ync5qmfirg3fker` FOREIGN KEY (`MixedSpecimenID`) REFERENCES `MixedSpecimens` (`MixedSpecimenID`),
  CONSTRAINT `FK_oydcu32elckh89l3sqk5sidbk` FOREIGN KEY (`GroupID`) REFERENCES `Groups` (`GroupID`)
) ENGINE=InnoDB AUTO_INCREMENT=104 DEFAULT CHARSET=latin1;
/*!40101 SET character_set_client = @saved_cs_client */;

--
-- Dumping data for table `Samples`
--

LOCK TABLES `Samples` WRITE;
/*!40000 ALTER TABLE `Samples` DISABLE KEYS */;
INSERT INTO `Samples` VALUES (1,'2010-01-02','10','concentration notes 1',NULL,'DNA notes 1','aExperimenter','batch 1','2013-03-19 00:00:00.000000',NULL,'KAS1','DNA Extract Sample notes 1',NULL,NULL,NULL,NULL,NULL,NULL,NULL,'aSource',NULL,NULL,NULL,'A','First Extraction',1,1,NULL,3,1),(2,'2010-01-03','10','concentration notes 2',NULL,'DNA notes 2','bExperimenter','batch 2','2013-03-19 00:00:00.000000',NULL,'KAS2','DNA Extract Sample notes 2',NULL,NULL,NULL,NULL,NULL,NULL,NULL,'bSource',NULL,NULL,NULL,'A','First Extraction',1,1,NULL,3,2),(3,'2010-01-04','10','concentration notes 3',NULL,'DNA notes 3','cExperimenter','batch 3','2013-03-19 00:00:00.000000',NULL,'KAS3','DNA Extract Sample notes 3',NULL,NULL,NULL,NULL,NULL,NULL,NULL,'cSource',NULL,NULL,NULL,'A','First Extraction',1,1,NULL,3,3),(4,'2010-01-04','20','concentration notes 4',NULL,'DNA notes 3','dExperimenter','batch 4','2013-03-19 00:00:00.000000',NULL,'KAS1','DNA Extract Sample notes 4',NULL,NULL,NULL,NULL,NULL,NULL,NULL,'dSource',NULL,NULL,NULL,'B','Second Extraction',1,1,NULL,3,1),(5,'2010-01-02','40','concentration notes 4',NULL,'DNA notes 4','anotherExperimenter','batch 4','2013-03-19 00:00:00.000000',NULL,'KAS4','DNA Extract Sample notes 4',NULL,NULL,NULL,NULL,NULL,NULL,NULL,'aSource',NULL,NULL,NULL,'A','First Extraction',1,1,1,3,NULL),(6,'2010-01-02','40','concentration notes 5',NULL,'DNA notes 5','secondExperimenter','batch 5','2013-03-19 00:00:00.000000',NULL,'KAS5','DNA Extract Sample notes 5',NULL,NULL,NULL,NULL,NULL,NULL,NULL,'aSource',NULL,NULL,NULL,'A','First Extraction',1,1,2,3,NULL),(7,'2010-01-02','40','concentration notes 5',NULL,'DNA notes 5','secondExperimenter','batch 5','2013-03-19 00:00:00.000000',NULL,'UserGroupSample','DNA Extract Sample notes 5',NULL,NULL,NULL,NULL,NULL,NULL,NULL,'aSource',NULL,NULL,NULL,'A','First Extraction',2,1,2,3,NULL),(8,NULL,NULL,NULL,NULL,NULL,NULL,NULL,'2018-03-15 20:53:09.584000',NULL,'NRM-CGI-002610',NULL,NULL,NULL,NULL,NULL,NULL,NULL,NULL,NULL,NULL,'4025809934',NULL,'A',NULL,1,NULL,NULL,NULL,15),(9,NULL,NULL,NULL,NULL,NULL,NULL,NULL,'2018-03-15 20:53:09.963000',NULL,'NRM-CGI-002609',NULL,NULL,NULL,NULL,NULL,NULL,NULL,NULL,NULL,NULL,'4025809935',NULL,'A',NULL,1,NULL,NULL,NULL,16),(10,NULL,NULL,NULL,NULL,NULL,NULL,NULL,'2018-03-15 20:53:10.893000',NULL,'NRM-CGI-002611',NULL,NULL,NULL,NULL,NULL,NULL,NULL,NULL,NULL,NULL,'4025809936',NULL,'A',NULL,1,NULL,NULL,NULL,17),(11,NULL,NULL,NULL,NULL,NULL,NULL,NULL,'2018-03-15 20:53:11.271000',NULL,'NRM-CGI-002612',NULL,NULL,NULL,NULL,NULL,NULL,NULL,NULL,NULL,NULL,'4025809937',NULL,'A',NULL,1,NULL,NULL,NULL,18),(12,NULL,NULL,NULL,NULL,NULL,NULL,NULL,'2018-03-15 20:53:11.529000',NULL,'NRM-CGI-002023',NULL,NULL,NULL,NULL,NULL,NULL,NULL,NULL,NULL,NULL,'4025809938',NULL,'A',NULL,1,NULL,NULL,NULL,19),(13,NULL,NULL,NULL,NULL,NULL,NULL,NULL,'2018-03-15 20:53:11.866000',NULL,'NRM-CGI-002024',NULL,NULL,NULL,NULL,NULL,NULL,NULL,NULL,NULL,NULL,'4025809939',NULL,'A',NULL,1,NULL,NULL,NULL,20),(14,NULL,NULL,NULL,NULL,NULL,NULL,NULL,'2018-03-15 20:53:12.032000',NULL,'NRM-CGI-004725',NULL,NULL,NULL,NULL,NULL,NULL,NULL,NULL,NULL,NULL,'4025809940',NULL,'A',NULL,1,NULL,NULL,NULL,21),(15,NULL,NULL,NULL,NULL,NULL,NULL,NULL,'2018-03-15 20:53:12.195000',NULL,'NRM-CGI-004732',NULL,NULL,NULL,NULL,NULL,NULL,NULL,NULL,NULL,NULL,'4025809941',NULL,'A',NULL,1,NULL,NULL,NULL,22),(16,NULL,NULL,NULL,NULL,NULL,NULL,NULL,'2018-03-15 20:53:12.365000',NULL,'NRM-CGI-004723',NULL,NULL,NULL,NULL,NULL,NULL,NULL,NULL,NULL,NULL,'4025809942',NULL,'A',NULL,1,NULL,NULL,NULL,23),(17,NULL,NULL,NULL,NULL,NULL,NULL,NULL,'2018-03-15 20:53:12.538000',NULL,'NRM-CGI-004728',NULL,NULL,NULL,NULL,NULL,NULL,NULL,NULL,NULL,NULL,'4025809943',NULL,'A',NULL,1,NULL,NULL,NULL,24),(18,NULL,NULL,NULL,NULL,NULL,NULL,NULL,'2018-03-15 20:53:12.683000',NULL,'NRM-CGI-004726',NULL,NULL,NULL,NULL,NULL,NULL,NULL,NULL,NULL,NULL,'4025809944',NULL,'A',NULL,1,NULL,NULL,NULL,25),(19,NULL,NULL,NULL,NULL,NULL,NULL,NULL,'2018-03-15 20:53:12.803000',NULL,'NRM-CGI-004730',NULL,NULL,NULL,NULL,NULL,NULL,NULL,NULL,NULL,NULL,'4025809945',NULL,'A',NULL,1,NULL,NULL,NULL,26),(20,NULL,NULL,NULL,NULL,NULL,NULL,NULL,'2018-03-15 20:53:12.930000',NULL,'NRM-CGI-004733',NULL,NULL,NULL,NULL,NULL,NULL,NULL,NULL,NULL,NULL,'4025809946',NULL,'A',NULL,1,NULL,NULL,NULL,27),(21,NULL,NULL,NULL,NULL,NULL,NULL,NULL,'2018-03-15 20:53:13.067000',NULL,'NRM-CGI-004727',NULL,NULL,NULL,NULL,NULL,NULL,NULL,NULL,NULL,NULL,'4025809947',NULL,'A',NULL,1,NULL,NULL,NULL,28),(22,NULL,NULL,NULL,NULL,NULL,NULL,NULL,'2018-03-15 20:53:13.221000',NULL,'NRM-CGI-004731',NULL,NULL,NULL,NULL,NULL,NULL,NULL,NULL,NULL,NULL,'4025809948',NULL,'A',NULL,1,NULL,NULL,NULL,29),(23,NULL,NULL,NULL,NULL,NULL,NULL,NULL,'2018-03-15 20:53:13.502000',NULL,'NRM-CGI-004724',NULL,NULL,NULL,NULL,NULL,NULL,NULL,NULL,NULL,NULL,'4025809949',NULL,'A',NULL,1,NULL,NULL,NULL,30),(24,NULL,NULL,NULL,NULL,NULL,NULL,NULL,'2018-03-15 20:53:13.645000',NULL,'NRM-CGI-004729',NULL,NULL,NULL,NULL,NULL,NULL,NULL,NULL,NULL,NULL,'4025809950',NULL,'A',NULL,1,NULL,NULL,NULL,31),(25,NULL,NULL,NULL,NULL,NULL,NULL,NULL,'2018-03-15 20:53:13.827000',NULL,'NRM-CGI-003586',NULL,NULL,NULL,NULL,NULL,NULL,NULL,NULL,NULL,NULL,'4025809951',NULL,'A',NULL,1,NULL,NULL,NULL,32),(26,NULL,NULL,NULL,NULL,NULL,NULL,NULL,'2018-03-15 20:53:14.002000',NULL,'NRM-CGI-003585',NULL,NULL,NULL,NULL,NULL,NULL,NULL,NULL,NULL,NULL,'4025809952',NULL,'A',NULL,1,NULL,NULL,NULL,33),(27,NULL,NULL,NULL,NULL,NULL,NULL,NULL,'2018-03-15 20:53:14.133000',NULL,'NRM-CGI-002455',NULL,NULL,NULL,NULL,NULL,NULL,NULL,NULL,NULL,NULL,'4025809953',NULL,'A',NULL,1,NULL,NULL,NULL,34),(28,NULL,NULL,NULL,NULL,NULL,NULL,NULL,'2018-03-15 20:53:14.289000',NULL,'NRM-CGI-002453',NULL,NULL,NULL,NULL,NULL,NULL,NULL,NULL,NULL,NULL,'4025809954',NULL,'A',NULL,1,NULL,NULL,NULL,35),(29,NULL,NULL,NULL,NULL,NULL,NULL,NULL,'2018-03-15 20:53:14.436000',NULL,'NRM-CGI-002452',NULL,NULL,NULL,NULL,NULL,NULL,NULL,NULL,NULL,NULL,'4025809955',NULL,'A',NULL,1,NULL,NULL,NULL,36),(30,NULL,NULL,NULL,NULL,NULL,NULL,NULL,'2018-03-15 20:53:14.636000',NULL,'NRM-CGI-002454',NULL,NULL,NULL,NULL,NULL,NULL,NULL,NULL,NULL,NULL,'4025809956',NULL,'A',NULL,1,NULL,NULL,NULL,37),(31,NULL,NULL,NULL,NULL,NULL,NULL,NULL,'2018-03-15 20:53:14.834000',NULL,'NRM-CGI-004141',NULL,NULL,NULL,NULL,NULL,NULL,NULL,NULL,NULL,NULL,'4025809957',NULL,'A',NULL,1,NULL,NULL,NULL,38),(32,NULL,NULL,NULL,NULL,NULL,NULL,NULL,'2018-03-15 20:53:15.015000',NULL,'NRM-CGI-004140',NULL,NULL,NULL,NULL,NULL,NULL,NULL,NULL,NULL,NULL,'4025809958',NULL,'A',NULL,1,NULL,NULL,NULL,39),(33,NULL,NULL,NULL,NULL,NULL,NULL,NULL,'2018-03-15 20:53:15.194000',NULL,'NRM-CGI-001998',NULL,NULL,NULL,NULL,NULL,NULL,NULL,NULL,NULL,NULL,'4025809959',NULL,'A',NULL,1,NULL,NULL,NULL,40),(34,NULL,NULL,NULL,NULL,NULL,NULL,NULL,'2018-03-15 20:53:15.387000',NULL,'NRM-CGI-006064',NULL,NULL,NULL,NULL,NULL,NULL,NULL,NULL,NULL,NULL,'4025809960',NULL,'A',NULL,1,NULL,NULL,NULL,41),(35,NULL,NULL,NULL,NULL,NULL,NULL,NULL,'2018-03-15 20:53:15.617000',NULL,'NRM-CGI-006065',NULL,NULL,NULL,NULL,NULL,NULL,NULL,NULL,NULL,NULL,'4025809961',NULL,'A',NULL,1,NULL,NULL,NULL,42),(36,NULL,NULL,NULL,NULL,NULL,NULL,NULL,'2018-03-15 20:53:15.805000',NULL,'NRM-CGI-006069',NULL,NULL,NULL,NULL,NULL,NULL,NULL,NULL,NULL,NULL,'4025809962',NULL,'A',NULL,1,NULL,NULL,NULL,43),(37,NULL,NULL,NULL,NULL,NULL,NULL,NULL,'2018-03-15 20:53:15.981000',NULL,'NRM-CGI-006070',NULL,NULL,NULL,NULL,NULL,NULL,NULL,NULL,NULL,NULL,'4025809963',NULL,'A',NULL,1,NULL,NULL,NULL,44),(38,NULL,NULL,NULL,NULL,NULL,NULL,NULL,'2018-03-15 20:53:16.168000',NULL,'NRM-CGI-006067',NULL,NULL,NULL,NULL,NULL,NULL,NULL,NULL,NULL,NULL,'4025809964',NULL,'A',NULL,1,NULL,NULL,NULL,45),(39,NULL,NULL,NULL,NULL,NULL,NULL,NULL,'2018-03-15 20:53:16.343000',NULL,'NRM-CGI-006063',NULL,NULL,NULL,NULL,NULL,NULL,NULL,NULL,NULL,NULL,'4025809965',NULL,'A',NULL,1,NULL,NULL,NULL,46),(40,NULL,NULL,NULL,NULL,NULL,NULL,NULL,'2018-03-15 20:53:16.565000',NULL,'NRM-CGI-006061',NULL,NULL,NULL,NULL,NULL,NULL,NULL,NULL,NULL,NULL,'4025809966',NULL,'A',NULL,1,NULL,NULL,NULL,47),(41,NULL,NULL,NULL,NULL,NULL,NULL,NULL,'2018-03-15 20:53:16.732000',NULL,'NRM-CGI-006062',NULL,NULL,NULL,NULL,NULL,NULL,NULL,NULL,NULL,NULL,'4025809967',NULL,'A',NULL,1,NULL,NULL,NULL,48),(42,NULL,NULL,NULL,NULL,NULL,NULL,NULL,'2018-03-15 20:53:16.924000',NULL,'NRM-CGI-006066',NULL,NULL,NULL,NULL,NULL,NULL,NULL,NULL,NULL,NULL,'4025809968',NULL,'A',NULL,1,NULL,NULL,NULL,49),(43,NULL,NULL,NULL,NULL,NULL,NULL,NULL,'2018-03-15 20:53:17.154000',NULL,'NRM-CGI-006068',NULL,NULL,NULL,NULL,NULL,NULL,NULL,NULL,NULL,NULL,'4025809969',NULL,'A',NULL,1,NULL,NULL,NULL,50),(44,NULL,NULL,NULL,NULL,NULL,NULL,NULL,'2018-03-15 20:53:17.304000',NULL,'NRM-CGI-005691',NULL,NULL,NULL,NULL,NULL,NULL,NULL,NULL,NULL,NULL,'4025809970',NULL,'A',NULL,1,NULL,NULL,NULL,51),(45,NULL,NULL,NULL,NULL,NULL,NULL,NULL,'2018-03-15 20:53:17.488000',NULL,'NRM-CGI-005693',NULL,NULL,NULL,NULL,NULL,NULL,NULL,NULL,NULL,NULL,'4025809971',NULL,'A',NULL,1,NULL,NULL,NULL,52),(46,NULL,NULL,NULL,NULL,NULL,NULL,NULL,'2018-03-15 20:53:17.711000',NULL,'NRM-CGI-005692',NULL,NULL,NULL,NULL,NULL,NULL,NULL,NULL,NULL,NULL,'4025809972',NULL,'A',NULL,1,NULL,NULL,NULL,53),(47,NULL,NULL,NULL,NULL,NULL,NULL,NULL,'2018-03-15 20:53:17.915000',NULL,'NRM-CGI-005695',NULL,NULL,NULL,NULL,NULL,NULL,NULL,NULL,NULL,NULL,'4025809973',NULL,'A',NULL,1,NULL,NULL,NULL,54),(48,NULL,NULL,NULL,NULL,NULL,NULL,NULL,'2018-03-15 20:53:18.096000',NULL,'NRM-CGI-005694',NULL,NULL,NULL,NULL,NULL,NULL,NULL,NULL,NULL,NULL,'4025809974',NULL,'A',NULL,1,NULL,NULL,NULL,55),(49,NULL,NULL,NULL,NULL,NULL,NULL,NULL,'2018-03-15 20:53:18.310000',NULL,'NRM-CGI-004503',NULL,NULL,NULL,NULL,NULL,NULL,NULL,NULL,NULL,NULL,'4025809975',NULL,'A',NULL,1,NULL,NULL,NULL,56),(50,NULL,NULL,NULL,NULL,NULL,NULL,NULL,'2018-03-15 20:53:18.490000',NULL,'NRM-CGI-004502',NULL,NULL,NULL,NULL,NULL,NULL,NULL,NULL,NULL,NULL,'4025809976',NULL,'A',NULL,1,NULL,NULL,NULL,57),(51,NULL,NULL,NULL,NULL,NULL,NULL,NULL,'2018-03-15 20:53:18.654000',NULL,'NRM-CGI-002988',NULL,NULL,NULL,NULL,NULL,NULL,NULL,NULL,NULL,NULL,'4025809977',NULL,'A',NULL,1,NULL,NULL,NULL,58),(52,NULL,NULL,NULL,NULL,NULL,NULL,NULL,'2018-03-15 20:53:18.836000',NULL,'NRM-CGI-002989',NULL,NULL,NULL,NULL,NULL,NULL,NULL,NULL,NULL,NULL,'4025809978',NULL,'A',NULL,1,NULL,NULL,NULL,59),(53,NULL,NULL,NULL,NULL,NULL,NULL,NULL,'2018-03-15 20:53:18.994000',NULL,'NRM-CGI-002990',NULL,NULL,NULL,NULL,NULL,NULL,NULL,NULL,NULL,NULL,'4025809979',NULL,'A',NULL,1,NULL,NULL,NULL,60),(54,NULL,NULL,NULL,NULL,NULL,NULL,NULL,'2018-03-15 20:53:19.174000',NULL,'NRM-CGI-002991',NULL,NULL,NULL,NULL,NULL,NULL,NULL,NULL,NULL,NULL,'4025809980',NULL,'A',NULL,1,NULL,NULL,NULL,61),(55,NULL,NULL,NULL,NULL,NULL,NULL,NULL,'2018-03-15 20:53:19.330000',NULL,'NRM-CGI-003264',NULL,NULL,NULL,NULL,NULL,NULL,NULL,NULL,NULL,NULL,'4025809981',NULL,'A',NULL,1,NULL,NULL,NULL,62),(56,NULL,NULL,NULL,NULL,NULL,NULL,NULL,'2018-03-15 20:53:19.489000',NULL,'NRM-CGI-003268',NULL,NULL,NULL,NULL,NULL,NULL,NULL,NULL,NULL,NULL,'4025809982',NULL,'A',NULL,1,NULL,NULL,NULL,63),(57,NULL,NULL,NULL,NULL,NULL,NULL,NULL,'2018-03-15 20:53:19.636000',NULL,'NRM-CGI-003267',NULL,NULL,NULL,NULL,NULL,NULL,NULL,NULL,NULL,NULL,'4025809983',NULL,'A',NULL,1,NULL,NULL,NULL,64),(58,NULL,NULL,NULL,NULL,NULL,NULL,NULL,'2018-03-15 20:53:19.789000',NULL,'NRM-CGI-003265',NULL,NULL,NULL,NULL,NULL,NULL,NULL,NULL,NULL,NULL,'4025809984',NULL,'A',NULL,1,NULL,NULL,NULL,65),(59,NULL,NULL,NULL,NULL,NULL,NULL,NULL,'2018-03-15 20:53:19.968000',NULL,'NRM-CGI-003266',NULL,NULL,NULL,NULL,NULL,NULL,NULL,NULL,NULL,NULL,'4025809985',NULL,'A',NULL,1,NULL,NULL,NULL,66),(60,NULL,NULL,NULL,NULL,NULL,NULL,NULL,'2018-03-15 20:53:20.112000',NULL,'NRM-CGI-002543',NULL,NULL,NULL,NULL,NULL,NULL,NULL,NULL,NULL,NULL,'4025809986',NULL,'A',NULL,1,NULL,NULL,NULL,67),(61,NULL,NULL,NULL,NULL,NULL,NULL,NULL,'2018-03-15 20:53:20.271000',NULL,'NRM-CGI-002544',NULL,NULL,NULL,NULL,NULL,NULL,NULL,NULL,NULL,NULL,'4025809987',NULL,'A',NULL,1,NULL,NULL,NULL,68),(62,NULL,NULL,NULL,NULL,NULL,NULL,NULL,'2018-03-15 20:53:20.473000',NULL,'NRM-CGI-002541',NULL,NULL,NULL,NULL,NULL,NULL,NULL,NULL,NULL,NULL,'4025809988',NULL,'A',NULL,1,NULL,NULL,NULL,69),(63,NULL,NULL,NULL,NULL,NULL,NULL,NULL,'2018-03-15 20:53:20.693000',NULL,'NRM-CGI-002542',NULL,NULL,NULL,NULL,NULL,NULL,NULL,NULL,NULL,NULL,'4025809989',NULL,'A',NULL,1,NULL,NULL,NULL,70),(64,NULL,NULL,NULL,NULL,NULL,NULL,NULL,'2018-03-15 20:53:20.850000',NULL,'NRM-CGI-003433',NULL,NULL,NULL,NULL,NULL,NULL,NULL,NULL,NULL,NULL,'4025809990',NULL,'A',NULL,1,NULL,NULL,NULL,71),(65,NULL,NULL,NULL,NULL,NULL,NULL,NULL,'2018-03-15 20:53:21.021000',NULL,'NRM-CGI-003434',NULL,NULL,NULL,NULL,NULL,NULL,NULL,NULL,NULL,NULL,'4025809991',NULL,'A',NULL,1,NULL,NULL,NULL,72),(66,NULL,NULL,NULL,NULL,NULL,NULL,NULL,'2018-03-15 20:53:21.232000',NULL,'NRM-CGI-003431',NULL,NULL,NULL,NULL,NULL,NULL,NULL,NULL,NULL,NULL,'4025809992',NULL,'A',NULL,1,NULL,NULL,NULL,73),(67,NULL,NULL,NULL,NULL,NULL,NULL,NULL,'2018-03-15 20:53:21.399000',NULL,'NRM-CGI-003432',NULL,NULL,NULL,NULL,NULL,NULL,NULL,NULL,NULL,NULL,'4025809993',NULL,'A',NULL,1,NULL,NULL,NULL,74),(68,NULL,NULL,NULL,NULL,NULL,NULL,NULL,'2018-03-15 20:53:21.557000',NULL,'NRM-CGI-004662',NULL,NULL,NULL,NULL,NULL,NULL,NULL,NULL,NULL,NULL,'4025809994',NULL,'A',NULL,1,NULL,NULL,NULL,75),(69,NULL,NULL,NULL,NULL,NULL,NULL,NULL,'2018-03-15 20:53:21.713000',NULL,'NRM-CGI-004660',NULL,NULL,NULL,NULL,NULL,NULL,NULL,NULL,NULL,NULL,'4025809995',NULL,'A',NULL,1,NULL,NULL,NULL,76),(70,NULL,NULL,NULL,NULL,NULL,NULL,NULL,'2018-03-15 20:53:21.888000',NULL,'NRM-CGI-004663',NULL,NULL,NULL,NULL,NULL,NULL,NULL,NULL,NULL,NULL,'4025809996',NULL,'A',NULL,1,NULL,NULL,NULL,77),(71,NULL,NULL,NULL,NULL,NULL,NULL,NULL,'2018-03-15 20:53:22.063000',NULL,'NRM-CGI-004661',NULL,NULL,NULL,NULL,NULL,NULL,NULL,NULL,NULL,NULL,'4025809997',NULL,'A',NULL,1,NULL,NULL,NULL,78),(72,NULL,NULL,NULL,NULL,NULL,NULL,NULL,'2018-03-15 20:53:22.245000',NULL,'NRM-CGI-004664',NULL,NULL,NULL,NULL,NULL,NULL,NULL,NULL,NULL,NULL,'4025809998',NULL,'A',NULL,1,NULL,NULL,NULL,79),(73,NULL,NULL,NULL,NULL,NULL,NULL,NULL,'2018-03-15 20:53:22.525000',NULL,'NRM-CGI-002701',NULL,NULL,NULL,NULL,NULL,NULL,NULL,NULL,NULL,NULL,'4025809999',NULL,'A',NULL,1,NULL,NULL,NULL,80),(74,NULL,NULL,NULL,NULL,NULL,NULL,NULL,'2018-03-15 20:53:22.700000',NULL,'NRM-CGI-002699',NULL,NULL,NULL,NULL,NULL,NULL,NULL,NULL,NULL,NULL,'4025810000',NULL,'A',NULL,1,NULL,NULL,NULL,81),(75,NULL,NULL,NULL,NULL,NULL,NULL,NULL,'2018-03-15 20:53:22.880000',NULL,'NRM-CGI-002700',NULL,NULL,NULL,NULL,NULL,NULL,NULL,NULL,NULL,NULL,'4025810001',NULL,'A',NULL,1,NULL,NULL,NULL,82),(76,NULL,NULL,NULL,NULL,NULL,NULL,NULL,'2018-03-15 20:53:23.071000',NULL,'NRM-CGI-002697',NULL,NULL,NULL,NULL,NULL,NULL,NULL,NULL,NULL,NULL,'4025810002',NULL,'A',NULL,1,NULL,NULL,NULL,83),(77,NULL,NULL,NULL,NULL,NULL,NULL,NULL,'2018-03-15 20:53:23.244000',NULL,'NRM-CGI-002698',NULL,NULL,NULL,NULL,NULL,NULL,NULL,NULL,NULL,NULL,'4025810003',NULL,'A',NULL,1,NULL,NULL,NULL,84),(78,NULL,NULL,NULL,NULL,NULL,NULL,NULL,'2018-03-15 20:53:23.418000',NULL,'NRM-CGI-001995',NULL,NULL,NULL,NULL,NULL,NULL,NULL,NULL,NULL,NULL,'4025810004',NULL,'A',NULL,1,NULL,NULL,NULL,85),(79,NULL,NULL,NULL,NULL,NULL,NULL,NULL,'2018-03-15 20:53:23.581000',NULL,'NRM-CGI-003711',NULL,NULL,NULL,NULL,NULL,NULL,NULL,NULL,NULL,NULL,'4025810005',NULL,'A',NULL,1,NULL,NULL,NULL,86),(80,NULL,NULL,NULL,NULL,NULL,NULL,NULL,'2018-03-15 20:53:23.751000',NULL,'NRM-CGI-003708',NULL,NULL,NULL,NULL,NULL,NULL,NULL,NULL,NULL,NULL,'4025810006',NULL,'A',NULL,1,NULL,NULL,NULL,87),(81,NULL,NULL,NULL,NULL,NULL,NULL,NULL,'2018-03-15 20:53:23.906000',NULL,'NRM-CGI-003709',NULL,NULL,NULL,NULL,NULL,NULL,NULL,NULL,NULL,NULL,'4025810007',NULL,'A',NULL,1,NULL,NULL,NULL,88),(82,NULL,NULL,NULL,NULL,NULL,NULL,NULL,'2018-03-15 20:53:24.297000',NULL,'NRM-CGI-003710',NULL,NULL,NULL,NULL,NULL,NULL,NULL,NULL,NULL,NULL,'4025810008',NULL,'A',NULL,1,NULL,NULL,NULL,89),(83,NULL,NULL,NULL,NULL,NULL,NULL,NULL,'2018-03-15 20:53:24.543000',NULL,'NRM-CGI-005528',NULL,NULL,NULL,NULL,NULL,NULL,NULL,NULL,NULL,NULL,'4025810009',NULL,'A',NULL,1,NULL,NULL,NULL,90),(84,NULL,NULL,NULL,NULL,NULL,NULL,NULL,'2018-03-15 20:53:24.734000',NULL,'NRM-CGI-005526',NULL,NULL,NULL,NULL,NULL,NULL,NULL,NULL,NULL,NULL,'4025810010',NULL,'A',NULL,1,NULL,NULL,NULL,91),(85,NULL,NULL,NULL,NULL,NULL,NULL,NULL,'2018-03-15 20:53:24.897000',NULL,'NRM-CGI-005530',NULL,NULL,NULL,NULL,NULL,NULL,NULL,NULL,NULL,NULL,'4025810011',NULL,'A',NULL,1,NULL,NULL,NULL,92),(86,NULL,NULL,NULL,NULL,NULL,NULL,NULL,'2018-03-15 20:53:25.090000',NULL,'NRM-CGI-005527',NULL,NULL,NULL,NULL,NULL,NULL,NULL,NULL,NULL,NULL,'4025810012',NULL,'A',NULL,1,NULL,NULL,NULL,93),(87,NULL,NULL,NULL,NULL,NULL,NULL,NULL,'2018-03-15 20:53:25.255000',NULL,'NRM-CGI-005529',NULL,NULL,NULL,NULL,NULL,NULL,NULL,NULL,NULL,NULL,'4025810013',NULL,'A',NULL,1,NULL,NULL,NULL,94),(88,NULL,NULL,NULL,NULL,NULL,NULL,NULL,'2018-03-15 20:53:25.430000',NULL,'NRM-CGI-002006',NULL,NULL,NULL,NULL,NULL,NULL,NULL,NULL,NULL,NULL,'4025810014',NULL,'A',NULL,1,NULL,NULL,NULL,95),(89,NULL,NULL,NULL,NULL,NULL,NULL,NULL,'2018-03-15 20:53:25.594000',NULL,'NRM-CGI-002010',NULL,NULL,NULL,NULL,NULL,NULL,NULL,NULL,NULL,NULL,'4025810015',NULL,'A',NULL,1,NULL,NULL,NULL,96),(90,NULL,NULL,NULL,NULL,NULL,NULL,NULL,'2018-03-15 20:53:25.767000',NULL,'NRM-CGI-002001',NULL,NULL,NULL,NULL,NULL,NULL,NULL,NULL,NULL,NULL,'4025810016',NULL,'A',NULL,1,NULL,NULL,NULL,97),(91,NULL,NULL,NULL,NULL,NULL,NULL,NULL,'2018-03-15 20:53:26.182000',NULL,'NRM-CGI-001993',NULL,NULL,NULL,NULL,NULL,NULL,NULL,NULL,NULL,NULL,'4025810017',NULL,'A',NULL,1,NULL,NULL,NULL,98),(92,NULL,NULL,NULL,NULL,NULL,NULL,NULL,'2018-03-15 20:53:26.351000',NULL,'NRM-CGI-002743',NULL,NULL,NULL,NULL,NULL,NULL,NULL,NULL,NULL,NULL,'4025810018',NULL,'A',NULL,1,NULL,NULL,NULL,99),(93,NULL,NULL,NULL,NULL,NULL,NULL,NULL,'2018-03-15 20:53:26.520000',NULL,'NRM-CGI-002741',NULL,NULL,NULL,NULL,NULL,NULL,NULL,NULL,NULL,NULL,'4025810019',NULL,'A',NULL,1,NULL,NULL,NULL,100),(94,NULL,NULL,NULL,NULL,NULL,NULL,NULL,'2018-03-15 20:53:26.698000',NULL,'NRM-CGI-002746',NULL,NULL,NULL,NULL,NULL,NULL,NULL,NULL,NULL,NULL,'4025810020',NULL,'A',NULL,1,NULL,NULL,NULL,101),(95,NULL,NULL,NULL,NULL,NULL,NULL,NULL,'2018-03-15 20:53:26.876000',NULL,'NRM-CGI-002747',NULL,NULL,NULL,NULL,NULL,NULL,NULL,NULL,NULL,NULL,'4025810021',NULL,'A',NULL,1,NULL,NULL,NULL,102),(96,NULL,NULL,NULL,NULL,NULL,NULL,NULL,'2018-03-15 20:53:27.058000',NULL,'NRM-CGI-002750',NULL,NULL,NULL,NULL,NULL,NULL,NULL,NULL,NULL,NULL,'4025810022',NULL,'A',NULL,1,NULL,NULL,NULL,103),(97,NULL,NULL,NULL,NULL,NULL,NULL,NULL,'2018-03-15 20:53:27.232000',NULL,'NRM-CGI-002740',NULL,NULL,NULL,NULL,NULL,NULL,NULL,NULL,NULL,NULL,'4025810023',NULL,'A',NULL,1,NULL,NULL,NULL,104),(98,NULL,NULL,NULL,NULL,NULL,NULL,NULL,'2018-03-15 20:53:27.408000',NULL,'NRM-CGI-002744',NULL,NULL,NULL,NULL,NULL,NULL,NULL,NULL,NULL,NULL,'4025810024',NULL,'A',NULL,1,NULL,NULL,NULL,105),(99,NULL,NULL,NULL,NULL,NULL,NULL,NULL,'2018-03-15 20:53:27.587000',NULL,'NRM-CGI-002748',NULL,NULL,NULL,NULL,NULL,NULL,NULL,NULL,NULL,NULL,'4025810025',NULL,'A',NULL,1,NULL,NULL,NULL,106),(100,NULL,NULL,NULL,NULL,NULL,NULL,NULL,'2018-03-15 20:53:27.774000',NULL,'NRM-CGI-002749',NULL,NULL,NULL,NULL,NULL,NULL,NULL,NULL,NULL,NULL,'4025810026',NULL,'A',NULL,1,NULL,NULL,NULL,107),(101,NULL,NULL,NULL,NULL,NULL,NULL,NULL,'2018-03-15 20:53:27.992000',NULL,'NRM-CGI-002745',NULL,NULL,NULL,NULL,NULL,NULL,NULL,NULL,NULL,NULL,'4025810027',NULL,'A',NULL,1,NULL,NULL,NULL,108),(102,NULL,NULL,NULL,NULL,NULL,NULL,NULL,'2018-03-15 20:53:28.269000',NULL,'NRM-CGI-002742',NULL,NULL,NULL,NULL,NULL,NULL,NULL,NULL,NULL,NULL,'4025810028',NULL,'A',NULL,1,NULL,NULL,NULL,109),(103,NULL,NULL,NULL,NULL,NULL,NULL,NULL,'2018-03-15 20:53:28.460000',NULL,'NRM-CGI-005248',NULL,NULL,NULL,NULL,NULL,NULL,NULL,NULL,NULL,NULL,'4025810029',NULL,'A',NULL,1,NULL,NULL,NULL,110);
/*!40000 ALTER TABLE `Samples` ENABLE KEYS */;
UNLOCK TABLES;

--
-- Table structure for table `Samples_AUD`
--

DROP TABLE IF EXISTS `Samples_AUD`;
/*!40101 SET @saved_cs_client     = @@character_set_client */;
/*!40101 SET character_set_client = utf8 */;
CREATE TABLE `Samples_AUD` (
  `SampleID` int(11) NOT NULL,
  `REV` int(11) NOT NULL,
  `REVTYPE` tinyint(4) DEFAULT NULL,
  `Date` date DEFAULT NULL,
  `DnaConcentration` varchar(50) DEFAULT NULL,
  `DnaConcentrationNotes` varchar(200) DEFAULT NULL,
  `DnaConcentrationPerStartMaterial` varchar(50) DEFAULT NULL,
  `DnaNotes` longtext,
  `Experimenter` varchar(50) DEFAULT NULL,
  `ExtractionBatch` varchar(100) DEFAULT NULL,
  `LysisBufferVolume` double DEFAULT NULL,
  `Name` varchar(50) DEFAULT NULL,
  `Notes` longtext,
  `NuclAcidExt` varchar(50) DEFAULT NULL,
  `PelletSize` double DEFAULT NULL,
  `ProteinaseKVolume` double DEFAULT NULL,
  `QuantificationMethod` varchar(100) DEFAULT NULL,
  `QubitDNAConcentration` double DEFAULT NULL,
  `Ratio260_230` double DEFAULT NULL,
  `Ratio260_280` double DEFAULT NULL,
  `Source` varchar(200) DEFAULT NULL,
  `Treatment` longtext,
  `TubeId` varchar(50) DEFAULT NULL,
  `UnusableDna` bit(1) DEFAULT NULL,
  `Version` varchar(50) DEFAULT '',
  `VersionDescription` varchar(512) DEFAULT NULL,
  `GroupID` int(11) DEFAULT NULL,
  `ProductID` int(11) DEFAULT NULL,
  `MixedSpecimenID` int(11) DEFAULT NULL,
  `ProtocolID` int(11) DEFAULT NULL,
  `SpecimenID` int(11) DEFAULT NULL,
  PRIMARY KEY (`SampleID`,`REV`),
  KEY `FK_nokubna3i7h503rat5xynpm84` (`REV`),
  CONSTRAINT `FK_nokubna3i7h503rat5xynpm84` FOREIGN KEY (`REV`) REFERENCES `Revision` (`id`)
) ENGINE=InnoDB DEFAULT CHARSET=latin1;
/*!40101 SET character_set_client = @saved_cs_client */;

--
-- Dumping data for table `Samples_AUD`
--

LOCK TABLES `Samples_AUD` WRITE;
/*!40000 ALTER TABLE `Samples_AUD` DISABLE KEYS */;
INSERT INTO `Samples_AUD` VALUES (8,6,0,NULL,NULL,NULL,NULL,NULL,NULL,NULL,NULL,'NRM-CGI-002610',NULL,NULL,NULL,NULL,NULL,NULL,NULL,NULL,NULL,NULL,'4025809934',NULL,'A',NULL,1,NULL,NULL,NULL,15),(9,6,0,NULL,NULL,NULL,NULL,NULL,NULL,NULL,NULL,'NRM-CGI-002609',NULL,NULL,NULL,NULL,NULL,NULL,NULL,NULL,NULL,NULL,'4025809935',NULL,'A',NULL,1,NULL,NULL,NULL,16),(10,6,0,NULL,NULL,NULL,NULL,NULL,NULL,NULL,NULL,'NRM-CGI-002611',NULL,NULL,NULL,NULL,NULL,NULL,NULL,NULL,NULL,NULL,'4025809936',NULL,'A',NULL,1,NULL,NULL,NULL,17),(11,6,0,NULL,NULL,NULL,NULL,NULL,NULL,NULL,NULL,'NRM-CGI-002612',NULL,NULL,NULL,NULL,NULL,NULL,NULL,NULL,NULL,NULL,'4025809937',NULL,'A',NULL,1,NULL,NULL,NULL,18),(12,6,0,NULL,NULL,NULL,NULL,NULL,NULL,NULL,NULL,'NRM-CGI-002023',NULL,NULL,NULL,NULL,NULL,NULL,NULL,NULL,NULL,NULL,'4025809938',NULL,'A',NULL,1,NULL,NULL,NULL,19),(13,6,0,NULL,NULL,NULL,NULL,NULL,NULL,NULL,NULL,'NRM-CGI-002024',NULL,NULL,NULL,NULL,NULL,NULL,NULL,NULL,NULL,NULL,'4025809939',NULL,'A',NULL,1,NULL,NULL,NULL,20),(14,6,0,NULL,NULL,NULL,NULL,NULL,NULL,NULL,NULL,'NRM-CGI-004725',NULL,NULL,NULL,NULL,NULL,NULL,NULL,NULL,NULL,NULL,'4025809940',NULL,'A',NULL,1,NULL,NULL,NULL,21),(15,6,0,NULL,NULL,NULL,NULL,NULL,NULL,NULL,NULL,'NRM-CGI-004732',NULL,NULL,NULL,NULL,NULL,NULL,NULL,NULL,NULL,NULL,'4025809941',NULL,'A',NULL,1,NULL,NULL,NULL,22),(16,6,0,NULL,NULL,NULL,NULL,NULL,NULL,NULL,NULL,'NRM-CGI-004723',NULL,NULL,NULL,NULL,NULL,NULL,NULL,NULL,NULL,NULL,'4025809942',NULL,'A',NULL,1,NULL,NULL,NULL,23),(17,6,0,NULL,NULL,NULL,NULL,NULL,NULL,NULL,NULL,'NRM-CGI-004728',NULL,NULL,NULL,NULL,NULL,NULL,NULL,NULL,NULL,NULL,'4025809943',NULL,'A',NULL,1,NULL,NULL,NULL,24),(18,6,0,NULL,NULL,NULL,NULL,NULL,NULL,NULL,NULL,'NRM-CGI-004726',NULL,NULL,NULL,NULL,NULL,NULL,NULL,NULL,NULL,NULL,'4025809944',NULL,'A',NULL,1,NULL,NULL,NULL,25),(19,6,0,NULL,NULL,NULL,NULL,NULL,NULL,NULL,NULL,'NRM-CGI-004730',NULL,NULL,NULL,NULL,NULL,NULL,NULL,NULL,NULL,NULL,'4025809945',NULL,'A',NULL,1,NULL,NULL,NULL,26),(20,6,0,NULL,NULL,NULL,NULL,NULL,NULL,NULL,NULL,'NRM-CGI-004733',NULL,NULL,NULL,NULL,NULL,NULL,NULL,NULL,NULL,NULL,'4025809946',NULL,'A',NULL,1,NULL,NULL,NULL,27),(21,6,0,NULL,NULL,NULL,NULL,NULL,NULL,NULL,NULL,'NRM-CGI-004727',NULL,NULL,NULL,NULL,NULL,NULL,NULL,NULL,NULL,NULL,'4025809947',NULL,'A',NULL,1,NULL,NULL,NULL,28),(22,6,0,NULL,NULL,NULL,NULL,NULL,NULL,NULL,NULL,'NRM-CGI-004731',NULL,NULL,NULL,NULL,NULL,NULL,NULL,NULL,NULL,NULL,'4025809948',NULL,'A',NULL,1,NULL,NULL,NULL,29),(23,6,0,NULL,NULL,NULL,NULL,NULL,NULL,NULL,NULL,'NRM-CGI-004724',NULL,NULL,NULL,NULL,NULL,NULL,NULL,NULL,NULL,NULL,'4025809949',NULL,'A',NULL,1,NULL,NULL,NULL,30),(24,6,0,NULL,NULL,NULL,NULL,NULL,NULL,NULL,NULL,'NRM-CGI-004729',NULL,NULL,NULL,NULL,NULL,NULL,NULL,NULL,NULL,NULL,'4025809950',NULL,'A',NULL,1,NULL,NULL,NULL,31),(25,6,0,NULL,NULL,NULL,NULL,NULL,NULL,NULL,NULL,'NRM-CGI-003586',NULL,NULL,NULL,NULL,NULL,NULL,NULL,NULL,NULL,NULL,'4025809951',NULL,'A',NULL,1,NULL,NULL,NULL,32),(26,6,0,NULL,NULL,NULL,NULL,NULL,NULL,NULL,NULL,'NRM-CGI-003585',NULL,NULL,NULL,NULL,NULL,NULL,NULL,NULL,NULL,NULL,'4025809952',NULL,'A',NULL,1,NULL,NULL,NULL,33),(27,6,0,NULL,NULL,NULL,NULL,NULL,NULL,NULL,NULL,'NRM-CGI-002455',NULL,NULL,NULL,NULL,NULL,NULL,NULL,NULL,NULL,NULL,'4025809953',NULL,'A',NULL,1,NULL,NULL,NULL,34),(28,6,0,NULL,NULL,NULL,NULL,NULL,NULL,NULL,NULL,'NRM-CGI-002453',NULL,NULL,NULL,NULL,NULL,NULL,NULL,NULL,NULL,NULL,'4025809954',NULL,'A',NULL,1,NULL,NULL,NULL,35),(29,6,0,NULL,NULL,NULL,NULL,NULL,NULL,NULL,NULL,'NRM-CGI-002452',NULL,NULL,NULL,NULL,NULL,NULL,NULL,NULL,NULL,NULL,'4025809955',NULL,'A',NULL,1,NULL,NULL,NULL,36),(30,6,0,NULL,NULL,NULL,NULL,NULL,NULL,NULL,NULL,'NRM-CGI-002454',NULL,NULL,NULL,NULL,NULL,NULL,NULL,NULL,NULL,NULL,'4025809956',NULL,'A',NULL,1,NULL,NULL,NULL,37),(31,6,0,NULL,NULL,NULL,NULL,NULL,NULL,NULL,NULL,'NRM-CGI-004141',NULL,NULL,NULL,NULL,NULL,NULL,NULL,NULL,NULL,NULL,'4025809957',NULL,'A',NULL,1,NULL,NULL,NULL,38),(32,6,0,NULL,NULL,NULL,NULL,NULL,NULL,NULL,NULL,'NRM-CGI-004140',NULL,NULL,NULL,NULL,NULL,NULL,NULL,NULL,NULL,NULL,'4025809958',NULL,'A',NULL,1,NULL,NULL,NULL,39),(33,6,0,NULL,NULL,NULL,NULL,NULL,NULL,NULL,NULL,'NRM-CGI-001998',NULL,NULL,NULL,NULL,NULL,NULL,NULL,NULL,NULL,NULL,'4025809959',NULL,'A',NULL,1,NULL,NULL,NULL,40),(34,6,0,NULL,NULL,NULL,NULL,NULL,NULL,NULL,NULL,'NRM-CGI-006064',NULL,NULL,NULL,NULL,NULL,NULL,NULL,NULL,NULL,NULL,'4025809960',NULL,'A',NULL,1,NULL,NULL,NULL,41),(35,6,0,NULL,NULL,NULL,NULL,NULL,NULL,NULL,NULL,'NRM-CGI-006065',NULL,NULL,NULL,NULL,NULL,NULL,NULL,NULL,NULL,NULL,'4025809961',NULL,'A',NULL,1,NULL,NULL,NULL,42),(36,6,0,NULL,NULL,NULL,NULL,NULL,NULL,NULL,NULL,'NRM-CGI-006069',NULL,NULL,NULL,NULL,NULL,NULL,NULL,NULL,NULL,NULL,'4025809962',NULL,'A',NULL,1,NULL,NULL,NULL,43),(37,6,0,NULL,NULL,NULL,NULL,NULL,NULL,NULL,NULL,'NRM-CGI-006070',NULL,NULL,NULL,NULL,NULL,NULL,NULL,NULL,NULL,NULL,'4025809963',NULL,'A',NULL,1,NULL,NULL,NULL,44),(38,6,0,NULL,NULL,NULL,NULL,NULL,NULL,NULL,NULL,'NRM-CGI-006067',NULL,NULL,NULL,NULL,NULL,NULL,NULL,NULL,NULL,NULL,'4025809964',NULL,'A',NULL,1,NULL,NULL,NULL,45),(39,6,0,NULL,NULL,NULL,NULL,NULL,NULL,NULL,NULL,'NRM-CGI-006063',NULL,NULL,NULL,NULL,NULL,NULL,NULL,NULL,NULL,NULL,'4025809965',NULL,'A',NULL,1,NULL,NULL,NULL,46),(40,6,0,NULL,NULL,NULL,NULL,NULL,NULL,NULL,NULL,'NRM-CGI-006061',NULL,NULL,NULL,NULL,NULL,NULL,NULL,NULL,NULL,NULL,'4025809966',NULL,'A',NULL,1,NULL,NULL,NULL,47),(41,6,0,NULL,NULL,NULL,NULL,NULL,NULL,NULL,NULL,'NRM-CGI-006062',NULL,NULL,NULL,NULL,NULL,NULL,NULL,NULL,NULL,NULL,'4025809967',NULL,'A',NULL,1,NULL,NULL,NULL,48),(42,6,0,NULL,NULL,NULL,NULL,NULL,NULL,NULL,NULL,'NRM-CGI-006066',NULL,NULL,NULL,NULL,NULL,NULL,NULL,NULL,NULL,NULL,'4025809968',NULL,'A',NULL,1,NULL,NULL,NULL,49),(43,6,0,NULL,NULL,NULL,NULL,NULL,NULL,NULL,NULL,'NRM-CGI-006068',NULL,NULL,NULL,NULL,NULL,NULL,NULL,NULL,NULL,NULL,'4025809969',NULL,'A',NULL,1,NULL,NULL,NULL,50),(44,6,0,NULL,NULL,NULL,NULL,NULL,NULL,NULL,NULL,'NRM-CGI-005691',NULL,NULL,NULL,NULL,NULL,NULL,NULL,NULL,NULL,NULL,'4025809970',NULL,'A',NULL,1,NULL,NULL,NULL,51),(45,6,0,NULL,NULL,NULL,NULL,NULL,NULL,NULL,NULL,'NRM-CGI-005693',NULL,NULL,NULL,NULL,NULL,NULL,NULL,NULL,NULL,NULL,'4025809971',NULL,'A',NULL,1,NULL,NULL,NULL,52),(46,6,0,NULL,NULL,NULL,NULL,NULL,NULL,NULL,NULL,'NRM-CGI-005692',NULL,NULL,NULL,NULL,NULL,NULL,NULL,NULL,NULL,NULL,'4025809972',NULL,'A',NULL,1,NULL,NULL,NULL,53),(47,6,0,NULL,NULL,NULL,NULL,NULL,NULL,NULL,NULL,'NRM-CGI-005695',NULL,NULL,NULL,NULL,NULL,NULL,NULL,NULL,NULL,NULL,'4025809973',NULL,'A',NULL,1,NULL,NULL,NULL,54),(48,6,0,NULL,NULL,NULL,NULL,NULL,NULL,NULL,NULL,'NRM-CGI-005694',NULL,NULL,NULL,NULL,NULL,NULL,NULL,NULL,NULL,NULL,'4025809974',NULL,'A',NULL,1,NULL,NULL,NULL,55),(49,6,0,NULL,NULL,NULL,NULL,NULL,NULL,NULL,NULL,'NRM-CGI-004503',NULL,NULL,NULL,NULL,NULL,NULL,NULL,NULL,NULL,NULL,'4025809975',NULL,'A',NULL,1,NULL,NULL,NULL,56),(50,6,0,NULL,NULL,NULL,NULL,NULL,NULL,NULL,NULL,'NRM-CGI-004502',NULL,NULL,NULL,NULL,NULL,NULL,NULL,NULL,NULL,NULL,'4025809976',NULL,'A',NULL,1,NULL,NULL,NULL,57),(51,6,0,NULL,NULL,NULL,NULL,NULL,NULL,NULL,NULL,'NRM-CGI-002988',NULL,NULL,NULL,NULL,NULL,NULL,NULL,NULL,NULL,NULL,'4025809977',NULL,'A',NULL,1,NULL,NULL,NULL,58),(52,6,0,NULL,NULL,NULL,NULL,NULL,NULL,NULL,NULL,'NRM-CGI-002989',NULL,NULL,NULL,NULL,NULL,NULL,NULL,NULL,NULL,NULL,'4025809978',NULL,'A',NULL,1,NULL,NULL,NULL,59),(53,6,0,NULL,NULL,NULL,NULL,NULL,NULL,NULL,NULL,'NRM-CGI-002990',NULL,NULL,NULL,NULL,NULL,NULL,NULL,NULL,NULL,NULL,'4025809979',NULL,'A',NULL,1,NULL,NULL,NULL,60),(54,6,0,NULL,NULL,NULL,NULL,NULL,NULL,NULL,NULL,'NRM-CGI-002991',NULL,NULL,NULL,NULL,NULL,NULL,NULL,NULL,NULL,NULL,'4025809980',NULL,'A',NULL,1,NULL,NULL,NULL,61),(55,6,0,NULL,NULL,NULL,NULL,NULL,NULL,NULL,NULL,'NRM-CGI-003264',NULL,NULL,NULL,NULL,NULL,NULL,NULL,NULL,NULL,NULL,'4025809981',NULL,'A',NULL,1,NULL,NULL,NULL,62),(56,6,0,NULL,NULL,NULL,NULL,NULL,NULL,NULL,NULL,'NRM-CGI-003268',NULL,NULL,NULL,NULL,NULL,NULL,NULL,NULL,NULL,NULL,'4025809982',NULL,'A',NULL,1,NULL,NULL,NULL,63),(57,6,0,NULL,NULL,NULL,NULL,NULL,NULL,NULL,NULL,'NRM-CGI-003267',NULL,NULL,NULL,NULL,NULL,NULL,NULL,NULL,NULL,NULL,'4025809983',NULL,'A',NULL,1,NULL,NULL,NULL,64),(58,6,0,NULL,NULL,NULL,NULL,NULL,NULL,NULL,NULL,'NRM-CGI-003265',NULL,NULL,NULL,NULL,NULL,NULL,NULL,NULL,NULL,NULL,'4025809984',NULL,'A',NULL,1,NULL,NULL,NULL,65),(59,6,0,NULL,NULL,NULL,NULL,NULL,NULL,NULL,NULL,'NRM-CGI-003266',NULL,NULL,NULL,NULL,NULL,NULL,NULL,NULL,NULL,NULL,'4025809985',NULL,'A',NULL,1,NULL,NULL,NULL,66),(60,6,0,NULL,NULL,NULL,NULL,NULL,NULL,NULL,NULL,'NRM-CGI-002543',NULL,NULL,NULL,NULL,NULL,NULL,NULL,NULL,NULL,NULL,'4025809986',NULL,'A',NULL,1,NULL,NULL,NULL,67),(61,6,0,NULL,NULL,NULL,NULL,NULL,NULL,NULL,NULL,'NRM-CGI-002544',NULL,NULL,NULL,NULL,NULL,NULL,NULL,NULL,NULL,NULL,'4025809987',NULL,'A',NULL,1,NULL,NULL,NULL,68),(62,6,0,NULL,NULL,NULL,NULL,NULL,NULL,NULL,NULL,'NRM-CGI-002541',NULL,NULL,NULL,NULL,NULL,NULL,NULL,NULL,NULL,NULL,'4025809988',NULL,'A',NULL,1,NULL,NULL,NULL,69),(63,6,0,NULL,NULL,NULL,NULL,NULL,NULL,NULL,NULL,'NRM-CGI-002542',NULL,NULL,NULL,NULL,NULL,NULL,NULL,NULL,NULL,NULL,'4025809989',NULL,'A',NULL,1,NULL,NULL,NULL,70),(64,6,0,NULL,NULL,NULL,NULL,NULL,NULL,NULL,NULL,'NRM-CGI-003433',NULL,NULL,NULL,NULL,NULL,NULL,NULL,NULL,NULL,NULL,'4025809990',NULL,'A',NULL,1,NULL,NULL,NULL,71),(65,6,0,NULL,NULL,NULL,NULL,NULL,NULL,NULL,NULL,'NRM-CGI-003434',NULL,NULL,NULL,NULL,NULL,NULL,NULL,NULL,NULL,NULL,'4025809991',NULL,'A',NULL,1,NULL,NULL,NULL,72),(66,6,0,NULL,NULL,NULL,NULL,NULL,NULL,NULL,NULL,'NRM-CGI-003431',NULL,NULL,NULL,NULL,NULL,NULL,NULL,NULL,NULL,NULL,'4025809992',NULL,'A',NULL,1,NULL,NULL,NULL,73),(67,6,0,NULL,NULL,NULL,NULL,NULL,NULL,NULL,NULL,'NRM-CGI-003432',NULL,NULL,NULL,NULL,NULL,NULL,NULL,NULL,NULL,NULL,'4025809993',NULL,'A',NULL,1,NULL,NULL,NULL,74),(68,6,0,NULL,NULL,NULL,NULL,NULL,NULL,NULL,NULL,'NRM-CGI-004662',NULL,NULL,NULL,NULL,NULL,NULL,NULL,NULL,NULL,NULL,'4025809994',NULL,'A',NULL,1,NULL,NULL,NULL,75),(69,6,0,NULL,NULL,NULL,NULL,NULL,NULL,NULL,NULL,'NRM-CGI-004660',NULL,NULL,NULL,NULL,NULL,NULL,NULL,NULL,NULL,NULL,'4025809995',NULL,'A',NULL,1,NULL,NULL,NULL,76),(70,6,0,NULL,NULL,NULL,NULL,NULL,NULL,NULL,NULL,'NRM-CGI-004663',NULL,NULL,NULL,NULL,NULL,NULL,NULL,NULL,NULL,NULL,'4025809996',NULL,'A',NULL,1,NULL,NULL,NULL,77),(71,6,0,NULL,NULL,NULL,NULL,NULL,NULL,NULL,NULL,'NRM-CGI-004661',NULL,NULL,NULL,NULL,NULL,NULL,NULL,NULL,NULL,NULL,'4025809997',NULL,'A',NULL,1,NULL,NULL,NULL,78),(72,6,0,NULL,NULL,NULL,NULL,NULL,NULL,NULL,NULL,'NRM-CGI-004664',NULL,NULL,NULL,NULL,NULL,NULL,NULL,NULL,NULL,NULL,'4025809998',NULL,'A',NULL,1,NULL,NULL,NULL,79),(73,6,0,NULL,NULL,NULL,NULL,NULL,NULL,NULL,NULL,'NRM-CGI-002701',NULL,NULL,NULL,NULL,NULL,NULL,NULL,NULL,NULL,NULL,'4025809999',NULL,'A',NULL,1,NULL,NULL,NULL,80),(74,6,0,NULL,NULL,NULL,NULL,NULL,NULL,NULL,NULL,'NRM-CGI-002699',NULL,NULL,NULL,NULL,NULL,NULL,NULL,NULL,NULL,NULL,'4025810000',NULL,'A',NULL,1,NULL,NULL,NULL,81),(75,6,0,NULL,NULL,NULL,NULL,NULL,NULL,NULL,NULL,'NRM-CGI-002700',NULL,NULL,NULL,NULL,NULL,NULL,NULL,NULL,NULL,NULL,'4025810001',NULL,'A',NULL,1,NULL,NULL,NULL,82),(76,6,0,NULL,NULL,NULL,NULL,NULL,NULL,NULL,NULL,'NRM-CGI-002697',NULL,NULL,NULL,NULL,NULL,NULL,NULL,NULL,NULL,NULL,'4025810002',NULL,'A',NULL,1,NULL,NULL,NULL,83),(77,6,0,NULL,NULL,NULL,NULL,NULL,NULL,NULL,NULL,'NRM-CGI-002698',NULL,NULL,NULL,NULL,NULL,NULL,NULL,NULL,NULL,NULL,'4025810003',NULL,'A',NULL,1,NULL,NULL,NULL,84),(78,6,0,NULL,NULL,NULL,NULL,NULL,NULL,NULL,NULL,'NRM-CGI-001995',NULL,NULL,NULL,NULL,NULL,NULL,NULL,NULL,NULL,NULL,'4025810004',NULL,'A',NULL,1,NULL,NULL,NULL,85),(79,6,0,NULL,NULL,NULL,NULL,NULL,NULL,NULL,NULL,'NRM-CGI-003711',NULL,NULL,NULL,NULL,NULL,NULL,NULL,NULL,NULL,NULL,'4025810005',NULL,'A',NULL,1,NULL,NULL,NULL,86),(80,6,0,NULL,NULL,NULL,NULL,NULL,NULL,NULL,NULL,'NRM-CGI-003708',NULL,NULL,NULL,NULL,NULL,NULL,NULL,NULL,NULL,NULL,'4025810006',NULL,'A',NULL,1,NULL,NULL,NULL,87),(81,6,0,NULL,NULL,NULL,NULL,NULL,NULL,NULL,NULL,'NRM-CGI-003709',NULL,NULL,NULL,NULL,NULL,NULL,NULL,NULL,NULL,NULL,'4025810007',NULL,'A',NULL,1,NULL,NULL,NULL,88),(82,6,0,NULL,NULL,NULL,NULL,NULL,NULL,NULL,NULL,'NRM-CGI-003710',NULL,NULL,NULL,NULL,NULL,NULL,NULL,NULL,NULL,NULL,'4025810008',NULL,'A',NULL,1,NULL,NULL,NULL,89),(83,6,0,NULL,NULL,NULL,NULL,NULL,NULL,NULL,NULL,'NRM-CGI-005528',NULL,NULL,NULL,NULL,NULL,NULL,NULL,NULL,NULL,NULL,'4025810009',NULL,'A',NULL,1,NULL,NULL,NULL,90),(84,6,0,NULL,NULL,NULL,NULL,NULL,NULL,NULL,NULL,'NRM-CGI-005526',NULL,NULL,NULL,NULL,NULL,NULL,NULL,NULL,NULL,NULL,'4025810010',NULL,'A',NULL,1,NULL,NULL,NULL,91),(85,6,0,NULL,NULL,NULL,NULL,NULL,NULL,NULL,NULL,'NRM-CGI-005530',NULL,NULL,NULL,NULL,NULL,NULL,NULL,NULL,NULL,NULL,'4025810011',NULL,'A',NULL,1,NULL,NULL,NULL,92),(86,6,0,NULL,NULL,NULL,NULL,NULL,NULL,NULL,NULL,'NRM-CGI-005527',NULL,NULL,NULL,NULL,NULL,NULL,NULL,NULL,NULL,NULL,'4025810012',NULL,'A',NULL,1,NULL,NULL,NULL,93),(87,6,0,NULL,NULL,NULL,NULL,NULL,NULL,NULL,NULL,'NRM-CGI-005529',NULL,NULL,NULL,NULL,NULL,NULL,NULL,NULL,NULL,NULL,'4025810013',NULL,'A',NULL,1,NULL,NULL,NULL,94),(88,6,0,NULL,NULL,NULL,NULL,NULL,NULL,NULL,NULL,'NRM-CGI-002006',NULL,NULL,NULL,NULL,NULL,NULL,NULL,NULL,NULL,NULL,'4025810014',NULL,'A',NULL,1,NULL,NULL,NULL,95),(89,6,0,NULL,NULL,NULL,NULL,NULL,NULL,NULL,NULL,'NRM-CGI-002010',NULL,NULL,NULL,NULL,NULL,NULL,NULL,NULL,NULL,NULL,'4025810015',NULL,'A',NULL,1,NULL,NULL,NULL,96),(90,6,0,NULL,NULL,NULL,NULL,NULL,NULL,NULL,NULL,'NRM-CGI-002001',NULL,NULL,NULL,NULL,NULL,NULL,NULL,NULL,NULL,NULL,'4025810016',NULL,'A',NULL,1,NULL,NULL,NULL,97),(91,6,0,NULL,NULL,NULL,NULL,NULL,NULL,NULL,NULL,'NRM-CGI-001993',NULL,NULL,NULL,NULL,NULL,NULL,NULL,NULL,NULL,NULL,'4025810017',NULL,'A',NULL,1,NULL,NULL,NULL,98),(92,6,0,NULL,NULL,NULL,NULL,NULL,NULL,NULL,NULL,'NRM-CGI-002743',NULL,NULL,NULL,NULL,NULL,NULL,NULL,NULL,NULL,NULL,'4025810018',NULL,'A',NULL,1,NULL,NULL,NULL,99),(93,6,0,NULL,NULL,NULL,NULL,NULL,NULL,NULL,NULL,'NRM-CGI-002741',NULL,NULL,NULL,NULL,NULL,NULL,NULL,NULL,NULL,NULL,'4025810019',NULL,'A',NULL,1,NULL,NULL,NULL,100),(94,6,0,NULL,NULL,NULL,NULL,NULL,NULL,NULL,NULL,'NRM-CGI-002746',NULL,NULL,NULL,NULL,NULL,NULL,NULL,NULL,NULL,NULL,'4025810020',NULL,'A',NULL,1,NULL,NULL,NULL,101),(95,6,0,NULL,NULL,NULL,NULL,NULL,NULL,NULL,NULL,'NRM-CGI-002747',NULL,NULL,NULL,NULL,NULL,NULL,NULL,NULL,NULL,NULL,'4025810021',NULL,'A',NULL,1,NULL,NULL,NULL,102),(96,6,0,NULL,NULL,NULL,NULL,NULL,NULL,NULL,NULL,'NRM-CGI-002750',NULL,NULL,NULL,NULL,NULL,NULL,NULL,NULL,NULL,NULL,'4025810022',NULL,'A',NULL,1,NULL,NULL,NULL,103),(97,6,0,NULL,NULL,NULL,NULL,NULL,NULL,NULL,NULL,'NRM-CGI-002740',NULL,NULL,NULL,NULL,NULL,NULL,NULL,NULL,NULL,NULL,'4025810023',NULL,'A',NULL,1,NULL,NULL,NULL,104),(98,6,0,NULL,NULL,NULL,NULL,NULL,NULL,NULL,NULL,'NRM-CGI-002744',NULL,NULL,NULL,NULL,NULL,NULL,NULL,NULL,NULL,NULL,'4025810024',NULL,'A',NULL,1,NULL,NULL,NULL,105),(99,6,0,NULL,NULL,NULL,NULL,NULL,NULL,NULL,NULL,'NRM-CGI-002748',NULL,NULL,NULL,NULL,NULL,NULL,NULL,NULL,NULL,NULL,'4025810025',NULL,'A',NULL,1,NULL,NULL,NULL,106),(100,6,0,NULL,NULL,NULL,NULL,NULL,NULL,NULL,NULL,'NRM-CGI-002749',NULL,NULL,NULL,NULL,NULL,NULL,NULL,NULL,NULL,NULL,'4025810026',NULL,'A',NULL,1,NULL,NULL,NULL,107),(101,6,0,NULL,NULL,NULL,NULL,NULL,NULL,NULL,NULL,'NRM-CGI-002745',NULL,NULL,NULL,NULL,NULL,NULL,NULL,NULL,NULL,NULL,'4025810027',NULL,'A',NULL,1,NULL,NULL,NULL,108),(102,6,0,NULL,NULL,NULL,NULL,NULL,NULL,NULL,NULL,'NRM-CGI-002742',NULL,NULL,NULL,NULL,NULL,NULL,NULL,NULL,NULL,NULL,'4025810028',NULL,'A',NULL,1,NULL,NULL,NULL,109),(103,6,0,NULL,NULL,NULL,NULL,NULL,NULL,NULL,NULL,'NRM-CGI-005248',NULL,NULL,NULL,NULL,NULL,NULL,NULL,NULL,NULL,NULL,'4025810029',NULL,'A',NULL,1,NULL,NULL,NULL,110);
/*!40000 ALTER TABLE `Samples_AUD` ENABLE KEYS */;
UNLOCK TABLES;

--
-- Table structure for table `SeqBatchs`
--

DROP TABLE IF EXISTS `SeqBatchs`;
/*!40101 SET @saved_cs_client     = @@character_set_client */;
/*!40101 SET character_set_client = utf8 */;
CREATE TABLE `SeqBatchs` (
  `SeqBatchID` int(11) NOT NULL AUTO_INCREMENT,
  `Date` date DEFAULT NULL,
  `Experimenter` varchar(50) DEFAULT NULL,
  `FragmentType` varchar(50) DEFAULT NULL,
  `LastModified` datetime(6) DEFAULT NULL,
  `Name` varchar(50) NOT NULL,
  `Notes` varchar(1024) DEFAULT NULL,
  `Objective` varchar(255) DEFAULT NULL,
  `Reference` varchar(512) DEFAULT NULL,
  `SequenceCount` varchar(50) DEFAULT NULL,
  `Thermocycler` varchar(50) DEFAULT NULL,
  `GroupID` int(11) DEFAULT NULL,
  `PCRProfileID` int(11) DEFAULT NULL,
  `ProtocolID` int(11) DEFAULT NULL,
  `RegionID` int(11) DEFAULT NULL,
  PRIMARY KEY (`SeqBatchID`),
  UNIQUE KEY `UK_7pw7de7lhx3e8i1c68trdv2co` (`Name`,`GroupID`),
  KEY `FK_m81rb3pfdiq14tabkpj3j9jyn` (`GroupID`),
  KEY `FK_sirj0wrt2yk94lvw1mrlw2qc4` (`PCRProfileID`),
  KEY `FK_ehc393q8ngsuhjk6y6juhfs16` (`ProtocolID`),
  KEY `FK_n5tu2s6wqeql3yi5nfnj0g2mb` (`RegionID`),
  CONSTRAINT `FK_ehc393q8ngsuhjk6y6juhfs16` FOREIGN KEY (`ProtocolID`) REFERENCES `Protocols` (`ProtocolID`),
  CONSTRAINT `FK_m81rb3pfdiq14tabkpj3j9jyn` FOREIGN KEY (`GroupID`) REFERENCES `Groups` (`GroupID`),
  CONSTRAINT `FK_n5tu2s6wqeql3yi5nfnj0g2mb` FOREIGN KEY (`RegionID`) REFERENCES `Regions` (`TagID`),
  CONSTRAINT `FK_sirj0wrt2yk94lvw1mrlw2qc4` FOREIGN KEY (`PCRProfileID`) REFERENCES `PcrProfiles` (`PCRProfileID`)
) ENGINE=InnoDB AUTO_INCREMENT=4 DEFAULT CHARSET=latin1;
/*!40101 SET character_set_client = @saved_cs_client */;

--
-- Dumping data for table `SeqBatchs`
--

LOCK TABLES `SeqBatchs` WRITE;
/*!40000 ALTER TABLE `SeqBatchs` DISABLE KEYS */;
INSERT INTO `SeqBatchs` VALUES (1,'2010-01-04','Gregg Robideau',NULL,'2013-03-19 00:00:00.000000','SEQ_GXR_A01','SEQ Batch notes 1','aObjective','aReference','2','aThermocycler',1,1,5,2),(2,'2010-01-04','Tara Rintoul',NULL,'2013-03-19 00:00:00.000000','SEQ_TXR_A01','SEQ Batch notes 2','bObjective','bReference','2','bThermocycler',1,2,5,2),(3,'2010-01-04','Mat Poff',NULL,'2013-03-19 00:00:00.000000','SEQ_MXR_A01','SEQ Batch notes 2','cObjective','cReference','2','cThermocycler',2,2,5,2);
/*!40000 ALTER TABLE `SeqBatchs` ENABLE KEYS */;
UNLOCK TABLES;

--
-- Table structure for table `SeqBatchs_AUD`
--

DROP TABLE IF EXISTS `SeqBatchs_AUD`;
/*!40101 SET @saved_cs_client     = @@character_set_client */;
/*!40101 SET character_set_client = utf8 */;
CREATE TABLE `SeqBatchs_AUD` (
  `SeqBatchID` int(11) NOT NULL,
  `REV` int(11) NOT NULL,
  `REVTYPE` tinyint(4) DEFAULT NULL,
  `Date` date DEFAULT NULL,
  `Experimenter` varchar(50) DEFAULT NULL,
  `FragmentType` varchar(50) DEFAULT NULL,
  `Name` varchar(50) DEFAULT NULL,
  `Notes` varchar(1024) DEFAULT NULL,
  `Objective` varchar(255) DEFAULT NULL,
  `Reference` varchar(512) DEFAULT NULL,
  `SequenceCount` varchar(50) DEFAULT NULL,
  `Thermocycler` varchar(50) DEFAULT NULL,
  `GroupID` int(11) DEFAULT NULL,
  `PCRProfileID` int(11) DEFAULT NULL,
  `ProtocolID` int(11) DEFAULT NULL,
  `RegionID` int(11) DEFAULT NULL,
  PRIMARY KEY (`SeqBatchID`,`REV`),
  KEY `FK_t2eqlq7cjhc7a8jp5ulrypmgc` (`REV`),
  CONSTRAINT `FK_t2eqlq7cjhc7a8jp5ulrypmgc` FOREIGN KEY (`REV`) REFERENCES `Revision` (`id`)
) ENGINE=InnoDB DEFAULT CHARSET=latin1;
/*!40101 SET character_set_client = @saved_cs_client */;

--
-- Dumping data for table `SeqBatchs_AUD`
--

LOCK TABLES `SeqBatchs_AUD` WRITE;
/*!40000 ALTER TABLE `SeqBatchs_AUD` DISABLE KEYS */;
/*!40000 ALTER TABLE `SeqBatchs_AUD` ENABLE KEYS */;
UNLOCK TABLES;

--
-- Table structure for table `SeqMethods`
--

DROP TABLE IF EXISTS `SeqMethods`;
/*!40101 SET @saved_cs_client     = @@character_set_client */;
/*!40101 SET character_set_client = utf8 */;
CREATE TABLE `SeqMethods` (
  `SeqMethodID` int(11) NOT NULL AUTO_INCREMENT,
  `Description` longtext,
  `LastModified` datetime(6) DEFAULT NULL,
  `Name` varchar(50) NOT NULL,
  PRIMARY KEY (`SeqMethodID`),
  UNIQUE KEY `UK_iakoyyeeqmi5ra3o4dyqcb4tl` (`Name`)
) ENGINE=InnoDB DEFAULT CHARSET=latin1;
/*!40101 SET character_set_client = @saved_cs_client */;

--
-- Dumping data for table `SeqMethods`
--

LOCK TABLES `SeqMethods` WRITE;
/*!40000 ALTER TABLE `SeqMethods` DISABLE KEYS */;
/*!40000 ALTER TABLE `SeqMethods` ENABLE KEYS */;
UNLOCK TABLES;

--
-- Table structure for table `SeqProjects`
--

DROP TABLE IF EXISTS `SeqProjects`;
/*!40101 SET @saved_cs_client     = @@character_set_client */;
/*!40101 SET character_set_client = utf8 */;
CREATE TABLE `SeqProjects` (
  `SeqProjectID` int(11) NOT NULL AUTO_INCREMENT,
  `Description` longtext,
  `LastModified` datetime(6) DEFAULT NULL,
  `Name` varchar(50) NOT NULL,
  PRIMARY KEY (`SeqProjectID`)
) ENGINE=InnoDB AUTO_INCREMENT=3 DEFAULT CHARSET=latin1;
/*!40101 SET character_set_client = @saved_cs_client */;

--
-- Dumping data for table `SeqProjects`
--

LOCK TABLES `SeqProjects` WRITE;
/*!40000 ALTER TABLE `SeqProjects` DISABLE KEYS */;
INSERT INTO `SeqProjects` VALUES (1,'test description','2007-04-03 00:00:00.000000','Test Sequence Project'),(2,'testing description 2','2007-04-03 00:00:00.000000','TSeqProject');
/*!40000 ALTER TABLE `SeqProjects` ENABLE KEYS */;
UNLOCK TABLES;

--
-- Table structure for table `SeqProjectsProjects`
--

DROP TABLE IF EXISTS `SeqProjectsProjects`;
/*!40101 SET @saved_cs_client     = @@character_set_client */;
/*!40101 SET character_set_client = utf8 */;
CREATE TABLE `SeqProjectsProjects` (
  `SeqProjectsProjectID` int(11) NOT NULL AUTO_INCREMENT,
  `ProjectID` int(11) DEFAULT NULL,
  `SeqProjectID` int(11) DEFAULT NULL,
  PRIMARY KEY (`SeqProjectsProjectID`),
  KEY `FK_jyuf5lfeq8hhd2g6uwnv002uk` (`ProjectID`),
  KEY `FK_8wcdhmuhu5wu1597flwnaiopr` (`SeqProjectID`),
  CONSTRAINT `FK_8wcdhmuhu5wu1597flwnaiopr` FOREIGN KEY (`SeqProjectID`) REFERENCES `SeqProjects` (`SeqProjectID`),
  CONSTRAINT `FK_jyuf5lfeq8hhd2g6uwnv002uk` FOREIGN KEY (`ProjectID`) REFERENCES `Projects` (`ProjectID`)
) ENGINE=InnoDB AUTO_INCREMENT=2 DEFAULT CHARSET=latin1;
/*!40101 SET character_set_client = @saved_cs_client */;

--
-- Dumping data for table `SeqProjectsProjects`
--

LOCK TABLES `SeqProjectsProjects` WRITE;
/*!40000 ALTER TABLE `SeqProjectsProjects` DISABLE KEYS */;
INSERT INTO `SeqProjectsProjects` VALUES (1,1,1);
/*!40000 ALTER TABLE `SeqProjectsProjects` ENABLE KEYS */;
UNLOCK TABLES;

--
-- Table structure for table `SeqProjectsSequences`
--

DROP TABLE IF EXISTS `SeqProjectsSequences`;
/*!40101 SET @saved_cs_client     = @@character_set_client */;
/*!40101 SET character_set_client = utf8 */;
CREATE TABLE `SeqProjectsSequences` (
  `SeqProjectsSequenceID` int(11) NOT NULL AUTO_INCREMENT,
  `SeqProjectID` int(11) NOT NULL,
  `SequenceID` int(11) NOT NULL,
  PRIMARY KEY (`SeqProjectsSequenceID`),
  KEY `FK_gr1q9bfsft2mpfsc83gyi62s1` (`SeqProjectID`),
  KEY `FK_ohpl1sdb8hm46b8l9g34sd0cf` (`SequenceID`),
  CONSTRAINT `FK_gr1q9bfsft2mpfsc83gyi62s1` FOREIGN KEY (`SeqProjectID`) REFERENCES `SeqProjects` (`SeqProjectID`),
  CONSTRAINT `FK_ohpl1sdb8hm46b8l9g34sd0cf` FOREIGN KEY (`SequenceID`) REFERENCES `Sequences` (`SequenceID`)
) ENGINE=InnoDB AUTO_INCREMENT=4 DEFAULT CHARSET=latin1;
/*!40101 SET character_set_client = @saved_cs_client */;

--
-- Dumping data for table `SeqProjectsSequences`
--

LOCK TABLES `SeqProjectsSequences` WRITE;
/*!40000 ALTER TABLE `SeqProjectsSequences` DISABLE KEYS */;
INSERT INTO `SeqProjectsSequences` VALUES (1,1,1),(2,1,2),(3,2,2);
/*!40000 ALTER TABLE `SeqProjectsSequences` ENABLE KEYS */;
UNLOCK TABLES;

--
-- Table structure for table `SeqReactions`
--

DROP TABLE IF EXISTS `SeqReactions`;
/*!40101 SET @saved_cs_client     = @@character_set_client */;
/*!40101 SET character_set_client = utf8 */;
CREATE TABLE `SeqReactions` (
  `SeqReactionID` int(11) NOT NULL AUTO_INCREMENT,
  `AmpliconSize` varchar(50) DEFAULT NULL,
  `DNAConcentration` varchar(50) DEFAULT NULL,
  `LastModified` datetime(6) DEFAULT NULL,
  `Notes` varchar(1024) DEFAULT NULL,
  `PrimerConcentration` varchar(50) DEFAULT NULL,
  `SeqCode` varchar(255) NOT NULL,
  `WellCoordinates` varchar(255) DEFAULT NULL,
  `GroupID` int(11) DEFAULT NULL,
  `PcrReactionID` int(11) DEFAULT NULL,
  `SeqBatchID` int(11) DEFAULT NULL,
  `SeqPrimerID` int(11) DEFAULT NULL,
  PRIMARY KEY (`SeqReactionID`),
  UNIQUE KEY `UK_9y5yb24tcp3iunfpr4mc68uyv` (`WellCoordinates`,`SeqBatchID`,`GroupID`),
  KEY `FK_7bu545r1h1nac1rqdehvyhhwo` (`GroupID`),
  KEY `FK_orsl48c73rikurwvh0bw0asnn` (`PcrReactionID`),
  KEY `FK_rjc8t80j6yf06x4spmlq53mmi` (`SeqBatchID`),
  KEY `FK_ld8v5qix5ku6tjehe3mg3cgqs` (`SeqPrimerID`),
  CONSTRAINT `FK_7bu545r1h1nac1rqdehvyhhwo` FOREIGN KEY (`GroupID`) REFERENCES `Groups` (`GroupID`),
  CONSTRAINT `FK_ld8v5qix5ku6tjehe3mg3cgqs` FOREIGN KEY (`SeqPrimerID`) REFERENCES `PcrPrimers` (`PCRPrimerID`),
  CONSTRAINT `FK_orsl48c73rikurwvh0bw0asnn` FOREIGN KEY (`PcrReactionID`) REFERENCES `PcrReactions` (`PcrReactionID`),
  CONSTRAINT `FK_rjc8t80j6yf06x4spmlq53mmi` FOREIGN KEY (`SeqBatchID`) REFERENCES `SeqBatchs` (`SeqBatchID`)
) ENGINE=InnoDB AUTO_INCREMENT=6 DEFAULT CHARSET=latin1;
/*!40101 SET character_set_client = @saved_cs_client */;

--
-- Dumping data for table `SeqReactions`
--

LOCK TABLES `SeqReactions` WRITE;
/*!40000 ALTER TABLE `SeqReactions` DISABLE KEYS */;
INSERT INTO `SeqReactions` VALUES (1,'9000','9000','2013-03-19 00:00:00.000000','SEQ Reaction notes 1','9000','AAFC_KAS_GR_001_KAS1A_ITS1','A1',1,1,1,2),(2,'9000','9000','2013-03-19 00:00:00.000000','SEQ Reaction notes 2','9000','AAFC_KAS_GR_001_KAS1A_ITS2','A2',1,1,1,2),(3,'9000','9000','2013-03-19 00:00:00.000000','SEQ Reaction notes 2','9000','CL_SB_A01_1_SEQ_KAS1A_ITS_ITS1','A1',1,1,2,1),(4,'9000','9000','2013-03-19 00:00:00.000000','SEQ Reaction notes 2','9000','CL_SB_A01_2_SEQ_KAS1A_ITS_ITS2','A2',1,1,2,2),(5,'9000','9000','2013-03-19 00:00:00.000000','User Group SEQ Reaction notes','9000','UserGroupSeqReaction','A1',2,1,2,2);
/*!40000 ALTER TABLE `SeqReactions` ENABLE KEYS */;
UNLOCK TABLES;

--
-- Table structure for table `SeqReactions_AUD`
--

DROP TABLE IF EXISTS `SeqReactions_AUD`;
/*!40101 SET @saved_cs_client     = @@character_set_client */;
/*!40101 SET character_set_client = utf8 */;
CREATE TABLE `SeqReactions_AUD` (
  `SeqReactionID` int(11) NOT NULL,
  `REV` int(11) NOT NULL,
  `REVTYPE` tinyint(4) DEFAULT NULL,
  `AmpliconSize` varchar(50) DEFAULT NULL,
  `DNAConcentration` varchar(50) DEFAULT NULL,
  `Notes` varchar(1024) DEFAULT NULL,
  `PrimerConcentration` varchar(50) DEFAULT NULL,
  `SeqCode` varchar(255) DEFAULT NULL,
  `WellCoordinates` varchar(255) DEFAULT NULL,
  `GroupID` int(11) DEFAULT NULL,
  `PcrReactionID` int(11) DEFAULT NULL,
  `SeqBatchID` int(11) DEFAULT NULL,
  `SeqPrimerID` int(11) DEFAULT NULL,
  PRIMARY KEY (`SeqReactionID`,`REV`),
  KEY `FK_97cbm6ka2tewfdj53avcpek7m` (`REV`),
  CONSTRAINT `FK_97cbm6ka2tewfdj53avcpek7m` FOREIGN KEY (`REV`) REFERENCES `Revision` (`id`)
) ENGINE=InnoDB DEFAULT CHARSET=latin1;
/*!40101 SET character_set_client = @saved_cs_client */;

--
-- Dumping data for table `SeqReactions_AUD`
--

LOCK TABLES `SeqReactions_AUD` WRITE;
/*!40000 ALTER TABLE `SeqReactions_AUD` DISABLE KEYS */;
/*!40000 ALTER TABLE `SeqReactions_AUD` ENABLE KEYS */;
UNLOCK TABLES;

--
-- Table structure for table `SeqSources`
--

DROP TABLE IF EXISTS `SeqSources`;
/*!40101 SET @saved_cs_client     = @@character_set_client */;
/*!40101 SET character_set_client = utf8 */;
CREATE TABLE `SeqSources` (
  `SequenceID` int(11) NOT NULL,
  `BiologicalCollectionID` int(11) DEFAULT NULL,
  `ClusterConsID` int(11) DEFAULT NULL,
  `ClusterSeqID` int(11) DEFAULT NULL,
  `CollectionInfoID` int(11) DEFAULT NULL,
  `GroupID` int(11) DEFAULT NULL,
  `IdentificationID` int(11) DEFAULT NULL,
  `MidID` int(11) DEFAULT NULL,
  `MixedSpecimenID` int(11) DEFAULT NULL,
  `PcrBatchID` int(11) DEFAULT NULL,
  `PcrReactionID` int(11) DEFAULT NULL,
  `PrimerForwardID` int(11) DEFAULT NULL,
  `PrimerReverseID` int(11) DEFAULT NULL,
  `SampleID` int(11) DEFAULT NULL,
  `SeqBatchID` int(11) DEFAULT NULL,
  `SeqReactionID` int(11) DEFAULT NULL,
  `SpecimenID` int(11) DEFAULT NULL,
  `TaxonID` int(11) DEFAULT NULL,
  PRIMARY KEY (`SequenceID`),
  KEY `FK_841om21hek51soq7fc05fgvij` (`BiologicalCollectionID`),
  KEY `FK_qi2p2jj9tvuiyxgns6e7s7s7p` (`ClusterConsID`),
  KEY `FK_lomh51bwssbvqxf99lccbl1o9` (`ClusterSeqID`),
  KEY `FK_fe5snpi3d9mdpo5jh6vvbu5m7` (`CollectionInfoID`),
  KEY `FK_4t7cg90s9ltmig4lkj5onx4qb` (`GroupID`),
  KEY `FK_qjhdmqlauh995txjxbyqlvt0p` (`IdentificationID`),
  KEY `FK_dvb2lxtiyhu9q1l9r9mdpnadw` (`MidID`),
  KEY `FK_5ehbgji2j0gjaihyvdrk3yp6o` (`MixedSpecimenID`),
  KEY `FK_an50pyveilyolmvmt3dms960t` (`PcrBatchID`),
  KEY `FK_6a987nbi5u3n7ak73yy9dntnq` (`PcrReactionID`),
  KEY `FK_ojv4mufjy28wjte762tthjlsa` (`PrimerForwardID`),
  KEY `FK_2pb4jtciyg4rdbffl5l5bmktd` (`PrimerReverseID`),
  KEY `FK_3080at25w8nm4v0d9yweie2ms` (`SampleID`),
  KEY `FK_m9ly95txnk442e90at8oe0qh3` (`SeqBatchID`),
  KEY `FK_1xl6pvmp5w185eq4b0aal9mft` (`SeqReactionID`),
  KEY `FK_8k21fscowx43bsg9stcjm6lne` (`SpecimenID`),
  KEY `FK_a4kc877d1qdvhe6ickb5t5t8y` (`TaxonID`),
  CONSTRAINT `FK_1xl6pvmp5w185eq4b0aal9mft` FOREIGN KEY (`SeqReactionID`) REFERENCES `SeqReactions` (`SeqReactionID`),
  CONSTRAINT `FK_2pb4jtciyg4rdbffl5l5bmktd` FOREIGN KEY (`PrimerReverseID`) REFERENCES `PcrPrimers` (`PCRPrimerID`),
  CONSTRAINT `FK_3080at25w8nm4v0d9yweie2ms` FOREIGN KEY (`SampleID`) REFERENCES `Samples` (`SampleID`),
  CONSTRAINT `FK_4t7cg90s9ltmig4lkj5onx4qb` FOREIGN KEY (`GroupID`) REFERENCES `Groups` (`GroupID`),
  CONSTRAINT `FK_5ehbgji2j0gjaihyvdrk3yp6o` FOREIGN KEY (`MixedSpecimenID`) REFERENCES `MixedSpecimens` (`MixedSpecimenID`),
  CONSTRAINT `FK_6a987nbi5u3n7ak73yy9dntnq` FOREIGN KEY (`PcrReactionID`) REFERENCES `PcrReactions` (`PcrReactionID`),
  CONSTRAINT `FK_841om21hek51soq7fc05fgvij` FOREIGN KEY (`BiologicalCollectionID`) REFERENCES `BiologicalCollections` (`BiologicalCollectionID`),
  CONSTRAINT `FK_8k21fscowx43bsg9stcjm6lne` FOREIGN KEY (`SpecimenID`) REFERENCES `Specimens` (`SpecimenID`),
  CONSTRAINT `FK_a4kc877d1qdvhe6ickb5t5t8y` FOREIGN KEY (`TaxonID`) REFERENCES `Taxa` (`TaxonID`),
  CONSTRAINT `FK_an50pyveilyolmvmt3dms960t` FOREIGN KEY (`PcrBatchID`) REFERENCES `PcrBatchs` (`PCRBatchID`),
  CONSTRAINT `FK_dvb2lxtiyhu9q1l9r9mdpnadw` FOREIGN KEY (`MidID`) REFERENCES `PcrPrimers` (`PCRPrimerID`),
  CONSTRAINT `FK_fe5snpi3d9mdpo5jh6vvbu5m7` FOREIGN KEY (`CollectionInfoID`) REFERENCES `CollectionInfos` (`CollectionInfoID`),
  CONSTRAINT `FK_lomh51bwssbvqxf99lccbl1o9` FOREIGN KEY (`ClusterSeqID`) REFERENCES `ClusterSeqs` (`ClusterSeqID`),
  CONSTRAINT `FK_m9ly95txnk442e90at8oe0qh3` FOREIGN KEY (`SeqBatchID`) REFERENCES `SeqBatchs` (`SeqBatchID`),
  CONSTRAINT `FK_ojv4mufjy28wjte762tthjlsa` FOREIGN KEY (`PrimerForwardID`) REFERENCES `PcrPrimers` (`PCRPrimerID`),
  CONSTRAINT `FK_qi2p2jj9tvuiyxgns6e7s7s7p` FOREIGN KEY (`ClusterConsID`) REFERENCES `ClusterCons` (`ClusterConsID`),
  CONSTRAINT `FK_qjhdmqlauh995txjxbyqlvt0p` FOREIGN KEY (`IdentificationID`) REFERENCES `Identifications` (`IdentificationID`)
) ENGINE=InnoDB DEFAULT CHARSET=latin1;
/*!40101 SET character_set_client = @saved_cs_client */;

--
-- Dumping data for table `SeqSources`
--

LOCK TABLES `SeqSources` WRITE;
/*!40000 ALTER TABLE `SeqSources` DISABLE KEYS */;
INSERT INTO `SeqSources` VALUES (1,1,NULL,NULL,7,NULL,100,1,1,1,1,1,2,1,1,NULL,1,NULL),(2,1,NULL,NULL,6,NULL,NULL,2,2,2,2,3,4,2,1,NULL,2,NULL),(3,1,3,NULL,7,NULL,NULL,1,1,1,1,1,2,1,1,NULL,1,NULL),(4,1,4,NULL,6,NULL,NULL,2,2,2,2,3,4,2,1,NULL,2,NULL);
/*!40000 ALTER TABLE `SeqSources` ENABLE KEYS */;
UNLOCK TABLES;

--
-- Table structure for table `SeqSources_AUD`
--

DROP TABLE IF EXISTS `SeqSources_AUD`;
/*!40101 SET @saved_cs_client     = @@character_set_client */;
/*!40101 SET character_set_client = utf8 */;
CREATE TABLE `SeqSources_AUD` (
  `SequenceID` int(11) NOT NULL,
  `REV` int(11) NOT NULL,
  `REVTYPE` tinyint(4) DEFAULT NULL,
  `BiologicalCollectionID` int(11) DEFAULT NULL,
  `ClusterConsID` int(11) DEFAULT NULL,
  `ClusterSeqID` int(11) DEFAULT NULL,
  `CollectionInfoID` int(11) DEFAULT NULL,
  `GroupID` int(11) DEFAULT NULL,
  `IdentificationID` int(11) DEFAULT NULL,
  `MidID` int(11) DEFAULT NULL,
  `MixedSpecimenID` int(11) DEFAULT NULL,
  `PcrBatchID` int(11) DEFAULT NULL,
  `PcrReactionID` int(11) DEFAULT NULL,
  `PrimerForwardID` int(11) DEFAULT NULL,
  `PrimerReverseID` int(11) DEFAULT NULL,
  `SampleID` int(11) DEFAULT NULL,
  `SeqBatchID` int(11) DEFAULT NULL,
  `SeqReactionID` int(11) DEFAULT NULL,
  `SpecimenID` int(11) DEFAULT NULL,
  `TaxonID` int(11) DEFAULT NULL,
  PRIMARY KEY (`SequenceID`,`REV`),
  KEY `FK_ifp950llqpju3mpdy9gllrvjb` (`REV`),
  CONSTRAINT `FK_ifp950llqpju3mpdy9gllrvjb` FOREIGN KEY (`REV`) REFERENCES `Revision` (`id`)
) ENGINE=InnoDB DEFAULT CHARSET=latin1;
/*!40101 SET character_set_client = @saved_cs_client */;

--
-- Dumping data for table `SeqSources_AUD`
--

LOCK TABLES `SeqSources_AUD` WRITE;
/*!40000 ALTER TABLE `SeqSources_AUD` DISABLE KEYS */;
/*!40000 ALTER TABLE `SeqSources_AUD` ENABLE KEYS */;
UNLOCK TABLES;

--
-- Table structure for table `SeqSubmissionConfigs`
--

DROP TABLE IF EXISTS `SeqSubmissionConfigs`;
/*!40101 SET @saved_cs_client     = @@character_set_client */;
/*!40101 SET character_set_client = utf8 */;
CREATE TABLE `SeqSubmissionConfigs` (
  `SeqSubmissionConfigID` int(11) NOT NULL AUTO_INCREMENT,
  `BatchType` varchar(255) DEFAULT NULL,
  `LastModified` datetime(6) DEFAULT NULL,
  `Name` varchar(100) NOT NULL,
  `Notes` varchar(255) DEFAULT NULL,
  `SeqCodeColumn` varchar(50) DEFAULT NULL,
  `SpreadSheetTemplateFileName` varchar(100) DEFAULT NULL,
  `StartingRow` int(11) DEFAULT NULL,
  `WWW` varchar(100) DEFAULT NULL,
  `SubmissionFacilityID` int(11) DEFAULT NULL,
  PRIMARY KEY (`SeqSubmissionConfigID`),
  UNIQUE KEY `UK_4vdjkm1n5topaxbj6fe1o5vs4` (`Name`,`SubmissionFacilityID`),
  KEY `FK_fu1nicmbjrsh47siaw44o5emt` (`SubmissionFacilityID`),
  CONSTRAINT `FK_fu1nicmbjrsh47siaw44o5emt` FOREIGN KEY (`SubmissionFacilityID`) REFERENCES `SubmissionFacilitys` (`SubmissionFacilityID`)
) ENGINE=InnoDB AUTO_INCREMENT=3 DEFAULT CHARSET=latin1;
/*!40101 SET character_set_client = @saved_cs_client */;

--
-- Dumping data for table `SeqSubmissionConfigs`
--

LOCK TABLES `SeqSubmissionConfigs` WRITE;
/*!40000 ALTER TABLE `SeqSubmissionConfigs` DISABLE KEYS */;
INSERT INTO `SeqSubmissionConfigs` VALUES (1,'SANGER','2017-06-23 00:00:00.000000','Sanger config 1','Notes 1',NULL,'template1.xlsx',25,NULL,1),(2,'NGS','2017-06-23 00:00:00.000000','NGS config 1','Notes 2',NULL,'template2.xlsx',25,NULL,2);
/*!40000 ALTER TABLE `SeqSubmissionConfigs` ENABLE KEYS */;
UNLOCK TABLES;

--
-- Table structure for table `SeqSubmissionConfigs_AUD`
--

DROP TABLE IF EXISTS `SeqSubmissionConfigs_AUD`;
/*!40101 SET @saved_cs_client     = @@character_set_client */;
/*!40101 SET character_set_client = utf8 */;
CREATE TABLE `SeqSubmissionConfigs_AUD` (
  `SeqSubmissionConfigID` int(11) NOT NULL,
  `REV` int(11) NOT NULL,
  `REVTYPE` tinyint(4) DEFAULT NULL,
  `BatchType` varchar(255) DEFAULT NULL,
  `Name` varchar(100) DEFAULT NULL,
  `Notes` varchar(255) DEFAULT NULL,
  `SeqCodeColumn` varchar(50) DEFAULT NULL,
  `SpreadSheetTemplateFileName` varchar(100) DEFAULT NULL,
  `StartingRow` int(11) DEFAULT NULL,
  `WWW` varchar(100) DEFAULT NULL,
  `SubmissionFacilityID` int(11) DEFAULT NULL,
  PRIMARY KEY (`SeqSubmissionConfigID`,`REV`),
  KEY `FK_fxs96q5cde8k7q3x19eodhpuv` (`REV`),
  CONSTRAINT `FK_fxs96q5cde8k7q3x19eodhpuv` FOREIGN KEY (`REV`) REFERENCES `Revision` (`id`)
) ENGINE=InnoDB DEFAULT CHARSET=latin1;
/*!40101 SET character_set_client = @saved_cs_client */;

--
-- Dumping data for table `SeqSubmissionConfigs_AUD`
--

LOCK TABLES `SeqSubmissionConfigs_AUD` WRITE;
/*!40000 ALTER TABLE `SeqSubmissionConfigs_AUD` DISABLE KEYS */;
/*!40000 ALTER TABLE `SeqSubmissionConfigs_AUD` ENABLE KEYS */;
UNLOCK TABLES;

--
-- Table structure for table `SeqSubmissions`
--

DROP TABLE IF EXISTS `SeqSubmissions`;
/*!40101 SET @saved_cs_client     = @@character_set_client */;
/*!40101 SET character_set_client = utf8 */;
CREATE TABLE `SeqSubmissions` (
  `SeqSubmissionID` int(11) NOT NULL AUTO_INCREMENT,
  `Date` date DEFAULT NULL,
  `Email` varchar(255) DEFAULT NULL,
  `LastModified` datetime(6) DEFAULT NULL,
  `Name` varchar(100) NOT NULL,
  `PBIContractNumber` varchar(15) DEFAULT NULL,
  `PBIDeliverData` varchar(50) DEFAULT NULL,
  `PBIInternalOrderNumber` varchar(15) DEFAULT NULL,
  `PBIRoomNumber` varchar(15) DEFAULT NULL,
  `PBISequencedBy` varchar(100) DEFAULT NULL,
  `PBISequencedDate` date DEFAULT NULL,
  `RequiredSubmissionBy` varchar(10) DEFAULT NULL,
  `ScientistAuthorized` varchar(100) DEFAULT NULL,
  `SubmittedBy` varchar(100) DEFAULT NULL,
  `SubmittingInstitute` varchar(50) DEFAULT NULL,
  `Telephone` varchar(50) DEFAULT NULL,
  `GroupID` int(11) NOT NULL,
  `SeqBatchID` int(11) DEFAULT NULL,
  `SeqSubmissionConfigID` int(11) DEFAULT NULL,
  PRIMARY KEY (`SeqSubmissionID`),
  UNIQUE KEY `UK_6dqe9e661sij0cvomp30hjd66` (`Name`,`GroupID`),
  UNIQUE KEY `UK_ocii5r25l17vhxo09v7i8yev7` (`SeqBatchID`),
  KEY `FK_9wmtct7d3ouyoo3vjrhfa1nml` (`GroupID`),
  KEY `FK_7epky6tflweq2d2d3ly5w4ga9` (`SeqSubmissionConfigID`),
  CONSTRAINT `FK_7epky6tflweq2d2d3ly5w4ga9` FOREIGN KEY (`SeqSubmissionConfigID`) REFERENCES `SeqSubmissionConfigs` (`SeqSubmissionConfigID`),
  CONSTRAINT `FK_9wmtct7d3ouyoo3vjrhfa1nml` FOREIGN KEY (`GroupID`) REFERENCES `Groups` (`GroupID`),
  CONSTRAINT `FK_ocii5r25l17vhxo09v7i8yev7` FOREIGN KEY (`SeqBatchID`) REFERENCES `SeqBatchs` (`SeqBatchID`)
) ENGINE=InnoDB AUTO_INCREMENT=3 DEFAULT CHARSET=latin1;
/*!40101 SET character_set_client = @saved_cs_client */;

--
-- Dumping data for table `SeqSubmissions`
--

LOCK TABLES `SeqSubmissions` WRITE;
/*!40000 ALTER TABLE `SeqSubmissions` DISABLE KEYS */;
INSERT INTO `SeqSubmissions` VALUES (1,NULL,'','2013-03-19 00:00:00.000000','SEQ_GXR_A01_PBI',NULL,'FTP',NULL,NULL,'PBI Sequencing Facility',NULL,'','','GXR',NULL,'',2,1,1),(2,NULL,'Satpal.Bilkhu@agr.gc.ca','2013-03-19 00:00:00.000000','SEQ_TXR_A01_MMTL',NULL,'',NULL,NULL,'MMTL Sequencing Facility',NULL,'SB','Tom Brady','TR',NULL,'1234',2,NULL,2);
/*!40000 ALTER TABLE `SeqSubmissions` ENABLE KEYS */;
UNLOCK TABLES;

--
-- Table structure for table `SeqSubmissions_AUD`
--

DROP TABLE IF EXISTS `SeqSubmissions_AUD`;
/*!40101 SET @saved_cs_client     = @@character_set_client */;
/*!40101 SET character_set_client = utf8 */;
CREATE TABLE `SeqSubmissions_AUD` (
  `SeqSubmissionID` int(11) NOT NULL,
  `REV` int(11) NOT NULL,
  `REVTYPE` tinyint(4) DEFAULT NULL,
  `Date` date DEFAULT NULL,
  `Email` varchar(255) DEFAULT NULL,
  `Name` varchar(100) DEFAULT NULL,
  `PBIContractNumber` varchar(15) DEFAULT NULL,
  `PBIDeliverData` varchar(50) DEFAULT NULL,
  `PBIInternalOrderNumber` varchar(15) DEFAULT NULL,
  `PBIRoomNumber` varchar(15) DEFAULT NULL,
  `PBISequencedBy` varchar(100) DEFAULT NULL,
  `PBISequencedDate` date DEFAULT NULL,
  `RequiredSubmissionBy` varchar(10) DEFAULT NULL,
  `ScientistAuthorized` varchar(100) DEFAULT NULL,
  `SubmittedBy` varchar(100) DEFAULT NULL,
  `SubmittingInstitute` varchar(50) DEFAULT NULL,
  `Telephone` varchar(50) DEFAULT NULL,
  `GroupID` int(11) DEFAULT NULL,
  `SeqBatchID` int(11) DEFAULT NULL,
  `SeqSubmissionConfigID` int(11) DEFAULT NULL,
  PRIMARY KEY (`SeqSubmissionID`,`REV`),
  KEY `FK_datf6vhkjqkdew6ajt992er74` (`REV`),
  CONSTRAINT `FK_datf6vhkjqkdew6ajt992er74` FOREIGN KEY (`REV`) REFERENCES `Revision` (`id`)
) ENGINE=InnoDB DEFAULT CHARSET=latin1;
/*!40101 SET character_set_client = @saved_cs_client */;

--
-- Dumping data for table `SeqSubmissions_AUD`
--

LOCK TABLES `SeqSubmissions_AUD` WRITE;
/*!40000 ALTER TABLE `SeqSubmissions_AUD` DISABLE KEYS */;
/*!40000 ALTER TABLE `SeqSubmissions_AUD` ENABLE KEYS */;
UNLOCK TABLES;

--
-- Table structure for table `SequenceData`
--

DROP TABLE IF EXISTS `SequenceData`;
/*!40101 SET @saved_cs_client     = @@character_set_client */;
/*!40101 SET character_set_client = utf8 */;
CREATE TABLE `SequenceData` (
  `SequenceID` int(11) NOT NULL AUTO_INCREMENT,
  `Quality` longtext,
  `Seq` longtext NOT NULL,
  PRIMARY KEY (`SequenceID`)
) ENGINE=InnoDB AUTO_INCREMENT=5 DEFAULT CHARSET=latin1;
/*!40101 SET character_set_client = @saved_cs_client */;

--
-- Dumping data for table `SequenceData`
--

LOCK TABLES `SequenceData` WRITE;
/*!40000 ALTER TABLE `SequenceData` DISABLE KEYS */;
INSERT INTO `SequenceData` VALUES (1,'20 20 20 20 20 20 20 20 20 20 20 20 20 20 20 20 20','TACGATCAGCTACGATC'),(2,'20 20 20 20 20 20 20 20 20 20 20 20 20 20 20 20 20','TACGATCAGCTACGATC'),(3,'20 20 20 20 20 20 20 20 20 20 20 20 20 20 20 20 20','TACGATCAGCTACGATC'),(4,'20 20 20 20 20 20 20 20 20 20 20 20 20 20 20 20 20','TACGATCAGCTACGATC');
/*!40000 ALTER TABLE `SequenceData` ENABLE KEYS */;
UNLOCK TABLES;

--
-- Table structure for table `Sequences`
--

DROP TABLE IF EXISTS `Sequences`;
/*!40101 SET @saved_cs_client     = @@character_set_client */;
/*!40101 SET character_set_client = utf8 */;
CREATE TABLE `Sequences` (
  `SequenceID` int(11) NOT NULL,
  `Accession` varchar(10) DEFAULT NULL,
  `CreationDate` datetime(6) DEFAULT NULL,
  `Direction` smallint(6) DEFAULT NULL,
  `FileDir` varchar(255) DEFAULT NULL,
  `FileName` varchar(255) DEFAULT NULL,
  `GenBankAccession` varchar(25) DEFAULT NULL,
  `GenBankGI` varchar(25) DEFAULT NULL,
  `GenBankVersion` varchar(25) DEFAULT NULL,
  `LastModified` datetime(6) DEFAULT NULL,
  `Name` varchar(255) NOT NULL,
  `Note` varchar(1024) DEFAULT NULL,
  `ReadNum` int(11) NOT NULL,
  `Result` varchar(50) DEFAULT NULL,
  `SeqMeth` varchar(50) DEFAULT NULL,
  `SeqQualityCheck` varchar(50) DEFAULT NULL,
  `SeqType` varchar(1) NOT NULL,
  `SubmittedToInsdc` bit(1) DEFAULT NULL,
  `SubmittedToInsdcDate` date DEFAULT NULL,
  `CloneID` int(11) DEFAULT NULL,
  `GoHitID` int(11) DEFAULT NULL,
  `MixedSpecimenID` int(11) DEFAULT NULL,
  `PcrReactionID` int(11) DEFAULT NULL,
  `SeqBatchID` int(11) DEFAULT NULL,
  `SeqMethodID` int(11) DEFAULT NULL,
  `SeqPrimerID` int(11) DEFAULT NULL,
  `VectorID` int(11) DEFAULT NULL,
  PRIMARY KEY (`SequenceID`),
  UNIQUE KEY `UK_c7ieibmckjmihi4hha3u5kh3i` (`GenBankGI`),
  UNIQUE KEY `UK_s65rv8c2er0t50boyii51fpma` (`GenBankVersion`),
  KEY `sequences_name_idx` (`Name`),
  KEY `sequences_fileName_idx` (`FileName`),
  KEY `sequences_mixedSpecimen_result_idx` (`MixedSpecimenID`,`Result`),
  KEY `FK_3u8ticbp842dnauunqgwcwyqd` (`CloneID`),
  KEY `FK_i4c0p2tldq4js6l2lpyjr1eyn` (`GoHitID`),
  KEY `FK_hfcc8fl3ycrmkykbhk5e093da` (`PcrReactionID`),
  KEY `FK_752c8t4y20n7b76oe23bw7ynw` (`SeqBatchID`),
  KEY `FK_gkeyalwa6s2trxx01k4b8pbr9` (`SeqMethodID`),
  KEY `FK_plfcpl8v5sp8kkvt6pb0fvrha` (`SeqPrimerID`),
  KEY `FK_34xfk4n49v3rpj0tucmnbm02i` (`VectorID`),
  CONSTRAINT `FK_2urfmger9sr5kwyn20brwdhd9` FOREIGN KEY (`MixedSpecimenID`) REFERENCES `MixedSpecimens` (`MixedSpecimenID`),
  CONSTRAINT `FK_34xfk4n49v3rpj0tucmnbm02i` FOREIGN KEY (`VectorID`) REFERENCES `Vectors` (`VectorID`),
  CONSTRAINT `FK_3u8ticbp842dnauunqgwcwyqd` FOREIGN KEY (`CloneID`) REFERENCES `Clones` (`CloneID`),
  CONSTRAINT `FK_752c8t4y20n7b76oe23bw7ynw` FOREIGN KEY (`SeqBatchID`) REFERENCES `SeqBatchs` (`SeqBatchID`),
  CONSTRAINT `FK_gkeyalwa6s2trxx01k4b8pbr9` FOREIGN KEY (`SeqMethodID`) REFERENCES `SeqMethods` (`SeqMethodID`),
  CONSTRAINT `FK_hfcc8fl3ycrmkykbhk5e093da` FOREIGN KEY (`PcrReactionID`) REFERENCES `PcrReactions` (`PcrReactionID`),
  CONSTRAINT `FK_i4c0p2tldq4js6l2lpyjr1eyn` FOREIGN KEY (`GoHitID`) REFERENCES `GoHits` (`GoHitID`),
  CONSTRAINT `FK_plfcpl8v5sp8kkvt6pb0fvrha` FOREIGN KEY (`SeqPrimerID`) REFERENCES `PcrPrimers` (`PCRPrimerID`)
) ENGINE=InnoDB DEFAULT CHARSET=latin1;
/*!40101 SET character_set_client = @saved_cs_client */;

--
-- Dumping data for table `Sequences`
--

LOCK TABLES `Sequences` WRITE;
/*!40000 ALTER TABLE `Sequences` DISABLE KEYS */;
INSERT INTO `Sequences` VALUES (1,'','2015-01-09 00:00:00.000000',NULL,'/Users/chris/sequences/run1','seq1.ab1','AY000001','6100','AY000001.1','2015-02-09 00:00:00.000000','seq1','sequence is faint',0,'faint',NULL,NULL,'N',NULL,NULL,NULL,NULL,NULL,1,1,NULL,NULL,NULL),(2,'','2015-01-09 00:00:00.000000',NULL,'','','AY200','6200','AY200.1','2015-02-10 00:00:00.000000','seq2','sequence looks good',0,'good',NULL,NULL,'N',NULL,NULL,NULL,NULL,NULL,2,1,NULL,NULL,NULL),(3,'','2015-01-09 00:00:00.000000',NULL,'','','AY300','6300','AY300.1','2015-02-12 00:00:00.000000','seq3','sequence looks good',0,'good',NULL,NULL,'N',NULL,NULL,NULL,NULL,NULL,3,1,NULL,NULL,NULL),(4,'','2015-01-09 00:00:00.000000',NULL,'','','AY400','6400','AY400.1','2015-02-14 00:00:00.000000','seq4','',0,'good',NULL,NULL,'N',NULL,NULL,NULL,NULL,NULL,4,1,NULL,NULL,NULL);
/*!40000 ALTER TABLE `Sequences` ENABLE KEYS */;
UNLOCK TABLES;

--
-- Table structure for table `Sequences_AUD`
--

DROP TABLE IF EXISTS `Sequences_AUD`;
/*!40101 SET @saved_cs_client     = @@character_set_client */;
/*!40101 SET character_set_client = utf8 */;
CREATE TABLE `Sequences_AUD` (
  `SequenceID` int(11) NOT NULL,
  `REV` int(11) NOT NULL,
  `REVTYPE` tinyint(4) DEFAULT NULL,
  `Accession` varchar(10) DEFAULT NULL,
  `CreationDate` datetime(6) DEFAULT NULL,
  `Direction` smallint(6) DEFAULT NULL,
  `FileDir` varchar(255) DEFAULT NULL,
  `FileName` varchar(255) DEFAULT NULL,
  `GenBankAccession` varchar(25) DEFAULT NULL,
  `GenBankGI` varchar(25) DEFAULT NULL,
  `GenBankVersion` varchar(25) DEFAULT NULL,
  `Name` varchar(255) DEFAULT NULL,
  `Note` varchar(1024) DEFAULT NULL,
  `ReadNum` int(11) DEFAULT NULL,
  `Result` varchar(50) DEFAULT NULL,
  `SeqMeth` varchar(50) DEFAULT NULL,
  `SeqQualityCheck` varchar(50) DEFAULT NULL,
  `SeqType` varchar(1) DEFAULT NULL,
  `SubmittedToInsdc` bit(1) DEFAULT NULL,
  `SubmittedToInsdcDate` date DEFAULT NULL,
  `CloneID` int(11) DEFAULT NULL,
  `GoHitID` int(11) DEFAULT NULL,
  `MixedSpecimenID` int(11) DEFAULT NULL,
  `PcrReactionID` int(11) DEFAULT NULL,
  `SeqBatchID` int(11) DEFAULT NULL,
  `SeqMethodID` int(11) DEFAULT NULL,
  `SeqPrimerID` int(11) DEFAULT NULL,
  `VectorID` int(11) DEFAULT NULL,
  PRIMARY KEY (`SequenceID`,`REV`),
  KEY `FK_m5g45w4ca6g0p3ldqjaol1s7h` (`REV`),
  CONSTRAINT `FK_m5g45w4ca6g0p3ldqjaol1s7h` FOREIGN KEY (`REV`) REFERENCES `Revision` (`id`)
) ENGINE=InnoDB DEFAULT CHARSET=latin1;
/*!40101 SET character_set_client = @saved_cs_client */;

--
-- Dumping data for table `Sequences_AUD`
--

LOCK TABLES `Sequences_AUD` WRITE;
/*!40000 ALTER TABLE `Sequences_AUD` DISABLE KEYS */;
/*!40000 ALTER TABLE `Sequences_AUD` ENABLE KEYS */;
UNLOCK TABLES;

--
-- Table structure for table `SpecimenAttach`
--

DROP TABLE IF EXISTS `SpecimenAttach`;
/*!40101 SET @saved_cs_client     = @@character_set_client */;
/*!40101 SET character_set_client = utf8 */;
CREATE TABLE `SpecimenAttach` (
  `SpecimenAttachId` int(11) NOT NULL AUTO_INCREMENT,
  `DateEntered` date NOT NULL,
  `FileExtension` varchar(255) DEFAULT NULL,
  `FileName` varchar(255) NOT NULL,
  `FileTitle` varchar(255) DEFAULT NULL,
  `Height` int(11) DEFAULT NULL,
  `Notes` varchar(1024) DEFAULT NULL,
  `Width` int(11) DEFAULT NULL,
  `SpecimenId` int(11) NOT NULL,
  PRIMARY KEY (`SpecimenAttachId`),
  KEY `FK_euetuttl64lssjvt1j7rihl72` (`SpecimenId`),
  CONSTRAINT `FK_euetuttl64lssjvt1j7rihl72` FOREIGN KEY (`SpecimenId`) REFERENCES `Specimens` (`SpecimenID`)
) ENGINE=InnoDB DEFAULT CHARSET=latin1;
/*!40101 SET character_set_client = @saved_cs_client */;

--
-- Dumping data for table `SpecimenAttach`
--

LOCK TABLES `SpecimenAttach` WRITE;
/*!40000 ALTER TABLE `SpecimenAttach` DISABLE KEYS */;
/*!40000 ALTER TABLE `SpecimenAttach` ENABLE KEYS */;
UNLOCK TABLES;

--
-- Table structure for table `SpecimenBatchJobs`
--

DROP TABLE IF EXISTS `SpecimenBatchJobs`;
/*!40101 SET @saved_cs_client     = @@character_set_client */;
/*!40101 SET character_set_client = utf8 */;
CREATE TABLE `SpecimenBatchJobs` (
  `SpecimenBatchJobId` int(11) NOT NULL AUTO_INCREMENT,
  `BiologicalCollectionID` int(11) NOT NULL,
  `CurrentState` varchar(100) DEFAULT NULL,
  `CurrentStep` int(11) DEFAULT NULL,
  `Finished` bit(1) NOT NULL,
  `MaxSteps` int(11) DEFAULT NULL,
  `Name` varchar(50) NOT NULL,
  `RangeMax` int(11) NOT NULL,
  `RangeMin` int(11) NOT NULL,
  `TimeFinished` datetime DEFAULT NULL,
  `TimeStarted` datetime DEFAULT NULL,
  PRIMARY KEY (`SpecimenBatchJobId`)
) ENGINE=InnoDB DEFAULT CHARSET=latin1;
/*!40101 SET character_set_client = @saved_cs_client */;

--
-- Dumping data for table `SpecimenBatchJobs`
--

LOCK TABLES `SpecimenBatchJobs` WRITE;
/*!40000 ALTER TABLE `SpecimenBatchJobs` DISABLE KEYS */;
/*!40000 ALTER TABLE `SpecimenBatchJobs` ENABLE KEYS */;
UNLOCK TABLES;

--
-- Table structure for table `SpecimenReplicates`
--

DROP TABLE IF EXISTS `SpecimenReplicates`;
/*!40101 SET @saved_cs_client     = @@character_set_client */;
/*!40101 SET character_set_client = utf8 */;
CREATE TABLE `SpecimenReplicates` (
  `SpecimenReplicateID` int(11) NOT NULL AUTO_INCREMENT,
  `Contents` varchar(100) DEFAULT NULL,
  `DateDestroyed` date DEFAULT NULL,
  `LastModified` datetime(6) DEFAULT NULL,
  `Name` varchar(50) DEFAULT NULL,
  `Notes` varchar(1024) DEFAULT NULL,
  `RevivalDate` date DEFAULT NULL,
  `SampSize` varchar(50) DEFAULT NULL,
  `StartDate` date DEFAULT NULL,
  `State` varchar(100) DEFAULT NULL,
  `StorageMedium` varchar(100) DEFAULT NULL,
  `Version` varchar(50) DEFAULT NULL,
  `ParentID` int(11) DEFAULT NULL,
  `ProtocolID` int(11) DEFAULT NULL,
  `SpecimenID` int(11) NOT NULL,
  PRIMARY KEY (`SpecimenReplicateID`),
  UNIQUE KEY `UK_o3e4b4vehe7by1roa0k42w0ft` (`SpecimenID`,`Version`),
  KEY `FK_pm69olc1lwa2gvrw78vduhusl` (`ParentID`),
  KEY `FK_epcn4bq7utejkjuyofy2rxvcq` (`ProtocolID`),
  CONSTRAINT `FK_3aes8cn2mdyh6s51clncxgwst` FOREIGN KEY (`SpecimenID`) REFERENCES `Specimens` (`SpecimenID`),
  CONSTRAINT `FK_epcn4bq7utejkjuyofy2rxvcq` FOREIGN KEY (`ProtocolID`) REFERENCES `Protocols` (`ProtocolID`),
  CONSTRAINT `FK_pm69olc1lwa2gvrw78vduhusl` FOREIGN KEY (`ParentID`) REFERENCES `SpecimenReplicates` (`SpecimenReplicateID`)
) ENGINE=InnoDB AUTO_INCREMENT=99 DEFAULT CHARSET=latin1;
/*!40101 SET character_set_client = @saved_cs_client */;

--
-- Dumping data for table `SpecimenReplicates`
--

LOCK TABLES `SpecimenReplicates` WRITE;
/*!40000 ALTER TABLE `SpecimenReplicates` DISABLE KEYS */;
INSERT INTO `SpecimenReplicates` VALUES (1,'Culture','2012-06-07','2013-03-19 00:00:00.000000','KAS1','Specimen successfully replicated','2012-06-07',NULL,'2011-06-07','','Water','A',NULL,2,1),(2,'Culture',NULL,'2013-03-19 00:00:00.000000','KAS1','Replicate successfully replicated','2013-06-07',NULL,'2012-06-07','','Water','B',NULL,2,1),(3,'',NULL,'2018-03-15 20:53:09.539000','NRM-CGI2610','',NULL,NULL,'2018-03-15','','','A',NULL,NULL,15),(4,'',NULL,'2018-03-15 20:53:09.853000','NRM-CGI2609','',NULL,NULL,'2018-03-15','','','A',NULL,NULL,16),(5,'',NULL,'2018-03-15 20:53:10.875000','NRM-CGI2611','',NULL,NULL,'2018-03-15','','','A',NULL,NULL,17),(6,'',NULL,'2018-03-15 20:53:11.109000','NRM-CGI2612','',NULL,NULL,'2018-03-15','','','A',NULL,NULL,18),(7,'',NULL,'2018-03-15 20:53:11.514000','NRM-CGI2023','',NULL,NULL,'2018-03-15','','','A',NULL,NULL,19),(8,'',NULL,'2018-03-15 20:53:11.844000','NRM-CGI2024','',NULL,NULL,'2018-03-15','','','A',NULL,NULL,20),(9,'',NULL,'2018-03-15 20:53:12.006000','NRM-CGI4725','',NULL,NULL,'2018-03-15','','','A',NULL,NULL,21),(10,'',NULL,'2018-03-15 20:53:12.169000','NRM-CGI4732','',NULL,NULL,'2018-03-15','','','A',NULL,NULL,22),(11,'',NULL,'2018-03-15 20:53:12.340000','NRM-CGI4723','',NULL,NULL,'2018-03-15','','','A',NULL,NULL,23),(12,'',NULL,'2018-03-15 20:53:12.514000','NRM-CGI4728','',NULL,NULL,'2018-03-15','','','A',NULL,NULL,24),(13,'',NULL,'2018-03-15 20:53:12.660000','NRM-CGI4726','',NULL,NULL,'2018-03-15','','','A',NULL,NULL,25),(14,'',NULL,'2018-03-15 20:53:12.786000','NRM-CGI4730','',NULL,NULL,'2018-03-15','','','A',NULL,NULL,26),(15,'',NULL,'2018-03-15 20:53:12.912000','NRM-CGI4733','',NULL,NULL,'2018-03-15','','','A',NULL,NULL,27),(16,'',NULL,'2018-03-15 20:53:13.045000','NRM-CGI4727','',NULL,NULL,'2018-03-15','','','A',NULL,NULL,28),(17,'',NULL,'2018-03-15 20:53:13.193000','NRM-CGI4731','',NULL,NULL,'2018-03-15','','','A',NULL,NULL,29),(18,'',NULL,'2018-03-15 20:53:13.478000','NRM-CGI4724','',NULL,NULL,'2018-03-15','','','A',NULL,NULL,30),(19,'',NULL,'2018-03-15 20:53:13.627000','NRM-CGI4729','',NULL,NULL,'2018-03-15','','','A',NULL,NULL,31),(20,'',NULL,'2018-03-15 20:53:13.795000','NRM-CGI3586','',NULL,NULL,'2018-03-15','','','A',NULL,NULL,32),(21,'',NULL,'2018-03-15 20:53:13.975000','NRM-CGI3585','',NULL,NULL,'2018-03-15','','','A',NULL,NULL,33),(22,'',NULL,'2018-03-15 20:53:14.112000','NRM-CGI2455','',NULL,NULL,'2018-03-15','','','A',NULL,NULL,34),(23,'',NULL,'2018-03-15 20:53:14.264000','NRM-CGI2453','',NULL,NULL,'2018-03-15','','','A',NULL,NULL,35),(24,'',NULL,'2018-03-15 20:53:14.411000','NRM-CGI2452','',NULL,NULL,'2018-03-15','','','A',NULL,NULL,36),(25,'',NULL,'2018-03-15 20:53:14.597000','NRM-CGI2454','',NULL,NULL,'2018-03-15','','','A',NULL,NULL,37),(26,'',NULL,'2018-03-15 20:53:14.797000','NRM-CGI4141','',NULL,NULL,'2018-03-15','','','A',NULL,NULL,38),(27,'',NULL,'2018-03-15 20:53:14.982000','NRM-CGI4140','',NULL,NULL,'2018-03-15','','','A',NULL,NULL,39),(28,'',NULL,'2018-03-15 20:53:15.161000','NRM-CGI1998','',NULL,NULL,'2018-03-15','','','A',NULL,NULL,40),(29,'',NULL,'2018-03-15 20:53:15.355000','NRM-CGI6064','',NULL,NULL,'2018-03-15','','','A',NULL,NULL,41),(30,'',NULL,'2018-03-15 20:53:15.583000','NRM-CGI6065','',NULL,NULL,'2018-03-15','','','A',NULL,NULL,42),(31,'',NULL,'2018-03-15 20:53:15.775000','NRM-CGI6069','',NULL,NULL,'2018-03-15','','','A',NULL,NULL,43),(32,'',NULL,'2018-03-15 20:53:15.947000','NRM-CGI6070','',NULL,NULL,'2018-03-15','','','A',NULL,NULL,44),(33,'',NULL,'2018-03-15 20:53:16.145000','NRM-CGI6067','',NULL,NULL,'2018-03-15','','','A',NULL,NULL,45),(34,'',NULL,'2018-03-15 20:53:16.312000','NRM-CGI6063','',NULL,NULL,'2018-03-15','','','A',NULL,NULL,46),(35,'',NULL,'2018-03-15 20:53:16.543000','NRM-CGI6061','',NULL,NULL,'2018-03-15','','','A',NULL,NULL,47),(36,'',NULL,'2018-03-15 20:53:16.707000','NRM-CGI6062','',NULL,NULL,'2018-03-15','','','A',NULL,NULL,48),(37,'',NULL,'2018-03-15 20:53:16.891000','NRM-CGI6066','',NULL,NULL,'2018-03-15','','','A',NULL,NULL,49),(38,'',NULL,'2018-03-15 20:53:17.116000','NRM-CGI6068','',NULL,NULL,'2018-03-15','','','A',NULL,NULL,50),(39,'',NULL,'2018-03-15 20:53:17.279000','NRM-CGI5691','',NULL,NULL,'2018-03-15','','','A',NULL,NULL,51),(40,'',NULL,'2018-03-15 20:53:17.461000','NRM-CGI5693','',NULL,NULL,'2018-03-15','','','A',NULL,NULL,52),(41,'',NULL,'2018-03-15 20:53:17.671000','NRM-CGI5692','',NULL,NULL,'2018-03-15','','','A',NULL,NULL,53),(42,'',NULL,'2018-03-15 20:53:17.889000','NRM-CGI5695','',NULL,NULL,'2018-03-15','','','A',NULL,NULL,54),(43,'',NULL,'2018-03-15 20:53:18.064000','NRM-CGI5694','',NULL,NULL,'2018-03-15','','','A',NULL,NULL,55),(44,'',NULL,'2018-03-15 20:53:18.272000','NRM-CGI4503','',NULL,NULL,'2018-03-15','','','A',NULL,NULL,56),(45,'',NULL,'2018-03-15 20:53:18.461000','NRM-CGI4502','',NULL,NULL,'2018-03-15','','','A',NULL,NULL,57),(46,'',NULL,'2018-03-15 20:53:18.623000','NRM-CGI2988','',NULL,NULL,'2018-03-15','','','A',NULL,NULL,58),(47,'',NULL,'2018-03-15 20:53:18.804000','NRM-CGI2989','',NULL,NULL,'2018-03-15','','','A',NULL,NULL,59),(48,'',NULL,'2018-03-15 20:53:18.964000','NRM-CGI2990','',NULL,NULL,'2018-03-15','','','A',NULL,NULL,60),(49,'',NULL,'2018-03-15 20:53:19.142000','NRM-CGI2991','',NULL,NULL,'2018-03-15','','','A',NULL,NULL,61),(50,'',NULL,'2018-03-15 20:53:19.305000','NRM-CGI3264','',NULL,NULL,'2018-03-15','','','A',NULL,NULL,62),(51,'',NULL,'2018-03-15 20:53:19.464000','NRM-CGI3268','',NULL,NULL,'2018-03-15','','','A',NULL,NULL,63),(52,'',NULL,'2018-03-15 20:53:19.609000','NRM-CGI3267','',NULL,NULL,'2018-03-15','','','A',NULL,NULL,64),(53,'',NULL,'2018-03-15 20:53:19.763000','NRM-CGI3265','',NULL,NULL,'2018-03-15','','','A',NULL,NULL,65),(54,'',NULL,'2018-03-15 20:53:19.941000','NRM-CGI3266','',NULL,NULL,'2018-03-15','','','A',NULL,NULL,66),(55,'',NULL,'2018-03-15 20:53:20.087000','NRM-CGI2543','',NULL,NULL,'2018-03-15','','','A',NULL,NULL,67),(56,'',NULL,'2018-03-15 20:53:20.245000','NRM-CGI2544','',NULL,NULL,'2018-03-15','','','A',NULL,NULL,68),(57,'',NULL,'2018-03-15 20:53:20.446000','NRM-CGI2541','',NULL,NULL,'2018-03-15','','','A',NULL,NULL,69),(58,'',NULL,'2018-03-15 20:53:20.667000','NRM-CGI2542','',NULL,NULL,'2018-03-15','','','A',NULL,NULL,70),(59,'',NULL,'2018-03-15 20:53:20.820000','NRM-CGI3433','',NULL,NULL,'2018-03-15','','','A',NULL,NULL,71),(60,'',NULL,'2018-03-15 20:53:20.995000','NRM-CGI3434','',NULL,NULL,'2018-03-15','','','A',NULL,NULL,72),(61,'',NULL,'2018-03-15 20:53:21.192000','NRM-CGI3431','',NULL,NULL,'2018-03-15','','','A',NULL,NULL,73),(62,'',NULL,'2018-03-15 20:53:21.371000','NRM-CGI3432','',NULL,NULL,'2018-03-15','','','A',NULL,NULL,74),(63,'',NULL,'2018-03-15 20:53:21.530000','NRM-CGI4662','',NULL,NULL,'2018-03-15','','','A',NULL,NULL,75),(64,'',NULL,'2018-03-15 20:53:21.686000','NRM-CGI4660','',NULL,NULL,'2018-03-15','','','A',NULL,NULL,76),(65,'',NULL,'2018-03-15 20:53:21.860000','NRM-CGI4663','',NULL,NULL,'2018-03-15','','','A',NULL,NULL,77),(66,'',NULL,'2018-03-15 20:53:22.033000','NRM-CGI4661','',NULL,NULL,'2018-03-15','','','A',NULL,NULL,78),(67,'',NULL,'2018-03-15 20:53:22.215000','NRM-CGI4664','',NULL,NULL,'2018-03-15','','','A',NULL,NULL,79),(68,'',NULL,'2018-03-15 20:53:22.496000','NRM-CGI2701','',NULL,NULL,'2018-03-15','','','A',NULL,NULL,80),(69,'',NULL,'2018-03-15 20:53:22.668000','NRM-CGI2699','',NULL,NULL,'2018-03-15','','','A',NULL,NULL,81),(70,'',NULL,'2018-03-15 20:53:22.854000','NRM-CGI2700','',NULL,NULL,'2018-03-15','','','A',NULL,NULL,82),(71,'',NULL,'2018-03-15 20:53:23.006000','NRM-CGI2697','',NULL,NULL,'2018-03-15','','','A',NULL,NULL,83),(72,'',NULL,'2018-03-15 20:53:23.217000','NRM-CGI2698','',NULL,NULL,'2018-03-15','','','A',NULL,NULL,84),(73,'',NULL,'2018-03-15 20:53:23.391000','NRM-CGI1995','',NULL,NULL,'2018-03-15','','','A',NULL,NULL,85),(74,'',NULL,'2018-03-15 20:53:23.555000','NRM-CGI3711','',NULL,NULL,'2018-03-15','','','A',NULL,NULL,86),(75,'',NULL,'2018-03-15 20:53:23.714000','NRM-CGI3708','',NULL,NULL,'2018-03-15','','','A',NULL,NULL,87),(76,'',NULL,'2018-03-15 20:53:23.879000','NRM-CGI3709','',NULL,NULL,'2018-03-15','','','A',NULL,NULL,88),(77,'',NULL,'2018-03-15 20:53:24.258000','NRM-CGI3710','',NULL,NULL,'2018-03-15','','','A',NULL,NULL,89),(78,'',NULL,'2018-03-15 20:53:24.513000','NRM-CGI5528','',NULL,NULL,'2018-03-15','','','A',NULL,NULL,90),(79,'',NULL,'2018-03-15 20:53:24.697000','NRM-CGI5526','',NULL,NULL,'2018-03-15','','','A',NULL,NULL,91),(80,'',NULL,'2018-03-15 20:53:24.870000','NRM-CGI5530','',NULL,NULL,'2018-03-15','','','A',NULL,NULL,92),(81,'',NULL,'2018-03-15 20:53:25.060000','NRM-CGI5527','',NULL,NULL,'2018-03-15','','','A',NULL,NULL,93),(82,'',NULL,'2018-03-15 20:53:25.226000','NRM-CGI5529','',NULL,NULL,'2018-03-15','','','A',NULL,NULL,94),(83,'',NULL,'2018-03-15 20:53:25.401000','NRM-CGI2006','',NULL,NULL,'2018-03-15','','','A',NULL,NULL,95),(84,'',NULL,'2018-03-15 20:53:25.564000','NRM-CGI2010','',NULL,NULL,'2018-03-15','','','A',NULL,NULL,96),(85,'',NULL,'2018-03-15 20:53:25.738000','NRM-CGI2001','',NULL,NULL,'2018-03-15','','','A',NULL,NULL,97),(86,'',NULL,'2018-03-15 20:53:26.154000','NRM-CGI1993','',NULL,NULL,'2018-03-15','','','A',NULL,NULL,98),(87,'',NULL,'2018-03-15 20:53:26.323000','NRM-CGI2743','',NULL,NULL,'2018-03-15','','','A',NULL,NULL,99),(88,'',NULL,'2018-03-15 20:53:26.491000','NRM-CGI2741','',NULL,NULL,'2018-03-15','','','A',NULL,NULL,100),(89,'',NULL,'2018-03-15 20:53:26.666000','NRM-CGI2746','',NULL,NULL,'2018-03-15','','','A',NULL,NULL,101),(90,'',NULL,'2018-03-15 20:53:26.846000','NRM-CGI2747','',NULL,NULL,'2018-03-15','','','A',NULL,NULL,102),(91,'',NULL,'2018-03-15 20:53:27.027000','NRM-CGI2750','',NULL,NULL,'2018-03-15','','','A',NULL,NULL,103),(92,'',NULL,'2018-03-15 20:53:27.202000','NRM-CGI2740','',NULL,NULL,'2018-03-15','','','A',NULL,NULL,104),(93,'',NULL,'2018-03-15 20:53:27.377000','NRM-CGI2744','',NULL,NULL,'2018-03-15','','','A',NULL,NULL,105),(94,'',NULL,'2018-03-15 20:53:27.555000','NRM-CGI2748','',NULL,NULL,'2018-03-15','','','A',NULL,NULL,106),(95,'',NULL,'2018-03-15 20:53:27.742000','NRM-CGI2749','',NULL,NULL,'2018-03-15','','','A',NULL,NULL,107),(96,'',NULL,'2018-03-15 20:53:27.961000','NRM-CGI2745','',NULL,NULL,'2018-03-15','','','A',NULL,NULL,108),(97,'',NULL,'2018-03-15 20:53:28.231000','NRM-CGI2742','',NULL,NULL,'2018-03-15','','','A',NULL,NULL,109),(98,'',NULL,'2018-03-15 20:53:28.426000','NRM-CGI5248','',NULL,NULL,'2018-03-15','','','A',NULL,NULL,110);
/*!40000 ALTER TABLE `SpecimenReplicates` ENABLE KEYS */;
UNLOCK TABLES;

--
-- Table structure for table `SpecimenReplicates_AUD`
--

DROP TABLE IF EXISTS `SpecimenReplicates_AUD`;
/*!40101 SET @saved_cs_client     = @@character_set_client */;
/*!40101 SET character_set_client = utf8 */;
CREATE TABLE `SpecimenReplicates_AUD` (
  `SpecimenReplicateID` int(11) NOT NULL,
  `REV` int(11) NOT NULL,
  `REVTYPE` tinyint(4) DEFAULT NULL,
  `Contents` varchar(100) DEFAULT NULL,
  `DateDestroyed` date DEFAULT NULL,
  `Name` varchar(50) DEFAULT NULL,
  `Notes` varchar(1024) DEFAULT NULL,
  `RevivalDate` date DEFAULT NULL,
  `SampSize` varchar(50) DEFAULT NULL,
  `StartDate` date DEFAULT NULL,
  `State` varchar(100) DEFAULT NULL,
  `StorageMedium` varchar(100) DEFAULT NULL,
  `Version` varchar(50) DEFAULT NULL,
  `ParentID` int(11) DEFAULT NULL,
  `ProtocolID` int(11) DEFAULT NULL,
  `SpecimenID` int(11) DEFAULT NULL,
  PRIMARY KEY (`SpecimenReplicateID`,`REV`),
  KEY `FK_pank91epn0f86n0n5wk1x410v` (`REV`),
  CONSTRAINT `FK_pank91epn0f86n0n5wk1x410v` FOREIGN KEY (`REV`) REFERENCES `Revision` (`id`)
) ENGINE=InnoDB DEFAULT CHARSET=latin1;
/*!40101 SET character_set_client = @saved_cs_client */;

--
-- Dumping data for table `SpecimenReplicates_AUD`
--

LOCK TABLES `SpecimenReplicates_AUD` WRITE;
/*!40000 ALTER TABLE `SpecimenReplicates_AUD` DISABLE KEYS */;
INSERT INTO `SpecimenReplicates_AUD` VALUES (3,6,0,'',NULL,'NRM-CGI2610','',NULL,NULL,'2018-03-15','','','A',NULL,NULL,15),(4,6,0,'',NULL,'NRM-CGI2609','',NULL,NULL,'2018-03-15','','','A',NULL,NULL,16),(5,6,0,'',NULL,'NRM-CGI2611','',NULL,NULL,'2018-03-15','','','A',NULL,NULL,17),(6,6,0,'',NULL,'NRM-CGI2612','',NULL,NULL,'2018-03-15','','','A',NULL,NULL,18),(7,6,0,'',NULL,'NRM-CGI2023','',NULL,NULL,'2018-03-15','','','A',NULL,NULL,19),(8,6,0,'',NULL,'NRM-CGI2024','',NULL,NULL,'2018-03-15','','','A',NULL,NULL,20),(9,6,0,'',NULL,'NRM-CGI4725','',NULL,NULL,'2018-03-15','','','A',NULL,NULL,21),(10,6,0,'',NULL,'NRM-CGI4732','',NULL,NULL,'2018-03-15','','','A',NULL,NULL,22),(11,6,0,'',NULL,'NRM-CGI4723','',NULL,NULL,'2018-03-15','','','A',NULL,NULL,23),(12,6,0,'',NULL,'NRM-CGI4728','',NULL,NULL,'2018-03-15','','','A',NULL,NULL,24),(13,6,0,'',NULL,'NRM-CGI4726','',NULL,NULL,'2018-03-15','','','A',NULL,NULL,25),(14,6,0,'',NULL,'NRM-CGI4730','',NULL,NULL,'2018-03-15','','','A',NULL,NULL,26),(15,6,0,'',NULL,'NRM-CGI4733','',NULL,NULL,'2018-03-15','','','A',NULL,NULL,27),(16,6,0,'',NULL,'NRM-CGI4727','',NULL,NULL,'2018-03-15','','','A',NULL,NULL,28),(17,6,0,'',NULL,'NRM-CGI4731','',NULL,NULL,'2018-03-15','','','A',NULL,NULL,29),(18,6,0,'',NULL,'NRM-CGI4724','',NULL,NULL,'2018-03-15','','','A',NULL,NULL,30),(19,6,0,'',NULL,'NRM-CGI4729','',NULL,NULL,'2018-03-15','','','A',NULL,NULL,31),(20,6,0,'',NULL,'NRM-CGI3586','',NULL,NULL,'2018-03-15','','','A',NULL,NULL,32),(21,6,0,'',NULL,'NRM-CGI3585','',NULL,NULL,'2018-03-15','','','A',NULL,NULL,33),(22,6,0,'',NULL,'NRM-CGI2455','',NULL,NULL,'2018-03-15','','','A',NULL,NULL,34),(23,6,0,'',NULL,'NRM-CGI2453','',NULL,NULL,'2018-03-15','','','A',NULL,NULL,35),(24,6,0,'',NULL,'NRM-CGI2452','',NULL,NULL,'2018-03-15','','','A',NULL,NULL,36),(25,6,0,'',NULL,'NRM-CGI2454','',NULL,NULL,'2018-03-15','','','A',NULL,NULL,37),(26,6,0,'',NULL,'NRM-CGI4141','',NULL,NULL,'2018-03-15','','','A',NULL,NULL,38),(27,6,0,'',NULL,'NRM-CGI4140','',NULL,NULL,'2018-03-15','','','A',NULL,NULL,39),(28,6,0,'',NULL,'NRM-CGI1998','',NULL,NULL,'2018-03-15','','','A',NULL,NULL,40),(29,6,0,'',NULL,'NRM-CGI6064','',NULL,NULL,'2018-03-15','','','A',NULL,NULL,41),(30,6,0,'',NULL,'NRM-CGI6065','',NULL,NULL,'2018-03-15','','','A',NULL,NULL,42),(31,6,0,'',NULL,'NRM-CGI6069','',NULL,NULL,'2018-03-15','','','A',NULL,NULL,43),(32,6,0,'',NULL,'NRM-CGI6070','',NULL,NULL,'2018-03-15','','','A',NULL,NULL,44),(33,6,0,'',NULL,'NRM-CGI6067','',NULL,NULL,'2018-03-15','','','A',NULL,NULL,45),(34,6,0,'',NULL,'NRM-CGI6063','',NULL,NULL,'2018-03-15','','','A',NULL,NULL,46),(35,6,0,'',NULL,'NRM-CGI6061','',NULL,NULL,'2018-03-15','','','A',NULL,NULL,47),(36,6,0,'',NULL,'NRM-CGI6062','',NULL,NULL,'2018-03-15','','','A',NULL,NULL,48),(37,6,0,'',NULL,'NRM-CGI6066','',NULL,NULL,'2018-03-15','','','A',NULL,NULL,49),(38,6,0,'',NULL,'NRM-CGI6068','',NULL,NULL,'2018-03-15','','','A',NULL,NULL,50),(39,6,0,'',NULL,'NRM-CGI5691','',NULL,NULL,'2018-03-15','','','A',NULL,NULL,51),(40,6,0,'',NULL,'NRM-CGI5693','',NULL,NULL,'2018-03-15','','','A',NULL,NULL,52),(41,6,0,'',NULL,'NRM-CGI5692','',NULL,NULL,'2018-03-15','','','A',NULL,NULL,53),(42,6,0,'',NULL,'NRM-CGI5695','',NULL,NULL,'2018-03-15','','','A',NULL,NULL,54),(43,6,0,'',NULL,'NRM-CGI5694','',NULL,NULL,'2018-03-15','','','A',NULL,NULL,55),(44,6,0,'',NULL,'NRM-CGI4503','',NULL,NULL,'2018-03-15','','','A',NULL,NULL,56),(45,6,0,'',NULL,'NRM-CGI4502','',NULL,NULL,'2018-03-15','','','A',NULL,NULL,57),(46,6,0,'',NULL,'NRM-CGI2988','',NULL,NULL,'2018-03-15','','','A',NULL,NULL,58),(47,6,0,'',NULL,'NRM-CGI2989','',NULL,NULL,'2018-03-15','','','A',NULL,NULL,59),(48,6,0,'',NULL,'NRM-CGI2990','',NULL,NULL,'2018-03-15','','','A',NULL,NULL,60),(49,6,0,'',NULL,'NRM-CGI2991','',NULL,NULL,'2018-03-15','','','A',NULL,NULL,61),(50,6,0,'',NULL,'NRM-CGI3264','',NULL,NULL,'2018-03-15','','','A',NULL,NULL,62),(51,6,0,'',NULL,'NRM-CGI3268','',NULL,NULL,'2018-03-15','','','A',NULL,NULL,63),(52,6,0,'',NULL,'NRM-CGI3267','',NULL,NULL,'2018-03-15','','','A',NULL,NULL,64),(53,6,0,'',NULL,'NRM-CGI3265','',NULL,NULL,'2018-03-15','','','A',NULL,NULL,65),(54,6,0,'',NULL,'NRM-CGI3266','',NULL,NULL,'2018-03-15','','','A',NULL,NULL,66),(55,6,0,'',NULL,'NRM-CGI2543','',NULL,NULL,'2018-03-15','','','A',NULL,NULL,67),(56,6,0,'',NULL,'NRM-CGI2544','',NULL,NULL,'2018-03-15','','','A',NULL,NULL,68),(57,6,0,'',NULL,'NRM-CGI2541','',NULL,NULL,'2018-03-15','','','A',NULL,NULL,69),(58,6,0,'',NULL,'NRM-CGI2542','',NULL,NULL,'2018-03-15','','','A',NULL,NULL,70),(59,6,0,'',NULL,'NRM-CGI3433','',NULL,NULL,'2018-03-15','','','A',NULL,NULL,71),(60,6,0,'',NULL,'NRM-CGI3434','',NULL,NULL,'2018-03-15','','','A',NULL,NULL,72),(61,6,0,'',NULL,'NRM-CGI3431','',NULL,NULL,'2018-03-15','','','A',NULL,NULL,73),(62,6,0,'',NULL,'NRM-CGI3432','',NULL,NULL,'2018-03-15','','','A',NULL,NULL,74),(63,6,0,'',NULL,'NRM-CGI4662','',NULL,NULL,'2018-03-15','','','A',NULL,NULL,75),(64,6,0,'',NULL,'NRM-CGI4660','',NULL,NULL,'2018-03-15','','','A',NULL,NULL,76),(65,6,0,'',NULL,'NRM-CGI4663','',NULL,NULL,'2018-03-15','','','A',NULL,NULL,77),(66,6,0,'',NULL,'NRM-CGI4661','',NULL,NULL,'2018-03-15','','','A',NULL,NULL,78),(67,6,0,'',NULL,'NRM-CGI4664','',NULL,NULL,'2018-03-15','','','A',NULL,NULL,79),(68,6,0,'',NULL,'NRM-CGI2701','',NULL,NULL,'2018-03-15','','','A',NULL,NULL,80),(69,6,0,'',NULL,'NRM-CGI2699','',NULL,NULL,'2018-03-15','','','A',NULL,NULL,81),(70,6,0,'',NULL,'NRM-CGI2700','',NULL,NULL,'2018-03-15','','','A',NULL,NULL,82),(71,6,0,'',NULL,'NRM-CGI2697','',NULL,NULL,'2018-03-15','','','A',NULL,NULL,83),(72,6,0,'',NULL,'NRM-CGI2698','',NULL,NULL,'2018-03-15','','','A',NULL,NULL,84),(73,6,0,'',NULL,'NRM-CGI1995','',NULL,NULL,'2018-03-15','','','A',NULL,NULL,85),(74,6,0,'',NULL,'NRM-CGI3711','',NULL,NULL,'2018-03-15','','','A',NULL,NULL,86),(75,6,0,'',NULL,'NRM-CGI3708','',NULL,NULL,'2018-03-15','','','A',NULL,NULL,87),(76,6,0,'',NULL,'NRM-CGI3709','',NULL,NULL,'2018-03-15','','','A',NULL,NULL,88),(77,6,0,'',NULL,'NRM-CGI3710','',NULL,NULL,'2018-03-15','','','A',NULL,NULL,89),(78,6,0,'',NULL,'NRM-CGI5528','',NULL,NULL,'2018-03-15','','','A',NULL,NULL,90),(79,6,0,'',NULL,'NRM-CGI5526','',NULL,NULL,'2018-03-15','','','A',NULL,NULL,91),(80,6,0,'',NULL,'NRM-CGI5530','',NULL,NULL,'2018-03-15','','','A',NULL,NULL,92),(81,6,0,'',NULL,'NRM-CGI5527','',NULL,NULL,'2018-03-15','','','A',NULL,NULL,93),(82,6,0,'',NULL,'NRM-CGI5529','',NULL,NULL,'2018-03-15','','','A',NULL,NULL,94),(83,6,0,'',NULL,'NRM-CGI2006','',NULL,NULL,'2018-03-15','','','A',NULL,NULL,95),(84,6,0,'',NULL,'NRM-CGI2010','',NULL,NULL,'2018-03-15','','','A',NULL,NULL,96),(85,6,0,'',NULL,'NRM-CGI2001','',NULL,NULL,'2018-03-15','','','A',NULL,NULL,97),(86,6,0,'',NULL,'NRM-CGI1993','',NULL,NULL,'2018-03-15','','','A',NULL,NULL,98),(87,6,0,'',NULL,'NRM-CGI2743','',NULL,NULL,'2018-03-15','','','A',NULL,NULL,99),(88,6,0,'',NULL,'NRM-CGI2741','',NULL,NULL,'2018-03-15','','','A',NULL,NULL,100),(89,6,0,'',NULL,'NRM-CGI2746','',NULL,NULL,'2018-03-15','','','A',NULL,NULL,101),(90,6,0,'',NULL,'NRM-CGI2747','',NULL,NULL,'2018-03-15','','','A',NULL,NULL,102),(91,6,0,'',NULL,'NRM-CGI2750','',NULL,NULL,'2018-03-15','','','A',NULL,NULL,103),(92,6,0,'',NULL,'NRM-CGI2740','',NULL,NULL,'2018-03-15','','','A',NULL,NULL,104),(93,6,0,'',NULL,'NRM-CGI2744','',NULL,NULL,'2018-03-15','','','A',NULL,NULL,105),(94,6,0,'',NULL,'NRM-CGI2748','',NULL,NULL,'2018-03-15','','','A',NULL,NULL,106),(95,6,0,'',NULL,'NRM-CGI2749','',NULL,NULL,'2018-03-15','','','A',NULL,NULL,107),(96,6,0,'',NULL,'NRM-CGI2745','',NULL,NULL,'2018-03-15','','','A',NULL,NULL,108),(97,6,0,'',NULL,'NRM-CGI2742','',NULL,NULL,'2018-03-15','','','A',NULL,NULL,109),(98,6,0,'',NULL,'NRM-CGI5248','',NULL,NULL,'2018-03-15','','','A',NULL,NULL,110);
/*!40000 ALTER TABLE `SpecimenReplicates_AUD` ENABLE KEYS */;
UNLOCK TABLES;

--
-- Table structure for table `Specimens`
--

DROP TABLE IF EXISTS `Specimens`;
/*!40101 SET @saved_cs_client     = @@character_set_client */;
/*!40101 SET character_set_client = utf8 */;
CREATE TABLE `Specimens` (
  `SpecimenID` int(11) NOT NULL AUTO_INCREMENT,
  `PPCLevel` varchar(20) DEFAULT NULL,
  `AnimalRGLevel` varchar(6) DEFAULT NULL,
  `AnnotatedBy` varchar(200) DEFAULT NULL,
  `AssociatedSequenceTargetsSameRegion` bit(1) DEFAULT NULL,
  `AssociatedSequences` varchar(250) DEFAULT NULL,
  `CatalogNumber` varchar(100) DEFAULT NULL,
  `CellType` varchar(50) DEFAULT NULL,
  `CollectionCode` varchar(100) DEFAULT NULL,
  `DateReceived` date DEFAULT NULL,
  `Description` longtext,
  `ExtraInfo` varchar(50) DEFAULT NULL,
  `FieldIdentifier` varchar(100) DEFAULT NULL,
  `HumanRGLevel` varchar(6) DEFAULT NULL,
  `InstitutionCode` varchar(200) DEFAULT NULL,
  `LastModified` datetime(6) DEFAULT NULL,
  `LifeStage` varchar(20) DEFAULT NULL,
  `Notes` varchar(1024) DEFAULT NULL,
  `Number` int(11) NOT NULL,
  `NumberString` varchar(11) NOT NULL,
  `OtherIDs` varchar(200) DEFAULT NULL,
  `Owner` varchar(50) DEFAULT NULL,
  `ProcessId` varchar(50) DEFAULT NULL,
  `ProjectName` varchar(50) DEFAULT NULL,
  `Restricted` bit(1) DEFAULT NULL,
  `RestrictedNotes` varchar(1024) DEFAULT NULL,
  `Sex` varchar(10) DEFAULT NULL,
  `SubId` varchar(10) NOT NULL DEFAULT '',
  `Tissue` varchar(50) DEFAULT NULL,
  `Voucher` varchar(50) DEFAULT NULL,
  `BiologicalCollectionID` int(11) NOT NULL,
  `CollectionInfoID` int(11) DEFAULT NULL,
  `FungalInfoID` int(11) DEFAULT NULL,
  `GroupID` int(11) DEFAULT NULL,
  `HostID` int(11) DEFAULT NULL,
  `IdentificationID` int(11) DEFAULT NULL,
  `ImportPermitID` int(11) DEFAULT NULL,
  `MixedSpecimenID` int(11) DEFAULT NULL,
  `MixsSpecificationID` int(11) DEFAULT NULL,
  `ProviderChainID` int(11) DEFAULT NULL,
  PRIMARY KEY (`SpecimenID`),
  UNIQUE KEY `UK_gv40siuct8dlu5rb1y6wlaro1` (`Number`,`BiologicalCollectionID`,`SubId`,`GroupID`),
  UNIQUE KEY `UK_chm46hvjsj7r9jk2t9js4gf5o` (`MixsSpecificationID`),
  KEY `FK_g4pmqjoloyf5fhafvv73hjcn1` (`BiologicalCollectionID`),
  KEY `FK_q0hkqo8y5053o592ghgx06rb9` (`CollectionInfoID`),
  KEY `FK_7bjcosxo8x3vxchhcya79skrj` (`FungalInfoID`),
  KEY `FK_g4ipod035t585hvin5lhry1em` (`GroupID`),
  KEY `FK_pqbwa1ysc7so8uh8y3bruvfkj` (`HostID`),
  KEY `FK_qfj9ewnq35gytcvg9iqxvri7j` (`IdentificationID`),
  KEY `FK_a5jdmsuglwns7mfoklg41dko7` (`ImportPermitID`),
  KEY `FK_9gvxtgp71ikmbcxtth821ovhk` (`MixedSpecimenID`),
  KEY `FK_joe4105wh55sxa2b2olue5am5` (`ProviderChainID`),
  CONSTRAINT `FK_7bjcosxo8x3vxchhcya79skrj` FOREIGN KEY (`FungalInfoID`) REFERENCES `FungalInfos` (`FungalInfoID`),
  CONSTRAINT `FK_9gvxtgp71ikmbcxtth821ovhk` FOREIGN KEY (`MixedSpecimenID`) REFERENCES `MixedSpecimens` (`MixedSpecimenID`),
  CONSTRAINT `FK_a5jdmsuglwns7mfoklg41dko7` FOREIGN KEY (`ImportPermitID`) REFERENCES `ImportPermits` (`ImportPermitID`),
  CONSTRAINT `FK_chm46hvjsj7r9jk2t9js4gf5o` FOREIGN KEY (`MixsSpecificationID`) REFERENCES `MixsSpecification` (`MixsSpecificationID`),
  CONSTRAINT `FK_g4ipod035t585hvin5lhry1em` FOREIGN KEY (`GroupID`) REFERENCES `Groups` (`GroupID`),
  CONSTRAINT `FK_g4pmqjoloyf5fhafvv73hjcn1` FOREIGN KEY (`BiologicalCollectionID`) REFERENCES `BiologicalCollections` (`BiologicalCollectionID`),
  CONSTRAINT `FK_joe4105wh55sxa2b2olue5am5` FOREIGN KEY (`ProviderChainID`) REFERENCES `ProviderChains` (`ProviderChainID`),
  CONSTRAINT `FK_pqbwa1ysc7so8uh8y3bruvfkj` FOREIGN KEY (`HostID`) REFERENCES `Hosts` (`HostID`),
  CONSTRAINT `FK_q0hkqo8y5053o592ghgx06rb9` FOREIGN KEY (`CollectionInfoID`) REFERENCES `CollectionInfos` (`CollectionInfoID`),
  CONSTRAINT `FK_qfj9ewnq35gytcvg9iqxvri7j` FOREIGN KEY (`IdentificationID`) REFERENCES `Identifications` (`IdentificationID`)
) ENGINE=InnoDB AUTO_INCREMENT=111 DEFAULT CHARSET=latin1;
/*!40101 SET character_set_client = @saved_cs_client */;

--
-- Dumping data for table `Specimens`
--

LOCK TABLES `Specimens` WRITE;
/*!40000 ALTER TABLE `Specimens` DISABLE KEYS */;
INSERT INTO `Specimens` VALUES (1,NULL,NULL,'Person 1',NULL,NULL,'12345','mold cell type','DAOM','2007-01-05','Old Mold','extra info','67890',NULL,'AAFC','2018-03-15 21:30:06.618000','Mature','mold notes',1,'1','aOtherId','Carleton','Process Id 1','Project Name 1','\0',NULL,'Asexual','1','mold tiess','a mold voucher',1,1,1,1,1,1,1,1,1,1),(2,NULL,NULL,'Person 2',NULL,NULL,'12345','cell type',NULL,'2008-02-15','This species is semi-rare','extra info 2','67890',NULL,NULL,'2018-03-15 21:30:06.440000','','these are some notes',2,'2','bOtherId','','Process Id 2','Project Name 2','\0',NULL,'','2','this is a tissue','another voucher',1,2,2,3,2,2,2,2,2,2),(3,NULL,NULL,'Person 3',NULL,NULL,'12345','cell type',NULL,'2009-01-01','This species is very rare!','extra info','67890',NULL,NULL,'2018-03-15 21:30:06.295000','','these are some notes',3,'3','cOtherId','','Process Id 3','Project Name 3','\0',NULL,'','3','this is a 3rd tissue','a voucher',1,3,3,1,3,3,3,3,3,3),(4,NULL,NULL,'Person 4',NULL,NULL,'12345','cell type',NULL,'2006-01-05','This species is very rare!','extra info','67890',NULL,NULL,'2018-03-15 21:30:06.154000','','these are some notes',4,'4','dOtherId','','Process Id 4','Project Name 4','\0',NULL,'','4','this is a tissue','a voucher',1,4,4,1,4,4,4,4,4,4),(5,NULL,NULL,'Person 5',NULL,NULL,'12345','04cell type',NULL,'2005-12-04','04This species is very rare!','04extra info','67890',NULL,NULL,'2018-03-15 21:30:05.994000','','04These are some notes',5,'5','eOtherId','','Process Id 5','Project Name 5','\0',NULL,'','5','04This is a tissue','04a voucher',1,5,5,1,5,5,5,5,5,5),(12,NULL,NULL,'Person 12',NULL,NULL,'12345','12cell type',NULL,'2005-12-12','12This species is very rare!','12extra info','67890',NULL,NULL,'2018-03-15 21:30:05.829000','','12These are some notes',12,'12','12aOtherId','','Process Id 12','Project Name 12','\0',NULL,'','12','12This is a tissue','12a voucher',1,12,12,1,12,12,12,12,6,12),(13,NULL,NULL,'Person 13',NULL,NULL,'12345','13cell type','','2005-12-12','13This species is very rare!','13extra info ','67890',NULL,'','2013-03-19 00:00:00.000000','','13These are some notes',13,'13','13aOtherId','','Process Id 12','Project Name 13',NULL,NULL,'','13','13This is a tissue','13a voucher',4,13,13,2,13,13,13,13,13,13),(14,NULL,NULL,'Person 14',NULL,NULL,'12345','14cell type','','2005-12-12','14This species is very rare!','14extra info ','67890',NULL,'','2013-03-19 00:00:00.000000','','14These are some notes',14,'14','14aOtherId','','Process Id 12','Project Name 14',NULL,NULL,'','14','14This is a tissue','14a voucher',4,14,14,2,14,14,14,14,14,14),(15,NULL,NULL,NULL,NULL,NULL,NULL,NULL,NULL,NULL,NULL,NULL,NULL,NULL,NULL,'2018-03-15 21:30:05.676000',NULL,NULL,2610,'2610','NRM-CGI-002610|BI000030',NULL,NULL,NULL,'\0',NULL,'Hona','',NULL,NULL,7,15,15,1,15,101,NULL,NULL,15,NULL),(16,NULL,NULL,NULL,NULL,NULL,NULL,NULL,NULL,NULL,NULL,NULL,NULL,NULL,NULL,'2018-03-15 21:30:05.584000',NULL,NULL,2609,'2609','NRM-CGI-002609|BI000030',NULL,NULL,NULL,'\0',NULL,'Hona','',NULL,NULL,7,16,16,1,16,102,NULL,NULL,16,NULL),(17,NULL,NULL,NULL,NULL,NULL,NULL,NULL,NULL,NULL,NULL,NULL,NULL,NULL,NULL,'2018-03-15 21:30:05.492000',NULL,NULL,2611,'2611','NRM-CGI-002611|BI000030',NULL,NULL,NULL,'\0',NULL,'Hona','',NULL,NULL,7,17,17,1,17,103,NULL,NULL,17,NULL),(18,NULL,NULL,NULL,NULL,NULL,NULL,NULL,NULL,NULL,NULL,NULL,NULL,NULL,NULL,'2018-03-15 21:30:05.400000',NULL,NULL,2612,'2612','NRM-CGI-002612|BI000030',NULL,NULL,NULL,'\0',NULL,'Hona','',NULL,NULL,7,18,18,1,18,104,NULL,NULL,18,NULL),(19,NULL,NULL,NULL,NULL,NULL,NULL,NULL,NULL,NULL,NULL,NULL,NULL,NULL,NULL,'2018-03-15 21:30:05.308000',NULL,NULL,2023,'2023','NRM-CGI-002023|BI000046',NULL,NULL,NULL,'\0',NULL,'Hane','',NULL,NULL,7,19,19,1,19,105,NULL,NULL,19,NULL),(20,NULL,NULL,NULL,NULL,NULL,NULL,NULL,NULL,NULL,NULL,NULL,NULL,NULL,NULL,'2018-03-15 21:30:05.210000',NULL,NULL,2024,'2024','NRM-CGI-002024|BI000046',NULL,NULL,NULL,'\0',NULL,'Hane','',NULL,NULL,7,20,20,1,20,106,NULL,NULL,20,NULL),(21,NULL,NULL,NULL,NULL,NULL,NULL,NULL,NULL,NULL,NULL,NULL,NULL,NULL,NULL,'2018-03-15 21:30:05.114000',NULL,NULL,4725,'4725','NRM-CGI-004725|BI040061',NULL,NULL,NULL,'\0',NULL,'Hona','',NULL,NULL,7,21,21,1,21,107,NULL,NULL,21,NULL),(22,NULL,NULL,NULL,NULL,NULL,NULL,NULL,NULL,NULL,NULL,NULL,NULL,NULL,NULL,'2018-03-15 21:30:05.022000',NULL,NULL,4732,'4732','NRM-CGI-004732|BI040061',NULL,NULL,NULL,'\0',NULL,'Hona','',NULL,NULL,7,22,22,1,22,108,NULL,NULL,22,NULL),(23,NULL,NULL,NULL,NULL,NULL,NULL,NULL,NULL,NULL,NULL,NULL,NULL,NULL,NULL,'2018-03-15 21:30:04.928000',NULL,NULL,4723,'4723','NRM-CGI-004723|BI040061',NULL,NULL,NULL,'\0',NULL,'Hona','',NULL,NULL,7,23,23,1,23,109,NULL,NULL,23,NULL),(24,NULL,NULL,NULL,NULL,NULL,NULL,NULL,NULL,NULL,NULL,NULL,NULL,NULL,NULL,'2018-03-15 21:30:04.841000',NULL,NULL,4728,'4728','NRM-CGI-004728|BI040061',NULL,NULL,NULL,'\0',NULL,'Hona','',NULL,NULL,7,24,24,1,24,110,NULL,NULL,24,NULL),(25,NULL,NULL,NULL,NULL,NULL,NULL,NULL,NULL,NULL,NULL,NULL,NULL,NULL,NULL,'2018-03-15 21:30:04.758000',NULL,NULL,4726,'4726','NRM-CGI-004726|BI040061',NULL,NULL,NULL,'\0',NULL,'Hona','',NULL,NULL,7,25,25,1,25,111,NULL,NULL,25,NULL),(26,NULL,NULL,NULL,NULL,NULL,NULL,NULL,NULL,NULL,NULL,NULL,NULL,NULL,NULL,'2018-03-15 21:30:04.665000',NULL,NULL,4730,'4730','NRM-CGI-004730|BI040061',NULL,NULL,NULL,'\0',NULL,'Hona','',NULL,NULL,7,26,26,1,26,112,NULL,NULL,26,NULL),(27,NULL,NULL,NULL,NULL,NULL,NULL,NULL,NULL,NULL,NULL,NULL,NULL,NULL,NULL,'2018-03-15 21:30:04.579000',NULL,NULL,4733,'4733','NRM-CGI-004733|BI040061',NULL,NULL,NULL,'\0',NULL,'Hona','',NULL,NULL,7,27,27,1,27,113,NULL,NULL,27,NULL),(28,NULL,NULL,NULL,NULL,NULL,NULL,NULL,NULL,NULL,NULL,NULL,NULL,NULL,NULL,'2018-03-15 21:30:04.458000',NULL,NULL,4727,'4727','NRM-CGI-004727|BI040061',NULL,NULL,NULL,'\0',NULL,'Hona','',NULL,NULL,7,28,28,1,28,114,NULL,NULL,28,NULL),(29,NULL,NULL,NULL,NULL,NULL,NULL,NULL,NULL,NULL,NULL,NULL,NULL,NULL,NULL,'2018-03-15 21:30:04.373000',NULL,NULL,4731,'4731','NRM-CGI-004731|BI040061',NULL,NULL,NULL,'\0',NULL,'Hona','',NULL,NULL,7,29,29,1,29,115,NULL,NULL,29,NULL),(30,NULL,NULL,NULL,NULL,NULL,NULL,NULL,NULL,NULL,NULL,NULL,NULL,NULL,NULL,'2018-03-15 21:30:04.280000',NULL,NULL,4724,'4724','NRM-CGI-004724|BI040061',NULL,NULL,NULL,'\0',NULL,'Hona','',NULL,NULL,7,30,30,1,30,116,NULL,NULL,30,NULL),(31,NULL,NULL,NULL,NULL,NULL,NULL,NULL,NULL,NULL,NULL,NULL,NULL,NULL,NULL,'2018-03-15 21:30:04.199000',NULL,NULL,4729,'4729','NRM-CGI-004729|BI040061',NULL,NULL,NULL,'\0',NULL,'Hona','',NULL,NULL,7,31,31,1,31,117,NULL,NULL,31,NULL),(32,NULL,NULL,NULL,NULL,NULL,NULL,NULL,NULL,NULL,NULL,NULL,NULL,NULL,NULL,'2018-03-15 21:30:04.117000',NULL,NULL,3586,'3586','NRM-CGI-003586|BI040515',NULL,NULL,NULL,'\0',NULL,'Hona','',NULL,NULL,7,32,32,1,32,118,NULL,NULL,32,NULL),(33,NULL,NULL,NULL,NULL,NULL,NULL,NULL,NULL,NULL,NULL,NULL,NULL,NULL,NULL,'2018-03-15 21:30:04.030000',NULL,NULL,3585,'3585','NRM-CGI-003585|BI040515',NULL,NULL,NULL,'\0',NULL,'Hona','',NULL,NULL,7,33,33,1,33,119,NULL,NULL,33,NULL),(34,NULL,NULL,NULL,NULL,NULL,NULL,NULL,NULL,NULL,NULL,NULL,NULL,NULL,NULL,'2018-03-15 21:30:03.944000',NULL,NULL,2455,'2455','NRM-CGI-002455|BI040826',NULL,NULL,NULL,'\0',NULL,'Hona','',NULL,NULL,7,34,34,1,34,120,NULL,NULL,34,NULL),(35,NULL,NULL,NULL,NULL,NULL,NULL,NULL,NULL,NULL,NULL,NULL,NULL,NULL,NULL,'2018-03-15 21:30:03.859000',NULL,NULL,2453,'2453','NRM-CGI-002453|BI040826',NULL,NULL,NULL,'\0',NULL,'Hona','',NULL,NULL,7,35,35,1,35,121,NULL,NULL,35,NULL),(36,NULL,NULL,NULL,NULL,NULL,NULL,NULL,NULL,NULL,NULL,NULL,NULL,NULL,NULL,'2018-03-15 21:30:03.774000',NULL,NULL,2452,'2452','NRM-CGI-002452|BI040826',NULL,NULL,NULL,'\0',NULL,'Hona','',NULL,NULL,7,36,36,1,36,122,NULL,NULL,36,NULL),(37,NULL,NULL,NULL,NULL,NULL,NULL,NULL,NULL,NULL,NULL,NULL,NULL,NULL,NULL,'2018-03-15 21:30:03.694000',NULL,NULL,2454,'2454','NRM-CGI-002454|BI040826',NULL,NULL,NULL,'\0',NULL,'Hona','',NULL,NULL,7,37,37,1,37,123,NULL,NULL,37,NULL),(38,NULL,NULL,NULL,NULL,NULL,NULL,NULL,NULL,NULL,NULL,NULL,NULL,NULL,NULL,'2018-03-15 21:30:03.613000',NULL,NULL,4141,'4141','NRM-CGI-004141|BI040898',NULL,NULL,NULL,'\0',NULL,'Hona','',NULL,NULL,7,38,38,1,38,124,NULL,NULL,38,NULL),(39,NULL,NULL,NULL,NULL,NULL,NULL,NULL,NULL,NULL,NULL,NULL,NULL,NULL,NULL,'2018-03-15 21:30:03.532000',NULL,NULL,4140,'4140','NRM-CGI-004140|BI040898',NULL,NULL,NULL,'\0',NULL,'Hona','',NULL,NULL,7,39,39,1,39,125,NULL,NULL,39,NULL),(40,NULL,NULL,NULL,NULL,NULL,NULL,NULL,NULL,NULL,NULL,NULL,NULL,NULL,NULL,'2018-03-15 21:30:03.451000',NULL,NULL,1998,'1998','NRM-CGI-001998|BI040949',NULL,NULL,NULL,'\0',NULL,'Hona','',NULL,NULL,7,40,40,1,40,126,NULL,NULL,40,NULL),(41,NULL,NULL,NULL,NULL,NULL,NULL,NULL,NULL,NULL,NULL,NULL,NULL,NULL,NULL,'2018-03-15 21:30:03.369000',NULL,NULL,6064,'6064','NRM-CGI-006064|BI040961',NULL,NULL,NULL,'\0',NULL,'Hane','',NULL,NULL,7,41,41,1,41,127,NULL,NULL,41,NULL),(42,NULL,NULL,NULL,NULL,NULL,NULL,NULL,NULL,NULL,NULL,NULL,NULL,NULL,NULL,'2018-03-15 21:30:03.292000',NULL,NULL,6065,'6065','NRM-CGI-006065|BI040961',NULL,NULL,NULL,'\0',NULL,'Hane','',NULL,NULL,7,42,42,1,42,128,NULL,NULL,42,NULL),(43,NULL,NULL,NULL,NULL,NULL,NULL,NULL,NULL,NULL,NULL,NULL,NULL,NULL,NULL,'2018-03-15 21:30:03.219000',NULL,NULL,6069,'6069','NRM-CGI-006069|BI040961',NULL,NULL,NULL,'\0',NULL,'Hane','',NULL,NULL,7,43,43,1,43,129,NULL,NULL,43,NULL),(44,NULL,NULL,NULL,NULL,NULL,NULL,NULL,NULL,NULL,NULL,NULL,NULL,NULL,NULL,'2018-03-15 21:30:03.136000',NULL,NULL,6070,'6070','NRM-CGI-006070|BI040961',NULL,NULL,NULL,'\0',NULL,'Hane','',NULL,NULL,7,44,44,1,44,130,NULL,NULL,44,NULL),(45,NULL,NULL,NULL,NULL,NULL,NULL,NULL,NULL,NULL,NULL,NULL,NULL,NULL,NULL,'2018-03-15 21:30:03.050000',NULL,NULL,6067,'6067','NRM-CGI-006067|BI040961',NULL,NULL,NULL,'\0',NULL,'Hane','',NULL,NULL,7,45,45,1,45,131,NULL,NULL,45,NULL),(46,NULL,NULL,NULL,NULL,NULL,NULL,NULL,NULL,NULL,NULL,NULL,NULL,NULL,NULL,'2018-03-15 21:30:02.978000',NULL,NULL,6063,'6063','NRM-CGI-006063|BI040961',NULL,NULL,NULL,'\0',NULL,'Hane','',NULL,NULL,7,46,46,1,46,132,NULL,NULL,46,NULL),(47,NULL,NULL,NULL,NULL,NULL,NULL,NULL,NULL,NULL,NULL,NULL,NULL,NULL,NULL,'2018-03-15 21:30:02.895000',NULL,NULL,6061,'6061','NRM-CGI-006061|BI040961',NULL,NULL,NULL,'\0',NULL,'Hane','',NULL,NULL,7,47,47,1,47,133,NULL,NULL,47,NULL),(48,NULL,NULL,NULL,NULL,NULL,NULL,NULL,NULL,NULL,NULL,NULL,NULL,NULL,NULL,'2018-03-15 21:30:02.811000',NULL,NULL,6062,'6062','NRM-CGI-006062|BI040961',NULL,NULL,NULL,'\0',NULL,'Hane','',NULL,NULL,7,48,48,1,48,134,NULL,NULL,48,NULL),(49,NULL,NULL,NULL,NULL,NULL,NULL,NULL,NULL,NULL,NULL,NULL,NULL,NULL,NULL,'2018-03-15 21:30:02.738000',NULL,NULL,6066,'6066','NRM-CGI-006066|BI040961',NULL,NULL,NULL,'\0',NULL,'Hane','',NULL,NULL,7,49,49,1,49,135,NULL,NULL,49,NULL),(50,NULL,NULL,NULL,NULL,NULL,NULL,NULL,NULL,NULL,NULL,NULL,NULL,NULL,NULL,'2018-03-15 21:30:02.662000',NULL,NULL,6068,'6068','NRM-CGI-006068|BI040961',NULL,NULL,NULL,'\0',NULL,'Hane','',NULL,NULL,7,50,50,1,50,136,NULL,NULL,50,NULL),(51,NULL,NULL,NULL,NULL,NULL,NULL,NULL,NULL,NULL,NULL,NULL,NULL,NULL,NULL,'2018-03-15 21:30:02.568000',NULL,NULL,5691,'5691','NRM-CGI-005691|BI040965',NULL,NULL,NULL,'\0',NULL,'Hona','',NULL,NULL,7,51,51,1,51,137,NULL,NULL,51,NULL),(52,NULL,NULL,NULL,NULL,NULL,NULL,NULL,NULL,NULL,NULL,NULL,NULL,NULL,NULL,'2018-03-15 21:30:02.500000',NULL,NULL,5693,'5693','NRM-CGI-005693|BI040965',NULL,NULL,NULL,'\0',NULL,'Hona','',NULL,NULL,7,52,52,1,52,138,NULL,NULL,52,NULL),(53,NULL,NULL,NULL,NULL,NULL,NULL,NULL,NULL,NULL,NULL,NULL,NULL,NULL,NULL,'2018-03-15 21:30:02.435000',NULL,NULL,5692,'5692','NRM-CGI-005692|BI040965',NULL,NULL,NULL,'\0',NULL,'Hona','',NULL,NULL,7,53,53,1,53,139,NULL,NULL,53,NULL),(54,NULL,NULL,NULL,NULL,NULL,NULL,NULL,NULL,NULL,NULL,NULL,NULL,NULL,NULL,'2018-03-15 21:30:02.367000',NULL,NULL,5695,'5695','NRM-CGI-005695|BI040965',NULL,NULL,NULL,'\0',NULL,'Hona','',NULL,NULL,7,54,54,1,54,140,NULL,NULL,54,NULL),(55,NULL,NULL,NULL,NULL,NULL,NULL,NULL,NULL,NULL,NULL,NULL,NULL,NULL,NULL,'2018-03-15 21:30:02.297000',NULL,NULL,5694,'5694','NRM-CGI-005694|BI040965',NULL,NULL,NULL,'\0',NULL,'Hona','',NULL,NULL,7,55,55,1,55,141,NULL,NULL,55,NULL),(56,NULL,NULL,NULL,NULL,NULL,NULL,NULL,NULL,NULL,NULL,NULL,NULL,NULL,NULL,'2018-03-15 21:30:02.222000',NULL,NULL,4503,'4503','NRM-CGI-004503|BI040969',NULL,NULL,NULL,'\0',NULL,'Hona','',NULL,NULL,7,56,56,1,56,142,NULL,NULL,56,NULL),(57,NULL,NULL,NULL,NULL,NULL,NULL,NULL,NULL,NULL,NULL,NULL,NULL,NULL,NULL,'2018-03-15 21:30:02.158000',NULL,NULL,4502,'4502','NRM-CGI-004502|BI040969',NULL,NULL,NULL,'\0',NULL,'Hona','',NULL,NULL,7,57,57,1,57,143,NULL,NULL,57,NULL),(58,NULL,NULL,NULL,NULL,NULL,NULL,NULL,NULL,NULL,NULL,NULL,NULL,NULL,NULL,'2018-03-15 21:30:02.080000',NULL,NULL,2988,'2988','NRM-CGI-002988|BI040975',NULL,NULL,NULL,'\0',NULL,'Hane','',NULL,NULL,7,58,58,1,58,144,NULL,NULL,58,NULL),(59,NULL,NULL,NULL,NULL,NULL,NULL,NULL,NULL,NULL,NULL,NULL,NULL,NULL,NULL,'2018-03-15 21:30:02.015000',NULL,NULL,2989,'2989','NRM-CGI-002989|BI040975',NULL,NULL,NULL,'\0',NULL,'Hane','',NULL,NULL,7,59,59,1,59,145,NULL,NULL,59,NULL),(60,NULL,NULL,NULL,NULL,NULL,NULL,NULL,NULL,NULL,NULL,NULL,NULL,NULL,NULL,'2018-03-15 21:30:01.933000',NULL,NULL,2990,'2990','NRM-CGI-002990|BI040975',NULL,NULL,NULL,'\0',NULL,'Hane','',NULL,NULL,7,60,60,1,60,146,NULL,NULL,60,NULL),(61,NULL,NULL,NULL,NULL,NULL,NULL,NULL,NULL,NULL,NULL,NULL,NULL,NULL,NULL,'2018-03-15 21:30:01.852000',NULL,NULL,2991,'2991','NRM-CGI-002991|BI040975',NULL,NULL,NULL,'\0',NULL,'Hane','',NULL,NULL,7,61,61,1,61,147,NULL,NULL,61,NULL),(62,NULL,NULL,NULL,NULL,NULL,NULL,NULL,NULL,NULL,NULL,NULL,NULL,NULL,NULL,'2018-03-15 21:30:01.789000',NULL,NULL,3264,'3264','NRM-CGI-003264|BI040977',NULL,NULL,NULL,'\0',NULL,'Hona','',NULL,NULL,7,62,62,1,62,148,NULL,NULL,62,NULL),(63,NULL,NULL,NULL,NULL,NULL,NULL,NULL,NULL,NULL,NULL,NULL,NULL,NULL,NULL,'2018-03-15 21:30:01.698000',NULL,NULL,3268,'3268','NRM-CGI-003268|BI040977',NULL,NULL,NULL,'\0',NULL,'Hona','',NULL,NULL,7,63,63,1,63,149,NULL,NULL,63,NULL),(64,NULL,NULL,NULL,NULL,NULL,NULL,NULL,NULL,NULL,NULL,NULL,NULL,NULL,NULL,'2018-03-15 21:30:01.638000',NULL,NULL,3267,'3267','NRM-CGI-003267|BI040977',NULL,NULL,NULL,'\0',NULL,'Hona','',NULL,NULL,7,64,64,1,64,150,NULL,NULL,64,NULL),(65,NULL,NULL,NULL,NULL,NULL,NULL,NULL,NULL,NULL,NULL,NULL,NULL,NULL,NULL,'2018-03-15 21:30:01.574000',NULL,NULL,3265,'3265','NRM-CGI-003265|BI040977',NULL,NULL,NULL,'\0',NULL,'Hona','',NULL,NULL,7,65,65,1,65,151,NULL,NULL,65,NULL),(66,NULL,NULL,NULL,NULL,NULL,NULL,NULL,NULL,NULL,NULL,NULL,NULL,NULL,NULL,'2018-03-15 21:30:01.515000',NULL,NULL,3266,'3266','NRM-CGI-003266|BI040977',NULL,NULL,NULL,'\0',NULL,'Hona','',NULL,NULL,7,66,66,1,66,152,NULL,NULL,66,NULL),(67,NULL,NULL,NULL,NULL,NULL,NULL,NULL,NULL,NULL,NULL,NULL,NULL,NULL,NULL,'2018-03-15 21:30:01.456000',NULL,NULL,2543,'2543','NRM-CGI-002543|BI040992',NULL,NULL,NULL,'\0',NULL,'Hona','',NULL,NULL,7,67,67,1,67,153,NULL,NULL,67,NULL),(68,NULL,NULL,NULL,NULL,NULL,NULL,NULL,NULL,NULL,NULL,NULL,NULL,NULL,NULL,'2018-03-15 21:30:01.392000',NULL,NULL,2544,'2544','NRM-CGI-002544|BI040992',NULL,NULL,NULL,'\0',NULL,'Hona','',NULL,NULL,7,68,68,1,68,154,NULL,NULL,68,NULL),(69,NULL,NULL,NULL,NULL,NULL,NULL,NULL,NULL,NULL,NULL,NULL,NULL,NULL,NULL,'2018-03-15 21:30:01.312000',NULL,NULL,2541,'2541','NRM-CGI-002541|BI040992',NULL,NULL,NULL,'\0',NULL,'Hona','',NULL,NULL,7,69,69,1,69,155,NULL,NULL,69,NULL),(70,NULL,NULL,NULL,NULL,NULL,NULL,NULL,NULL,NULL,NULL,NULL,NULL,NULL,NULL,'2018-03-15 21:30:01.253000',NULL,NULL,2542,'2542','NRM-CGI-002542|BI040992',NULL,NULL,NULL,'\0',NULL,'Hona','',NULL,NULL,7,70,70,1,70,156,NULL,NULL,70,NULL),(71,NULL,NULL,NULL,NULL,NULL,NULL,NULL,NULL,NULL,NULL,NULL,NULL,NULL,NULL,'2018-03-15 21:30:01.192000',NULL,NULL,3433,'3433','NRM-CGI-003433|BI040993',NULL,NULL,NULL,'\0',NULL,'Hona','',NULL,NULL,7,71,71,1,71,157,NULL,NULL,71,NULL),(72,NULL,NULL,NULL,NULL,NULL,NULL,NULL,NULL,NULL,NULL,NULL,NULL,NULL,NULL,'2018-03-15 21:30:01.127000',NULL,NULL,3434,'3434','NRM-CGI-003434|BI040993',NULL,NULL,NULL,'\0',NULL,'Hona','',NULL,NULL,7,72,72,1,72,158,NULL,NULL,72,NULL),(73,NULL,NULL,NULL,NULL,NULL,NULL,NULL,NULL,NULL,NULL,NULL,NULL,NULL,NULL,'2018-03-15 21:30:01.064000',NULL,NULL,3431,'3431','NRM-CGI-003431|BI040993',NULL,NULL,NULL,'\0',NULL,'Hona','',NULL,NULL,7,73,73,1,73,159,NULL,NULL,73,NULL),(74,NULL,NULL,NULL,NULL,NULL,NULL,NULL,NULL,NULL,NULL,NULL,NULL,NULL,NULL,'2018-03-15 21:30:00.995000',NULL,NULL,3432,'3432','NRM-CGI-003432|BI040993',NULL,NULL,NULL,'\0',NULL,'Hona','',NULL,NULL,7,74,74,1,74,160,NULL,NULL,74,NULL),(75,NULL,NULL,NULL,NULL,NULL,NULL,NULL,NULL,NULL,NULL,NULL,NULL,NULL,NULL,'2018-03-15 21:30:00.941000',NULL,NULL,4662,'4662','NRM-CGI-004662|BI040996',NULL,NULL,NULL,'\0',NULL,'Hona','',NULL,NULL,7,75,75,1,75,161,NULL,NULL,75,NULL),(76,NULL,NULL,NULL,NULL,NULL,NULL,NULL,NULL,NULL,NULL,NULL,NULL,NULL,NULL,'2018-03-15 21:30:00.879000',NULL,NULL,4660,'4660','NRM-CGI-004660|BI040996',NULL,NULL,NULL,'\0',NULL,'Hona','',NULL,NULL,7,76,76,1,76,162,NULL,NULL,76,NULL),(77,NULL,NULL,NULL,NULL,NULL,NULL,NULL,NULL,NULL,NULL,NULL,NULL,NULL,NULL,'2018-03-15 21:30:00.821000',NULL,NULL,4663,'4663','NRM-CGI-004663|BI040996',NULL,NULL,NULL,'\0',NULL,'Hona','',NULL,NULL,7,77,77,1,77,163,NULL,NULL,77,NULL),(78,NULL,NULL,NULL,NULL,NULL,NULL,NULL,NULL,NULL,NULL,NULL,NULL,NULL,NULL,'2018-03-15 21:30:00.750000',NULL,NULL,4661,'4661','NRM-CGI-004661|BI040996',NULL,NULL,NULL,'\0',NULL,'Hona','',NULL,NULL,7,78,78,1,78,164,NULL,NULL,78,NULL),(79,NULL,NULL,NULL,NULL,NULL,NULL,NULL,NULL,NULL,NULL,NULL,NULL,NULL,NULL,'2018-03-15 21:30:00.680000',NULL,NULL,4664,'4664','NRM-CGI-004664|BI040996',NULL,NULL,NULL,'\0',NULL,'Hona','',NULL,NULL,7,79,79,1,79,165,NULL,NULL,79,NULL),(80,NULL,NULL,NULL,NULL,NULL,NULL,NULL,NULL,NULL,NULL,NULL,NULL,NULL,NULL,'2018-03-15 21:30:00.608000',NULL,NULL,2701,'2701','NRM-CGI-002701|BI040999',NULL,NULL,NULL,'\0',NULL,'Hona','',NULL,NULL,7,80,80,1,80,166,NULL,NULL,80,NULL),(81,NULL,NULL,NULL,NULL,NULL,NULL,NULL,NULL,NULL,NULL,NULL,NULL,NULL,NULL,'2018-03-15 21:30:00.533000',NULL,NULL,2699,'2699','NRM-CGI-002699|BI040999',NULL,NULL,NULL,'\0',NULL,'Hona','',NULL,NULL,7,81,81,1,81,167,NULL,NULL,81,NULL),(82,NULL,NULL,NULL,NULL,NULL,NULL,NULL,NULL,NULL,NULL,NULL,NULL,NULL,NULL,'2018-03-15 21:30:00.481000',NULL,NULL,2700,'2700','NRM-CGI-002700|BI040999',NULL,NULL,NULL,'\0',NULL,'Hona','',NULL,NULL,7,82,82,1,82,168,NULL,NULL,82,NULL),(83,NULL,NULL,NULL,NULL,NULL,NULL,NULL,NULL,NULL,NULL,NULL,NULL,NULL,NULL,'2018-03-15 21:30:00.429000',NULL,NULL,2697,'2697','NRM-CGI-002697|BI040999',NULL,NULL,NULL,'\0',NULL,'Hona','',NULL,NULL,7,83,83,1,83,169,NULL,NULL,83,NULL),(84,NULL,NULL,NULL,NULL,NULL,NULL,NULL,NULL,NULL,NULL,NULL,NULL,NULL,NULL,'2018-03-15 21:30:00.375000',NULL,NULL,2698,'2698','NRM-CGI-002698|BI040999',NULL,NULL,NULL,'\0',NULL,'Hona','',NULL,NULL,7,84,84,1,84,170,NULL,NULL,84,NULL),(85,NULL,NULL,NULL,NULL,NULL,NULL,NULL,NULL,NULL,NULL,NULL,NULL,NULL,NULL,'2018-03-15 21:30:00.325000',NULL,NULL,1995,'1995','NRM-CGI-001995|BI041000',NULL,NULL,NULL,'\0',NULL,'Hona','',NULL,NULL,7,85,85,1,85,171,NULL,NULL,85,NULL),(86,NULL,NULL,NULL,NULL,NULL,NULL,NULL,NULL,NULL,NULL,NULL,NULL,NULL,NULL,'2018-03-15 21:30:00.277000',NULL,NULL,3711,'3711','NRM-CGI-003711|BI041002',NULL,NULL,NULL,'\0',NULL,'Hona','',NULL,NULL,7,86,86,1,86,172,NULL,NULL,86,NULL),(87,NULL,NULL,NULL,NULL,NULL,NULL,NULL,NULL,NULL,NULL,NULL,NULL,NULL,NULL,'2018-03-15 21:30:00.226000',NULL,NULL,3708,'3708','NRM-CGI-003708|BI041002',NULL,NULL,NULL,'\0',NULL,'Hona','',NULL,NULL,7,87,87,1,87,173,NULL,NULL,87,NULL),(88,NULL,NULL,NULL,NULL,NULL,NULL,NULL,NULL,NULL,NULL,NULL,NULL,NULL,NULL,'2018-03-15 21:30:00.162000',NULL,NULL,3709,'3709','NRM-CGI-003709|BI041002',NULL,NULL,NULL,'\0',NULL,'Hona','',NULL,NULL,7,88,88,1,88,174,NULL,NULL,88,NULL),(89,NULL,NULL,NULL,NULL,NULL,NULL,NULL,NULL,NULL,NULL,NULL,NULL,NULL,NULL,'2018-03-15 21:30:00.094000',NULL,NULL,3710,'3710','NRM-CGI-003710|BI041002',NULL,NULL,NULL,'\0',NULL,'Hona','',NULL,NULL,7,89,89,1,89,175,NULL,NULL,89,NULL),(90,NULL,NULL,NULL,NULL,NULL,NULL,NULL,NULL,NULL,NULL,NULL,NULL,NULL,NULL,'2018-03-15 21:30:00.033000',NULL,NULL,5528,'5528','NRM-CGI-005528|BI041012',NULL,NULL,NULL,'\0',NULL,'Hona','',NULL,NULL,7,90,90,1,90,176,NULL,NULL,90,NULL),(91,NULL,NULL,NULL,NULL,NULL,NULL,NULL,NULL,NULL,NULL,NULL,NULL,NULL,NULL,'2018-03-15 21:29:59.972000',NULL,NULL,5526,'5526','NRM-CGI-005526|BI041012',NULL,NULL,NULL,'\0',NULL,'Hona','',NULL,NULL,7,91,91,1,91,177,NULL,NULL,91,NULL),(92,NULL,NULL,NULL,NULL,NULL,NULL,NULL,NULL,NULL,NULL,NULL,NULL,NULL,NULL,'2018-03-15 21:29:59.911000',NULL,NULL,5530,'5530','NRM-CGI-005530|BI041012',NULL,NULL,NULL,'\0',NULL,'Hona','',NULL,NULL,7,92,92,1,92,178,NULL,NULL,92,NULL),(93,NULL,NULL,NULL,NULL,NULL,NULL,NULL,NULL,NULL,NULL,NULL,NULL,NULL,NULL,'2018-03-15 21:29:59.847000',NULL,NULL,5527,'5527','NRM-CGI-005527|BI041012',NULL,NULL,NULL,'\0',NULL,'Hona','',NULL,NULL,7,93,93,1,93,179,NULL,NULL,93,NULL),(94,NULL,NULL,NULL,NULL,NULL,NULL,NULL,NULL,NULL,NULL,NULL,NULL,NULL,NULL,'2018-03-15 21:29:59.790000',NULL,NULL,5529,'5529','NRM-CGI-005529|BI041012',NULL,NULL,NULL,'\0',NULL,'Hona','',NULL,NULL,7,94,94,1,94,180,NULL,NULL,94,NULL),(95,NULL,NULL,NULL,NULL,NULL,NULL,NULL,NULL,NULL,NULL,NULL,NULL,NULL,NULL,'2018-03-15 21:29:59.734000',NULL,NULL,2006,'2006','NRM-CGI-002006|BI041023',NULL,NULL,NULL,'\0',NULL,'Hona','',NULL,NULL,7,95,95,1,95,181,NULL,NULL,95,NULL),(96,NULL,NULL,NULL,NULL,NULL,NULL,NULL,NULL,NULL,NULL,NULL,NULL,NULL,NULL,'2018-03-15 21:29:59.684000',NULL,NULL,2010,'2010','NRM-CGI-002010|BI041025',NULL,NULL,NULL,'\0',NULL,'Hona','',NULL,NULL,7,96,96,1,96,182,NULL,NULL,96,NULL),(97,NULL,NULL,NULL,NULL,NULL,NULL,NULL,NULL,NULL,NULL,NULL,NULL,NULL,NULL,'2018-03-15 21:29:59.644000',NULL,NULL,2001,'2001','NRM-CGI-002001|BI041035',NULL,NULL,NULL,'\0',NULL,'Hona','',NULL,NULL,7,97,97,1,97,183,NULL,NULL,97,NULL),(98,NULL,NULL,NULL,NULL,NULL,NULL,NULL,NULL,NULL,NULL,NULL,NULL,NULL,NULL,'2018-03-15 21:29:59.584000',NULL,NULL,1993,'1993','NRM-CGI-001993|BI041036',NULL,NULL,NULL,'\0',NULL,'Hona','',NULL,NULL,7,98,98,1,98,184,NULL,NULL,98,NULL),(99,NULL,NULL,NULL,NULL,NULL,NULL,NULL,NULL,NULL,NULL,NULL,NULL,NULL,NULL,'2018-03-15 21:29:59.546000',NULL,NULL,2743,'2743','NRM-CGI-002743|BI041043',NULL,NULL,NULL,'\0',NULL,'Hona','',NULL,NULL,7,99,99,1,99,185,NULL,NULL,99,NULL),(100,NULL,NULL,NULL,NULL,NULL,NULL,NULL,NULL,NULL,NULL,NULL,NULL,NULL,NULL,'2018-03-15 21:29:59.510000',NULL,NULL,2741,'2741','NRM-CGI-002741|BI041043',NULL,NULL,NULL,'\0',NULL,'Hona','',NULL,NULL,7,100,100,1,100,186,NULL,NULL,100,NULL),(101,NULL,NULL,NULL,NULL,NULL,NULL,NULL,NULL,NULL,NULL,NULL,NULL,NULL,NULL,'2018-03-15 21:29:59.474000',NULL,NULL,2746,'2746','NRM-CGI-002746|BI041043',NULL,NULL,NULL,'\0',NULL,'Hona','',NULL,NULL,7,101,101,1,101,187,NULL,NULL,101,NULL),(102,NULL,NULL,NULL,NULL,NULL,NULL,NULL,NULL,NULL,NULL,NULL,NULL,NULL,NULL,'2018-03-15 21:29:59.439000',NULL,NULL,2747,'2747','NRM-CGI-002747|BI041043',NULL,NULL,NULL,'\0',NULL,'Hona','',NULL,NULL,7,102,102,1,102,188,NULL,NULL,102,NULL),(103,NULL,NULL,NULL,NULL,NULL,NULL,NULL,NULL,NULL,NULL,NULL,NULL,NULL,NULL,'2018-03-15 21:29:59.403000',NULL,NULL,2750,'2750','NRM-CGI-002750|BI041043',NULL,NULL,NULL,'\0',NULL,'Hona','',NULL,NULL,7,103,103,1,103,189,NULL,NULL,103,NULL),(104,NULL,NULL,NULL,NULL,NULL,NULL,NULL,NULL,NULL,NULL,NULL,NULL,NULL,NULL,'2018-03-15 21:29:59.369000',NULL,NULL,2740,'2740','NRM-CGI-002740|BI041043',NULL,NULL,NULL,'\0',NULL,'Hona','',NULL,NULL,7,104,104,1,104,190,NULL,NULL,104,NULL),(105,NULL,NULL,NULL,NULL,NULL,NULL,NULL,NULL,NULL,NULL,NULL,NULL,NULL,NULL,'2018-03-15 21:29:59.337000',NULL,NULL,2744,'2744','NRM-CGI-002744|BI041043',NULL,NULL,NULL,'\0',NULL,'Hona','',NULL,NULL,7,105,105,1,105,191,NULL,NULL,105,NULL),(106,NULL,NULL,NULL,NULL,NULL,NULL,NULL,NULL,NULL,NULL,NULL,NULL,NULL,NULL,'2018-03-15 21:29:59.306000',NULL,NULL,2748,'2748','NRM-CGI-002748|BI041043',NULL,NULL,NULL,'\0',NULL,'Hona','',NULL,NULL,7,106,106,1,106,192,NULL,NULL,106,NULL),(107,NULL,NULL,NULL,NULL,NULL,NULL,NULL,NULL,NULL,NULL,NULL,NULL,NULL,NULL,'2018-03-15 21:29:59.273000',NULL,NULL,2749,'2749','NRM-CGI-002749|BI041043',NULL,NULL,NULL,'\0',NULL,'Hona','',NULL,NULL,7,107,107,1,107,193,NULL,NULL,107,NULL),(108,NULL,NULL,NULL,NULL,NULL,NULL,NULL,NULL,NULL,NULL,NULL,NULL,NULL,NULL,'2018-03-15 21:29:59.105000',NULL,NULL,2745,'2745','NRM-CGI-002745|BI041043',NULL,NULL,NULL,'\0',NULL,'Hona','',NULL,NULL,7,108,108,1,108,194,NULL,NULL,108,NULL),(109,NULL,NULL,NULL,NULL,NULL,NULL,NULL,NULL,NULL,NULL,NULL,NULL,NULL,NULL,'2018-03-15 21:29:58.975000',NULL,NULL,2742,'2742','NRM-CGI-002742|BI041043',NULL,NULL,NULL,'\0',NULL,'Hona','',NULL,NULL,7,109,109,1,109,195,NULL,NULL,109,NULL),(110,NULL,NULL,NULL,NULL,NULL,NULL,NULL,NULL,NULL,NULL,NULL,NULL,NULL,NULL,'2018-03-15 21:29:58.937000',NULL,NULL,5248,'5248','NRM-CGI-005248|BI041047',NULL,NULL,NULL,'\0',NULL,'Hona','',NULL,NULL,7,110,110,1,110,196,NULL,NULL,110,NULL);
/*!40000 ALTER TABLE `Specimens` ENABLE KEYS */;
UNLOCK TABLES;

--
-- Table structure for table `Specimens_AUD`
--

DROP TABLE IF EXISTS `Specimens_AUD`;
/*!40101 SET @saved_cs_client     = @@character_set_client */;
/*!40101 SET character_set_client = utf8 */;
CREATE TABLE `Specimens_AUD` (
  `SpecimenID` int(11) NOT NULL,
  `REV` int(11) NOT NULL,
  `REVTYPE` tinyint(4) DEFAULT NULL,
  `PPCLevel` varchar(20) DEFAULT NULL,
  `AnimalRGLevel` varchar(6) DEFAULT NULL,
  `AnnotatedBy` varchar(200) DEFAULT NULL,
  `AssociatedSequenceTargetsSameRegion` bit(1) DEFAULT NULL,
  `AssociatedSequences` varchar(250) DEFAULT NULL,
  `CatalogNumber` varchar(100) DEFAULT NULL,
  `CellType` varchar(50) DEFAULT NULL,
  `CollectionCode` varchar(100) DEFAULT NULL,
  `DateReceived` date DEFAULT NULL,
  `Description` longtext,
  `ExtraInfo` varchar(50) DEFAULT NULL,
  `FieldIdentifier` varchar(100) DEFAULT NULL,
  `HumanRGLevel` varchar(6) DEFAULT NULL,
  `InstitutionCode` varchar(200) DEFAULT NULL,
  `LifeStage` varchar(20) DEFAULT NULL,
  `Notes` varchar(1024) DEFAULT NULL,
  `Number` int(11) DEFAULT NULL,
  `NumberString` varchar(11) DEFAULT NULL,
  `OtherIDs` varchar(200) DEFAULT NULL,
  `Owner` varchar(50) DEFAULT NULL,
  `ProcessId` varchar(50) DEFAULT NULL,
  `ProjectName` varchar(50) DEFAULT NULL,
  `Restricted` bit(1) DEFAULT NULL,
  `RestrictedNotes` varchar(1024) DEFAULT NULL,
  `Sex` varchar(10) DEFAULT NULL,
  `SubId` varchar(10) DEFAULT '',
  `Tissue` varchar(50) DEFAULT NULL,
  `Voucher` varchar(50) DEFAULT NULL,
  `BiologicalCollectionID` int(11) DEFAULT NULL,
  `CollectionInfoID` int(11) DEFAULT NULL,
  `FungalInfoID` int(11) DEFAULT NULL,
  `GroupID` int(11) DEFAULT NULL,
  `HostID` int(11) DEFAULT NULL,
  `IdentificationID` int(11) DEFAULT NULL,
  `ImportPermitID` int(11) DEFAULT NULL,
  `MixedSpecimenID` int(11) DEFAULT NULL,
  `MixsSpecificationID` int(11) DEFAULT NULL,
  `ProviderChainID` int(11) DEFAULT NULL,
  PRIMARY KEY (`SpecimenID`,`REV`),
  KEY `FK_lv3j7p9s03uyan9fcm2mcjl36` (`REV`),
  CONSTRAINT `FK_lv3j7p9s03uyan9fcm2mcjl36` FOREIGN KEY (`REV`) REFERENCES `Revision` (`id`)
) ENGINE=InnoDB DEFAULT CHARSET=latin1;
/*!40101 SET character_set_client = @saved_cs_client */;

--
-- Dumping data for table `Specimens_AUD`
--

LOCK TABLES `Specimens_AUD` WRITE;
/*!40000 ALTER TABLE `Specimens_AUD` DISABLE KEYS */;
INSERT INTO `Specimens_AUD` VALUES (1,7,1,NULL,NULL,'Person 1',NULL,NULL,'12345','mold cell type','DAOM','2007-01-05','Old Mold','extra info','67890',NULL,'AAFC','Mature','mold notes',1,'1','aOtherId','Carleton','Process Id 1','Project Name 1','\0',NULL,'Asexual','1','mold tiess','a mold voucher',1,1,1,1,1,1,1,1,1,1),(2,7,1,NULL,NULL,'Person 2',NULL,NULL,'12345','cell type',NULL,'2008-02-15','This species is semi-rare','extra info 2','67890',NULL,NULL,'','these are some notes',2,'2','bOtherId','','Process Id 2','Project Name 2','\0',NULL,'','2','this is a tissue','another voucher',1,2,2,3,2,2,2,2,2,2),(3,7,1,NULL,NULL,'Person 3',NULL,NULL,'12345','cell type',NULL,'2009-01-01','This species is very rare!','extra info','67890',NULL,NULL,'','these are some notes',3,'3','cOtherId','','Process Id 3','Project Name 3','\0',NULL,'','3','this is a 3rd tissue','a voucher',1,3,3,1,3,3,3,3,3,3),(4,7,1,NULL,NULL,'Person 4',NULL,NULL,'12345','cell type',NULL,'2006-01-05','This species is very rare!','extra info','67890',NULL,NULL,'','these are some notes',4,'4','dOtherId','','Process Id 4','Project Name 4','\0',NULL,'','4','this is a tissue','a voucher',1,4,4,1,4,4,4,4,4,4),(5,7,1,NULL,NULL,'Person 5',NULL,NULL,'12345','04cell type',NULL,'2005-12-04','04This species is very rare!','04extra info','67890',NULL,NULL,'','04These are some notes',5,'5','eOtherId','','Process Id 5','Project Name 5','\0',NULL,'','5','04This is a tissue','04a voucher',1,5,5,1,5,5,5,5,5,5),(12,7,1,NULL,NULL,'Person 12',NULL,NULL,'12345','12cell type',NULL,'2005-12-12','12This species is very rare!','12extra info','67890',NULL,NULL,'','12These are some notes',12,'12','12aOtherId','','Process Id 12','Project Name 12','\0',NULL,'','12','12This is a tissue','12a voucher',1,12,12,1,12,12,12,12,6,12),(15,6,0,NULL,NULL,NULL,NULL,NULL,NULL,NULL,NULL,NULL,NULL,NULL,NULL,NULL,NULL,NULL,NULL,2610,'2610','NRM-CGI-002610|BI000030',NULL,NULL,NULL,NULL,NULL,'Hona','',NULL,NULL,7,15,15,1,15,101,NULL,NULL,15,NULL),(15,7,1,NULL,NULL,NULL,NULL,NULL,NULL,NULL,NULL,NULL,NULL,NULL,NULL,NULL,NULL,NULL,NULL,2610,'2610','NRM-CGI-002610|BI000030',NULL,NULL,NULL,'\0',NULL,'Hona','',NULL,NULL,7,15,15,1,15,101,NULL,NULL,15,NULL),(16,6,0,NULL,NULL,NULL,NULL,NULL,NULL,NULL,NULL,NULL,NULL,NULL,NULL,NULL,NULL,NULL,NULL,2609,'2609','NRM-CGI-002609|BI000030',NULL,NULL,NULL,NULL,NULL,'Hona','',NULL,NULL,7,16,16,1,16,102,NULL,NULL,16,NULL),(16,7,1,NULL,NULL,NULL,NULL,NULL,NULL,NULL,NULL,NULL,NULL,NULL,NULL,NULL,NULL,NULL,NULL,2609,'2609','NRM-CGI-002609|BI000030',NULL,NULL,NULL,'\0',NULL,'Hona','',NULL,NULL,7,16,16,1,16,102,NULL,NULL,16,NULL),(17,6,0,NULL,NULL,NULL,NULL,NULL,NULL,NULL,NULL,NULL,NULL,NULL,NULL,NULL,NULL,NULL,NULL,2611,'2611','NRM-CGI-002611|BI000030',NULL,NULL,NULL,NULL,NULL,'Hona','',NULL,NULL,7,17,17,1,17,103,NULL,NULL,17,NULL),(17,7,1,NULL,NULL,NULL,NULL,NULL,NULL,NULL,NULL,NULL,NULL,NULL,NULL,NULL,NULL,NULL,NULL,2611,'2611','NRM-CGI-002611|BI000030',NULL,NULL,NULL,'\0',NULL,'Hona','',NULL,NULL,7,17,17,1,17,103,NULL,NULL,17,NULL),(18,6,0,NULL,NULL,NULL,NULL,NULL,NULL,NULL,NULL,NULL,NULL,NULL,NULL,NULL,NULL,NULL,NULL,2612,'2612','NRM-CGI-002612|BI000030',NULL,NULL,NULL,NULL,NULL,'Hona','',NULL,NULL,7,18,18,1,18,104,NULL,NULL,18,NULL),(18,7,1,NULL,NULL,NULL,NULL,NULL,NULL,NULL,NULL,NULL,NULL,NULL,NULL,NULL,NULL,NULL,NULL,2612,'2612','NRM-CGI-002612|BI000030',NULL,NULL,NULL,'\0',NULL,'Hona','',NULL,NULL,7,18,18,1,18,104,NULL,NULL,18,NULL),(19,6,0,NULL,NULL,NULL,NULL,NULL,NULL,NULL,NULL,NULL,NULL,NULL,NULL,NULL,NULL,NULL,NULL,2023,'2023','NRM-CGI-002023|BI000046',NULL,NULL,NULL,NULL,NULL,'Hane','',NULL,NULL,7,19,19,1,19,105,NULL,NULL,19,NULL),(19,7,1,NULL,NULL,NULL,NULL,NULL,NULL,NULL,NULL,NULL,NULL,NULL,NULL,NULL,NULL,NULL,NULL,2023,'2023','NRM-CGI-002023|BI000046',NULL,NULL,NULL,'\0',NULL,'Hane','',NULL,NULL,7,19,19,1,19,105,NULL,NULL,19,NULL),(20,6,0,NULL,NULL,NULL,NULL,NULL,NULL,NULL,NULL,NULL,NULL,NULL,NULL,NULL,NULL,NULL,NULL,2024,'2024','NRM-CGI-002024|BI000046',NULL,NULL,NULL,NULL,NULL,'Hane','',NULL,NULL,7,20,20,1,20,106,NULL,NULL,20,NULL),(20,7,1,NULL,NULL,NULL,NULL,NULL,NULL,NULL,NULL,NULL,NULL,NULL,NULL,NULL,NULL,NULL,NULL,2024,'2024','NRM-CGI-002024|BI000046',NULL,NULL,NULL,'\0',NULL,'Hane','',NULL,NULL,7,20,20,1,20,106,NULL,NULL,20,NULL),(21,6,0,NULL,NULL,NULL,NULL,NULL,NULL,NULL,NULL,NULL,NULL,NULL,NULL,NULL,NULL,NULL,NULL,4725,'4725','NRM-CGI-004725|BI040061',NULL,NULL,NULL,NULL,NULL,'Hona','',NULL,NULL,7,21,21,1,21,107,NULL,NULL,21,NULL),(21,7,1,NULL,NULL,NULL,NULL,NULL,NULL,NULL,NULL,NULL,NULL,NULL,NULL,NULL,NULL,NULL,NULL,4725,'4725','NRM-CGI-004725|BI040061',NULL,NULL,NULL,'\0',NULL,'Hona','',NULL,NULL,7,21,21,1,21,107,NULL,NULL,21,NULL),(22,6,0,NULL,NULL,NULL,NULL,NULL,NULL,NULL,NULL,NULL,NULL,NULL,NULL,NULL,NULL,NULL,NULL,4732,'4732','NRM-CGI-004732|BI040061',NULL,NULL,NULL,NULL,NULL,'Hona','',NULL,NULL,7,22,22,1,22,108,NULL,NULL,22,NULL),(22,7,1,NULL,NULL,NULL,NULL,NULL,NULL,NULL,NULL,NULL,NULL,NULL,NULL,NULL,NULL,NULL,NULL,4732,'4732','NRM-CGI-004732|BI040061',NULL,NULL,NULL,'\0',NULL,'Hona','',NULL,NULL,7,22,22,1,22,108,NULL,NULL,22,NULL),(23,6,0,NULL,NULL,NULL,NULL,NULL,NULL,NULL,NULL,NULL,NULL,NULL,NULL,NULL,NULL,NULL,NULL,4723,'4723','NRM-CGI-004723|BI040061',NULL,NULL,NULL,NULL,NULL,'Hona','',NULL,NULL,7,23,23,1,23,109,NULL,NULL,23,NULL),(23,7,1,NULL,NULL,NULL,NULL,NULL,NULL,NULL,NULL,NULL,NULL,NULL,NULL,NULL,NULL,NULL,NULL,4723,'4723','NRM-CGI-004723|BI040061',NULL,NULL,NULL,'\0',NULL,'Hona','',NULL,NULL,7,23,23,1,23,109,NULL,NULL,23,NULL),(24,6,0,NULL,NULL,NULL,NULL,NULL,NULL,NULL,NULL,NULL,NULL,NULL,NULL,NULL,NULL,NULL,NULL,4728,'4728','NRM-CGI-004728|BI040061',NULL,NULL,NULL,NULL,NULL,'Hona','',NULL,NULL,7,24,24,1,24,110,NULL,NULL,24,NULL),(24,7,1,NULL,NULL,NULL,NULL,NULL,NULL,NULL,NULL,NULL,NULL,NULL,NULL,NULL,NULL,NULL,NULL,4728,'4728','NRM-CGI-004728|BI040061',NULL,NULL,NULL,'\0',NULL,'Hona','',NULL,NULL,7,24,24,1,24,110,NULL,NULL,24,NULL),(25,6,0,NULL,NULL,NULL,NULL,NULL,NULL,NULL,NULL,NULL,NULL,NULL,NULL,NULL,NULL,NULL,NULL,4726,'4726','NRM-CGI-004726|BI040061',NULL,NULL,NULL,NULL,NULL,'Hona','',NULL,NULL,7,25,25,1,25,111,NULL,NULL,25,NULL),(25,7,1,NULL,NULL,NULL,NULL,NULL,NULL,NULL,NULL,NULL,NULL,NULL,NULL,NULL,NULL,NULL,NULL,4726,'4726','NRM-CGI-004726|BI040061',NULL,NULL,NULL,'\0',NULL,'Hona','',NULL,NULL,7,25,25,1,25,111,NULL,NULL,25,NULL),(26,6,0,NULL,NULL,NULL,NULL,NULL,NULL,NULL,NULL,NULL,NULL,NULL,NULL,NULL,NULL,NULL,NULL,4730,'4730','NRM-CGI-004730|BI040061',NULL,NULL,NULL,NULL,NULL,'Hona','',NULL,NULL,7,26,26,1,26,112,NULL,NULL,26,NULL),(26,7,1,NULL,NULL,NULL,NULL,NULL,NULL,NULL,NULL,NULL,NULL,NULL,NULL,NULL,NULL,NULL,NULL,4730,'4730','NRM-CGI-004730|BI040061',NULL,NULL,NULL,'\0',NULL,'Hona','',NULL,NULL,7,26,26,1,26,112,NULL,NULL,26,NULL),(27,6,0,NULL,NULL,NULL,NULL,NULL,NULL,NULL,NULL,NULL,NULL,NULL,NULL,NULL,NULL,NULL,NULL,4733,'4733','NRM-CGI-004733|BI040061',NULL,NULL,NULL,NULL,NULL,'Hona','',NULL,NULL,7,27,27,1,27,113,NULL,NULL,27,NULL),(27,7,1,NULL,NULL,NULL,NULL,NULL,NULL,NULL,NULL,NULL,NULL,NULL,NULL,NULL,NULL,NULL,NULL,4733,'4733','NRM-CGI-004733|BI040061',NULL,NULL,NULL,'\0',NULL,'Hona','',NULL,NULL,7,27,27,1,27,113,NULL,NULL,27,NULL),(28,6,0,NULL,NULL,NULL,NULL,NULL,NULL,NULL,NULL,NULL,NULL,NULL,NULL,NULL,NULL,NULL,NULL,4727,'4727','NRM-CGI-004727|BI040061',NULL,NULL,NULL,NULL,NULL,'Hona','',NULL,NULL,7,28,28,1,28,114,NULL,NULL,28,NULL),(28,7,1,NULL,NULL,NULL,NULL,NULL,NULL,NULL,NULL,NULL,NULL,NULL,NULL,NULL,NULL,NULL,NULL,4727,'4727','NRM-CGI-004727|BI040061',NULL,NULL,NULL,'\0',NULL,'Hona','',NULL,NULL,7,28,28,1,28,114,NULL,NULL,28,NULL),(29,6,0,NULL,NULL,NULL,NULL,NULL,NULL,NULL,NULL,NULL,NULL,NULL,NULL,NULL,NULL,NULL,NULL,4731,'4731','NRM-CGI-004731|BI040061',NULL,NULL,NULL,NULL,NULL,'Hona','',NULL,NULL,7,29,29,1,29,115,NULL,NULL,29,NULL),(29,7,1,NULL,NULL,NULL,NULL,NULL,NULL,NULL,NULL,NULL,NULL,NULL,NULL,NULL,NULL,NULL,NULL,4731,'4731','NRM-CGI-004731|BI040061',NULL,NULL,NULL,'\0',NULL,'Hona','',NULL,NULL,7,29,29,1,29,115,NULL,NULL,29,NULL),(30,6,0,NULL,NULL,NULL,NULL,NULL,NULL,NULL,NULL,NULL,NULL,NULL,NULL,NULL,NULL,NULL,NULL,4724,'4724','NRM-CGI-004724|BI040061',NULL,NULL,NULL,NULL,NULL,'Hona','',NULL,NULL,7,30,30,1,30,116,NULL,NULL,30,NULL),(30,7,1,NULL,NULL,NULL,NULL,NULL,NULL,NULL,NULL,NULL,NULL,NULL,NULL,NULL,NULL,NULL,NULL,4724,'4724','NRM-CGI-004724|BI040061',NULL,NULL,NULL,'\0',NULL,'Hona','',NULL,NULL,7,30,30,1,30,116,NULL,NULL,30,NULL),(31,6,0,NULL,NULL,NULL,NULL,NULL,NULL,NULL,NULL,NULL,NULL,NULL,NULL,NULL,NULL,NULL,NULL,4729,'4729','NRM-CGI-004729|BI040061',NULL,NULL,NULL,NULL,NULL,'Hona','',NULL,NULL,7,31,31,1,31,117,NULL,NULL,31,NULL),(31,7,1,NULL,NULL,NULL,NULL,NULL,NULL,NULL,NULL,NULL,NULL,NULL,NULL,NULL,NULL,NULL,NULL,4729,'4729','NRM-CGI-004729|BI040061',NULL,NULL,NULL,'\0',NULL,'Hona','',NULL,NULL,7,31,31,1,31,117,NULL,NULL,31,NULL),(32,6,0,NULL,NULL,NULL,NULL,NULL,NULL,NULL,NULL,NULL,NULL,NULL,NULL,NULL,NULL,NULL,NULL,3586,'3586','NRM-CGI-003586|BI040515',NULL,NULL,NULL,NULL,NULL,'Hona','',NULL,NULL,7,32,32,1,32,118,NULL,NULL,32,NULL),(32,7,1,NULL,NULL,NULL,NULL,NULL,NULL,NULL,NULL,NULL,NULL,NULL,NULL,NULL,NULL,NULL,NULL,3586,'3586','NRM-CGI-003586|BI040515',NULL,NULL,NULL,'\0',NULL,'Hona','',NULL,NULL,7,32,32,1,32,118,NULL,NULL,32,NULL),(33,6,0,NULL,NULL,NULL,NULL,NULL,NULL,NULL,NULL,NULL,NULL,NULL,NULL,NULL,NULL,NULL,NULL,3585,'3585','NRM-CGI-003585|BI040515',NULL,NULL,NULL,NULL,NULL,'Hona','',NULL,NULL,7,33,33,1,33,119,NULL,NULL,33,NULL),(33,7,1,NULL,NULL,NULL,NULL,NULL,NULL,NULL,NULL,NULL,NULL,NULL,NULL,NULL,NULL,NULL,NULL,3585,'3585','NRM-CGI-003585|BI040515',NULL,NULL,NULL,'\0',NULL,'Hona','',NULL,NULL,7,33,33,1,33,119,NULL,NULL,33,NULL),(34,6,0,NULL,NULL,NULL,NULL,NULL,NULL,NULL,NULL,NULL,NULL,NULL,NULL,NULL,NULL,NULL,NULL,2455,'2455','NRM-CGI-002455|BI040826',NULL,NULL,NULL,NULL,NULL,'Hona','',NULL,NULL,7,34,34,1,34,120,NULL,NULL,34,NULL),(34,7,1,NULL,NULL,NULL,NULL,NULL,NULL,NULL,NULL,NULL,NULL,NULL,NULL,NULL,NULL,NULL,NULL,2455,'2455','NRM-CGI-002455|BI040826',NULL,NULL,NULL,'\0',NULL,'Hona','',NULL,NULL,7,34,34,1,34,120,NULL,NULL,34,NULL),(35,6,0,NULL,NULL,NULL,NULL,NULL,NULL,NULL,NULL,NULL,NULL,NULL,NULL,NULL,NULL,NULL,NULL,2453,'2453','NRM-CGI-002453|BI040826',NULL,NULL,NULL,NULL,NULL,'Hona','',NULL,NULL,7,35,35,1,35,121,NULL,NULL,35,NULL),(35,7,1,NULL,NULL,NULL,NULL,NULL,NULL,NULL,NULL,NULL,NULL,NULL,NULL,NULL,NULL,NULL,NULL,2453,'2453','NRM-CGI-002453|BI040826',NULL,NULL,NULL,'\0',NULL,'Hona','',NULL,NULL,7,35,35,1,35,121,NULL,NULL,35,NULL),(36,6,0,NULL,NULL,NULL,NULL,NULL,NULL,NULL,NULL,NULL,NULL,NULL,NULL,NULL,NULL,NULL,NULL,2452,'2452','NRM-CGI-002452|BI040826',NULL,NULL,NULL,NULL,NULL,'Hona','',NULL,NULL,7,36,36,1,36,122,NULL,NULL,36,NULL),(36,7,1,NULL,NULL,NULL,NULL,NULL,NULL,NULL,NULL,NULL,NULL,NULL,NULL,NULL,NULL,NULL,NULL,2452,'2452','NRM-CGI-002452|BI040826',NULL,NULL,NULL,'\0',NULL,'Hona','',NULL,NULL,7,36,36,1,36,122,NULL,NULL,36,NULL),(37,6,0,NULL,NULL,NULL,NULL,NULL,NULL,NULL,NULL,NULL,NULL,NULL,NULL,NULL,NULL,NULL,NULL,2454,'2454','NRM-CGI-002454|BI040826',NULL,NULL,NULL,NULL,NULL,'Hona','',NULL,NULL,7,37,37,1,37,123,NULL,NULL,37,NULL),(37,7,1,NULL,NULL,NULL,NULL,NULL,NULL,NULL,NULL,NULL,NULL,NULL,NULL,NULL,NULL,NULL,NULL,2454,'2454','NRM-CGI-002454|BI040826',NULL,NULL,NULL,'\0',NULL,'Hona','',NULL,NULL,7,37,37,1,37,123,NULL,NULL,37,NULL),(38,6,0,NULL,NULL,NULL,NULL,NULL,NULL,NULL,NULL,NULL,NULL,NULL,NULL,NULL,NULL,NULL,NULL,4141,'4141','NRM-CGI-004141|BI040898',NULL,NULL,NULL,NULL,NULL,'Hona','',NULL,NULL,7,38,38,1,38,124,NULL,NULL,38,NULL),(38,7,1,NULL,NULL,NULL,NULL,NULL,NULL,NULL,NULL,NULL,NULL,NULL,NULL,NULL,NULL,NULL,NULL,4141,'4141','NRM-CGI-004141|BI040898',NULL,NULL,NULL,'\0',NULL,'Hona','',NULL,NULL,7,38,38,1,38,124,NULL,NULL,38,NULL),(39,6,0,NULL,NULL,NULL,NULL,NULL,NULL,NULL,NULL,NULL,NULL,NULL,NULL,NULL,NULL,NULL,NULL,4140,'4140','NRM-CGI-004140|BI040898',NULL,NULL,NULL,NULL,NULL,'Hona','',NULL,NULL,7,39,39,1,39,125,NULL,NULL,39,NULL),(39,7,1,NULL,NULL,NULL,NULL,NULL,NULL,NULL,NULL,NULL,NULL,NULL,NULL,NULL,NULL,NULL,NULL,4140,'4140','NRM-CGI-004140|BI040898',NULL,NULL,NULL,'\0',NULL,'Hona','',NULL,NULL,7,39,39,1,39,125,NULL,NULL,39,NULL),(40,6,0,NULL,NULL,NULL,NULL,NULL,NULL,NULL,NULL,NULL,NULL,NULL,NULL,NULL,NULL,NULL,NULL,1998,'1998','NRM-CGI-001998|BI040949',NULL,NULL,NULL,NULL,NULL,'Hona','',NULL,NULL,7,40,40,1,40,126,NULL,NULL,40,NULL),(40,7,1,NULL,NULL,NULL,NULL,NULL,NULL,NULL,NULL,NULL,NULL,NULL,NULL,NULL,NULL,NULL,NULL,1998,'1998','NRM-CGI-001998|BI040949',NULL,NULL,NULL,'\0',NULL,'Hona','',NULL,NULL,7,40,40,1,40,126,NULL,NULL,40,NULL),(41,6,0,NULL,NULL,NULL,NULL,NULL,NULL,NULL,NULL,NULL,NULL,NULL,NULL,NULL,NULL,NULL,NULL,6064,'6064','NRM-CGI-006064|BI040961',NULL,NULL,NULL,NULL,NULL,'Hane','',NULL,NULL,7,41,41,1,41,127,NULL,NULL,41,NULL),(41,7,1,NULL,NULL,NULL,NULL,NULL,NULL,NULL,NULL,NULL,NULL,NULL,NULL,NULL,NULL,NULL,NULL,6064,'6064','NRM-CGI-006064|BI040961',NULL,NULL,NULL,'\0',NULL,'Hane','',NULL,NULL,7,41,41,1,41,127,NULL,NULL,41,NULL),(42,6,0,NULL,NULL,NULL,NULL,NULL,NULL,NULL,NULL,NULL,NULL,NULL,NULL,NULL,NULL,NULL,NULL,6065,'6065','NRM-CGI-006065|BI040961',NULL,NULL,NULL,NULL,NULL,'Hane','',NULL,NULL,7,42,42,1,42,128,NULL,NULL,42,NULL),(42,7,1,NULL,NULL,NULL,NULL,NULL,NULL,NULL,NULL,NULL,NULL,NULL,NULL,NULL,NULL,NULL,NULL,6065,'6065','NRM-CGI-006065|BI040961',NULL,NULL,NULL,'\0',NULL,'Hane','',NULL,NULL,7,42,42,1,42,128,NULL,NULL,42,NULL),(43,6,0,NULL,NULL,NULL,NULL,NULL,NULL,NULL,NULL,NULL,NULL,NULL,NULL,NULL,NULL,NULL,NULL,6069,'6069','NRM-CGI-006069|BI040961',NULL,NULL,NULL,NULL,NULL,'Hane','',NULL,NULL,7,43,43,1,43,129,NULL,NULL,43,NULL),(43,7,1,NULL,NULL,NULL,NULL,NULL,NULL,NULL,NULL,NULL,NULL,NULL,NULL,NULL,NULL,NULL,NULL,6069,'6069','NRM-CGI-006069|BI040961',NULL,NULL,NULL,'\0',NULL,'Hane','',NULL,NULL,7,43,43,1,43,129,NULL,NULL,43,NULL),(44,6,0,NULL,NULL,NULL,NULL,NULL,NULL,NULL,NULL,NULL,NULL,NULL,NULL,NULL,NULL,NULL,NULL,6070,'6070','NRM-CGI-006070|BI040961',NULL,NULL,NULL,NULL,NULL,'Hane','',NULL,NULL,7,44,44,1,44,130,NULL,NULL,44,NULL),(44,7,1,NULL,NULL,NULL,NULL,NULL,NULL,NULL,NULL,NULL,NULL,NULL,NULL,NULL,NULL,NULL,NULL,6070,'6070','NRM-CGI-006070|BI040961',NULL,NULL,NULL,'\0',NULL,'Hane','',NULL,NULL,7,44,44,1,44,130,NULL,NULL,44,NULL),(45,6,0,NULL,NULL,NULL,NULL,NULL,NULL,NULL,NULL,NULL,NULL,NULL,NULL,NULL,NULL,NULL,NULL,6067,'6067','NRM-CGI-006067|BI040961',NULL,NULL,NULL,NULL,NULL,'Hane','',NULL,NULL,7,45,45,1,45,131,NULL,NULL,45,NULL),(45,7,1,NULL,NULL,NULL,NULL,NULL,NULL,NULL,NULL,NULL,NULL,NULL,NULL,NULL,NULL,NULL,NULL,6067,'6067','NRM-CGI-006067|BI040961',NULL,NULL,NULL,'\0',NULL,'Hane','',NULL,NULL,7,45,45,1,45,131,NULL,NULL,45,NULL),(46,6,0,NULL,NULL,NULL,NULL,NULL,NULL,NULL,NULL,NULL,NULL,NULL,NULL,NULL,NULL,NULL,NULL,6063,'6063','NRM-CGI-006063|BI040961',NULL,NULL,NULL,NULL,NULL,'Hane','',NULL,NULL,7,46,46,1,46,132,NULL,NULL,46,NULL),(46,7,1,NULL,NULL,NULL,NULL,NULL,NULL,NULL,NULL,NULL,NULL,NULL,NULL,NULL,NULL,NULL,NULL,6063,'6063','NRM-CGI-006063|BI040961',NULL,NULL,NULL,'\0',NULL,'Hane','',NULL,NULL,7,46,46,1,46,132,NULL,NULL,46,NULL),(47,6,0,NULL,NULL,NULL,NULL,NULL,NULL,NULL,NULL,NULL,NULL,NULL,NULL,NULL,NULL,NULL,NULL,6061,'6061','NRM-CGI-006061|BI040961',NULL,NULL,NULL,NULL,NULL,'Hane','',NULL,NULL,7,47,47,1,47,133,NULL,NULL,47,NULL),(47,7,1,NULL,NULL,NULL,NULL,NULL,NULL,NULL,NULL,NULL,NULL,NULL,NULL,NULL,NULL,NULL,NULL,6061,'6061','NRM-CGI-006061|BI040961',NULL,NULL,NULL,'\0',NULL,'Hane','',NULL,NULL,7,47,47,1,47,133,NULL,NULL,47,NULL),(48,6,0,NULL,NULL,NULL,NULL,NULL,NULL,NULL,NULL,NULL,NULL,NULL,NULL,NULL,NULL,NULL,NULL,6062,'6062','NRM-CGI-006062|BI040961',NULL,NULL,NULL,NULL,NULL,'Hane','',NULL,NULL,7,48,48,1,48,134,NULL,NULL,48,NULL),(48,7,1,NULL,NULL,NULL,NULL,NULL,NULL,NULL,NULL,NULL,NULL,NULL,NULL,NULL,NULL,NULL,NULL,6062,'6062','NRM-CGI-006062|BI040961',NULL,NULL,NULL,'\0',NULL,'Hane','',NULL,NULL,7,48,48,1,48,134,NULL,NULL,48,NULL),(49,6,0,NULL,NULL,NULL,NULL,NULL,NULL,NULL,NULL,NULL,NULL,NULL,NULL,NULL,NULL,NULL,NULL,6066,'6066','NRM-CGI-006066|BI040961',NULL,NULL,NULL,NULL,NULL,'Hane','',NULL,NULL,7,49,49,1,49,135,NULL,NULL,49,NULL),(49,7,1,NULL,NULL,NULL,NULL,NULL,NULL,NULL,NULL,NULL,NULL,NULL,NULL,NULL,NULL,NULL,NULL,6066,'6066','NRM-CGI-006066|BI040961',NULL,NULL,NULL,'\0',NULL,'Hane','',NULL,NULL,7,49,49,1,49,135,NULL,NULL,49,NULL),(50,6,0,NULL,NULL,NULL,NULL,NULL,NULL,NULL,NULL,NULL,NULL,NULL,NULL,NULL,NULL,NULL,NULL,6068,'6068','NRM-CGI-006068|BI040961',NULL,NULL,NULL,NULL,NULL,'Hane','',NULL,NULL,7,50,50,1,50,136,NULL,NULL,50,NULL),(50,7,1,NULL,NULL,NULL,NULL,NULL,NULL,NULL,NULL,NULL,NULL,NULL,NULL,NULL,NULL,NULL,NULL,6068,'6068','NRM-CGI-006068|BI040961',NULL,NULL,NULL,'\0',NULL,'Hane','',NULL,NULL,7,50,50,1,50,136,NULL,NULL,50,NULL),(51,6,0,NULL,NULL,NULL,NULL,NULL,NULL,NULL,NULL,NULL,NULL,NULL,NULL,NULL,NULL,NULL,NULL,5691,'5691','NRM-CGI-005691|BI040965',NULL,NULL,NULL,NULL,NULL,'Hona','',NULL,NULL,7,51,51,1,51,137,NULL,NULL,51,NULL),(51,7,1,NULL,NULL,NULL,NULL,NULL,NULL,NULL,NULL,NULL,NULL,NULL,NULL,NULL,NULL,NULL,NULL,5691,'5691','NRM-CGI-005691|BI040965',NULL,NULL,NULL,'\0',NULL,'Hona','',NULL,NULL,7,51,51,1,51,137,NULL,NULL,51,NULL),(52,6,0,NULL,NULL,NULL,NULL,NULL,NULL,NULL,NULL,NULL,NULL,NULL,NULL,NULL,NULL,NULL,NULL,5693,'5693','NRM-CGI-005693|BI040965',NULL,NULL,NULL,NULL,NULL,'Hona','',NULL,NULL,7,52,52,1,52,138,NULL,NULL,52,NULL),(52,7,1,NULL,NULL,NULL,NULL,NULL,NULL,NULL,NULL,NULL,NULL,NULL,NULL,NULL,NULL,NULL,NULL,5693,'5693','NRM-CGI-005693|BI040965',NULL,NULL,NULL,'\0',NULL,'Hona','',NULL,NULL,7,52,52,1,52,138,NULL,NULL,52,NULL),(53,6,0,NULL,NULL,NULL,NULL,NULL,NULL,NULL,NULL,NULL,NULL,NULL,NULL,NULL,NULL,NULL,NULL,5692,'5692','NRM-CGI-005692|BI040965',NULL,NULL,NULL,NULL,NULL,'Hona','',NULL,NULL,7,53,53,1,53,139,NULL,NULL,53,NULL),(53,7,1,NULL,NULL,NULL,NULL,NULL,NULL,NULL,NULL,NULL,NULL,NULL,NULL,NULL,NULL,NULL,NULL,5692,'5692','NRM-CGI-005692|BI040965',NULL,NULL,NULL,'\0',NULL,'Hona','',NULL,NULL,7,53,53,1,53,139,NULL,NULL,53,NULL),(54,6,0,NULL,NULL,NULL,NULL,NULL,NULL,NULL,NULL,NULL,NULL,NULL,NULL,NULL,NULL,NULL,NULL,5695,'5695','NRM-CGI-005695|BI040965',NULL,NULL,NULL,NULL,NULL,'Hona','',NULL,NULL,7,54,54,1,54,140,NULL,NULL,54,NULL),(54,7,1,NULL,NULL,NULL,NULL,NULL,NULL,NULL,NULL,NULL,NULL,NULL,NULL,NULL,NULL,NULL,NULL,5695,'5695','NRM-CGI-005695|BI040965',NULL,NULL,NULL,'\0',NULL,'Hona','',NULL,NULL,7,54,54,1,54,140,NULL,NULL,54,NULL),(55,6,0,NULL,NULL,NULL,NULL,NULL,NULL,NULL,NULL,NULL,NULL,NULL,NULL,NULL,NULL,NULL,NULL,5694,'5694','NRM-CGI-005694|BI040965',NULL,NULL,NULL,NULL,NULL,'Hona','',NULL,NULL,7,55,55,1,55,141,NULL,NULL,55,NULL),(55,7,1,NULL,NULL,NULL,NULL,NULL,NULL,NULL,NULL,NULL,NULL,NULL,NULL,NULL,NULL,NULL,NULL,5694,'5694','NRM-CGI-005694|BI040965',NULL,NULL,NULL,'\0',NULL,'Hona','',NULL,NULL,7,55,55,1,55,141,NULL,NULL,55,NULL),(56,6,0,NULL,NULL,NULL,NULL,NULL,NULL,NULL,NULL,NULL,NULL,NULL,NULL,NULL,NULL,NULL,NULL,4503,'4503','NRM-CGI-004503|BI040969',NULL,NULL,NULL,NULL,NULL,'Hona','',NULL,NULL,7,56,56,1,56,142,NULL,NULL,56,NULL),(56,7,1,NULL,NULL,NULL,NULL,NULL,NULL,NULL,NULL,NULL,NULL,NULL,NULL,NULL,NULL,NULL,NULL,4503,'4503','NRM-CGI-004503|BI040969',NULL,NULL,NULL,'\0',NULL,'Hona','',NULL,NULL,7,56,56,1,56,142,NULL,NULL,56,NULL),(57,6,0,NULL,NULL,NULL,NULL,NULL,NULL,NULL,NULL,NULL,NULL,NULL,NULL,NULL,NULL,NULL,NULL,4502,'4502','NRM-CGI-004502|BI040969',NULL,NULL,NULL,NULL,NULL,'Hona','',NULL,NULL,7,57,57,1,57,143,NULL,NULL,57,NULL),(57,7,1,NULL,NULL,NULL,NULL,NULL,NULL,NULL,NULL,NULL,NULL,NULL,NULL,NULL,NULL,NULL,NULL,4502,'4502','NRM-CGI-004502|BI040969',NULL,NULL,NULL,'\0',NULL,'Hona','',NULL,NULL,7,57,57,1,57,143,NULL,NULL,57,NULL),(58,6,0,NULL,NULL,NULL,NULL,NULL,NULL,NULL,NULL,NULL,NULL,NULL,NULL,NULL,NULL,NULL,NULL,2988,'2988','NRM-CGI-002988|BI040975',NULL,NULL,NULL,NULL,NULL,'Hane','',NULL,NULL,7,58,58,1,58,144,NULL,NULL,58,NULL),(58,7,1,NULL,NULL,NULL,NULL,NULL,NULL,NULL,NULL,NULL,NULL,NULL,NULL,NULL,NULL,NULL,NULL,2988,'2988','NRM-CGI-002988|BI040975',NULL,NULL,NULL,'\0',NULL,'Hane','',NULL,NULL,7,58,58,1,58,144,NULL,NULL,58,NULL),(59,6,0,NULL,NULL,NULL,NULL,NULL,NULL,NULL,NULL,NULL,NULL,NULL,NULL,NULL,NULL,NULL,NULL,2989,'2989','NRM-CGI-002989|BI040975',NULL,NULL,NULL,NULL,NULL,'Hane','',NULL,NULL,7,59,59,1,59,145,NULL,NULL,59,NULL),(59,7,1,NULL,NULL,NULL,NULL,NULL,NULL,NULL,NULL,NULL,NULL,NULL,NULL,NULL,NULL,NULL,NULL,2989,'2989','NRM-CGI-002989|BI040975',NULL,NULL,NULL,'\0',NULL,'Hane','',NULL,NULL,7,59,59,1,59,145,NULL,NULL,59,NULL),(60,6,0,NULL,NULL,NULL,NULL,NULL,NULL,NULL,NULL,NULL,NULL,NULL,NULL,NULL,NULL,NULL,NULL,2990,'2990','NRM-CGI-002990|BI040975',NULL,NULL,NULL,NULL,NULL,'Hane','',NULL,NULL,7,60,60,1,60,146,NULL,NULL,60,NULL),(60,7,1,NULL,NULL,NULL,NULL,NULL,NULL,NULL,NULL,NULL,NULL,NULL,NULL,NULL,NULL,NULL,NULL,2990,'2990','NRM-CGI-002990|BI040975',NULL,NULL,NULL,'\0',NULL,'Hane','',NULL,NULL,7,60,60,1,60,146,NULL,NULL,60,NULL),(61,6,0,NULL,NULL,NULL,NULL,NULL,NULL,NULL,NULL,NULL,NULL,NULL,NULL,NULL,NULL,NULL,NULL,2991,'2991','NRM-CGI-002991|BI040975',NULL,NULL,NULL,NULL,NULL,'Hane','',NULL,NULL,7,61,61,1,61,147,NULL,NULL,61,NULL),(61,7,1,NULL,NULL,NULL,NULL,NULL,NULL,NULL,NULL,NULL,NULL,NULL,NULL,NULL,NULL,NULL,NULL,2991,'2991','NRM-CGI-002991|BI040975',NULL,NULL,NULL,'\0',NULL,'Hane','',NULL,NULL,7,61,61,1,61,147,NULL,NULL,61,NULL),(62,6,0,NULL,NULL,NULL,NULL,NULL,NULL,NULL,NULL,NULL,NULL,NULL,NULL,NULL,NULL,NULL,NULL,3264,'3264','NRM-CGI-003264|BI040977',NULL,NULL,NULL,NULL,NULL,'Hona','',NULL,NULL,7,62,62,1,62,148,NULL,NULL,62,NULL),(62,7,1,NULL,NULL,NULL,NULL,NULL,NULL,NULL,NULL,NULL,NULL,NULL,NULL,NULL,NULL,NULL,NULL,3264,'3264','NRM-CGI-003264|BI040977',NULL,NULL,NULL,'\0',NULL,'Hona','',NULL,NULL,7,62,62,1,62,148,NULL,NULL,62,NULL),(63,6,0,NULL,NULL,NULL,NULL,NULL,NULL,NULL,NULL,NULL,NULL,NULL,NULL,NULL,NULL,NULL,NULL,3268,'3268','NRM-CGI-003268|BI040977',NULL,NULL,NULL,NULL,NULL,'Hona','',NULL,NULL,7,63,63,1,63,149,NULL,NULL,63,NULL),(63,7,1,NULL,NULL,NULL,NULL,NULL,NULL,NULL,NULL,NULL,NULL,NULL,NULL,NULL,NULL,NULL,NULL,3268,'3268','NRM-CGI-003268|BI040977',NULL,NULL,NULL,'\0',NULL,'Hona','',NULL,NULL,7,63,63,1,63,149,NULL,NULL,63,NULL),(64,6,0,NULL,NULL,NULL,NULL,NULL,NULL,NULL,NULL,NULL,NULL,NULL,NULL,NULL,NULL,NULL,NULL,3267,'3267','NRM-CGI-003267|BI040977',NULL,NULL,NULL,NULL,NULL,'Hona','',NULL,NULL,7,64,64,1,64,150,NULL,NULL,64,NULL),(64,7,1,NULL,NULL,NULL,NULL,NULL,NULL,NULL,NULL,NULL,NULL,NULL,NULL,NULL,NULL,NULL,NULL,3267,'3267','NRM-CGI-003267|BI040977',NULL,NULL,NULL,'\0',NULL,'Hona','',NULL,NULL,7,64,64,1,64,150,NULL,NULL,64,NULL),(65,6,0,NULL,NULL,NULL,NULL,NULL,NULL,NULL,NULL,NULL,NULL,NULL,NULL,NULL,NULL,NULL,NULL,3265,'3265','NRM-CGI-003265|BI040977',NULL,NULL,NULL,NULL,NULL,'Hona','',NULL,NULL,7,65,65,1,65,151,NULL,NULL,65,NULL),(65,7,1,NULL,NULL,NULL,NULL,NULL,NULL,NULL,NULL,NULL,NULL,NULL,NULL,NULL,NULL,NULL,NULL,3265,'3265','NRM-CGI-003265|BI040977',NULL,NULL,NULL,'\0',NULL,'Hona','',NULL,NULL,7,65,65,1,65,151,NULL,NULL,65,NULL),(66,6,0,NULL,NULL,NULL,NULL,NULL,NULL,NULL,NULL,NULL,NULL,NULL,NULL,NULL,NULL,NULL,NULL,3266,'3266','NRM-CGI-003266|BI040977',NULL,NULL,NULL,NULL,NULL,'Hona','',NULL,NULL,7,66,66,1,66,152,NULL,NULL,66,NULL),(66,7,1,NULL,NULL,NULL,NULL,NULL,NULL,NULL,NULL,NULL,NULL,NULL,NULL,NULL,NULL,NULL,NULL,3266,'3266','NRM-CGI-003266|BI040977',NULL,NULL,NULL,'\0',NULL,'Hona','',NULL,NULL,7,66,66,1,66,152,NULL,NULL,66,NULL),(67,6,0,NULL,NULL,NULL,NULL,NULL,NULL,NULL,NULL,NULL,NULL,NULL,NULL,NULL,NULL,NULL,NULL,2543,'2543','NRM-CGI-002543|BI040992',NULL,NULL,NULL,NULL,NULL,'Hona','',NULL,NULL,7,67,67,1,67,153,NULL,NULL,67,NULL),(67,7,1,NULL,NULL,NULL,NULL,NULL,NULL,NULL,NULL,NULL,NULL,NULL,NULL,NULL,NULL,NULL,NULL,2543,'2543','NRM-CGI-002543|BI040992',NULL,NULL,NULL,'\0',NULL,'Hona','',NULL,NULL,7,67,67,1,67,153,NULL,NULL,67,NULL),(68,6,0,NULL,NULL,NULL,NULL,NULL,NULL,NULL,NULL,NULL,NULL,NULL,NULL,NULL,NULL,NULL,NULL,2544,'2544','NRM-CGI-002544|BI040992',NULL,NULL,NULL,NULL,NULL,'Hona','',NULL,NULL,7,68,68,1,68,154,NULL,NULL,68,NULL),(68,7,1,NULL,NULL,NULL,NULL,NULL,NULL,NULL,NULL,NULL,NULL,NULL,NULL,NULL,NULL,NULL,NULL,2544,'2544','NRM-CGI-002544|BI040992',NULL,NULL,NULL,'\0',NULL,'Hona','',NULL,NULL,7,68,68,1,68,154,NULL,NULL,68,NULL),(69,6,0,NULL,NULL,NULL,NULL,NULL,NULL,NULL,NULL,NULL,NULL,NULL,NULL,NULL,NULL,NULL,NULL,2541,'2541','NRM-CGI-002541|BI040992',NULL,NULL,NULL,NULL,NULL,'Hona','',NULL,NULL,7,69,69,1,69,155,NULL,NULL,69,NULL),(69,7,1,NULL,NULL,NULL,NULL,NULL,NULL,NULL,NULL,NULL,NULL,NULL,NULL,NULL,NULL,NULL,NULL,2541,'2541','NRM-CGI-002541|BI040992',NULL,NULL,NULL,'\0',NULL,'Hona','',NULL,NULL,7,69,69,1,69,155,NULL,NULL,69,NULL),(70,6,0,NULL,NULL,NULL,NULL,NULL,NULL,NULL,NULL,NULL,NULL,NULL,NULL,NULL,NULL,NULL,NULL,2542,'2542','NRM-CGI-002542|BI040992',NULL,NULL,NULL,NULL,NULL,'Hona','',NULL,NULL,7,70,70,1,70,156,NULL,NULL,70,NULL),(70,7,1,NULL,NULL,NULL,NULL,NULL,NULL,NULL,NULL,NULL,NULL,NULL,NULL,NULL,NULL,NULL,NULL,2542,'2542','NRM-CGI-002542|BI040992',NULL,NULL,NULL,'\0',NULL,'Hona','',NULL,NULL,7,70,70,1,70,156,NULL,NULL,70,NULL),(71,6,0,NULL,NULL,NULL,NULL,NULL,NULL,NULL,NULL,NULL,NULL,NULL,NULL,NULL,NULL,NULL,NULL,3433,'3433','NRM-CGI-003433|BI040993',NULL,NULL,NULL,NULL,NULL,'Hona','',NULL,NULL,7,71,71,1,71,157,NULL,NULL,71,NULL),(71,7,1,NULL,NULL,NULL,NULL,NULL,NULL,NULL,NULL,NULL,NULL,NULL,NULL,NULL,NULL,NULL,NULL,3433,'3433','NRM-CGI-003433|BI040993',NULL,NULL,NULL,'\0',NULL,'Hona','',NULL,NULL,7,71,71,1,71,157,NULL,NULL,71,NULL),(72,6,0,NULL,NULL,NULL,NULL,NULL,NULL,NULL,NULL,NULL,NULL,NULL,NULL,NULL,NULL,NULL,NULL,3434,'3434','NRM-CGI-003434|BI040993',NULL,NULL,NULL,NULL,NULL,'Hona','',NULL,NULL,7,72,72,1,72,158,NULL,NULL,72,NULL),(72,7,1,NULL,NULL,NULL,NULL,NULL,NULL,NULL,NULL,NULL,NULL,NULL,NULL,NULL,NULL,NULL,NULL,3434,'3434','NRM-CGI-003434|BI040993',NULL,NULL,NULL,'\0',NULL,'Hona','',NULL,NULL,7,72,72,1,72,158,NULL,NULL,72,NULL),(73,6,0,NULL,NULL,NULL,NULL,NULL,NULL,NULL,NULL,NULL,NULL,NULL,NULL,NULL,NULL,NULL,NULL,3431,'3431','NRM-CGI-003431|BI040993',NULL,NULL,NULL,NULL,NULL,'Hona','',NULL,NULL,7,73,73,1,73,159,NULL,NULL,73,NULL),(73,7,1,NULL,NULL,NULL,NULL,NULL,NULL,NULL,NULL,NULL,NULL,NULL,NULL,NULL,NULL,NULL,NULL,3431,'3431','NRM-CGI-003431|BI040993',NULL,NULL,NULL,'\0',NULL,'Hona','',NULL,NULL,7,73,73,1,73,159,NULL,NULL,73,NULL),(74,6,0,NULL,NULL,NULL,NULL,NULL,NULL,NULL,NULL,NULL,NULL,NULL,NULL,NULL,NULL,NULL,NULL,3432,'3432','NRM-CGI-003432|BI040993',NULL,NULL,NULL,NULL,NULL,'Hona','',NULL,NULL,7,74,74,1,74,160,NULL,NULL,74,NULL),(74,7,1,NULL,NULL,NULL,NULL,NULL,NULL,NULL,NULL,NULL,NULL,NULL,NULL,NULL,NULL,NULL,NULL,3432,'3432','NRM-CGI-003432|BI040993',NULL,NULL,NULL,'\0',NULL,'Hona','',NULL,NULL,7,74,74,1,74,160,NULL,NULL,74,NULL),(75,6,0,NULL,NULL,NULL,NULL,NULL,NULL,NULL,NULL,NULL,NULL,NULL,NULL,NULL,NULL,NULL,NULL,4662,'4662','NRM-CGI-004662|BI040996',NULL,NULL,NULL,NULL,NULL,'Hona','',NULL,NULL,7,75,75,1,75,161,NULL,NULL,75,NULL),(75,7,1,NULL,NULL,NULL,NULL,NULL,NULL,NULL,NULL,NULL,NULL,NULL,NULL,NULL,NULL,NULL,NULL,4662,'4662','NRM-CGI-004662|BI040996',NULL,NULL,NULL,'\0',NULL,'Hona','',NULL,NULL,7,75,75,1,75,161,NULL,NULL,75,NULL),(76,6,0,NULL,NULL,NULL,NULL,NULL,NULL,NULL,NULL,NULL,NULL,NULL,NULL,NULL,NULL,NULL,NULL,4660,'4660','NRM-CGI-004660|BI040996',NULL,NULL,NULL,NULL,NULL,'Hona','',NULL,NULL,7,76,76,1,76,162,NULL,NULL,76,NULL),(76,7,1,NULL,NULL,NULL,NULL,NULL,NULL,NULL,NULL,NULL,NULL,NULL,NULL,NULL,NULL,NULL,NULL,4660,'4660','NRM-CGI-004660|BI040996',NULL,NULL,NULL,'\0',NULL,'Hona','',NULL,NULL,7,76,76,1,76,162,NULL,NULL,76,NULL),(77,6,0,NULL,NULL,NULL,NULL,NULL,NULL,NULL,NULL,NULL,NULL,NULL,NULL,NULL,NULL,NULL,NULL,4663,'4663','NRM-CGI-004663|BI040996',NULL,NULL,NULL,NULL,NULL,'Hona','',NULL,NULL,7,77,77,1,77,163,NULL,NULL,77,NULL),(77,7,1,NULL,NULL,NULL,NULL,NULL,NULL,NULL,NULL,NULL,NULL,NULL,NULL,NULL,NULL,NULL,NULL,4663,'4663','NRM-CGI-004663|BI040996',NULL,NULL,NULL,'\0',NULL,'Hona','',NULL,NULL,7,77,77,1,77,163,NULL,NULL,77,NULL),(78,6,0,NULL,NULL,NULL,NULL,NULL,NULL,NULL,NULL,NULL,NULL,NULL,NULL,NULL,NULL,NULL,NULL,4661,'4661','NRM-CGI-004661|BI040996',NULL,NULL,NULL,NULL,NULL,'Hona','',NULL,NULL,7,78,78,1,78,164,NULL,NULL,78,NULL),(78,7,1,NULL,NULL,NULL,NULL,NULL,NULL,NULL,NULL,NULL,NULL,NULL,NULL,NULL,NULL,NULL,NULL,4661,'4661','NRM-CGI-004661|BI040996',NULL,NULL,NULL,'\0',NULL,'Hona','',NULL,NULL,7,78,78,1,78,164,NULL,NULL,78,NULL),(79,6,0,NULL,NULL,NULL,NULL,NULL,NULL,NULL,NULL,NULL,NULL,NULL,NULL,NULL,NULL,NULL,NULL,4664,'4664','NRM-CGI-004664|BI040996',NULL,NULL,NULL,NULL,NULL,'Hona','',NULL,NULL,7,79,79,1,79,165,NULL,NULL,79,NULL),(79,7,1,NULL,NULL,NULL,NULL,NULL,NULL,NULL,NULL,NULL,NULL,NULL,NULL,NULL,NULL,NULL,NULL,4664,'4664','NRM-CGI-004664|BI040996',NULL,NULL,NULL,'\0',NULL,'Hona','',NULL,NULL,7,79,79,1,79,165,NULL,NULL,79,NULL),(80,6,0,NULL,NULL,NULL,NULL,NULL,NULL,NULL,NULL,NULL,NULL,NULL,NULL,NULL,NULL,NULL,NULL,2701,'2701','NRM-CGI-002701|BI040999',NULL,NULL,NULL,NULL,NULL,'Hona','',NULL,NULL,7,80,80,1,80,166,NULL,NULL,80,NULL),(80,7,1,NULL,NULL,NULL,NULL,NULL,NULL,NULL,NULL,NULL,NULL,NULL,NULL,NULL,NULL,NULL,NULL,2701,'2701','NRM-CGI-002701|BI040999',NULL,NULL,NULL,'\0',NULL,'Hona','',NULL,NULL,7,80,80,1,80,166,NULL,NULL,80,NULL),(81,6,0,NULL,NULL,NULL,NULL,NULL,NULL,NULL,NULL,NULL,NULL,NULL,NULL,NULL,NULL,NULL,NULL,2699,'2699','NRM-CGI-002699|BI040999',NULL,NULL,NULL,NULL,NULL,'Hona','',NULL,NULL,7,81,81,1,81,167,NULL,NULL,81,NULL),(81,7,1,NULL,NULL,NULL,NULL,NULL,NULL,NULL,NULL,NULL,NULL,NULL,NULL,NULL,NULL,NULL,NULL,2699,'2699','NRM-CGI-002699|BI040999',NULL,NULL,NULL,'\0',NULL,'Hona','',NULL,NULL,7,81,81,1,81,167,NULL,NULL,81,NULL),(82,6,0,NULL,NULL,NULL,NULL,NULL,NULL,NULL,NULL,NULL,NULL,NULL,NULL,NULL,NULL,NULL,NULL,2700,'2700','NRM-CGI-002700|BI040999',NULL,NULL,NULL,NULL,NULL,'Hona','',NULL,NULL,7,82,82,1,82,168,NULL,NULL,82,NULL),(82,7,1,NULL,NULL,NULL,NULL,NULL,NULL,NULL,NULL,NULL,NULL,NULL,NULL,NULL,NULL,NULL,NULL,2700,'2700','NRM-CGI-002700|BI040999',NULL,NULL,NULL,'\0',NULL,'Hona','',NULL,NULL,7,82,82,1,82,168,NULL,NULL,82,NULL),(83,6,0,NULL,NULL,NULL,NULL,NULL,NULL,NULL,NULL,NULL,NULL,NULL,NULL,NULL,NULL,NULL,NULL,2697,'2697','NRM-CGI-002697|BI040999',NULL,NULL,NULL,NULL,NULL,'Hona','',NULL,NULL,7,83,83,1,83,169,NULL,NULL,83,NULL),(83,7,1,NULL,NULL,NULL,NULL,NULL,NULL,NULL,NULL,NULL,NULL,NULL,NULL,NULL,NULL,NULL,NULL,2697,'2697','NRM-CGI-002697|BI040999',NULL,NULL,NULL,'\0',NULL,'Hona','',NULL,NULL,7,83,83,1,83,169,NULL,NULL,83,NULL),(84,6,0,NULL,NULL,NULL,NULL,NULL,NULL,NULL,NULL,NULL,NULL,NULL,NULL,NULL,NULL,NULL,NULL,2698,'2698','NRM-CGI-002698|BI040999',NULL,NULL,NULL,NULL,NULL,'Hona','',NULL,NULL,7,84,84,1,84,170,NULL,NULL,84,NULL),(84,7,1,NULL,NULL,NULL,NULL,NULL,NULL,NULL,NULL,NULL,NULL,NULL,NULL,NULL,NULL,NULL,NULL,2698,'2698','NRM-CGI-002698|BI040999',NULL,NULL,NULL,'\0',NULL,'Hona','',NULL,NULL,7,84,84,1,84,170,NULL,NULL,84,NULL),(85,6,0,NULL,NULL,NULL,NULL,NULL,NULL,NULL,NULL,NULL,NULL,NULL,NULL,NULL,NULL,NULL,NULL,1995,'1995','NRM-CGI-001995|BI041000',NULL,NULL,NULL,NULL,NULL,'Hona','',NULL,NULL,7,85,85,1,85,171,NULL,NULL,85,NULL),(85,7,1,NULL,NULL,NULL,NULL,NULL,NULL,NULL,NULL,NULL,NULL,NULL,NULL,NULL,NULL,NULL,NULL,1995,'1995','NRM-CGI-001995|BI041000',NULL,NULL,NULL,'\0',NULL,'Hona','',NULL,NULL,7,85,85,1,85,171,NULL,NULL,85,NULL),(86,6,0,NULL,NULL,NULL,NULL,NULL,NULL,NULL,NULL,NULL,NULL,NULL,NULL,NULL,NULL,NULL,NULL,3711,'3711','NRM-CGI-003711|BI041002',NULL,NULL,NULL,NULL,NULL,'Hona','',NULL,NULL,7,86,86,1,86,172,NULL,NULL,86,NULL),(86,7,1,NULL,NULL,NULL,NULL,NULL,NULL,NULL,NULL,NULL,NULL,NULL,NULL,NULL,NULL,NULL,NULL,3711,'3711','NRM-CGI-003711|BI041002',NULL,NULL,NULL,'\0',NULL,'Hona','',NULL,NULL,7,86,86,1,86,172,NULL,NULL,86,NULL),(87,6,0,NULL,NULL,NULL,NULL,NULL,NULL,NULL,NULL,NULL,NULL,NULL,NULL,NULL,NULL,NULL,NULL,3708,'3708','NRM-CGI-003708|BI041002',NULL,NULL,NULL,NULL,NULL,'Hona','',NULL,NULL,7,87,87,1,87,173,NULL,NULL,87,NULL),(87,7,1,NULL,NULL,NULL,NULL,NULL,NULL,NULL,NULL,NULL,NULL,NULL,NULL,NULL,NULL,NULL,NULL,3708,'3708','NRM-CGI-003708|BI041002',NULL,NULL,NULL,'\0',NULL,'Hona','',NULL,NULL,7,87,87,1,87,173,NULL,NULL,87,NULL),(88,6,0,NULL,NULL,NULL,NULL,NULL,NULL,NULL,NULL,NULL,NULL,NULL,NULL,NULL,NULL,NULL,NULL,3709,'3709','NRM-CGI-003709|BI041002',NULL,NULL,NULL,NULL,NULL,'Hona','',NULL,NULL,7,88,88,1,88,174,NULL,NULL,88,NULL),(88,7,1,NULL,NULL,NULL,NULL,NULL,NULL,NULL,NULL,NULL,NULL,NULL,NULL,NULL,NULL,NULL,NULL,3709,'3709','NRM-CGI-003709|BI041002',NULL,NULL,NULL,'\0',NULL,'Hona','',NULL,NULL,7,88,88,1,88,174,NULL,NULL,88,NULL),(89,6,0,NULL,NULL,NULL,NULL,NULL,NULL,NULL,NULL,NULL,NULL,NULL,NULL,NULL,NULL,NULL,NULL,3710,'3710','NRM-CGI-003710|BI041002',NULL,NULL,NULL,NULL,NULL,'Hona','',NULL,NULL,7,89,89,1,89,175,NULL,NULL,89,NULL),(89,7,1,NULL,NULL,NULL,NULL,NULL,NULL,NULL,NULL,NULL,NULL,NULL,NULL,NULL,NULL,NULL,NULL,3710,'3710','NRM-CGI-003710|BI041002',NULL,NULL,NULL,'\0',NULL,'Hona','',NULL,NULL,7,89,89,1,89,175,NULL,NULL,89,NULL),(90,6,0,NULL,NULL,NULL,NULL,NULL,NULL,NULL,NULL,NULL,NULL,NULL,NULL,NULL,NULL,NULL,NULL,5528,'5528','NRM-CGI-005528|BI041012',NULL,NULL,NULL,NULL,NULL,'Hona','',NULL,NULL,7,90,90,1,90,176,NULL,NULL,90,NULL),(90,7,1,NULL,NULL,NULL,NULL,NULL,NULL,NULL,NULL,NULL,NULL,NULL,NULL,NULL,NULL,NULL,NULL,5528,'5528','NRM-CGI-005528|BI041012',NULL,NULL,NULL,'\0',NULL,'Hona','',NULL,NULL,7,90,90,1,90,176,NULL,NULL,90,NULL),(91,6,0,NULL,NULL,NULL,NULL,NULL,NULL,NULL,NULL,NULL,NULL,NULL,NULL,NULL,NULL,NULL,NULL,5526,'5526','NRM-CGI-005526|BI041012',NULL,NULL,NULL,NULL,NULL,'Hona','',NULL,NULL,7,91,91,1,91,177,NULL,NULL,91,NULL),(91,7,1,NULL,NULL,NULL,NULL,NULL,NULL,NULL,NULL,NULL,NULL,NULL,NULL,NULL,NULL,NULL,NULL,5526,'5526','NRM-CGI-005526|BI041012',NULL,NULL,NULL,'\0',NULL,'Hona','',NULL,NULL,7,91,91,1,91,177,NULL,NULL,91,NULL),(92,6,0,NULL,NULL,NULL,NULL,NULL,NULL,NULL,NULL,NULL,NULL,NULL,NULL,NULL,NULL,NULL,NULL,5530,'5530','NRM-CGI-005530|BI041012',NULL,NULL,NULL,NULL,NULL,'Hona','',NULL,NULL,7,92,92,1,92,178,NULL,NULL,92,NULL),(92,7,1,NULL,NULL,NULL,NULL,NULL,NULL,NULL,NULL,NULL,NULL,NULL,NULL,NULL,NULL,NULL,NULL,5530,'5530','NRM-CGI-005530|BI041012',NULL,NULL,NULL,'\0',NULL,'Hona','',NULL,NULL,7,92,92,1,92,178,NULL,NULL,92,NULL),(93,6,0,NULL,NULL,NULL,NULL,NULL,NULL,NULL,NULL,NULL,NULL,NULL,NULL,NULL,NULL,NULL,NULL,5527,'5527','NRM-CGI-005527|BI041012',NULL,NULL,NULL,NULL,NULL,'Hona','',NULL,NULL,7,93,93,1,93,179,NULL,NULL,93,NULL),(93,7,1,NULL,NULL,NULL,NULL,NULL,NULL,NULL,NULL,NULL,NULL,NULL,NULL,NULL,NULL,NULL,NULL,5527,'5527','NRM-CGI-005527|BI041012',NULL,NULL,NULL,'\0',NULL,'Hona','',NULL,NULL,7,93,93,1,93,179,NULL,NULL,93,NULL),(94,6,0,NULL,NULL,NULL,NULL,NULL,NULL,NULL,NULL,NULL,NULL,NULL,NULL,NULL,NULL,NULL,NULL,5529,'5529','NRM-CGI-005529|BI041012',NULL,NULL,NULL,NULL,NULL,'Hona','',NULL,NULL,7,94,94,1,94,180,NULL,NULL,94,NULL),(94,7,1,NULL,NULL,NULL,NULL,NULL,NULL,NULL,NULL,NULL,NULL,NULL,NULL,NULL,NULL,NULL,NULL,5529,'5529','NRM-CGI-005529|BI041012',NULL,NULL,NULL,'\0',NULL,'Hona','',NULL,NULL,7,94,94,1,94,180,NULL,NULL,94,NULL),(95,6,0,NULL,NULL,NULL,NULL,NULL,NULL,NULL,NULL,NULL,NULL,NULL,NULL,NULL,NULL,NULL,NULL,2006,'2006','NRM-CGI-002006|BI041023',NULL,NULL,NULL,NULL,NULL,'Hona','',NULL,NULL,7,95,95,1,95,181,NULL,NULL,95,NULL),(95,7,1,NULL,NULL,NULL,NULL,NULL,NULL,NULL,NULL,NULL,NULL,NULL,NULL,NULL,NULL,NULL,NULL,2006,'2006','NRM-CGI-002006|BI041023',NULL,NULL,NULL,'\0',NULL,'Hona','',NULL,NULL,7,95,95,1,95,181,NULL,NULL,95,NULL),(96,6,0,NULL,NULL,NULL,NULL,NULL,NULL,NULL,NULL,NULL,NULL,NULL,NULL,NULL,NULL,NULL,NULL,2010,'2010','NRM-CGI-002010|BI041025',NULL,NULL,NULL,NULL,NULL,'Hona','',NULL,NULL,7,96,96,1,96,182,NULL,NULL,96,NULL),(96,7,1,NULL,NULL,NULL,NULL,NULL,NULL,NULL,NULL,NULL,NULL,NULL,NULL,NULL,NULL,NULL,NULL,2010,'2010','NRM-CGI-002010|BI041025',NULL,NULL,NULL,'\0',NULL,'Hona','',NULL,NULL,7,96,96,1,96,182,NULL,NULL,96,NULL),(97,6,0,NULL,NULL,NULL,NULL,NULL,NULL,NULL,NULL,NULL,NULL,NULL,NULL,NULL,NULL,NULL,NULL,2001,'2001','NRM-CGI-002001|BI041035',NULL,NULL,NULL,NULL,NULL,'Hona','',NULL,NULL,7,97,97,1,97,183,NULL,NULL,97,NULL),(97,7,1,NULL,NULL,NULL,NULL,NULL,NULL,NULL,NULL,NULL,NULL,NULL,NULL,NULL,NULL,NULL,NULL,2001,'2001','NRM-CGI-002001|BI041035',NULL,NULL,NULL,'\0',NULL,'Hona','',NULL,NULL,7,97,97,1,97,183,NULL,NULL,97,NULL),(98,6,0,NULL,NULL,NULL,NULL,NULL,NULL,NULL,NULL,NULL,NULL,NULL,NULL,NULL,NULL,NULL,NULL,1993,'1993','NRM-CGI-001993|BI041036',NULL,NULL,NULL,NULL,NULL,'Hona','',NULL,NULL,7,98,98,1,98,184,NULL,NULL,98,NULL),(98,7,1,NULL,NULL,NULL,NULL,NULL,NULL,NULL,NULL,NULL,NULL,NULL,NULL,NULL,NULL,NULL,NULL,1993,'1993','NRM-CGI-001993|BI041036',NULL,NULL,NULL,'\0',NULL,'Hona','',NULL,NULL,7,98,98,1,98,184,NULL,NULL,98,NULL),(99,6,0,NULL,NULL,NULL,NULL,NULL,NULL,NULL,NULL,NULL,NULL,NULL,NULL,NULL,NULL,NULL,NULL,2743,'2743','NRM-CGI-002743|BI041043',NULL,NULL,NULL,NULL,NULL,'Hona','',NULL,NULL,7,99,99,1,99,185,NULL,NULL,99,NULL),(99,7,1,NULL,NULL,NULL,NULL,NULL,NULL,NULL,NULL,NULL,NULL,NULL,NULL,NULL,NULL,NULL,NULL,2743,'2743','NRM-CGI-002743|BI041043',NULL,NULL,NULL,'\0',NULL,'Hona','',NULL,NULL,7,99,99,1,99,185,NULL,NULL,99,NULL),(100,6,0,NULL,NULL,NULL,NULL,NULL,NULL,NULL,NULL,NULL,NULL,NULL,NULL,NULL,NULL,NULL,NULL,2741,'2741','NRM-CGI-002741|BI041043',NULL,NULL,NULL,NULL,NULL,'Hona','',NULL,NULL,7,100,100,1,100,186,NULL,NULL,100,NULL),(100,7,1,NULL,NULL,NULL,NULL,NULL,NULL,NULL,NULL,NULL,NULL,NULL,NULL,NULL,NULL,NULL,NULL,2741,'2741','NRM-CGI-002741|BI041043',NULL,NULL,NULL,'\0',NULL,'Hona','',NULL,NULL,7,100,100,1,100,186,NULL,NULL,100,NULL),(101,6,0,NULL,NULL,NULL,NULL,NULL,NULL,NULL,NULL,NULL,NULL,NULL,NULL,NULL,NULL,NULL,NULL,2746,'2746','NRM-CGI-002746|BI041043',NULL,NULL,NULL,NULL,NULL,'Hona','',NULL,NULL,7,101,101,1,101,187,NULL,NULL,101,NULL),(101,7,1,NULL,NULL,NULL,NULL,NULL,NULL,NULL,NULL,NULL,NULL,NULL,NULL,NULL,NULL,NULL,NULL,2746,'2746','NRM-CGI-002746|BI041043',NULL,NULL,NULL,'\0',NULL,'Hona','',NULL,NULL,7,101,101,1,101,187,NULL,NULL,101,NULL),(102,6,0,NULL,NULL,NULL,NULL,NULL,NULL,NULL,NULL,NULL,NULL,NULL,NULL,NULL,NULL,NULL,NULL,2747,'2747','NRM-CGI-002747|BI041043',NULL,NULL,NULL,NULL,NULL,'Hona','',NULL,NULL,7,102,102,1,102,188,NULL,NULL,102,NULL),(102,7,1,NULL,NULL,NULL,NULL,NULL,NULL,NULL,NULL,NULL,NULL,NULL,NULL,NULL,NULL,NULL,NULL,2747,'2747','NRM-CGI-002747|BI041043',NULL,NULL,NULL,'\0',NULL,'Hona','',NULL,NULL,7,102,102,1,102,188,NULL,NULL,102,NULL),(103,6,0,NULL,NULL,NULL,NULL,NULL,NULL,NULL,NULL,NULL,NULL,NULL,NULL,NULL,NULL,NULL,NULL,2750,'2750','NRM-CGI-002750|BI041043',NULL,NULL,NULL,NULL,NULL,'Hona','',NULL,NULL,7,103,103,1,103,189,NULL,NULL,103,NULL),(103,7,1,NULL,NULL,NULL,NULL,NULL,NULL,NULL,NULL,NULL,NULL,NULL,NULL,NULL,NULL,NULL,NULL,2750,'2750','NRM-CGI-002750|BI041043',NULL,NULL,NULL,'\0',NULL,'Hona','',NULL,NULL,7,103,103,1,103,189,NULL,NULL,103,NULL),(104,6,0,NULL,NULL,NULL,NULL,NULL,NULL,NULL,NULL,NULL,NULL,NULL,NULL,NULL,NULL,NULL,NULL,2740,'2740','NRM-CGI-002740|BI041043',NULL,NULL,NULL,NULL,NULL,'Hona','',NULL,NULL,7,104,104,1,104,190,NULL,NULL,104,NULL),(104,7,1,NULL,NULL,NULL,NULL,NULL,NULL,NULL,NULL,NULL,NULL,NULL,NULL,NULL,NULL,NULL,NULL,2740,'2740','NRM-CGI-002740|BI041043',NULL,NULL,NULL,'\0',NULL,'Hona','',NULL,NULL,7,104,104,1,104,190,NULL,NULL,104,NULL),(105,6,0,NULL,NULL,NULL,NULL,NULL,NULL,NULL,NULL,NULL,NULL,NULL,NULL,NULL,NULL,NULL,NULL,2744,'2744','NRM-CGI-002744|BI041043',NULL,NULL,NULL,NULL,NULL,'Hona','',NULL,NULL,7,105,105,1,105,191,NULL,NULL,105,NULL),(105,7,1,NULL,NULL,NULL,NULL,NULL,NULL,NULL,NULL,NULL,NULL,NULL,NULL,NULL,NULL,NULL,NULL,2744,'2744','NRM-CGI-002744|BI041043',NULL,NULL,NULL,'\0',NULL,'Hona','',NULL,NULL,7,105,105,1,105,191,NULL,NULL,105,NULL),(106,6,0,NULL,NULL,NULL,NULL,NULL,NULL,NULL,NULL,NULL,NULL,NULL,NULL,NULL,NULL,NULL,NULL,2748,'2748','NRM-CGI-002748|BI041043',NULL,NULL,NULL,NULL,NULL,'Hona','',NULL,NULL,7,106,106,1,106,192,NULL,NULL,106,NULL),(106,7,1,NULL,NULL,NULL,NULL,NULL,NULL,NULL,NULL,NULL,NULL,NULL,NULL,NULL,NULL,NULL,NULL,2748,'2748','NRM-CGI-002748|BI041043',NULL,NULL,NULL,'\0',NULL,'Hona','',NULL,NULL,7,106,106,1,106,192,NULL,NULL,106,NULL),(107,6,0,NULL,NULL,NULL,NULL,NULL,NULL,NULL,NULL,NULL,NULL,NULL,NULL,NULL,NULL,NULL,NULL,2749,'2749','NRM-CGI-002749|BI041043',NULL,NULL,NULL,NULL,NULL,'Hona','',NULL,NULL,7,107,107,1,107,193,NULL,NULL,107,NULL),(107,7,1,NULL,NULL,NULL,NULL,NULL,NULL,NULL,NULL,NULL,NULL,NULL,NULL,NULL,NULL,NULL,NULL,2749,'2749','NRM-CGI-002749|BI041043',NULL,NULL,NULL,'\0',NULL,'Hona','',NULL,NULL,7,107,107,1,107,193,NULL,NULL,107,NULL),(108,6,0,NULL,NULL,NULL,NULL,NULL,NULL,NULL,NULL,NULL,NULL,NULL,NULL,NULL,NULL,NULL,NULL,2745,'2745','NRM-CGI-002745|BI041043',NULL,NULL,NULL,NULL,NULL,'Hona','',NULL,NULL,7,108,108,1,108,194,NULL,NULL,108,NULL),(108,7,1,NULL,NULL,NULL,NULL,NULL,NULL,NULL,NULL,NULL,NULL,NULL,NULL,NULL,NULL,NULL,NULL,2745,'2745','NRM-CGI-002745|BI041043',NULL,NULL,NULL,'\0',NULL,'Hona','',NULL,NULL,7,108,108,1,108,194,NULL,NULL,108,NULL),(109,6,0,NULL,NULL,NULL,NULL,NULL,NULL,NULL,NULL,NULL,NULL,NULL,NULL,NULL,NULL,NULL,NULL,2742,'2742','NRM-CGI-002742|BI041043',NULL,NULL,NULL,NULL,NULL,'Hona','',NULL,NULL,7,109,109,1,109,195,NULL,NULL,109,NULL),(109,7,1,NULL,NULL,NULL,NULL,NULL,NULL,NULL,NULL,NULL,NULL,NULL,NULL,NULL,NULL,NULL,NULL,2742,'2742','NRM-CGI-002742|BI041043',NULL,NULL,NULL,'\0',NULL,'Hona','',NULL,NULL,7,109,109,1,109,195,NULL,NULL,109,NULL),(110,6,0,NULL,NULL,NULL,NULL,NULL,NULL,NULL,NULL,NULL,NULL,NULL,NULL,NULL,NULL,NULL,NULL,5248,'5248','NRM-CGI-005248|BI041047',NULL,NULL,NULL,NULL,NULL,'Hona','',NULL,NULL,7,110,110,1,110,196,NULL,NULL,110,NULL),(110,7,1,NULL,NULL,NULL,NULL,NULL,NULL,NULL,NULL,NULL,NULL,NULL,NULL,NULL,NULL,NULL,NULL,5248,'5248','NRM-CGI-005248|BI041047',NULL,NULL,NULL,'\0',NULL,'Hona','',NULL,NULL,7,110,110,1,110,196,NULL,NULL,110,NULL);
/*!40000 ALTER TABLE `Specimens_AUD` ENABLE KEYS */;
UNLOCK TABLES;

--
-- Table structure for table `Spots`
--

DROP TABLE IF EXISTS `Spots`;
/*!40101 SET @saved_cs_client     = @@character_set_client */;
/*!40101 SET character_set_client = utf8 */;
CREATE TABLE `Spots` (
  `SpotID` int(11) NOT NULL AUTO_INCREMENT,
  `Background` double NOT NULL,
  `LastModified` datetime(6) DEFAULT NULL,
  `NormVol` double NOT NULL,
  `Present` bit(1) NOT NULL,
  `Quality` varchar(5) DEFAULT NULL,
  `SpotColumn` int(11) NOT NULL,
  `SpotRow` varchar(1) NOT NULL,
  `VolBkgnd` double NOT NULL,
  `Volume` double NOT NULL,
  `CloneID` int(11) DEFAULT NULL,
  `HybridizationID` int(11) DEFAULT NULL,
  PRIMARY KEY (`SpotID`),
  KEY `FK_pmnlt8vntd8p1c8gprjyib8as` (`CloneID`),
  KEY `FK_cuflk23ug0204f8gddp5ihwym` (`HybridizationID`),
  CONSTRAINT `FK_cuflk23ug0204f8gddp5ihwym` FOREIGN KEY (`HybridizationID`) REFERENCES `Hybridizations` (`HybridizationID`),
  CONSTRAINT `FK_pmnlt8vntd8p1c8gprjyib8as` FOREIGN KEY (`CloneID`) REFERENCES `Clones` (`CloneID`)
) ENGINE=InnoDB DEFAULT CHARSET=latin1;
/*!40101 SET character_set_client = @saved_cs_client */;

--
-- Dumping data for table `Spots`
--

LOCK TABLES `Spots` WRITE;
/*!40000 ALTER TABLE `Spots` DISABLE KEYS */;
/*!40000 ALTER TABLE `Spots` ENABLE KEYS */;
UNLOCK TABLES;

--
-- Table structure for table `SpreadSheetColumns`
--

DROP TABLE IF EXISTS `SpreadSheetColumns`;
/*!40101 SET @saved_cs_client     = @@character_set_client */;
/*!40101 SET character_set_client = utf8 */;
CREATE TABLE `SpreadSheetColumns` (
  `SpreadSheetColumnID` int(11) NOT NULL AUTO_INCREMENT,
  `ColumnIndex` varchar(50) NOT NULL,
  `Field` longtext NOT NULL,
  `SeqSubmissionConfigID` int(11) DEFAULT NULL,
  `SpreadSheetTemplateID` int(11) DEFAULT NULL,
  PRIMARY KEY (`SpreadSheetColumnID`),
  KEY `FK_s7391xm6gpdaivq4k87wt2g8h` (`SeqSubmissionConfigID`),
  KEY `FK_4hn0og6pmo69k02rt88nfidff` (`SpreadSheetTemplateID`),
  CONSTRAINT `FK_4hn0og6pmo69k02rt88nfidff` FOREIGN KEY (`SpreadSheetTemplateID`) REFERENCES `SpreadSheetTemplates` (`SpreadSheetTemplateID`),
  CONSTRAINT `FK_s7391xm6gpdaivq4k87wt2g8h` FOREIGN KEY (`SeqSubmissionConfigID`) REFERENCES `SeqSubmissionConfigs` (`SeqSubmissionConfigID`)
) ENGINE=InnoDB AUTO_INCREMENT=8 DEFAULT CHARSET=latin1;
/*!40101 SET character_set_client = @saved_cs_client */;

--
-- Dumping data for table `SpreadSheetColumns`
--

LOCK TABLES `SpreadSheetColumns` WRITE;
/*!40000 ALTER TABLE `SpreadSheetColumns` DISABLE KEYS */;
INSERT INTO `SpreadSheetColumns` VALUES (1,'B','sample.specimen.number',2,NULL),(2,'C','region.name',2,NULL),(3,'D','sample.specimen.collectionCode',2,NULL),(4,'E','pcrBatch.indexSet',2,NULL),(5,'F','sample.tubeId',2,NULL),(6,'G','primerForward.name',2,NULL),(7,'H','primerReverse.name',2,NULL);
/*!40000 ALTER TABLE `SpreadSheetColumns` ENABLE KEYS */;
UNLOCK TABLES;

--
-- Table structure for table `SpreadSheetTemplates`
--

DROP TABLE IF EXISTS `SpreadSheetTemplates`;
/*!40101 SET @saved_cs_client     = @@character_set_client */;
/*!40101 SET character_set_client = utf8 */;
CREATE TABLE `SpreadSheetTemplates` (
  `SpreadSheetTemplateID` int(11) NOT NULL AUTO_INCREMENT,
  `Importer` varchar(32) NOT NULL,
  `Name` varchar(100) NOT NULL,
  `AccountProfileID` int(11) NOT NULL,
  PRIMARY KEY (`SpreadSheetTemplateID`),
  KEY `FK_bwa6s2770ef5adnwm1k214yh7` (`AccountProfileID`),
  CONSTRAINT `FK_bwa6s2770ef5adnwm1k214yh7` FOREIGN KEY (`AccountProfileID`) REFERENCES `AccountProfiles` (`AccountProfileID`)
) ENGINE=InnoDB DEFAULT CHARSET=latin1;
/*!40101 SET character_set_client = @saved_cs_client */;

--
-- Dumping data for table `SpreadSheetTemplates`
--

LOCK TABLES `SpreadSheetTemplates` WRITE;
/*!40000 ALTER TABLE `SpreadSheetTemplates` DISABLE KEYS */;
/*!40000 ALTER TABLE `SpreadSheetTemplates` ENABLE KEYS */;
UNLOCK TABLES;

--
-- Table structure for table `Storages`
--

DROP TABLE IF EXISTS `Storages`;
/*!40101 SET @saved_cs_client     = @@character_set_client */;
/*!40101 SET character_set_client = utf8 */;
CREATE TABLE `Storages` (
  `StorageID` int(11) NOT NULL AUTO_INCREMENT,
  `CompartmentType` varchar(50) DEFAULT NULL,
  `Description` varchar(200) DEFAULT NULL,
  `LastModified` datetime(6) DEFAULT NULL,
  `Name` varchar(50) NOT NULL,
  `NumberOfShelves` int(11) DEFAULT NULL,
  `RoomNumber` varchar(50) DEFAULT NULL,
  `GroupID` int(11) DEFAULT NULL,
  PRIMARY KEY (`StorageID`),
  UNIQUE KEY `UK_rfxhmrf2nokgc4svgxj8jm2fa` (`Name`),
  KEY `FK_jma7et3xaob4668lptl2wswup` (`GroupID`),
  CONSTRAINT `FK_jma7et3xaob4668lptl2wswup` FOREIGN KEY (`GroupID`) REFERENCES `Groups` (`GroupID`)
) ENGINE=InnoDB AUTO_INCREMENT=5 DEFAULT CHARSET=latin1;
/*!40101 SET character_set_client = @saved_cs_client */;

--
-- Dumping data for table `Storages`
--

LOCK TABLES `Storages` WRITE;
/*!40000 ALTER TABLE `Storages` DISABLE KEYS */;
INSERT INTO `Storages` VALUES (1,'Upper/Lower','description 1','2013-03-19 00:00:00.000000','name 1',2,'2000',1),(2,'Upper/Lower','description 2','2013-03-19 00:00:00.000000','name 2',3,'3000',1),(3,'Upper/Mid/Lower','description 3','2013-03-19 00:00:00.000000','name 3',4,'4000',1),(4,'Upper/Mid/Lower','description 4','2013-03-19 00:00:00.000000','name 4',5,'5000',3);
/*!40000 ALTER TABLE `Storages` ENABLE KEYS */;
UNLOCK TABLES;

--
-- Table structure for table `SubmissionFacilitys`
--

DROP TABLE IF EXISTS `SubmissionFacilitys`;
/*!40101 SET @saved_cs_client     = @@character_set_client */;
/*!40101 SET character_set_client = utf8 */;
CREATE TABLE `SubmissionFacilitys` (
  `SubmissionFacilityID` int(11) NOT NULL AUTO_INCREMENT,
  `Contact` varchar(1024) DEFAULT NULL,
  `LastModified` datetime(6) DEFAULT NULL,
  `Name` varchar(255) NOT NULL,
  `Notes` varchar(1024) DEFAULT NULL,
  `ShippingDetails` varchar(1024) DEFAULT NULL,
  PRIMARY KEY (`SubmissionFacilityID`),
  UNIQUE KEY `UK_junyw2tx3grj5atqekn689wp3` (`Name`)
) ENGINE=InnoDB AUTO_INCREMENT=3 DEFAULT CHARSET=latin1;
/*!40101 SET character_set_client = @saved_cs_client */;

--
-- Dumping data for table `SubmissionFacilitys`
--

LOCK TABLES `SubmissionFacilitys` WRITE;
/*!40000 ALTER TABLE `SubmissionFacilitys` DISABLE KEYS */;
INSERT INTO `SubmissionFacilitys` VALUES (1,'PBI Contact Info','2017-06-23 00:00:00.000000','PBI','PBI notes','PBI Shipping Details'),(2,'MTL Contact Info','2017-06-23 00:00:00.000000','MTL','MTL Notes','MTL Shipping Details');
/*!40000 ALTER TABLE `SubmissionFacilitys` ENABLE KEYS */;
UNLOCK TABLES;

--
-- Table structure for table `SubmissionFacilitys_AUD`
--

DROP TABLE IF EXISTS `SubmissionFacilitys_AUD`;
/*!40101 SET @saved_cs_client     = @@character_set_client */;
/*!40101 SET character_set_client = utf8 */;
CREATE TABLE `SubmissionFacilitys_AUD` (
  `SubmissionFacilityID` int(11) NOT NULL,
  `REV` int(11) NOT NULL,
  `REVTYPE` tinyint(4) DEFAULT NULL,
  `Contact` varchar(1024) DEFAULT NULL,
  `Name` varchar(255) DEFAULT NULL,
  `Notes` varchar(1024) DEFAULT NULL,
  `ShippingDetails` varchar(1024) DEFAULT NULL,
  PRIMARY KEY (`SubmissionFacilityID`,`REV`),
  KEY `FK_goum9a5y0kseu9dl94pdk6io9` (`REV`),
  CONSTRAINT `FK_goum9a5y0kseu9dl94pdk6io9` FOREIGN KEY (`REV`) REFERENCES `Revision` (`id`)
) ENGINE=InnoDB DEFAULT CHARSET=latin1;
/*!40101 SET character_set_client = @saved_cs_client */;

--
-- Dumping data for table `SubmissionFacilitys_AUD`
--

LOCK TABLES `SubmissionFacilitys_AUD` WRITE;
/*!40000 ALTER TABLE `SubmissionFacilitys_AUD` DISABLE KEYS */;
/*!40000 ALTER TABLE `SubmissionFacilitys_AUD` ENABLE KEYS */;
UNLOCK TABLES;

--
-- Table structure for table `TagFragment`
--

DROP TABLE IF EXISTS `TagFragment`;
/*!40101 SET @saved_cs_client     = @@character_set_client */;
/*!40101 SET character_set_client = utf8 */;
CREATE TABLE `TagFragment` (
  `TagID` int(11) NOT NULL,
  `FragmentID` int(11) NOT NULL,
  PRIMARY KEY (`TagID`,`FragmentID`),
  KEY `FK_swtwrw5un870fjrefj2xtbnp4` (`FragmentID`),
  CONSTRAINT `FK_643autsd7naoi3ym5n1cmyqyy` FOREIGN KEY (`TagID`) REFERENCES `ProjectTags` (`TagID`),
  CONSTRAINT `FK_swtwrw5un870fjrefj2xtbnp4` FOREIGN KEY (`FragmentID`) REFERENCES `Fragments` (`FragmentID`)
) ENGINE=InnoDB DEFAULT CHARSET=latin1;
/*!40101 SET character_set_client = @saved_cs_client */;

--
-- Dumping data for table `TagFragment`
--

LOCK TABLES `TagFragment` WRITE;
/*!40000 ALTER TABLE `TagFragment` DISABLE KEYS */;
/*!40000 ALTER TABLE `TagFragment` ENABLE KEYS */;
UNLOCK TABLES;

--
-- Table structure for table `TagMixedSpecimen`
--

DROP TABLE IF EXISTS `TagMixedSpecimen`;
/*!40101 SET @saved_cs_client     = @@character_set_client */;
/*!40101 SET character_set_client = utf8 */;
CREATE TABLE `TagMixedSpecimen` (
  `TagID` int(11) NOT NULL,
  `MixedSpecimenID` int(11) NOT NULL,
  PRIMARY KEY (`TagID`,`MixedSpecimenID`),
  KEY `FK_2qk33ir4t157gly8xhlolo5n0` (`MixedSpecimenID`),
  CONSTRAINT `FK_2qk33ir4t157gly8xhlolo5n0` FOREIGN KEY (`MixedSpecimenID`) REFERENCES `MixedSpecimens` (`MixedSpecimenID`),
  CONSTRAINT `FK_occi02fr0coj9twv04gnbmi94` FOREIGN KEY (`TagID`) REFERENCES `ProjectTags` (`TagID`)
) ENGINE=InnoDB DEFAULT CHARSET=latin1;
/*!40101 SET character_set_client = @saved_cs_client */;

--
-- Dumping data for table `TagMixedSpecimen`
--

LOCK TABLES `TagMixedSpecimen` WRITE;
/*!40000 ALTER TABLE `TagMixedSpecimen` DISABLE KEYS */;
INSERT INTO `TagMixedSpecimen` VALUES (8,1),(2,2),(3,3),(4,4),(5,5),(6,6),(7,12);
/*!40000 ALTER TABLE `TagMixedSpecimen` ENABLE KEYS */;
UNLOCK TABLES;

--
-- Table structure for table `TagSample`
--

DROP TABLE IF EXISTS `TagSample`;
/*!40101 SET @saved_cs_client     = @@character_set_client */;
/*!40101 SET character_set_client = utf8 */;
CREATE TABLE `TagSample` (
  `TagID` int(11) NOT NULL,
  `SampleID` int(11) NOT NULL,
  PRIMARY KEY (`TagID`,`SampleID`),
  KEY `FK_mbq67ya7vpqircwp8at9286hk` (`SampleID`),
  CONSTRAINT `FK_1sjim4vyu289iagm2oe7me121` FOREIGN KEY (`TagID`) REFERENCES `ProjectTags` (`TagID`),
  CONSTRAINT `FK_mbq67ya7vpqircwp8at9286hk` FOREIGN KEY (`SampleID`) REFERENCES `Samples` (`SampleID`)
) ENGINE=InnoDB DEFAULT CHARSET=latin1;
/*!40101 SET character_set_client = @saved_cs_client */;

--
-- Dumping data for table `TagSample`
--

LOCK TABLES `TagSample` WRITE;
/*!40000 ALTER TABLE `TagSample` DISABLE KEYS */;
INSERT INTO `TagSample` VALUES (8,1),(2,2),(3,3),(4,4),(5,5),(6,6);
/*!40000 ALTER TABLE `TagSample` ENABLE KEYS */;
UNLOCK TABLES;

--
-- Table structure for table `TagSequence`
--

DROP TABLE IF EXISTS `TagSequence`;
/*!40101 SET @saved_cs_client     = @@character_set_client */;
/*!40101 SET character_set_client = utf8 */;
CREATE TABLE `TagSequence` (
  `TagID` int(11) NOT NULL,
  `SequenceID` int(11) NOT NULL,
  PRIMARY KEY (`TagID`,`SequenceID`),
  KEY `FK_29af0jdceosu00gp08484a2f1` (`SequenceID`),
  CONSTRAINT `FK_29af0jdceosu00gp08484a2f1` FOREIGN KEY (`SequenceID`) REFERENCES `Sequences` (`SequenceID`),
  CONSTRAINT `FK_dfy3l4v77lgwyqgf54diobg8t` FOREIGN KEY (`TagID`) REFERENCES `ProjectTags` (`TagID`)
) ENGINE=InnoDB DEFAULT CHARSET=latin1;
/*!40101 SET character_set_client = @saved_cs_client */;

--
-- Dumping data for table `TagSequence`
--

LOCK TABLES `TagSequence` WRITE;
/*!40000 ALTER TABLE `TagSequence` DISABLE KEYS */;
/*!40000 ALTER TABLE `TagSequence` ENABLE KEYS */;
UNLOCK TABLES;

--
-- Table structure for table `TagSpecimen`
--

DROP TABLE IF EXISTS `TagSpecimen`;
/*!40101 SET @saved_cs_client     = @@character_set_client */;
/*!40101 SET character_set_client = utf8 */;
CREATE TABLE `TagSpecimen` (
  `TagID` int(11) NOT NULL,
  `SpecimenID` int(11) NOT NULL,
  PRIMARY KEY (`TagID`,`SpecimenID`),
  KEY `FK_j44wkjwhacarb897v73r23pk5` (`SpecimenID`),
  CONSTRAINT `FK_dfesxqm81ixf0nlhludtrdsqs` FOREIGN KEY (`TagID`) REFERENCES `ProjectTags` (`TagID`),
  CONSTRAINT `FK_j44wkjwhacarb897v73r23pk5` FOREIGN KEY (`SpecimenID`) REFERENCES `Specimens` (`SpecimenID`)
) ENGINE=InnoDB DEFAULT CHARSET=latin1;
/*!40101 SET character_set_client = @saved_cs_client */;

--
-- Dumping data for table `TagSpecimen`
--

LOCK TABLES `TagSpecimen` WRITE;
/*!40000 ALTER TABLE `TagSpecimen` DISABLE KEYS */;
INSERT INTO `TagSpecimen` VALUES (8,1),(2,2),(3,3),(4,4),(5,5),(6,12);
/*!40000 ALTER TABLE `TagSpecimen` ENABLE KEYS */;
UNLOCK TABLES;

--
-- Table structure for table `TaskArguments`
--

DROP TABLE IF EXISTS `TaskArguments`;
/*!40101 SET @saved_cs_client     = @@character_set_client */;
/*!40101 SET character_set_client = utf8 */;
CREATE TABLE `TaskArguments` (
  `TaskID` int(11) NOT NULL,
  `Argument` varchar(255) DEFAULT NULL,
  KEY `FK_podnyp77yrdamkchlpeslqla9` (`TaskID`),
  CONSTRAINT `FK_podnyp77yrdamkchlpeslqla9` FOREIGN KEY (`TaskID`) REFERENCES `Tasks` (`TaskID`)
) ENGINE=InnoDB DEFAULT CHARSET=latin1;
/*!40101 SET character_set_client = @saved_cs_client */;

--
-- Dumping data for table `TaskArguments`
--

LOCK TABLES `TaskArguments` WRITE;
/*!40000 ALTER TABLE `TaskArguments` DISABLE KEYS */;
/*!40000 ALTER TABLE `TaskArguments` ENABLE KEYS */;
UNLOCK TABLES;

--
-- Table structure for table `Tasks`
--

DROP TABLE IF EXISTS `Tasks`;
/*!40101 SET @saved_cs_client     = @@character_set_client */;
/*!40101 SET character_set_client = utf8 */;
CREATE TABLE `Tasks` (
  `TaskID` int(11) NOT NULL AUTO_INCREMENT,
  `Description` varchar(255) DEFAULT NULL,
  `Name` varchar(255) DEFAULT NULL,
  `Type` varchar(255) NOT NULL,
  `AccountID` int(11) NOT NULL,
  `TimeInterval` int(11) DEFAULT NULL,
  `TimeUnit` varchar(255) DEFAULT NULL,
  `FileSystemWatcherEntryID` int(11) DEFAULT NULL,
  PRIMARY KEY (`TaskID`),
  KEY `FK_2rtb4sk2nb8xh2jxmsky5xdga` (`AccountID`),
  KEY `FK_lpenr1wqnlgis1koqqqw22kom` (`FileSystemWatcherEntryID`),
  CONSTRAINT `FK_2rtb4sk2nb8xh2jxmsky5xdga` FOREIGN KEY (`AccountID`) REFERENCES `Accounts` (`AccountID`),
  CONSTRAINT `FK_lpenr1wqnlgis1koqqqw22kom` FOREIGN KEY (`FileSystemWatcherEntryID`) REFERENCES `FileSystemWatcherEntry` (`FileSystemWatcherEntryID`)
) ENGINE=InnoDB DEFAULT CHARSET=latin1;
/*!40101 SET character_set_client = @saved_cs_client */;

--
-- Dumping data for table `Tasks`
--

LOCK TABLES `Tasks` WRITE;
/*!40000 ALTER TABLE `Tasks` DISABLE KEYS */;
/*!40000 ALTER TABLE `Tasks` ENABLE KEYS */;
UNLOCK TABLES;

--
-- Table structure for table `Taxa`
--

DROP TABLE IF EXISTS `Taxa`;
/*!40101 SET @saved_cs_client     = @@character_set_client */;
/*!40101 SET character_set_client = utf8 */;
CREATE TABLE `Taxa` (
  `TaxonID` int(11) NOT NULL AUTO_INCREMENT,
  `Author` varchar(100) DEFAULT NULL,
  `AuthorYear` int(11) DEFAULT NULL,
  `GenderEnding` varchar(10) DEFAULT NULL,
  `Identity` varchar(200) DEFAULT NULL,
  `Keywords` varchar(512) DEFAULT NULL,
  `LastModified` datetime(6) DEFAULT NULL,
  `LastModifiedBy` varchar(512) DEFAULT NULL,
  `Name` varchar(100) NOT NULL,
  `OrigName` varchar(100) DEFAULT NULL,
  `SubAuthor` varchar(100) DEFAULT NULL,
  `SubAuthorYear` int(11) DEFAULT NULL,
  `OrigComb` int(11) DEFAULT NULL,
  `Parent` int(11) DEFAULT NULL,
  `Preferred` int(11) DEFAULT NULL,
  `RClass` int(11) DEFAULT NULL,
  `RFamily` int(11) DEFAULT NULL,
  `RForma` int(11) DEFAULT NULL,
  `RFormaSpecialis` int(11) DEFAULT NULL,
  `RGenus` int(11) DEFAULT NULL,
  `RInfraclass` int(11) DEFAULT NULL,
  `RInfraorder` int(11) DEFAULT NULL,
  `RKingdom` int(11) DEFAULT NULL,
  `RNoRank` int(11) DEFAULT NULL,
  `ROrder` int(11) DEFAULT NULL,
  `RParvorder` int(11) DEFAULT NULL,
  `RPhylum` int(11) DEFAULT NULL,
  `RSection` int(11) DEFAULT NULL,
  `RSeries` int(11) DEFAULT NULL,
  `RSpecies` int(11) DEFAULT NULL,
  `RSpeciesGroup` int(11) DEFAULT NULL,
  `RSpeciesSubgroup` int(11) DEFAULT NULL,
  `RSubclass` int(11) DEFAULT NULL,
  `RSubfamily` int(11) DEFAULT NULL,
  `RSubgenus` int(11) DEFAULT NULL,
  `RSubkingdom` int(11) DEFAULT NULL,
  `RSuborder` int(11) DEFAULT NULL,
  `RSubphylum` int(11) DEFAULT NULL,
  `RSubspecies` int(11) DEFAULT NULL,
  `RSubtribe` int(11) DEFAULT NULL,
  `RSuperclass` int(11) DEFAULT NULL,
  `RSuperfamily` int(11) DEFAULT NULL,
  `RSuperkingdom` int(11) DEFAULT NULL,
  `RSuperorder` int(11) DEFAULT NULL,
  `RSuperphylum` int(11) DEFAULT NULL,
  `RTribe` int(11) DEFAULT NULL,
  `RVariety` int(11) DEFAULT NULL,
  `TaxonomicRank` int(11) DEFAULT NULL,
  `SameAs` int(11) DEFAULT NULL,
  PRIMARY KEY (`TaxonID`),
  KEY `FK_8xjjo8revddjgtew69fi2d4qo` (`OrigComb`),
  KEY `FK_bh11kemtx4pu5snt7ohpp001` (`Parent`),
  KEY `FK_sq1n8okqvy44oofqqvkhxqf13` (`Preferred`),
  KEY `FK_a9gk29p8sof5bnti457xfkh87` (`RClass`),
  KEY `FK_8g4x7w1q441tcqmjqjrepp9df` (`RFamily`),
  KEY `FK_6mhas0jkiqqwt9wqgd2tyuhwf` (`RForma`),
  KEY `FK_nvdn4ircr41s61ctno51viekd` (`RFormaSpecialis`),
  KEY `FK_le59c65oq61w3jtrk9b9tfo14` (`RGenus`),
  KEY `FK_qblg3frh0iswo7u3w6faghpr` (`RInfraclass`),
  KEY `FK_cacot4sqn736h54rx371yu6w6` (`RInfraorder`),
  KEY `FK_abmjpyg0a3fjx803jsvuohy8j` (`RKingdom`),
  KEY `FK_e7wdawkkl8giwgn4uwrqv8897` (`RNoRank`),
  KEY `FK_15ccibevnv1sc0ntlmbn7oxdt` (`ROrder`),
  KEY `FK_4dgb4gh2p3fmlalbj4qrolvkm` (`RParvorder`),
  KEY `FK_osm6gva5bo26w7obj7sl0k5f3` (`RPhylum`),
  KEY `FK_7x2v74i9c0j03hn520v736u82` (`RSection`),
  KEY `FK_5w10nvvxa5nfdr6vghqx8wic` (`RSeries`),
  KEY `FK_5k68p5d2j1dn1i1kp0cbi9m0f` (`RSpecies`),
  KEY `FK_mb8o3irwgug7doc3a2hfuos99` (`RSpeciesGroup`),
  KEY `FK_7yaw7x60h21dyp9dsvco0tu6c` (`RSpeciesSubgroup`),
  KEY `FK_hx82cmlm9a33gc2jnm1lhmc0o` (`RSubclass`),
  KEY `FK_9vmjpfkow8tsrpvkj1tls7l6c` (`RSubfamily`),
  KEY `FK_8vifg5efr3p08day12ari3ywb` (`RSubgenus`),
  KEY `FK_ih7ql24i0hufcjjnh22rv0xfb` (`RSubkingdom`),
  KEY `FK_lfjgcky9edg98resn1vadih2h` (`RSuborder`),
  KEY `FK_amncx0v5qk0t1rc2hdc80c4np` (`RSubphylum`),
  KEY `FK_fjyb34dplfbvwvhsaym7x1cxi` (`RSubspecies`),
  KEY `FK_ejljb80rovoht26aa8iqka6gf` (`RSubtribe`),
  KEY `FK_gu9ytkxs4x70fx0w53bw4lscx` (`RSuperclass`),
  KEY `FK_eyjixa0qguc5yxufrwscomh4x` (`RSuperfamily`),
  KEY `FK_c4fget0ufn0xy30sfpve8h4ty` (`RSuperkingdom`),
  KEY `FK_maxvacfxyxysc7lmrlf1npkto` (`RSuperorder`),
  KEY `FK_b4hyi1s7df54l89yxk8txbxd3` (`RSuperphylum`),
  KEY `FK_9vnuhsjbibxrndfjavof2oek3` (`RTribe`),
  KEY `FK_d3h9i3xcoa7d9norwjrft38ob` (`RVariety`),
  KEY `FK_gs4a2pja8lggk6611pag4f04h` (`TaxonomicRank`),
  KEY `FK_bw8gdw7kno52jatkm23yr7urg` (`SameAs`),
  CONSTRAINT `FK_15ccibevnv1sc0ntlmbn7oxdt` FOREIGN KEY (`ROrder`) REFERENCES `Taxa` (`TaxonID`),
  CONSTRAINT `FK_4dgb4gh2p3fmlalbj4qrolvkm` FOREIGN KEY (`RParvorder`) REFERENCES `Taxa` (`TaxonID`),
  CONSTRAINT `FK_5k68p5d2j1dn1i1kp0cbi9m0f` FOREIGN KEY (`RSpecies`) REFERENCES `Taxa` (`TaxonID`),
  CONSTRAINT `FK_5w10nvvxa5nfdr6vghqx8wic` FOREIGN KEY (`RSeries`) REFERENCES `Taxa` (`TaxonID`),
  CONSTRAINT `FK_6mhas0jkiqqwt9wqgd2tyuhwf` FOREIGN KEY (`RForma`) REFERENCES `Taxa` (`TaxonID`),
  CONSTRAINT `FK_7x2v74i9c0j03hn520v736u82` FOREIGN KEY (`RSection`) REFERENCES `Taxa` (`TaxonID`),
  CONSTRAINT `FK_7yaw7x60h21dyp9dsvco0tu6c` FOREIGN KEY (`RSpeciesSubgroup`) REFERENCES `Taxa` (`TaxonID`),
  CONSTRAINT `FK_8g4x7w1q441tcqmjqjrepp9df` FOREIGN KEY (`RFamily`) REFERENCES `Taxa` (`TaxonID`),
  CONSTRAINT `FK_8vifg5efr3p08day12ari3ywb` FOREIGN KEY (`RSubgenus`) REFERENCES `Taxa` (`TaxonID`),
  CONSTRAINT `FK_8xjjo8revddjgtew69fi2d4qo` FOREIGN KEY (`OrigComb`) REFERENCES `Taxa` (`TaxonID`),
  CONSTRAINT `FK_9vmjpfkow8tsrpvkj1tls7l6c` FOREIGN KEY (`RSubfamily`) REFERENCES `Taxa` (`TaxonID`),
  CONSTRAINT `FK_9vnuhsjbibxrndfjavof2oek3` FOREIGN KEY (`RTribe`) REFERENCES `Taxa` (`TaxonID`),
  CONSTRAINT `FK_a9gk29p8sof5bnti457xfkh87` FOREIGN KEY (`RClass`) REFERENCES `Taxa` (`TaxonID`),
  CONSTRAINT `FK_abmjpyg0a3fjx803jsvuohy8j` FOREIGN KEY (`RKingdom`) REFERENCES `Taxa` (`TaxonID`),
  CONSTRAINT `FK_amncx0v5qk0t1rc2hdc80c4np` FOREIGN KEY (`RSubphylum`) REFERENCES `Taxa` (`TaxonID`),
  CONSTRAINT `FK_b4hyi1s7df54l89yxk8txbxd3` FOREIGN KEY (`RSuperphylum`) REFERENCES `Taxa` (`TaxonID`),
  CONSTRAINT `FK_bh11kemtx4pu5snt7ohpp001` FOREIGN KEY (`Parent`) REFERENCES `Taxa` (`TaxonID`),
  CONSTRAINT `FK_bw8gdw7kno52jatkm23yr7urg` FOREIGN KEY (`SameAs`) REFERENCES `Taxa` (`TaxonID`),
  CONSTRAINT `FK_c4fget0ufn0xy30sfpve8h4ty` FOREIGN KEY (`RSuperkingdom`) REFERENCES `Taxa` (`TaxonID`),
  CONSTRAINT `FK_cacot4sqn736h54rx371yu6w6` FOREIGN KEY (`RInfraorder`) REFERENCES `Taxa` (`TaxonID`),
  CONSTRAINT `FK_d3h9i3xcoa7d9norwjrft38ob` FOREIGN KEY (`RVariety`) REFERENCES `Taxa` (`TaxonID`),
  CONSTRAINT `FK_e7wdawkkl8giwgn4uwrqv8897` FOREIGN KEY (`RNoRank`) REFERENCES `Taxa` (`TaxonID`),
  CONSTRAINT `FK_ejljb80rovoht26aa8iqka6gf` FOREIGN KEY (`RSubtribe`) REFERENCES `Taxa` (`TaxonID`),
  CONSTRAINT `FK_eyjixa0qguc5yxufrwscomh4x` FOREIGN KEY (`RSuperfamily`) REFERENCES `Taxa` (`TaxonID`),
  CONSTRAINT `FK_fjyb34dplfbvwvhsaym7x1cxi` FOREIGN KEY (`RSubspecies`) REFERENCES `Taxa` (`TaxonID`),
  CONSTRAINT `FK_gs4a2pja8lggk6611pag4f04h` FOREIGN KEY (`TaxonomicRank`) REFERENCES `TaxonRank` (`TaxonRankID`),
  CONSTRAINT `FK_gu9ytkxs4x70fx0w53bw4lscx` FOREIGN KEY (`RSuperclass`) REFERENCES `Taxa` (`TaxonID`),
  CONSTRAINT `FK_hx82cmlm9a33gc2jnm1lhmc0o` FOREIGN KEY (`RSubclass`) REFERENCES `Taxa` (`TaxonID`),
  CONSTRAINT `FK_ih7ql24i0hufcjjnh22rv0xfb` FOREIGN KEY (`RSubkingdom`) REFERENCES `Taxa` (`TaxonID`),
  CONSTRAINT `FK_le59c65oq61w3jtrk9b9tfo14` FOREIGN KEY (`RGenus`) REFERENCES `Taxa` (`TaxonID`),
  CONSTRAINT `FK_lfjgcky9edg98resn1vadih2h` FOREIGN KEY (`RSuborder`) REFERENCES `Taxa` (`TaxonID`),
  CONSTRAINT `FK_maxvacfxyxysc7lmrlf1npkto` FOREIGN KEY (`RSuperorder`) REFERENCES `Taxa` (`TaxonID`),
  CONSTRAINT `FK_mb8o3irwgug7doc3a2hfuos99` FOREIGN KEY (`RSpeciesGroup`) REFERENCES `Taxa` (`TaxonID`),
  CONSTRAINT `FK_nvdn4ircr41s61ctno51viekd` FOREIGN KEY (`RFormaSpecialis`) REFERENCES `Taxa` (`TaxonID`),
  CONSTRAINT `FK_osm6gva5bo26w7obj7sl0k5f3` FOREIGN KEY (`RPhylum`) REFERENCES `Taxa` (`TaxonID`),
  CONSTRAINT `FK_qblg3frh0iswo7u3w6faghpr` FOREIGN KEY (`RInfraclass`) REFERENCES `Taxa` (`TaxonID`),
  CONSTRAINT `FK_sq1n8okqvy44oofqqvkhxqf13` FOREIGN KEY (`Preferred`) REFERENCES `Taxa` (`TaxonID`)
) ENGINE=InnoDB AUTO_INCREMENT=8 DEFAULT CHARSET=latin1;
/*!40101 SET character_set_client = @saved_cs_client */;

--
-- Dumping data for table `Taxa`
--

LOCK TABLES `Taxa` WRITE;
/*!40000 ALTER TABLE `Taxa` DISABLE KEYS */;
INSERT INTO `Taxa` VALUES (1,'author',0,NULL,'All author 0[superkingdom]',NULL,'2013-03-19 00:00:00.000000','Bob','All','All',NULL,NULL,NULL,NULL,NULL,NULL,NULL,NULL,NULL,NULL,NULL,NULL,1,NULL,NULL,NULL,NULL,NULL,NULL,NULL,NULL,NULL,NULL,NULL,NULL,NULL,NULL,NULL,NULL,NULL,NULL,NULL,NULL,NULL,NULL,NULL,NULL,1,NULL),(2,'author',0,NULL,'Virus author 0[kingdom]',NULL,'2013-03-19 00:00:00.000000','Bob','Virus','Virus',NULL,NULL,NULL,1,NULL,NULL,NULL,NULL,NULL,NULL,NULL,NULL,2,NULL,NULL,NULL,NULL,NULL,NULL,NULL,NULL,NULL,NULL,NULL,NULL,NULL,NULL,NULL,NULL,NULL,NULL,NULL,NULL,NULL,NULL,NULL,NULL,2,NULL),(3,'Haeckel',1894,NULL,'Bacteria Haeckel 1894[kingdom]',NULL,'2013-03-19 00:00:00.000000','Bob','Bacteria','Bacteria',NULL,NULL,NULL,1,NULL,NULL,NULL,NULL,NULL,NULL,NULL,NULL,3,NULL,NULL,NULL,NULL,NULL,NULL,NULL,NULL,NULL,NULL,NULL,NULL,NULL,NULL,NULL,NULL,NULL,NULL,NULL,NULL,NULL,NULL,NULL,NULL,2,NULL),(4,'Haeckel',1866,NULL,'Protista Haeckel 1866[kingdom]',NULL,'2013-03-19 00:00:00.000000','Bob','Protista','Protista',NULL,NULL,NULL,1,NULL,NULL,NULL,NULL,NULL,NULL,NULL,NULL,4,NULL,NULL,NULL,NULL,NULL,NULL,NULL,NULL,NULL,NULL,NULL,NULL,NULL,NULL,NULL,NULL,NULL,NULL,NULL,NULL,NULL,NULL,NULL,NULL,2,NULL),(5,'Linnaeus',1753,NULL,'Fungi Linnaeus 1753[kingdom]',NULL,'2013-03-19 00:00:00.000000','Bob','Fungi','Fungi',NULL,NULL,NULL,1,NULL,NULL,NULL,NULL,NULL,NULL,NULL,NULL,5,NULL,NULL,NULL,NULL,NULL,NULL,NULL,NULL,NULL,NULL,NULL,NULL,NULL,NULL,NULL,NULL,NULL,NULL,NULL,NULL,NULL,NULL,NULL,NULL,2,NULL),(6,'Haeckel',1866,NULL,'Plantae Haeckel 1866[kingdom]',NULL,'2013-03-19 00:00:00.000000','Bob','Plantae','Plantae',NULL,NULL,NULL,1,NULL,NULL,NULL,NULL,NULL,NULL,NULL,NULL,6,NULL,NULL,NULL,NULL,NULL,NULL,NULL,NULL,NULL,NULL,NULL,NULL,NULL,NULL,NULL,NULL,NULL,NULL,NULL,NULL,NULL,NULL,NULL,NULL,2,NULL),(7,'Linnaeus',1758,NULL,'Animalia Linnaeus 1758[kingdom]',NULL,'2013-03-19 00:00:00.000000','Bob','Animalia','Animalia',NULL,NULL,NULL,1,NULL,NULL,NULL,NULL,NULL,NULL,NULL,NULL,7,NULL,NULL,NULL,NULL,NULL,NULL,NULL,NULL,NULL,NULL,NULL,NULL,NULL,NULL,NULL,NULL,NULL,NULL,NULL,NULL,NULL,NULL,NULL,NULL,2,NULL);
/*!40000 ALTER TABLE `Taxa` ENABLE KEYS */;
UNLOCK TABLES;

--
-- Table structure for table `Taxa_AUD`
--

DROP TABLE IF EXISTS `Taxa_AUD`;
/*!40101 SET @saved_cs_client     = @@character_set_client */;
/*!40101 SET character_set_client = utf8 */;
CREATE TABLE `Taxa_AUD` (
  `TaxonID` int(11) NOT NULL,
  `REV` int(11) NOT NULL,
  `REVTYPE` tinyint(4) DEFAULT NULL,
  `Author` varchar(100) DEFAULT NULL,
  `AuthorYear` int(11) DEFAULT NULL,
  `GenderEnding` varchar(10) DEFAULT NULL,
  `Identity` varchar(200) DEFAULT NULL,
  `Keywords` varchar(512) DEFAULT NULL,
  `LastModifiedBy` varchar(512) DEFAULT NULL,
  `Name` varchar(100) DEFAULT NULL,
  `OrigName` varchar(100) DEFAULT NULL,
  `SubAuthor` varchar(100) DEFAULT NULL,
  `SubAuthorYear` int(11) DEFAULT NULL,
  `OrigComb` int(11) DEFAULT NULL,
  `Parent` int(11) DEFAULT NULL,
  `Preferred` int(11) DEFAULT NULL,
  `RClass` int(11) DEFAULT NULL,
  `RFamily` int(11) DEFAULT NULL,
  `RForma` int(11) DEFAULT NULL,
  `RFormaSpecialis` int(11) DEFAULT NULL,
  `RGenus` int(11) DEFAULT NULL,
  `RInfraclass` int(11) DEFAULT NULL,
  `RInfraorder` int(11) DEFAULT NULL,
  `RKingdom` int(11) DEFAULT NULL,
  `RNoRank` int(11) DEFAULT NULL,
  `ROrder` int(11) DEFAULT NULL,
  `RParvorder` int(11) DEFAULT NULL,
  `RPhylum` int(11) DEFAULT NULL,
  `RSection` int(11) DEFAULT NULL,
  `RSeries` int(11) DEFAULT NULL,
  `RSpecies` int(11) DEFAULT NULL,
  `RSpeciesGroup` int(11) DEFAULT NULL,
  `RSpeciesSubgroup` int(11) DEFAULT NULL,
  `RSubclass` int(11) DEFAULT NULL,
  `RSubfamily` int(11) DEFAULT NULL,
  `RSubgenus` int(11) DEFAULT NULL,
  `RSubkingdom` int(11) DEFAULT NULL,
  `RSuborder` int(11) DEFAULT NULL,
  `RSubphylum` int(11) DEFAULT NULL,
  `RSubspecies` int(11) DEFAULT NULL,
  `RSubtribe` int(11) DEFAULT NULL,
  `RSuperclass` int(11) DEFAULT NULL,
  `RSuperfamily` int(11) DEFAULT NULL,
  `RSuperkingdom` int(11) DEFAULT NULL,
  `RSuperorder` int(11) DEFAULT NULL,
  `RSuperphylum` int(11) DEFAULT NULL,
  `RTribe` int(11) DEFAULT NULL,
  `RVariety` int(11) DEFAULT NULL,
  `TaxonomicRank` int(11) DEFAULT NULL,
  `SameAs` int(11) DEFAULT NULL,
  PRIMARY KEY (`TaxonID`,`REV`),
  KEY `FK_1f2xpfvvbo9of6eauolhvqp7u` (`REV`),
  CONSTRAINT `FK_1f2xpfvvbo9of6eauolhvqp7u` FOREIGN KEY (`REV`) REFERENCES `Revision` (`id`)
) ENGINE=InnoDB DEFAULT CHARSET=latin1;
/*!40101 SET character_set_client = @saved_cs_client */;

--
-- Dumping data for table `Taxa_AUD`
--

LOCK TABLES `Taxa_AUD` WRITE;
/*!40000 ALTER TABLE `Taxa_AUD` DISABLE KEYS */;
/*!40000 ALTER TABLE `Taxa_AUD` ENABLE KEYS */;
UNLOCK TABLES;

--
-- Table structure for table `TaxonInfo`
--

DROP TABLE IF EXISTS `TaxonInfo`;
/*!40101 SET @saved_cs_client     = @@character_set_client */;
/*!40101 SET character_set_client = utf8 */;
CREATE TABLE `TaxonInfo` (
  `TaxonInfoID` int(11) NOT NULL AUTO_INCREMENT,
  `Content` varchar(500) DEFAULT NULL,
  `ContentType` varchar(100) DEFAULT NULL,
  `Info` varchar(500) DEFAULT NULL,
  `InfoType` varchar(100) DEFAULT NULL,
  `LastModified` datetime(6) DEFAULT NULL,
  `lastModifiedBy` varchar(255) DEFAULT NULL,
  `Page` varchar(100) DEFAULT NULL,
  `Published` bit(1) DEFAULT NULL,
  `Field` int(11) DEFAULT NULL,
  `ReferenceID` int(11) DEFAULT NULL,
  `TaxonId` int(11) NOT NULL,
  PRIMARY KEY (`TaxonInfoID`),
  KEY `FK_3vj6jcwsuwtkcm2xfppshnjdf` (`Field`),
  KEY `FK_68fxul2h3cddufu0vpwj2ig36` (`ReferenceID`),
  KEY `FK_fsq05c8gi6u8h98gfpfb10k2j` (`TaxonId`),
  CONSTRAINT `FK_3vj6jcwsuwtkcm2xfppshnjdf` FOREIGN KEY (`Field`) REFERENCES `Lexicon` (`LexiconID`),
  CONSTRAINT `FK_68fxul2h3cddufu0vpwj2ig36` FOREIGN KEY (`ReferenceID`) REFERENCES `Refs` (`ReferenceID`),
  CONSTRAINT `FK_fsq05c8gi6u8h98gfpfb10k2j` FOREIGN KEY (`TaxonId`) REFERENCES `Taxa` (`TaxonID`)
) ENGINE=InnoDB DEFAULT CHARSET=latin1;
/*!40101 SET character_set_client = @saved_cs_client */;

--
-- Dumping data for table `TaxonInfo`
--

LOCK TABLES `TaxonInfo` WRITE;
/*!40000 ALTER TABLE `TaxonInfo` DISABLE KEYS */;
/*!40000 ALTER TABLE `TaxonInfo` ENABLE KEYS */;
UNLOCK TABLES;

--
-- Table structure for table `TaxonLink`
--

DROP TABLE IF EXISTS `TaxonLink`;
/*!40101 SET @saved_cs_client     = @@character_set_client */;
/*!40101 SET character_set_client = utf8 */;
CREATE TABLE `TaxonLink` (
  `TaxonLinkID` int(11) NOT NULL AUTO_INCREMENT,
  `LastModified` datetime(6) DEFAULT NULL,
  `Source` varchar(20) DEFAULT NULL,
  `SourceId` varchar(20) NOT NULL,
  `SourceLink` varchar(500) DEFAULT NULL,
  `TaxonID` int(11) NOT NULL,
  PRIMARY KEY (`TaxonLinkID`),
  KEY `FK_4ctc19khf6aaty1sxd3ao6xch` (`TaxonID`),
  CONSTRAINT `FK_4ctc19khf6aaty1sxd3ao6xch` FOREIGN KEY (`TaxonID`) REFERENCES `Taxa` (`TaxonID`)
) ENGINE=InnoDB DEFAULT CHARSET=latin1;
/*!40101 SET character_set_client = @saved_cs_client */;

--
-- Dumping data for table `TaxonLink`
--

LOCK TABLES `TaxonLink` WRITE;
/*!40000 ALTER TABLE `TaxonLink` DISABLE KEYS */;
/*!40000 ALTER TABLE `TaxonLink` ENABLE KEYS */;
UNLOCK TABLES;

--
-- Table structure for table `TaxonRank`
--

DROP TABLE IF EXISTS `TaxonRank`;
/*!40101 SET @saved_cs_client     = @@character_set_client */;
/*!40101 SET character_set_client = utf8 */;
CREATE TABLE `TaxonRank` (
  `TaxonRankID` int(11) NOT NULL AUTO_INCREMENT,
  `LastModified` datetime(6) DEFAULT NULL,
  `Name` varchar(60) DEFAULT NULL,
  `Note` varchar(512) DEFAULT NULL,
  `RankLevel` int(11) DEFAULT NULL,
  PRIMARY KEY (`TaxonRankID`)
) ENGINE=InnoDB AUTO_INCREMENT=30 DEFAULT CHARSET=latin1;
/*!40101 SET character_set_client = @saved_cs_client */;

--
-- Dumping data for table `TaxonRank`
--

LOCK TABLES `TaxonRank` WRITE;
/*!40000 ALTER TABLE `TaxonRank` DISABLE KEYS */;
INSERT INTO `TaxonRank` VALUES (1,'2013-03-19 00:00:00.000000','Superkingdom',NULL,10),(2,'2013-03-19 00:00:00.000000','Kingdom',NULL,20),(3,'2013-03-19 00:00:00.000000','Subkingdom',NULL,30),(4,'2013-03-19 00:00:00.000000','Superphylum',NULL,35),(5,'2013-03-19 00:00:00.000000','Phylum',NULL,40),(6,'2013-03-19 00:00:00.000000','Subphylum',NULL,45),(7,'2013-03-19 00:00:00.000000','Superclass',NULL,50),(8,'2013-03-19 00:00:00.000000','Class',NULL,60),(9,'2013-03-19 00:00:00.000000','Subclass',NULL,70),(10,'2013-03-19 00:00:00.000000','Infraclass',NULL,75),(11,'2013-03-19 00:00:00.000000','Superorder',NULL,77),(12,'2013-03-19 00:00:00.000000','Order',NULL,80),(13,'2013-03-19 00:00:00.000000','Suborder',NULL,85),(14,'2013-03-19 00:00:00.000000','Infraorder',NULL,90),(15,'2013-03-19 00:00:00.000000','Parvorder',NULL,91),(16,'2013-03-19 00:00:00.000000','Superfamily',NULL,95),(17,'2013-03-19 00:00:00.000000','Family',NULL,100),(18,'2013-03-19 00:00:00.000000','Subfamily',NULL,105),(19,'2013-03-19 00:00:00.000000','Tribe',NULL,120),(20,'2013-03-19 00:00:00.000000','Subtribe',NULL,125),(21,'2013-03-19 00:00:00.000000','Genus',NULL,140),(22,'2013-03-19 00:00:00.000000','Subgenus',NULL,145),(23,'2013-03-19 00:00:00.000000','Species',NULL,150),(24,'2013-03-19 00:00:00.000000','Subspecies',NULL,152),(25,'2013-03-19 00:00:00.000000','SpeciesGroup',NULL,155),(26,'2013-03-19 00:00:00.000000','SpeciesSubgroup',NULL,157),(27,'2013-03-19 00:00:00.000000','Varietas',NULL,160),(28,'2013-03-19 00:00:00.000000','Forma',NULL,170),(29,'2013-03-19 00:00:00.000000','NoRank',NULL,1);
/*!40000 ALTER TABLE `TaxonRank` ENABLE KEYS */;
UNLOCK TABLES;

--
-- Table structure for table `TaxonRank_AUD`
--

DROP TABLE IF EXISTS `TaxonRank_AUD`;
/*!40101 SET @saved_cs_client     = @@character_set_client */;
/*!40101 SET character_set_client = utf8 */;
CREATE TABLE `TaxonRank_AUD` (
  `TaxonRankID` int(11) NOT NULL,
  `REV` int(11) NOT NULL,
  `REVTYPE` tinyint(4) DEFAULT NULL,
  `Name` varchar(60) DEFAULT NULL,
  `Note` varchar(512) DEFAULT NULL,
  `RankLevel` int(11) DEFAULT NULL,
  PRIMARY KEY (`TaxonRankID`,`REV`),
  KEY `FK_dr0ralul51gdqvut0cmn0aaa6` (`REV`),
  CONSTRAINT `FK_dr0ralul51gdqvut0cmn0aaa6` FOREIGN KEY (`REV`) REFERENCES `Revision` (`id`)
) ENGINE=InnoDB DEFAULT CHARSET=latin1;
/*!40101 SET character_set_client = @saved_cs_client */;

--
-- Dumping data for table `TaxonRank_AUD`
--

LOCK TABLES `TaxonRank_AUD` WRITE;
/*!40000 ALTER TABLE `TaxonRank_AUD` DISABLE KEYS */;
/*!40000 ALTER TABLE `TaxonRank_AUD` ENABLE KEYS */;
UNLOCK TABLES;

--
-- Table structure for table `Taxonomys`
--

DROP TABLE IF EXISTS `Taxonomys`;
/*!40101 SET @saved_cs_client     = @@character_set_client */;
/*!40101 SET character_set_client = utf8 */;
CREATE TABLE `Taxonomys` (
  `TaxonomyID` int(11) NOT NULL AUTO_INCREMENT,
  `Authors` varchar(200) DEFAULT NULL,
  `CommonName` varchar(512) DEFAULT NULL,
  `Division` varchar(50) DEFAULT NULL,
  `Family` varchar(50) DEFAULT NULL,
  `Genus` varchar(50) DEFAULT NULL,
  `Kingdom` varchar(50) DEFAULT NULL,
  `LastModified` datetime(6) DEFAULT NULL,
  `Notes` varchar(1024) DEFAULT NULL,
  `Phylum` varchar(50) DEFAULT NULL,
  `Species` varchar(50) DEFAULT NULL,
  `State` varchar(50) DEFAULT NULL,
  `Strain` varchar(50) DEFAULT NULL,
  `Subgenera` varchar(200) DEFAULT NULL,
  `Superfamily` varchar(50) DEFAULT NULL,
  `Synonym` varchar(50) DEFAULT NULL,
  `TaxanomicClass` varchar(50) DEFAULT NULL,
  `TaxanomicGroup` varchar(50) DEFAULT NULL,
  `TaxanomicOrder` varchar(50) DEFAULT NULL,
  `TypeSpecimen` varchar(50) DEFAULT NULL,
  `Variety` varchar(50) DEFAULT NULL,
  PRIMARY KEY (`TaxonomyID`)
) ENGINE=InnoDB AUTO_INCREMENT=293 DEFAULT CHARSET=latin1;
/*!40101 SET character_set_client = @saved_cs_client */;

--
-- Dumping data for table `Taxonomys`
--

LOCK TABLES `Taxonomys` WRITE;
/*!40000 ALTER TABLE `Taxonomys` DISABLE KEYS */;
INSERT INTO `Taxonomys` VALUES (1,'aAuthor',NULL,'aDivision','aFamily','aGenus','aKingdom','2018-03-15 21:30:06.618000','aNotes','aPhylum','aSpecie',NULL,'aStrain','aSubgenera','aSuperFamily','aSynonym','aClass','aGroup','aOrder','aType','aVariety'),(2,'bAuthor',NULL,'bDivision','bFamily','bGenus','bKingdom','2018-03-15 21:30:06.440000','bNotes','bPhylum','bSpecie',NULL,'bStrain','bSubgenera','bSuperFamily','bSynonym','bClass','bGroup','bOrder','bType','bVariety'),(3,'3bAuthor',NULL,'3bDivision','3bFamily','3bGenus','3bKingdom','2018-03-15 21:30:06.295000','3bNotes','3bPhylum','3bSpecie',NULL,'3bStrain','3bSubgenera','3bSuperFamily','3bSynonym','3bClass','3bGroup','3bOrder','3bType','3bVariety'),(4,'4bAuthor',NULL,'4bDivision','4bFamily','4bGenus','4bKingdom','2018-03-15 21:30:06.154000','4bNotes','4bPhylum','4bSpecie',NULL,'4bStrain','4bSubgenera','4bSuperFamily','4bSynonym','4bClass','4bGroup','4bOrder','4bType','4bVariety'),(5,'10bAuthor',NULL,'10bDivision','10bFamily','10bGenus','10bKingdom','2018-03-15 21:30:05.994000','10bNotes','10bPhylum','10bSpecie',NULL,'10bStrain','10bSubgenera','10bSuperFamily','10bSynonym','10bClass','10bGroup','10bOrder','10bType','10bVariety'),(6,'20bAuthor',NULL,'20bDivision','20bFamily','20bGenus','20bKingdom','2013-03-19 00:00:00.000000','20bNotes','20bPhylum','20bSpecie','','20bStrain','20bSubgenera','20bSuperFamily','20bSynonym','20bClass','20bGroup','20bOrder','20bType','20bVariety'),(7,'30bAuthor',NULL,'30bDivision','30bFamily','30bGenus','30bKingdom','2013-03-19 00:00:00.000000','30bNotes','30bPhylum','30bSpecie','','30bStrain','30bSubgenera','30bSuperFamily','30bSynonym','30bClass','30bGroup','30bOrder','30bType','30bVariety'),(8,'40bAuthor',NULL,'40bDivision','40bFamily','40bGenus','40bKingdom','2013-03-19 00:00:00.000000','40bNotes','40bPhylum','40bSpecie','','40bStrain','40bSubgenera','40bSuperFamily','40bSynonym','40bClass','40bGroup','40bOrder','40bType','40bVariety'),(12,'12bAuthor',NULL,'12bDivision','12bFamily','12bGenus','12bKingdom','2018-03-15 21:30:05.830000','12bNotes','12bPhylum','12bSpecie',NULL,'12bStrain','12bSubgenera','12bSuperFamily','12bSynonym','12bClass','12bGroup','12bOrder','12bType','12bVariety'),(13,'13bAuthor',NULL,'13bDivision','13bFamily','13bGenus','13bKingdom','2013-03-19 00:00:00.000000','13bNotes','13bPhylum','13bSpecie','','13bStrain','13bSubgenera','13bSuperFamily','13bSynonym','13bClass','13bGroup','13bOrder','13bType','13bVariety'),(14,'14bAuthor',NULL,'14bDivision','14bFamily','14bGenus','14bKingdom','2013-03-19 00:00:00.000000','14bNotes','14bPhylum','14bSpecie','','14bStrain','14bSubgenera','14bSuperFamily','14bSynonym','14bClass','14bGroup','14bOrder','14bType','14bVariety'),(20,'20bAuthor',NULL,'20bDivision','20bFamily','20Genus','20Kingdom','2013-03-19 00:00:00.000000','20bNotes','20Phylum','20Species','','20bStrain','20bSubgenera','20bSuperFamily','20bSynonym','20bClass','20bGroup','20bOrder','20bType','20bVariety'),(21,'21bAuthor',NULL,'21bDivision','21bFamily','21Genus','21Kingdom','2013-03-19 00:00:00.000000','21bNotes','21Phylum','21Species','','21bStrain','21bSubgenera','21bSuperFamily','21bSynonym','21bClass','21bGroup','21bOrder','21bType','21bVariety'),(31,'31bAuthor',NULL,'31bDivision','31bFamily','31Genus','31Kingdom','2013-03-19 00:00:00.000000','31bNotes','31Phylum','31Species','','31bStrain','31bSubgenera','31bSuperFamily','31bSynonym','31bClass','31bGroup','31bOrder','31bType','31bVariety'),(32,'32bAuthor',NULL,'32bDivision','32bFamily','32Genus','32Kingdom','2013-03-19 00:00:00.000000','32bNotes','32Phylum','32Species','','32bStrain','32bSubgenera','32bSuperFamily','32bSynonym','32bClass','32bGroup','32bOrder','32bType','32bVariety'),(33,'33bAuthor',NULL,'33bDivision','33bFamily','33Genus','33Kingdom','2013-03-19 00:00:00.000000','33bNotes','33Phylum','33Species','','33bStrain','33bSubgenera','33bSuperFamily','33bSynonym','33bClass','33bGroup','33bOrder','33bType','33bVariety'),(34,'34bAuthor',NULL,'34bDivision','34bFamily','34Genus','34Kingdom','2013-03-19 00:00:00.000000','34bNotes','34Phylum','34Species','','34bStrain','34bSubgenera','34bSuperFamily','34bSynonym','34bClass','34bGroup','34bOrder','34bType','34bVariety'),(35,'35bAuthor',NULL,'35bDivision','35bFamily','35Genus','35Kingdom','2013-03-19 00:00:00.000000','35bNotes','35Phylum','35Species','','35bStrain','35bSubgenera','35bSuperFamily','35bSynonym','35bClass','35bGroup','35bOrder','35bType','35bVariety'),(36,'36bAuthor',NULL,'36bDivision','36bFamily','36Genus','36Kingdom','2013-03-19 00:00:00.000000','36bNotes','36Phylum','36Species','','36bStrain','36bSubgenera','36bSuperFamily','36bSynonym','36bClass','36bGroup','36bOrder','36bType','36bVariety'),(37,'37bAuthor',NULL,'37bDivision','37bFamily','37Genus','37Kingdom','2013-03-19 00:00:00.000000','37bNotes','37Phylum','37Species','','37bStrain','37bSubgenera','37bSuperFamily','37bSynonym','37bClass','37bGroup','37bOrder','37bType','37bVariety'),(38,'38bAuthor',NULL,'38bDivision','38bFamily','38Genus','38Kingdom','2013-03-19 00:00:00.000000','38bNotes','38Phylum','38Species','','38bStrain','38bSubgenera','38bSuperFamily','38bSynonym','38bClass','38bGroup','38bOrder','38bType','38bVariety'),(100,'100bAuthor',NULL,'100bDivision','100bFamily','100Genus','100Kingdom','2013-03-19 00:00:00.000000','100bNotes','100Phylum','100Species','','100bStrain','100bSubgenera','100bSuperFamily','100bSynonym','100bClass','100bGroup','100bOrder','100bType','100bVariety'),(101,NULL,'Bjrn',NULL,NULL,'Ursus',NULL,'2018-03-15 21:30:05.676000',NULL,NULL,'arctos',NULL,NULL,NULL,NULL,NULL,NULL,NULL,NULL,NULL,NULL),(102,NULL,NULL,NULL,NULL,NULL,NULL,'2018-03-15 20:53:09.501000',NULL,NULL,NULL,NULL,NULL,NULL,NULL,NULL,NULL,NULL,NULL,NULL,NULL),(103,NULL,'Bjrn',NULL,NULL,'Ursus',NULL,'2018-03-15 21:30:05.584000',NULL,NULL,'arctos',NULL,NULL,NULL,NULL,NULL,NULL,NULL,NULL,NULL,NULL),(104,NULL,NULL,NULL,NULL,NULL,NULL,'2018-03-15 20:53:09.812000',NULL,NULL,NULL,NULL,NULL,NULL,NULL,NULL,NULL,NULL,NULL,NULL,NULL),(105,NULL,'Bjrn',NULL,NULL,'Ursus',NULL,'2018-03-15 21:30:05.492000',NULL,NULL,'arctos',NULL,NULL,NULL,NULL,NULL,NULL,NULL,NULL,NULL,NULL),(106,NULL,NULL,NULL,NULL,NULL,NULL,'2018-03-15 20:53:10.253000',NULL,NULL,NULL,NULL,NULL,NULL,NULL,NULL,NULL,NULL,NULL,NULL,NULL),(107,NULL,'Bjrn',NULL,NULL,'Ursus',NULL,'2018-03-15 21:30:05.400000',NULL,NULL,'arctos',NULL,NULL,NULL,NULL,NULL,NULL,NULL,NULL,NULL,NULL),(108,NULL,NULL,NULL,NULL,NULL,NULL,'2018-03-15 20:53:11.089000',NULL,NULL,NULL,NULL,NULL,NULL,NULL,NULL,NULL,NULL,NULL,NULL,NULL),(109,NULL,'Bjrn',NULL,NULL,'Ursus',NULL,'2018-03-15 21:30:05.308000',NULL,NULL,'arctos',NULL,NULL,NULL,NULL,NULL,NULL,NULL,NULL,NULL,NULL),(110,NULL,NULL,NULL,NULL,NULL,NULL,'2018-03-15 20:53:11.479000',NULL,NULL,NULL,NULL,NULL,NULL,NULL,NULL,NULL,NULL,NULL,NULL,NULL),(111,NULL,'Bjrn',NULL,NULL,'Ursus',NULL,'2018-03-15 21:30:05.210000',NULL,NULL,'arctos',NULL,NULL,NULL,NULL,NULL,NULL,NULL,NULL,NULL,NULL),(112,NULL,NULL,NULL,NULL,NULL,NULL,'2018-03-15 20:53:11.822000',NULL,NULL,NULL,NULL,NULL,NULL,NULL,NULL,NULL,NULL,NULL,NULL,NULL),(113,NULL,'Bjrn',NULL,NULL,'Ursus',NULL,'2018-03-15 21:30:05.114000',NULL,NULL,'arctos',NULL,NULL,NULL,NULL,NULL,NULL,NULL,NULL,NULL,NULL),(114,NULL,NULL,NULL,NULL,NULL,NULL,'2018-03-15 20:53:11.985000',NULL,NULL,NULL,NULL,NULL,NULL,NULL,NULL,NULL,NULL,NULL,NULL,NULL),(115,NULL,'Bjrn',NULL,NULL,'Ursus',NULL,'2018-03-15 21:30:05.022000',NULL,NULL,'arctos',NULL,NULL,NULL,NULL,NULL,NULL,NULL,NULL,NULL,NULL),(116,NULL,NULL,NULL,NULL,NULL,NULL,'2018-03-15 20:53:12.141000',NULL,NULL,NULL,NULL,NULL,NULL,NULL,NULL,NULL,NULL,NULL,NULL,NULL),(117,NULL,'Bjrn',NULL,NULL,'Ursus',NULL,'2018-03-15 21:30:04.928000',NULL,NULL,'arctos',NULL,NULL,NULL,NULL,NULL,NULL,NULL,NULL,NULL,NULL),(118,NULL,NULL,NULL,NULL,NULL,NULL,'2018-03-15 20:53:12.315000',NULL,NULL,NULL,NULL,NULL,NULL,NULL,NULL,NULL,NULL,NULL,NULL,NULL),(119,NULL,'Bjrn',NULL,NULL,'Ursus',NULL,'2018-03-15 21:30:04.841000',NULL,NULL,'arctos',NULL,NULL,NULL,NULL,NULL,NULL,NULL,NULL,NULL,NULL),(120,NULL,NULL,NULL,NULL,NULL,NULL,'2018-03-15 20:53:12.492000',NULL,NULL,NULL,NULL,NULL,NULL,NULL,NULL,NULL,NULL,NULL,NULL,NULL),(121,NULL,'Bjrn',NULL,NULL,'Ursus',NULL,'2018-03-15 21:30:04.758000',NULL,NULL,'arctos',NULL,NULL,NULL,NULL,NULL,NULL,NULL,NULL,NULL,NULL),(122,NULL,NULL,NULL,NULL,NULL,NULL,'2018-03-15 20:53:12.633000',NULL,NULL,NULL,NULL,NULL,NULL,NULL,NULL,NULL,NULL,NULL,NULL,NULL),(123,NULL,'Bjrn',NULL,NULL,'Ursus',NULL,'2018-03-15 21:30:04.665000',NULL,NULL,'arctos',NULL,NULL,NULL,NULL,NULL,NULL,NULL,NULL,NULL,NULL),(124,NULL,NULL,NULL,NULL,NULL,NULL,'2018-03-15 20:53:12.768000',NULL,NULL,NULL,NULL,NULL,NULL,NULL,NULL,NULL,NULL,NULL,NULL,NULL),(125,NULL,'Bjrn',NULL,NULL,'Ursus',NULL,'2018-03-15 21:30:04.579000',NULL,NULL,'arctos',NULL,NULL,NULL,NULL,NULL,NULL,NULL,NULL,NULL,NULL),(126,NULL,NULL,NULL,NULL,NULL,NULL,'2018-03-15 20:53:12.897000',NULL,NULL,NULL,NULL,NULL,NULL,NULL,NULL,NULL,NULL,NULL,NULL,NULL),(127,NULL,'Bjrn',NULL,NULL,'Ursus',NULL,'2018-03-15 21:30:04.458000',NULL,NULL,'arctos',NULL,NULL,NULL,NULL,NULL,NULL,NULL,NULL,NULL,NULL),(128,NULL,NULL,NULL,NULL,NULL,NULL,'2018-03-15 20:53:13.030000',NULL,NULL,NULL,NULL,NULL,NULL,NULL,NULL,NULL,NULL,NULL,NULL,NULL),(129,NULL,'Bjrn',NULL,NULL,'Ursus',NULL,'2018-03-15 21:30:04.373000',NULL,NULL,'arctos',NULL,NULL,NULL,NULL,NULL,NULL,NULL,NULL,NULL,NULL),(130,NULL,NULL,NULL,NULL,NULL,NULL,'2018-03-15 20:53:13.172000',NULL,NULL,NULL,NULL,NULL,NULL,NULL,NULL,NULL,NULL,NULL,NULL,NULL),(131,NULL,'Bjrn',NULL,NULL,'Ursus',NULL,'2018-03-15 21:30:04.280000',NULL,NULL,'arctos',NULL,NULL,NULL,NULL,NULL,NULL,NULL,NULL,NULL,NULL),(132,NULL,NULL,NULL,NULL,NULL,NULL,'2018-03-15 20:53:13.460000',NULL,NULL,NULL,NULL,NULL,NULL,NULL,NULL,NULL,NULL,NULL,NULL,NULL),(133,NULL,'Bjrn',NULL,NULL,'Ursus',NULL,'2018-03-15 21:30:04.199000',NULL,NULL,'arctos',NULL,NULL,NULL,NULL,NULL,NULL,NULL,NULL,NULL,NULL),(134,NULL,NULL,NULL,NULL,NULL,NULL,'2018-03-15 20:53:13.610000',NULL,NULL,NULL,NULL,NULL,NULL,NULL,NULL,NULL,NULL,NULL,NULL,NULL),(135,NULL,'Bjrn',NULL,NULL,'Ursus',NULL,'2018-03-15 21:30:04.117000',NULL,NULL,'arctos',NULL,NULL,NULL,NULL,NULL,NULL,NULL,NULL,NULL,NULL),(136,NULL,NULL,NULL,NULL,NULL,NULL,'2018-03-15 20:53:13.775000',NULL,NULL,NULL,NULL,NULL,NULL,NULL,NULL,NULL,NULL,NULL,NULL,NULL),(137,NULL,'Bjrn',NULL,NULL,'Ursus',NULL,'2018-03-15 21:30:04.030000',NULL,NULL,'arctos',NULL,NULL,NULL,NULL,NULL,NULL,NULL,NULL,NULL,NULL),(138,NULL,NULL,NULL,NULL,NULL,NULL,'2018-03-15 20:53:13.949000',NULL,NULL,NULL,NULL,NULL,NULL,NULL,NULL,NULL,NULL,NULL,NULL,NULL),(139,NULL,'Bjrn',NULL,NULL,'Ursus',NULL,'2018-03-15 21:30:03.944000',NULL,NULL,'arctos',NULL,NULL,NULL,NULL,NULL,NULL,NULL,NULL,NULL,NULL),(140,NULL,NULL,NULL,NULL,NULL,NULL,'2018-03-15 20:53:14.094000',NULL,NULL,NULL,NULL,NULL,NULL,NULL,NULL,NULL,NULL,NULL,NULL,NULL),(141,NULL,'Bjrn',NULL,NULL,'Ursus',NULL,'2018-03-15 21:30:03.859000',NULL,NULL,'arctos',NULL,NULL,NULL,NULL,NULL,NULL,NULL,NULL,NULL,NULL),(142,NULL,NULL,NULL,NULL,NULL,NULL,'2018-03-15 20:53:14.242000',NULL,NULL,NULL,NULL,NULL,NULL,NULL,NULL,NULL,NULL,NULL,NULL,NULL),(143,NULL,'Bjrn',NULL,NULL,'Ursus',NULL,'2018-03-15 21:30:03.774000',NULL,NULL,'arctos',NULL,NULL,NULL,NULL,NULL,NULL,NULL,NULL,NULL,NULL),(144,NULL,NULL,NULL,NULL,NULL,NULL,'2018-03-15 20:53:14.394000',NULL,NULL,NULL,NULL,NULL,NULL,NULL,NULL,NULL,NULL,NULL,NULL,NULL),(145,NULL,'Bjrn',NULL,NULL,'Ursus',NULL,'2018-03-15 21:30:03.695000',NULL,NULL,'arctos',NULL,NULL,NULL,NULL,NULL,NULL,NULL,NULL,NULL,NULL),(146,NULL,NULL,NULL,NULL,NULL,NULL,'2018-03-15 20:53:14.572000',NULL,NULL,NULL,NULL,NULL,NULL,NULL,NULL,NULL,NULL,NULL,NULL,NULL),(147,NULL,'Bjrn',NULL,NULL,'Ursus',NULL,'2018-03-15 21:30:03.613000',NULL,NULL,'arctos',NULL,NULL,NULL,NULL,NULL,NULL,NULL,NULL,NULL,NULL),(148,NULL,NULL,NULL,NULL,NULL,NULL,'2018-03-15 20:53:14.774000',NULL,NULL,NULL,NULL,NULL,NULL,NULL,NULL,NULL,NULL,NULL,NULL,NULL),(149,NULL,'Bjrn',NULL,NULL,'Ursus',NULL,'2018-03-15 21:30:03.532000',NULL,NULL,'arctos',NULL,NULL,NULL,NULL,NULL,NULL,NULL,NULL,NULL,NULL),(150,NULL,NULL,NULL,NULL,NULL,NULL,'2018-03-15 20:53:14.962000',NULL,NULL,NULL,NULL,NULL,NULL,NULL,NULL,NULL,NULL,NULL,NULL,NULL),(151,NULL,'Bjrn',NULL,NULL,'Ursus',NULL,'2018-03-15 21:30:03.451000',NULL,NULL,'arctos',NULL,NULL,NULL,NULL,NULL,NULL,NULL,NULL,NULL,NULL),(152,NULL,NULL,NULL,NULL,NULL,NULL,'2018-03-15 20:53:15.134000',NULL,NULL,NULL,NULL,NULL,NULL,NULL,NULL,NULL,NULL,NULL,NULL,NULL),(153,NULL,'Bjrn',NULL,NULL,'Ursus',NULL,'2018-03-15 21:30:03.369000',NULL,NULL,'arctos',NULL,NULL,NULL,NULL,NULL,NULL,NULL,NULL,NULL,NULL),(154,NULL,NULL,NULL,NULL,NULL,NULL,'2018-03-15 20:53:15.328000',NULL,NULL,NULL,NULL,NULL,NULL,NULL,NULL,NULL,NULL,NULL,NULL,NULL),(155,NULL,'Bjrn',NULL,NULL,'Ursus',NULL,'2018-03-15 21:30:03.292000',NULL,NULL,'arctos',NULL,NULL,NULL,NULL,NULL,NULL,NULL,NULL,NULL,NULL),(156,NULL,NULL,NULL,NULL,NULL,NULL,'2018-03-15 20:53:15.518000',NULL,NULL,NULL,NULL,NULL,NULL,NULL,NULL,NULL,NULL,NULL,NULL,NULL),(157,NULL,'Bjrn',NULL,NULL,'Ursus',NULL,'2018-03-15 21:30:03.219000',NULL,NULL,'arctos',NULL,NULL,NULL,NULL,NULL,NULL,NULL,NULL,NULL,NULL),(158,NULL,NULL,NULL,NULL,NULL,NULL,'2018-03-15 20:53:15.753000',NULL,NULL,NULL,NULL,NULL,NULL,NULL,NULL,NULL,NULL,NULL,NULL,NULL),(159,NULL,'Bjrn',NULL,NULL,'Ursus',NULL,'2018-03-15 21:30:03.136000',NULL,NULL,'arctos',NULL,NULL,NULL,NULL,NULL,NULL,NULL,NULL,NULL,NULL),(160,NULL,NULL,NULL,NULL,NULL,NULL,'2018-03-15 20:53:15.927000',NULL,NULL,NULL,NULL,NULL,NULL,NULL,NULL,NULL,NULL,NULL,NULL,NULL),(161,NULL,'Bjrn',NULL,NULL,'Ursus',NULL,'2018-03-15 21:30:03.050000',NULL,NULL,'arctos',NULL,NULL,NULL,NULL,NULL,NULL,NULL,NULL,NULL,NULL),(162,NULL,NULL,NULL,NULL,NULL,NULL,'2018-03-15 20:53:16.122000',NULL,NULL,NULL,NULL,NULL,NULL,NULL,NULL,NULL,NULL,NULL,NULL,NULL),(163,NULL,'Bjrn',NULL,NULL,'Ursus',NULL,'2018-03-15 21:30:02.979000',NULL,NULL,'arctos',NULL,NULL,NULL,NULL,NULL,NULL,NULL,NULL,NULL,NULL),(164,NULL,NULL,NULL,NULL,NULL,NULL,'2018-03-15 20:53:16.282000',NULL,NULL,NULL,NULL,NULL,NULL,NULL,NULL,NULL,NULL,NULL,NULL,NULL),(165,NULL,'Bjrn',NULL,NULL,'Ursus',NULL,'2018-03-15 21:30:02.895000',NULL,NULL,'arctos',NULL,NULL,NULL,NULL,NULL,NULL,NULL,NULL,NULL,NULL),(166,NULL,NULL,NULL,NULL,NULL,NULL,'2018-03-15 20:53:16.521000',NULL,NULL,NULL,NULL,NULL,NULL,NULL,NULL,NULL,NULL,NULL,NULL,NULL),(167,NULL,'Bjrn',NULL,NULL,'Ursus',NULL,'2018-03-15 21:30:02.811000',NULL,NULL,'arctos',NULL,NULL,NULL,NULL,NULL,NULL,NULL,NULL,NULL,NULL),(168,NULL,NULL,NULL,NULL,NULL,NULL,'2018-03-15 20:53:16.684000',NULL,NULL,NULL,NULL,NULL,NULL,NULL,NULL,NULL,NULL,NULL,NULL,NULL),(169,NULL,'Bjrn',NULL,NULL,'Ursus',NULL,'2018-03-15 21:30:02.738000',NULL,NULL,'arctos',NULL,NULL,NULL,NULL,NULL,NULL,NULL,NULL,NULL,NULL),(170,NULL,NULL,NULL,NULL,NULL,NULL,'2018-03-15 20:53:16.865000',NULL,NULL,NULL,NULL,NULL,NULL,NULL,NULL,NULL,NULL,NULL,NULL,NULL),(171,NULL,'Bjrn',NULL,NULL,'Ursus',NULL,'2018-03-15 21:30:02.663000',NULL,NULL,'arctos',NULL,NULL,NULL,NULL,NULL,NULL,NULL,NULL,NULL,NULL),(172,NULL,NULL,NULL,NULL,NULL,NULL,'2018-03-15 20:53:17.089000',NULL,NULL,NULL,NULL,NULL,NULL,NULL,NULL,NULL,NULL,NULL,NULL,NULL),(173,NULL,'Bjrn',NULL,NULL,'Ursus',NULL,'2018-03-15 21:30:02.569000',NULL,NULL,'arctos',NULL,NULL,NULL,NULL,NULL,NULL,NULL,NULL,NULL,NULL),(174,NULL,NULL,NULL,NULL,NULL,NULL,'2018-03-15 20:53:17.260000',NULL,NULL,NULL,NULL,NULL,NULL,NULL,NULL,NULL,NULL,NULL,NULL,NULL),(175,NULL,'Bjrn',NULL,NULL,'Ursus',NULL,'2018-03-15 21:30:02.500000',NULL,NULL,'arctos',NULL,NULL,NULL,NULL,NULL,NULL,NULL,NULL,NULL,NULL),(176,NULL,NULL,NULL,NULL,NULL,NULL,'2018-03-15 20:53:17.440000',NULL,NULL,NULL,NULL,NULL,NULL,NULL,NULL,NULL,NULL,NULL,NULL,NULL),(177,NULL,'Bjrn',NULL,NULL,'Ursus',NULL,'2018-03-15 21:30:02.435000',NULL,NULL,'arctos',NULL,NULL,NULL,NULL,NULL,NULL,NULL,NULL,NULL,NULL),(178,NULL,NULL,NULL,NULL,NULL,NULL,'2018-03-15 20:53:17.643000',NULL,NULL,NULL,NULL,NULL,NULL,NULL,NULL,NULL,NULL,NULL,NULL,NULL),(179,NULL,'Bjrn',NULL,NULL,'Ursus',NULL,'2018-03-15 21:30:02.367000',NULL,NULL,'arctos',NULL,NULL,NULL,NULL,NULL,NULL,NULL,NULL,NULL,NULL),(180,NULL,NULL,NULL,NULL,NULL,NULL,'2018-03-15 20:53:17.865000',NULL,NULL,NULL,NULL,NULL,NULL,NULL,NULL,NULL,NULL,NULL,NULL,NULL),(181,NULL,'Bjrn',NULL,NULL,'Ursus',NULL,'2018-03-15 21:30:02.297000',NULL,NULL,'arctos',NULL,NULL,NULL,NULL,NULL,NULL,NULL,NULL,NULL,NULL),(182,NULL,NULL,NULL,NULL,NULL,NULL,'2018-03-15 20:53:18.039000',NULL,NULL,NULL,NULL,NULL,NULL,NULL,NULL,NULL,NULL,NULL,NULL,NULL),(183,NULL,'Bjrn',NULL,NULL,'Ursus',NULL,'2018-03-15 21:30:02.222000',NULL,NULL,'arctos',NULL,NULL,NULL,NULL,NULL,NULL,NULL,NULL,NULL,NULL),(184,NULL,NULL,NULL,NULL,NULL,NULL,'2018-03-15 20:53:18.253000',NULL,NULL,NULL,NULL,NULL,NULL,NULL,NULL,NULL,NULL,NULL,NULL,NULL),(185,NULL,'Bjrn',NULL,NULL,'Ursus',NULL,'2018-03-15 21:30:02.158000',NULL,NULL,'arctos',NULL,NULL,NULL,NULL,NULL,NULL,NULL,NULL,NULL,NULL),(186,NULL,NULL,NULL,NULL,NULL,NULL,'2018-03-15 20:53:18.442000',NULL,NULL,NULL,NULL,NULL,NULL,NULL,NULL,NULL,NULL,NULL,NULL,NULL),(187,NULL,'Bjrn',NULL,NULL,'Ursus',NULL,'2018-03-15 21:30:02.080000',NULL,NULL,'arctos',NULL,NULL,NULL,NULL,NULL,NULL,NULL,NULL,NULL,NULL),(188,NULL,NULL,NULL,NULL,NULL,NULL,'2018-03-15 20:53:18.604000',NULL,NULL,NULL,NULL,NULL,NULL,NULL,NULL,NULL,NULL,NULL,NULL,NULL),(189,NULL,'Bjrn',NULL,NULL,'Ursus',NULL,'2018-03-15 21:30:02.015000',NULL,NULL,'arctos',NULL,NULL,NULL,NULL,NULL,NULL,NULL,NULL,NULL,NULL),(190,NULL,NULL,NULL,NULL,NULL,NULL,'2018-03-15 20:53:18.774000',NULL,NULL,NULL,NULL,NULL,NULL,NULL,NULL,NULL,NULL,NULL,NULL,NULL),(191,NULL,'Bjrn',NULL,NULL,'Ursus',NULL,'2018-03-15 21:30:01.933000',NULL,NULL,'arctos',NULL,NULL,NULL,NULL,NULL,NULL,NULL,NULL,NULL,NULL),(192,NULL,NULL,NULL,NULL,NULL,NULL,'2018-03-15 20:53:18.947000',NULL,NULL,NULL,NULL,NULL,NULL,NULL,NULL,NULL,NULL,NULL,NULL,NULL),(193,NULL,'Bjrn',NULL,NULL,'Ursus',NULL,'2018-03-15 21:30:01.852000',NULL,NULL,'arctos',NULL,NULL,NULL,NULL,NULL,NULL,NULL,NULL,NULL,NULL),(194,NULL,NULL,NULL,NULL,NULL,NULL,'2018-03-15 20:53:19.121000',NULL,NULL,NULL,NULL,NULL,NULL,NULL,NULL,NULL,NULL,NULL,NULL,NULL),(195,NULL,'Bjrn',NULL,NULL,'Ursus',NULL,'2018-03-15 21:30:01.789000',NULL,NULL,'arctos',NULL,NULL,NULL,NULL,NULL,NULL,NULL,NULL,NULL,NULL),(196,NULL,NULL,NULL,NULL,NULL,NULL,'2018-03-15 20:53:19.288000',NULL,NULL,NULL,NULL,NULL,NULL,NULL,NULL,NULL,NULL,NULL,NULL,NULL),(197,NULL,'Bjrn',NULL,NULL,'Ursus',NULL,'2018-03-15 21:30:01.698000',NULL,NULL,'arctos',NULL,NULL,NULL,NULL,NULL,NULL,NULL,NULL,NULL,NULL),(198,NULL,NULL,NULL,NULL,NULL,NULL,'2018-03-15 20:53:19.446000',NULL,NULL,NULL,NULL,NULL,NULL,NULL,NULL,NULL,NULL,NULL,NULL,NULL),(199,NULL,'Bjrn',NULL,NULL,'Ursus',NULL,'2018-03-15 21:30:01.638000',NULL,NULL,'arctos',NULL,NULL,NULL,NULL,NULL,NULL,NULL,NULL,NULL,NULL),(200,NULL,NULL,NULL,NULL,NULL,NULL,'2018-03-15 20:53:19.592000',NULL,NULL,NULL,NULL,NULL,NULL,NULL,NULL,NULL,NULL,NULL,NULL,NULL),(201,NULL,'Bjrn',NULL,NULL,'Ursus',NULL,'2018-03-15 21:30:01.574000',NULL,NULL,'arctos',NULL,NULL,NULL,NULL,NULL,NULL,NULL,NULL,NULL,NULL),(202,NULL,NULL,NULL,NULL,NULL,NULL,'2018-03-15 20:53:19.745000',NULL,NULL,NULL,NULL,NULL,NULL,NULL,NULL,NULL,NULL,NULL,NULL,NULL),(203,NULL,'Bjrn',NULL,NULL,'Ursus',NULL,'2018-03-15 21:30:01.515000',NULL,NULL,'arctos',NULL,NULL,NULL,NULL,NULL,NULL,NULL,NULL,NULL,NULL),(204,NULL,NULL,NULL,NULL,NULL,NULL,'2018-03-15 20:53:19.921000',NULL,NULL,NULL,NULL,NULL,NULL,NULL,NULL,NULL,NULL,NULL,NULL,NULL),(205,NULL,'Bjrn',NULL,NULL,'Ursus',NULL,'2018-03-15 21:30:01.456000',NULL,NULL,'arctos',NULL,NULL,NULL,NULL,NULL,NULL,NULL,NULL,NULL,NULL),(206,NULL,NULL,NULL,NULL,NULL,NULL,'2018-03-15 20:53:20.069000',NULL,NULL,NULL,NULL,NULL,NULL,NULL,NULL,NULL,NULL,NULL,NULL,NULL),(207,NULL,'Bjrn',NULL,NULL,'Ursus',NULL,'2018-03-15 21:30:01.392000',NULL,NULL,'arctos',NULL,NULL,NULL,NULL,NULL,NULL,NULL,NULL,NULL,NULL),(208,NULL,NULL,NULL,NULL,NULL,NULL,'2018-03-15 20:53:20.229000',NULL,NULL,NULL,NULL,NULL,NULL,NULL,NULL,NULL,NULL,NULL,NULL,NULL),(209,NULL,'Bjrn',NULL,NULL,'Ursus',NULL,'2018-03-15 21:30:01.312000',NULL,NULL,'arctos',NULL,NULL,NULL,NULL,NULL,NULL,NULL,NULL,NULL,NULL),(210,NULL,NULL,NULL,NULL,NULL,NULL,'2018-03-15 20:53:20.430000',NULL,NULL,NULL,NULL,NULL,NULL,NULL,NULL,NULL,NULL,NULL,NULL,NULL),(211,NULL,'Bjrn',NULL,NULL,'Ursus',NULL,'2018-03-15 21:30:01.253000',NULL,NULL,'arctos',NULL,NULL,NULL,NULL,NULL,NULL,NULL,NULL,NULL,NULL),(212,NULL,NULL,NULL,NULL,NULL,NULL,'2018-03-15 20:53:20.646000',NULL,NULL,NULL,NULL,NULL,NULL,NULL,NULL,NULL,NULL,NULL,NULL,NULL),(213,NULL,'Bjrn',NULL,NULL,'Ursus',NULL,'2018-03-15 21:30:01.192000',NULL,NULL,'arctos',NULL,NULL,NULL,NULL,NULL,NULL,NULL,NULL,NULL,NULL),(214,NULL,NULL,NULL,NULL,NULL,NULL,'2018-03-15 20:53:20.803000',NULL,NULL,NULL,NULL,NULL,NULL,NULL,NULL,NULL,NULL,NULL,NULL,NULL),(215,NULL,'Bjrn',NULL,NULL,'Ursus',NULL,'2018-03-15 21:30:01.127000',NULL,NULL,'arctos',NULL,NULL,NULL,NULL,NULL,NULL,NULL,NULL,NULL,NULL),(216,NULL,NULL,NULL,NULL,NULL,NULL,'2018-03-15 20:53:20.975000',NULL,NULL,NULL,NULL,NULL,NULL,NULL,NULL,NULL,NULL,NULL,NULL,NULL),(217,NULL,'Bjrn',NULL,NULL,'Ursus',NULL,'2018-03-15 21:30:01.064000',NULL,NULL,'arctos',NULL,NULL,NULL,NULL,NULL,NULL,NULL,NULL,NULL,NULL),(218,NULL,NULL,NULL,NULL,NULL,NULL,'2018-03-15 20:53:21.166000',NULL,NULL,NULL,NULL,NULL,NULL,NULL,NULL,NULL,NULL,NULL,NULL,NULL),(219,NULL,'Bjrn',NULL,NULL,'Ursus',NULL,'2018-03-15 21:30:00.995000',NULL,NULL,'arctos',NULL,NULL,NULL,NULL,NULL,NULL,NULL,NULL,NULL,NULL),(220,NULL,NULL,NULL,NULL,NULL,NULL,'2018-03-15 20:53:21.354000',NULL,NULL,NULL,NULL,NULL,NULL,NULL,NULL,NULL,NULL,NULL,NULL,NULL),(221,NULL,'Bjrn',NULL,NULL,'Ursus',NULL,'2018-03-15 21:30:00.941000',NULL,NULL,'arctos',NULL,NULL,NULL,NULL,NULL,NULL,NULL,NULL,NULL,NULL),(222,NULL,NULL,NULL,NULL,NULL,NULL,'2018-03-15 20:53:21.513000',NULL,NULL,NULL,NULL,NULL,NULL,NULL,NULL,NULL,NULL,NULL,NULL,NULL),(223,NULL,'Bjrn',NULL,NULL,'Ursus',NULL,'2018-03-15 21:30:00.879000',NULL,NULL,'arctos',NULL,NULL,NULL,NULL,NULL,NULL,NULL,NULL,NULL,NULL),(224,NULL,NULL,NULL,NULL,NULL,NULL,'2018-03-15 20:53:21.667000',NULL,NULL,NULL,NULL,NULL,NULL,NULL,NULL,NULL,NULL,NULL,NULL,NULL),(225,NULL,'Bjrn',NULL,NULL,'Ursus',NULL,'2018-03-15 21:30:00.821000',NULL,NULL,'arctos',NULL,NULL,NULL,NULL,NULL,NULL,NULL,NULL,NULL,NULL),(226,NULL,NULL,NULL,NULL,NULL,NULL,'2018-03-15 20:53:21.841000',NULL,NULL,NULL,NULL,NULL,NULL,NULL,NULL,NULL,NULL,NULL,NULL,NULL),(227,NULL,'Bjrn',NULL,NULL,'Ursus',NULL,'2018-03-15 21:30:00.750000',NULL,NULL,'arctos',NULL,NULL,NULL,NULL,NULL,NULL,NULL,NULL,NULL,NULL),(228,NULL,NULL,NULL,NULL,NULL,NULL,'2018-03-15 20:53:22.015000',NULL,NULL,NULL,NULL,NULL,NULL,NULL,NULL,NULL,NULL,NULL,NULL,NULL),(229,NULL,'Bjrn',NULL,NULL,'Ursus',NULL,'2018-03-15 21:30:00.680000',NULL,NULL,'arctos',NULL,NULL,NULL,NULL,NULL,NULL,NULL,NULL,NULL,NULL),(230,NULL,NULL,NULL,NULL,NULL,NULL,'2018-03-15 20:53:22.196000',NULL,NULL,NULL,NULL,NULL,NULL,NULL,NULL,NULL,NULL,NULL,NULL,NULL),(231,NULL,'Bjrn',NULL,NULL,'Ursus',NULL,'2018-03-15 21:30:00.608000',NULL,NULL,'arctos',NULL,NULL,NULL,NULL,NULL,NULL,NULL,NULL,NULL,NULL),(232,NULL,NULL,NULL,NULL,NULL,NULL,'2018-03-15 20:53:22.475000',NULL,NULL,NULL,NULL,NULL,NULL,NULL,NULL,NULL,NULL,NULL,NULL,NULL),(233,NULL,'Bjrn',NULL,NULL,'Ursus',NULL,'2018-03-15 21:30:00.533000',NULL,NULL,'arctos',NULL,NULL,NULL,NULL,NULL,NULL,NULL,NULL,NULL,NULL),(234,NULL,NULL,NULL,NULL,NULL,NULL,'2018-03-15 20:53:22.646000',NULL,NULL,NULL,NULL,NULL,NULL,NULL,NULL,NULL,NULL,NULL,NULL,NULL),(235,NULL,'Bjrn',NULL,NULL,'Ursus',NULL,'2018-03-15 21:30:00.481000',NULL,NULL,'arctos',NULL,NULL,NULL,NULL,NULL,NULL,NULL,NULL,NULL,NULL),(236,NULL,NULL,NULL,NULL,NULL,NULL,'2018-03-15 20:53:22.837000',NULL,NULL,NULL,NULL,NULL,NULL,NULL,NULL,NULL,NULL,NULL,NULL,NULL),(237,NULL,'Bjrn',NULL,NULL,'Ursus',NULL,'2018-03-15 21:30:00.429000',NULL,NULL,'arctos',NULL,NULL,NULL,NULL,NULL,NULL,NULL,NULL,NULL,NULL),(238,NULL,NULL,NULL,NULL,NULL,NULL,'2018-03-15 20:53:22.987000',NULL,NULL,NULL,NULL,NULL,NULL,NULL,NULL,NULL,NULL,NULL,NULL,NULL),(239,NULL,'Bjrn',NULL,NULL,'Ursus',NULL,'2018-03-15 21:30:00.375000',NULL,NULL,'arctos',NULL,NULL,NULL,NULL,NULL,NULL,NULL,NULL,NULL,NULL),(240,NULL,NULL,NULL,NULL,NULL,NULL,'2018-03-15 20:53:23.199000',NULL,NULL,NULL,NULL,NULL,NULL,NULL,NULL,NULL,NULL,NULL,NULL,NULL),(241,NULL,'Bjrn',NULL,NULL,'Ursus',NULL,'2018-03-15 21:30:00.325000',NULL,NULL,'arctos',NULL,NULL,NULL,NULL,NULL,NULL,NULL,NULL,NULL,NULL),(242,NULL,NULL,NULL,NULL,NULL,NULL,'2018-03-15 20:53:23.374000',NULL,NULL,NULL,NULL,NULL,NULL,NULL,NULL,NULL,NULL,NULL,NULL,NULL),(243,NULL,'Bjrn',NULL,NULL,'Ursus',NULL,'2018-03-15 21:30:00.277000',NULL,NULL,'arctos',NULL,NULL,NULL,NULL,NULL,NULL,NULL,NULL,NULL,NULL),(244,NULL,NULL,NULL,NULL,NULL,NULL,'2018-03-15 20:53:23.538000',NULL,NULL,NULL,NULL,NULL,NULL,NULL,NULL,NULL,NULL,NULL,NULL,NULL),(245,NULL,'Bjrn',NULL,NULL,'Ursus',NULL,'2018-03-15 21:30:00.226000',NULL,NULL,'arctos',NULL,NULL,NULL,NULL,NULL,NULL,NULL,NULL,NULL,NULL),(246,NULL,NULL,NULL,NULL,NULL,NULL,'2018-03-15 20:53:23.695000',NULL,NULL,NULL,NULL,NULL,NULL,NULL,NULL,NULL,NULL,NULL,NULL,NULL),(247,NULL,'Bjrn',NULL,NULL,'Ursus',NULL,'2018-03-15 21:30:00.162000',NULL,NULL,'arctos',NULL,NULL,NULL,NULL,NULL,NULL,NULL,NULL,NULL,NULL),(248,NULL,NULL,NULL,NULL,NULL,NULL,'2018-03-15 20:53:23.862000',NULL,NULL,NULL,NULL,NULL,NULL,NULL,NULL,NULL,NULL,NULL,NULL,NULL),(249,NULL,'Bjrn',NULL,NULL,'Ursus',NULL,'2018-03-15 21:30:00.094000',NULL,NULL,'arctos',NULL,NULL,NULL,NULL,NULL,NULL,NULL,NULL,NULL,NULL),(250,NULL,NULL,NULL,NULL,NULL,NULL,'2018-03-15 20:53:24.158000',NULL,NULL,NULL,NULL,NULL,NULL,NULL,NULL,NULL,NULL,NULL,NULL,NULL),(251,NULL,'Bjrn',NULL,NULL,'Ursus',NULL,'2018-03-15 21:30:00.033000',NULL,NULL,'arctos',NULL,NULL,NULL,NULL,NULL,NULL,NULL,NULL,NULL,NULL),(252,NULL,NULL,NULL,NULL,NULL,NULL,'2018-03-15 20:53:24.492000',NULL,NULL,NULL,NULL,NULL,NULL,NULL,NULL,NULL,NULL,NULL,NULL,NULL),(253,NULL,'Bjrn',NULL,NULL,'Ursus',NULL,'2018-03-15 21:29:59.972000',NULL,NULL,'arctos',NULL,NULL,NULL,NULL,NULL,NULL,NULL,NULL,NULL,NULL),(254,NULL,NULL,NULL,NULL,NULL,NULL,'2018-03-15 20:53:24.670000',NULL,NULL,NULL,NULL,NULL,NULL,NULL,NULL,NULL,NULL,NULL,NULL,NULL),(255,NULL,'Bjrn',NULL,NULL,'Ursus',NULL,'2018-03-15 21:29:59.911000',NULL,NULL,'arctos',NULL,NULL,NULL,NULL,NULL,NULL,NULL,NULL,NULL,NULL),(256,NULL,NULL,NULL,NULL,NULL,NULL,'2018-03-15 20:53:24.846000',NULL,NULL,NULL,NULL,NULL,NULL,NULL,NULL,NULL,NULL,NULL,NULL,NULL),(257,NULL,'Bjrn',NULL,NULL,'Ursus',NULL,'2018-03-15 21:29:59.847000',NULL,NULL,'arctos',NULL,NULL,NULL,NULL,NULL,NULL,NULL,NULL,NULL,NULL),(258,NULL,NULL,NULL,NULL,NULL,NULL,'2018-03-15 20:53:25.042000',NULL,NULL,NULL,NULL,NULL,NULL,NULL,NULL,NULL,NULL,NULL,NULL,NULL),(259,NULL,'Bjrn',NULL,NULL,'Ursus',NULL,'2018-03-15 21:29:59.790000',NULL,NULL,'arctos',NULL,NULL,NULL,NULL,NULL,NULL,NULL,NULL,NULL,NULL),(260,NULL,NULL,NULL,NULL,NULL,NULL,'2018-03-15 20:53:25.208000',NULL,NULL,NULL,NULL,NULL,NULL,NULL,NULL,NULL,NULL,NULL,NULL,NULL),(261,NULL,'Bjrn',NULL,NULL,'Ursus',NULL,'2018-03-15 21:29:59.734000',NULL,NULL,'arctos',NULL,NULL,NULL,NULL,NULL,NULL,NULL,NULL,NULL,NULL),(262,NULL,NULL,NULL,NULL,NULL,NULL,'2018-03-15 20:53:25.383000',NULL,NULL,NULL,NULL,NULL,NULL,NULL,NULL,NULL,NULL,NULL,NULL,NULL),(263,NULL,'Bjrn',NULL,NULL,'Ursus',NULL,'2018-03-15 21:29:59.684000',NULL,NULL,'arctos',NULL,NULL,NULL,NULL,NULL,NULL,NULL,NULL,NULL,NULL),(264,NULL,NULL,NULL,NULL,NULL,NULL,'2018-03-15 20:53:25.546000',NULL,NULL,NULL,NULL,NULL,NULL,NULL,NULL,NULL,NULL,NULL,NULL,NULL),(265,NULL,'Bjrn',NULL,NULL,'Ursus',NULL,'2018-03-15 21:29:59.644000',NULL,NULL,'arctos',NULL,NULL,NULL,NULL,NULL,NULL,NULL,NULL,NULL,NULL),(266,NULL,NULL,NULL,NULL,NULL,NULL,'2018-03-15 20:53:25.716000',NULL,NULL,NULL,NULL,NULL,NULL,NULL,NULL,NULL,NULL,NULL,NULL,NULL),(267,NULL,'Bjrn',NULL,NULL,'Ursus',NULL,'2018-03-15 21:29:59.584000',NULL,NULL,'arctos',NULL,NULL,NULL,NULL,NULL,NULL,NULL,NULL,NULL,NULL),(268,NULL,NULL,NULL,NULL,NULL,NULL,'2018-03-15 20:53:26.136000',NULL,NULL,NULL,NULL,NULL,NULL,NULL,NULL,NULL,NULL,NULL,NULL,NULL),(269,NULL,'Bjrn',NULL,NULL,'Ursus',NULL,'2018-03-15 21:29:59.546000',NULL,NULL,'arctos',NULL,NULL,NULL,NULL,NULL,NULL,NULL,NULL,NULL,NULL),(270,NULL,NULL,NULL,NULL,NULL,NULL,'2018-03-15 20:53:26.305000',NULL,NULL,NULL,NULL,NULL,NULL,NULL,NULL,NULL,NULL,NULL,NULL,NULL),(271,NULL,'Bjrn',NULL,NULL,'Ursus',NULL,'2018-03-15 21:29:59.510000',NULL,NULL,'arctos',NULL,NULL,NULL,NULL,NULL,NULL,NULL,NULL,NULL,NULL),(272,NULL,NULL,NULL,NULL,NULL,NULL,'2018-03-15 20:53:26.471000',NULL,NULL,NULL,NULL,NULL,NULL,NULL,NULL,NULL,NULL,NULL,NULL,NULL),(273,NULL,'Bjrn',NULL,NULL,'Ursus',NULL,'2018-03-15 21:29:59.474000',NULL,NULL,'arctos',NULL,NULL,NULL,NULL,NULL,NULL,NULL,NULL,NULL,NULL),(274,NULL,NULL,NULL,NULL,NULL,NULL,'2018-03-15 20:53:26.647000',NULL,NULL,NULL,NULL,NULL,NULL,NULL,NULL,NULL,NULL,NULL,NULL,NULL),(275,NULL,'Bjrn',NULL,NULL,'Ursus',NULL,'2018-03-15 21:29:59.439000',NULL,NULL,'arctos',NULL,NULL,NULL,NULL,NULL,NULL,NULL,NULL,NULL,NULL),(276,NULL,NULL,NULL,NULL,NULL,NULL,'2018-03-15 20:53:26.828000',NULL,NULL,NULL,NULL,NULL,NULL,NULL,NULL,NULL,NULL,NULL,NULL,NULL),(277,NULL,'Bjrn',NULL,NULL,'Ursus',NULL,'2018-03-15 21:29:59.403000',NULL,NULL,'arctos',NULL,NULL,NULL,NULL,NULL,NULL,NULL,NULL,NULL,NULL),(278,NULL,NULL,NULL,NULL,NULL,NULL,'2018-03-15 20:53:27.005000',NULL,NULL,NULL,NULL,NULL,NULL,NULL,NULL,NULL,NULL,NULL,NULL,NULL),(279,NULL,'Bjrn',NULL,NULL,'Ursus',NULL,'2018-03-15 21:29:59.369000',NULL,NULL,'arctos',NULL,NULL,NULL,NULL,NULL,NULL,NULL,NULL,NULL,NULL),(280,NULL,NULL,NULL,NULL,NULL,NULL,'2018-03-15 20:53:27.180000',NULL,NULL,NULL,NULL,NULL,NULL,NULL,NULL,NULL,NULL,NULL,NULL,NULL),(281,NULL,'Bjrn',NULL,NULL,'Ursus',NULL,'2018-03-15 21:29:59.337000',NULL,NULL,'arctos',NULL,NULL,NULL,NULL,NULL,NULL,NULL,NULL,NULL,NULL),(282,NULL,NULL,NULL,NULL,NULL,NULL,'2018-03-15 20:53:27.358000',NULL,NULL,NULL,NULL,NULL,NULL,NULL,NULL,NULL,NULL,NULL,NULL,NULL),(283,NULL,'Bjrn',NULL,NULL,'Ursus',NULL,'2018-03-15 21:29:59.306000',NULL,NULL,'arctos',NULL,NULL,NULL,NULL,NULL,NULL,NULL,NULL,NULL,NULL),(284,NULL,NULL,NULL,NULL,NULL,NULL,'2018-03-15 20:53:27.536000',NULL,NULL,NULL,NULL,NULL,NULL,NULL,NULL,NULL,NULL,NULL,NULL,NULL),(285,NULL,'Bjrn',NULL,NULL,'Ursus',NULL,'2018-03-15 21:29:59.273000',NULL,NULL,'arctos',NULL,NULL,NULL,NULL,NULL,NULL,NULL,NULL,NULL,NULL),(286,NULL,NULL,NULL,NULL,NULL,NULL,'2018-03-15 20:53:27.721000',NULL,NULL,NULL,NULL,NULL,NULL,NULL,NULL,NULL,NULL,NULL,NULL,NULL),(287,NULL,'Bjrn',NULL,NULL,'Ursus',NULL,'2018-03-15 21:29:59.106000',NULL,NULL,'arctos',NULL,NULL,NULL,NULL,NULL,NULL,NULL,NULL,NULL,NULL),(288,NULL,NULL,NULL,NULL,NULL,NULL,'2018-03-15 20:53:27.936000',NULL,NULL,NULL,NULL,NULL,NULL,NULL,NULL,NULL,NULL,NULL,NULL,NULL),(289,NULL,'Bjrn',NULL,NULL,'Ursus',NULL,'2018-03-15 21:29:58.975000',NULL,NULL,'arctos',NULL,NULL,NULL,NULL,NULL,NULL,NULL,NULL,NULL,NULL),(290,NULL,NULL,NULL,NULL,NULL,NULL,'2018-03-15 20:53:28.125000',NULL,NULL,NULL,NULL,NULL,NULL,NULL,NULL,NULL,NULL,NULL,NULL,NULL),(291,NULL,'Bjrn',NULL,NULL,'Ursus',NULL,'2018-03-15 21:29:58.937000',NULL,NULL,'arctos',NULL,NULL,NULL,NULL,NULL,NULL,NULL,NULL,NULL,NULL),(292,NULL,NULL,NULL,NULL,NULL,NULL,'2018-03-15 20:53:28.406000',NULL,NULL,NULL,NULL,NULL,NULL,NULL,NULL,NULL,NULL,NULL,NULL,NULL);
/*!40000 ALTER TABLE `Taxonomys` ENABLE KEYS */;
UNLOCK TABLES;

--
-- Table structure for table `Taxonomys_AUD`
--

DROP TABLE IF EXISTS `Taxonomys_AUD`;
/*!40101 SET @saved_cs_client     = @@character_set_client */;
/*!40101 SET character_set_client = utf8 */;
CREATE TABLE `Taxonomys_AUD` (
  `TaxonomyID` int(11) NOT NULL,
  `REV` int(11) NOT NULL,
  `REVTYPE` tinyint(4) DEFAULT NULL,
  `Authors` varchar(200) DEFAULT NULL,
  `CommonName` varchar(512) DEFAULT NULL,
  `Division` varchar(50) DEFAULT NULL,
  `Family` varchar(50) DEFAULT NULL,
  `Genus` varchar(50) DEFAULT NULL,
  `Kingdom` varchar(50) DEFAULT NULL,
  `Notes` varchar(1024) DEFAULT NULL,
  `Phylum` varchar(50) DEFAULT NULL,
  `Species` varchar(50) DEFAULT NULL,
  `State` varchar(50) DEFAULT NULL,
  `Strain` varchar(50) DEFAULT NULL,
  `Subgenera` varchar(200) DEFAULT NULL,
  `Superfamily` varchar(50) DEFAULT NULL,
  `Synonym` varchar(50) DEFAULT NULL,
  `TaxanomicClass` varchar(50) DEFAULT NULL,
  `TaxanomicGroup` varchar(50) DEFAULT NULL,
  `TaxanomicOrder` varchar(50) DEFAULT NULL,
  `TypeSpecimen` varchar(50) DEFAULT NULL,
  `Variety` varchar(50) DEFAULT NULL,
  PRIMARY KEY (`TaxonomyID`,`REV`),
  KEY `FK_p8kjq5lejdkrrh9fb1y8kboxo` (`REV`),
  CONSTRAINT `FK_p8kjq5lejdkrrh9fb1y8kboxo` FOREIGN KEY (`REV`) REFERENCES `Revision` (`id`)
) ENGINE=InnoDB DEFAULT CHARSET=latin1;
/*!40101 SET character_set_client = @saved_cs_client */;

--
-- Dumping data for table `Taxonomys_AUD`
--

LOCK TABLES `Taxonomys_AUD` WRITE;
/*!40000 ALTER TABLE `Taxonomys_AUD` DISABLE KEYS */;
INSERT INTO `Taxonomys_AUD` VALUES (1,7,1,'aAuthor',NULL,'aDivision','aFamily','aGenus','aKingdom','aNotes','aPhylum','aSpecie',NULL,'aStrain','aSubgenera','aSuperFamily','aSynonym','aClass','aGroup','aOrder','aType','aVariety'),(2,7,1,'bAuthor',NULL,'bDivision','bFamily','bGenus','bKingdom','bNotes','bPhylum','bSpecie',NULL,'bStrain','bSubgenera','bSuperFamily','bSynonym','bClass','bGroup','bOrder','bType','bVariety'),(3,7,1,'3bAuthor',NULL,'3bDivision','3bFamily','3bGenus','3bKingdom','3bNotes','3bPhylum','3bSpecie',NULL,'3bStrain','3bSubgenera','3bSuperFamily','3bSynonym','3bClass','3bGroup','3bOrder','3bType','3bVariety'),(4,7,1,'4bAuthor',NULL,'4bDivision','4bFamily','4bGenus','4bKingdom','4bNotes','4bPhylum','4bSpecie',NULL,'4bStrain','4bSubgenera','4bSuperFamily','4bSynonym','4bClass','4bGroup','4bOrder','4bType','4bVariety'),(5,7,1,'10bAuthor',NULL,'10bDivision','10bFamily','10bGenus','10bKingdom','10bNotes','10bPhylum','10bSpecie',NULL,'10bStrain','10bSubgenera','10bSuperFamily','10bSynonym','10bClass','10bGroup','10bOrder','10bType','10bVariety'),(12,7,1,'12bAuthor',NULL,'12bDivision','12bFamily','12bGenus','12bKingdom','12bNotes','12bPhylum','12bSpecie',NULL,'12bStrain','12bSubgenera','12bSuperFamily','12bSynonym','12bClass','12bGroup','12bOrder','12bType','12bVariety'),(101,6,0,NULL,NULL,NULL,NULL,'Ursus',NULL,NULL,NULL,'arctos',NULL,NULL,NULL,NULL,NULL,NULL,NULL,NULL,NULL,NULL),(101,7,1,NULL,'Bjrn',NULL,NULL,'Ursus',NULL,NULL,NULL,'arctos',NULL,NULL,NULL,NULL,NULL,NULL,NULL,NULL,NULL,NULL),(102,6,0,NULL,NULL,NULL,NULL,NULL,NULL,NULL,NULL,NULL,NULL,NULL,NULL,NULL,NULL,NULL,NULL,NULL,NULL,NULL),(103,6,0,NULL,NULL,NULL,NULL,'Ursus',NULL,NULL,NULL,'arctos',NULL,NULL,NULL,NULL,NULL,NULL,NULL,NULL,NULL,NULL),(103,7,1,NULL,'Bjrn',NULL,NULL,'Ursus',NULL,NULL,NULL,'arctos',NULL,NULL,NULL,NULL,NULL,NULL,NULL,NULL,NULL,NULL),(104,6,0,NULL,NULL,NULL,NULL,NULL,NULL,NULL,NULL,NULL,NULL,NULL,NULL,NULL,NULL,NULL,NULL,NULL,NULL,NULL),(105,6,0,NULL,NULL,NULL,NULL,'Ursus',NULL,NULL,NULL,'arctos',NULL,NULL,NULL,NULL,NULL,NULL,NULL,NULL,NULL,NULL),(105,7,1,NULL,'Bjrn',NULL,NULL,'Ursus',NULL,NULL,NULL,'arctos',NULL,NULL,NULL,NULL,NULL,NULL,NULL,NULL,NULL,NULL),(106,6,0,NULL,NULL,NULL,NULL,NULL,NULL,NULL,NULL,NULL,NULL,NULL,NULL,NULL,NULL,NULL,NULL,NULL,NULL,NULL),(107,6,0,NULL,NULL,NULL,NULL,'Ursus',NULL,NULL,NULL,'arctos',NULL,NULL,NULL,NULL,NULL,NULL,NULL,NULL,NULL,NULL),(107,7,1,NULL,'Bjrn',NULL,NULL,'Ursus',NULL,NULL,NULL,'arctos',NULL,NULL,NULL,NULL,NULL,NULL,NULL,NULL,NULL,NULL),(108,6,0,NULL,NULL,NULL,NULL,NULL,NULL,NULL,NULL,NULL,NULL,NULL,NULL,NULL,NULL,NULL,NULL,NULL,NULL,NULL),(109,6,0,NULL,NULL,NULL,NULL,'Ursus',NULL,NULL,NULL,'arctos',NULL,NULL,NULL,NULL,NULL,NULL,NULL,NULL,NULL,NULL),(109,7,1,NULL,'Bjrn',NULL,NULL,'Ursus',NULL,NULL,NULL,'arctos',NULL,NULL,NULL,NULL,NULL,NULL,NULL,NULL,NULL,NULL),(110,6,0,NULL,NULL,NULL,NULL,NULL,NULL,NULL,NULL,NULL,NULL,NULL,NULL,NULL,NULL,NULL,NULL,NULL,NULL,NULL),(111,6,0,NULL,NULL,NULL,NULL,'Ursus',NULL,NULL,NULL,'arctos',NULL,NULL,NULL,NULL,NULL,NULL,NULL,NULL,NULL,NULL),(111,7,1,NULL,'Bjrn',NULL,NULL,'Ursus',NULL,NULL,NULL,'arctos',NULL,NULL,NULL,NULL,NULL,NULL,NULL,NULL,NULL,NULL),(112,6,0,NULL,NULL,NULL,NULL,NULL,NULL,NULL,NULL,NULL,NULL,NULL,NULL,NULL,NULL,NULL,NULL,NULL,NULL,NULL),(113,6,0,NULL,NULL,NULL,NULL,'Ursus',NULL,NULL,NULL,'arctos',NULL,NULL,NULL,NULL,NULL,NULL,NULL,NULL,NULL,NULL),(113,7,1,NULL,'Bjrn',NULL,NULL,'Ursus',NULL,NULL,NULL,'arctos',NULL,NULL,NULL,NULL,NULL,NULL,NULL,NULL,NULL,NULL),(114,6,0,NULL,NULL,NULL,NULL,NULL,NULL,NULL,NULL,NULL,NULL,NULL,NULL,NULL,NULL,NULL,NULL,NULL,NULL,NULL),(115,6,0,NULL,NULL,NULL,NULL,'Ursus',NULL,NULL,NULL,'arctos',NULL,NULL,NULL,NULL,NULL,NULL,NULL,NULL,NULL,NULL),(115,7,1,NULL,'Bjrn',NULL,NULL,'Ursus',NULL,NULL,NULL,'arctos',NULL,NULL,NULL,NULL,NULL,NULL,NULL,NULL,NULL,NULL),(116,6,0,NULL,NULL,NULL,NULL,NULL,NULL,NULL,NULL,NULL,NULL,NULL,NULL,NULL,NULL,NULL,NULL,NULL,NULL,NULL),(117,6,0,NULL,NULL,NULL,NULL,'Ursus',NULL,NULL,NULL,'arctos',NULL,NULL,NULL,NULL,NULL,NULL,NULL,NULL,NULL,NULL),(117,7,1,NULL,'Bjrn',NULL,NULL,'Ursus',NULL,NULL,NULL,'arctos',NULL,NULL,NULL,NULL,NULL,NULL,NULL,NULL,NULL,NULL),(118,6,0,NULL,NULL,NULL,NULL,NULL,NULL,NULL,NULL,NULL,NULL,NULL,NULL,NULL,NULL,NULL,NULL,NULL,NULL,NULL),(119,6,0,NULL,NULL,NULL,NULL,'Ursus',NULL,NULL,NULL,'arctos',NULL,NULL,NULL,NULL,NULL,NULL,NULL,NULL,NULL,NULL),(119,7,1,NULL,'Bjrn',NULL,NULL,'Ursus',NULL,NULL,NULL,'arctos',NULL,NULL,NULL,NULL,NULL,NULL,NULL,NULL,NULL,NULL),(120,6,0,NULL,NULL,NULL,NULL,NULL,NULL,NULL,NULL,NULL,NULL,NULL,NULL,NULL,NULL,NULL,NULL,NULL,NULL,NULL),(121,6,0,NULL,NULL,NULL,NULL,'Ursus',NULL,NULL,NULL,'arctos',NULL,NULL,NULL,NULL,NULL,NULL,NULL,NULL,NULL,NULL),(121,7,1,NULL,'Bjrn',NULL,NULL,'Ursus',NULL,NULL,NULL,'arctos',NULL,NULL,NULL,NULL,NULL,NULL,NULL,NULL,NULL,NULL),(122,6,0,NULL,NULL,NULL,NULL,NULL,NULL,NULL,NULL,NULL,NULL,NULL,NULL,NULL,NULL,NULL,NULL,NULL,NULL,NULL),(123,6,0,NULL,NULL,NULL,NULL,'Ursus',NULL,NULL,NULL,'arctos',NULL,NULL,NULL,NULL,NULL,NULL,NULL,NULL,NULL,NULL),(123,7,1,NULL,'Bjrn',NULL,NULL,'Ursus',NULL,NULL,NULL,'arctos',NULL,NULL,NULL,NULL,NULL,NULL,NULL,NULL,NULL,NULL),(124,6,0,NULL,NULL,NULL,NULL,NULL,NULL,NULL,NULL,NULL,NULL,NULL,NULL,NULL,NULL,NULL,NULL,NULL,NULL,NULL),(125,6,0,NULL,NULL,NULL,NULL,'Ursus',NULL,NULL,NULL,'arctos',NULL,NULL,NULL,NULL,NULL,NULL,NULL,NULL,NULL,NULL),(125,7,1,NULL,'Bjrn',NULL,NULL,'Ursus',NULL,NULL,NULL,'arctos',NULL,NULL,NULL,NULL,NULL,NULL,NULL,NULL,NULL,NULL),(126,6,0,NULL,NULL,NULL,NULL,NULL,NULL,NULL,NULL,NULL,NULL,NULL,NULL,NULL,NULL,NULL,NULL,NULL,NULL,NULL),(127,6,0,NULL,NULL,NULL,NULL,'Ursus',NULL,NULL,NULL,'arctos',NULL,NULL,NULL,NULL,NULL,NULL,NULL,NULL,NULL,NULL),(127,7,1,NULL,'Bjrn',NULL,NULL,'Ursus',NULL,NULL,NULL,'arctos',NULL,NULL,NULL,NULL,NULL,NULL,NULL,NULL,NULL,NULL),(128,6,0,NULL,NULL,NULL,NULL,NULL,NULL,NULL,NULL,NULL,NULL,NULL,NULL,NULL,NULL,NULL,NULL,NULL,NULL,NULL),(129,6,0,NULL,NULL,NULL,NULL,'Ursus',NULL,NULL,NULL,'arctos',NULL,NULL,NULL,NULL,NULL,NULL,NULL,NULL,NULL,NULL),(129,7,1,NULL,'Bjrn',NULL,NULL,'Ursus',NULL,NULL,NULL,'arctos',NULL,NULL,NULL,NULL,NULL,NULL,NULL,NULL,NULL,NULL),(130,6,0,NULL,NULL,NULL,NULL,NULL,NULL,NULL,NULL,NULL,NULL,NULL,NULL,NULL,NULL,NULL,NULL,NULL,NULL,NULL),(131,6,0,NULL,NULL,NULL,NULL,'Ursus',NULL,NULL,NULL,'arctos',NULL,NULL,NULL,NULL,NULL,NULL,NULL,NULL,NULL,NULL),(131,7,1,NULL,'Bjrn',NULL,NULL,'Ursus',NULL,NULL,NULL,'arctos',NULL,NULL,NULL,NULL,NULL,NULL,NULL,NULL,NULL,NULL),(132,6,0,NULL,NULL,NULL,NULL,NULL,NULL,NULL,NULL,NULL,NULL,NULL,NULL,NULL,NULL,NULL,NULL,NULL,NULL,NULL),(133,6,0,NULL,NULL,NULL,NULL,'Ursus',NULL,NULL,NULL,'arctos',NULL,NULL,NULL,NULL,NULL,NULL,NULL,NULL,NULL,NULL),(133,7,1,NULL,'Bjrn',NULL,NULL,'Ursus',NULL,NULL,NULL,'arctos',NULL,NULL,NULL,NULL,NULL,NULL,NULL,NULL,NULL,NULL),(134,6,0,NULL,NULL,NULL,NULL,NULL,NULL,NULL,NULL,NULL,NULL,NULL,NULL,NULL,NULL,NULL,NULL,NULL,NULL,NULL),(135,6,0,NULL,NULL,NULL,NULL,'Ursus',NULL,NULL,NULL,'arctos',NULL,NULL,NULL,NULL,NULL,NULL,NULL,NULL,NULL,NULL),(135,7,1,NULL,'Bjrn',NULL,NULL,'Ursus',NULL,NULL,NULL,'arctos',NULL,NULL,NULL,NULL,NULL,NULL,NULL,NULL,NULL,NULL),(136,6,0,NULL,NULL,NULL,NULL,NULL,NULL,NULL,NULL,NULL,NULL,NULL,NULL,NULL,NULL,NULL,NULL,NULL,NULL,NULL),(137,6,0,NULL,NULL,NULL,NULL,'Ursus',NULL,NULL,NULL,'arctos',NULL,NULL,NULL,NULL,NULL,NULL,NULL,NULL,NULL,NULL),(137,7,1,NULL,'Bjrn',NULL,NULL,'Ursus',NULL,NULL,NULL,'arctos',NULL,NULL,NULL,NULL,NULL,NULL,NULL,NULL,NULL,NULL),(138,6,0,NULL,NULL,NULL,NULL,NULL,NULL,NULL,NULL,NULL,NULL,NULL,NULL,NULL,NULL,NULL,NULL,NULL,NULL,NULL),(139,6,0,NULL,NULL,NULL,NULL,'Ursus',NULL,NULL,NULL,'arctos',NULL,NULL,NULL,NULL,NULL,NULL,NULL,NULL,NULL,NULL),(139,7,1,NULL,'Bjrn',NULL,NULL,'Ursus',NULL,NULL,NULL,'arctos',NULL,NULL,NULL,NULL,NULL,NULL,NULL,NULL,NULL,NULL),(140,6,0,NULL,NULL,NULL,NULL,NULL,NULL,NULL,NULL,NULL,NULL,NULL,NULL,NULL,NULL,NULL,NULL,NULL,NULL,NULL),(141,6,0,NULL,NULL,NULL,NULL,'Ursus',NULL,NULL,NULL,'arctos',NULL,NULL,NULL,NULL,NULL,NULL,NULL,NULL,NULL,NULL),(141,7,1,NULL,'Bjrn',NULL,NULL,'Ursus',NULL,NULL,NULL,'arctos',NULL,NULL,NULL,NULL,NULL,NULL,NULL,NULL,NULL,NULL),(142,6,0,NULL,NULL,NULL,NULL,NULL,NULL,NULL,NULL,NULL,NULL,NULL,NULL,NULL,NULL,NULL,NULL,NULL,NULL,NULL),(143,6,0,NULL,NULL,NULL,NULL,'Ursus',NULL,NULL,NULL,'arctos',NULL,NULL,NULL,NULL,NULL,NULL,NULL,NULL,NULL,NULL),(143,7,1,NULL,'Bjrn',NULL,NULL,'Ursus',NULL,NULL,NULL,'arctos',NULL,NULL,NULL,NULL,NULL,NULL,NULL,NULL,NULL,NULL),(144,6,0,NULL,NULL,NULL,NULL,NULL,NULL,NULL,NULL,NULL,NULL,NULL,NULL,NULL,NULL,NULL,NULL,NULL,NULL,NULL),(145,6,0,NULL,NULL,NULL,NULL,'Ursus',NULL,NULL,NULL,'arctos',NULL,NULL,NULL,NULL,NULL,NULL,NULL,NULL,NULL,NULL),(145,7,1,NULL,'Bjrn',NULL,NULL,'Ursus',NULL,NULL,NULL,'arctos',NULL,NULL,NULL,NULL,NULL,NULL,NULL,NULL,NULL,NULL),(146,6,0,NULL,NULL,NULL,NULL,NULL,NULL,NULL,NULL,NULL,NULL,NULL,NULL,NULL,NULL,NULL,NULL,NULL,NULL,NULL),(147,6,0,NULL,NULL,NULL,NULL,'Ursus',NULL,NULL,NULL,'arctos',NULL,NULL,NULL,NULL,NULL,NULL,NULL,NULL,NULL,NULL),(147,7,1,NULL,'Bjrn',NULL,NULL,'Ursus',NULL,NULL,NULL,'arctos',NULL,NULL,NULL,NULL,NULL,NULL,NULL,NULL,NULL,NULL),(148,6,0,NULL,NULL,NULL,NULL,NULL,NULL,NULL,NULL,NULL,NULL,NULL,NULL,NULL,NULL,NULL,NULL,NULL,NULL,NULL),(149,6,0,NULL,NULL,NULL,NULL,'Ursus',NULL,NULL,NULL,'arctos',NULL,NULL,NULL,NULL,NULL,NULL,NULL,NULL,NULL,NULL),(149,7,1,NULL,'Bjrn',NULL,NULL,'Ursus',NULL,NULL,NULL,'arctos',NULL,NULL,NULL,NULL,NULL,NULL,NULL,NULL,NULL,NULL),(150,6,0,NULL,NULL,NULL,NULL,NULL,NULL,NULL,NULL,NULL,NULL,NULL,NULL,NULL,NULL,NULL,NULL,NULL,NULL,NULL),(151,6,0,NULL,NULL,NULL,NULL,'Ursus',NULL,NULL,NULL,'arctos',NULL,NULL,NULL,NULL,NULL,NULL,NULL,NULL,NULL,NULL),(151,7,1,NULL,'Bjrn',NULL,NULL,'Ursus',NULL,NULL,NULL,'arctos',NULL,NULL,NULL,NULL,NULL,NULL,NULL,NULL,NULL,NULL),(152,6,0,NULL,NULL,NULL,NULL,NULL,NULL,NULL,NULL,NULL,NULL,NULL,NULL,NULL,NULL,NULL,NULL,NULL,NULL,NULL),(153,6,0,NULL,NULL,NULL,NULL,'Ursus',NULL,NULL,NULL,'arctos',NULL,NULL,NULL,NULL,NULL,NULL,NULL,NULL,NULL,NULL),(153,7,1,NULL,'Bjrn',NULL,NULL,'Ursus',NULL,NULL,NULL,'arctos',NULL,NULL,NULL,NULL,NULL,NULL,NULL,NULL,NULL,NULL),(154,6,0,NULL,NULL,NULL,NULL,NULL,NULL,NULL,NULL,NULL,NULL,NULL,NULL,NULL,NULL,NULL,NULL,NULL,NULL,NULL),(155,6,0,NULL,NULL,NULL,NULL,'Ursus',NULL,NULL,NULL,'arctos',NULL,NULL,NULL,NULL,NULL,NULL,NULL,NULL,NULL,NULL),(155,7,1,NULL,'Bjrn',NULL,NULL,'Ursus',NULL,NULL,NULL,'arctos',NULL,NULL,NULL,NULL,NULL,NULL,NULL,NULL,NULL,NULL),(156,6,0,NULL,NULL,NULL,NULL,NULL,NULL,NULL,NULL,NULL,NULL,NULL,NULL,NULL,NULL,NULL,NULL,NULL,NULL,NULL),(157,6,0,NULL,NULL,NULL,NULL,'Ursus',NULL,NULL,NULL,'arctos',NULL,NULL,NULL,NULL,NULL,NULL,NULL,NULL,NULL,NULL),(157,7,1,NULL,'Bjrn',NULL,NULL,'Ursus',NULL,NULL,NULL,'arctos',NULL,NULL,NULL,NULL,NULL,NULL,NULL,NULL,NULL,NULL),(158,6,0,NULL,NULL,NULL,NULL,NULL,NULL,NULL,NULL,NULL,NULL,NULL,NULL,NULL,NULL,NULL,NULL,NULL,NULL,NULL),(159,6,0,NULL,NULL,NULL,NULL,'Ursus',NULL,NULL,NULL,'arctos',NULL,NULL,NULL,NULL,NULL,NULL,NULL,NULL,NULL,NULL),(159,7,1,NULL,'Bjrn',NULL,NULL,'Ursus',NULL,NULL,NULL,'arctos',NULL,NULL,NULL,NULL,NULL,NULL,NULL,NULL,NULL,NULL),(160,6,0,NULL,NULL,NULL,NULL,NULL,NULL,NULL,NULL,NULL,NULL,NULL,NULL,NULL,NULL,NULL,NULL,NULL,NULL,NULL),(161,6,0,NULL,NULL,NULL,NULL,'Ursus',NULL,NULL,NULL,'arctos',NULL,NULL,NULL,NULL,NULL,NULL,NULL,NULL,NULL,NULL),(161,7,1,NULL,'Bjrn',NULL,NULL,'Ursus',NULL,NULL,NULL,'arctos',NULL,NULL,NULL,NULL,NULL,NULL,NULL,NULL,NULL,NULL),(162,6,0,NULL,NULL,NULL,NULL,NULL,NULL,NULL,NULL,NULL,NULL,NULL,NULL,NULL,NULL,NULL,NULL,NULL,NULL,NULL),(163,6,0,NULL,NULL,NULL,NULL,'Ursus',NULL,NULL,NULL,'arctos',NULL,NULL,NULL,NULL,NULL,NULL,NULL,NULL,NULL,NULL),(163,7,1,NULL,'Bjrn',NULL,NULL,'Ursus',NULL,NULL,NULL,'arctos',NULL,NULL,NULL,NULL,NULL,NULL,NULL,NULL,NULL,NULL),(164,6,0,NULL,NULL,NULL,NULL,NULL,NULL,NULL,NULL,NULL,NULL,NULL,NULL,NULL,NULL,NULL,NULL,NULL,NULL,NULL),(165,6,0,NULL,NULL,NULL,NULL,'Ursus',NULL,NULL,NULL,'arctos',NULL,NULL,NULL,NULL,NULL,NULL,NULL,NULL,NULL,NULL),(165,7,1,NULL,'Bjrn',NULL,NULL,'Ursus',NULL,NULL,NULL,'arctos',NULL,NULL,NULL,NULL,NULL,NULL,NULL,NULL,NULL,NULL),(166,6,0,NULL,NULL,NULL,NULL,NULL,NULL,NULL,NULL,NULL,NULL,NULL,NULL,NULL,NULL,NULL,NULL,NULL,NULL,NULL),(167,6,0,NULL,NULL,NULL,NULL,'Ursus',NULL,NULL,NULL,'arctos',NULL,NULL,NULL,NULL,NULL,NULL,NULL,NULL,NULL,NULL),(167,7,1,NULL,'Bjrn',NULL,NULL,'Ursus',NULL,NULL,NULL,'arctos',NULL,NULL,NULL,NULL,NULL,NULL,NULL,NULL,NULL,NULL),(168,6,0,NULL,NULL,NULL,NULL,NULL,NULL,NULL,NULL,NULL,NULL,NULL,NULL,NULL,NULL,NULL,NULL,NULL,NULL,NULL),(169,6,0,NULL,NULL,NULL,NULL,'Ursus',NULL,NULL,NULL,'arctos',NULL,NULL,NULL,NULL,NULL,NULL,NULL,NULL,NULL,NULL),(169,7,1,NULL,'Bjrn',NULL,NULL,'Ursus',NULL,NULL,NULL,'arctos',NULL,NULL,NULL,NULL,NULL,NULL,NULL,NULL,NULL,NULL),(170,6,0,NULL,NULL,NULL,NULL,NULL,NULL,NULL,NULL,NULL,NULL,NULL,NULL,NULL,NULL,NULL,NULL,NULL,NULL,NULL),(171,6,0,NULL,NULL,NULL,NULL,'Ursus',NULL,NULL,NULL,'arctos',NULL,NULL,NULL,NULL,NULL,NULL,NULL,NULL,NULL,NULL),(171,7,1,NULL,'Bjrn',NULL,NULL,'Ursus',NULL,NULL,NULL,'arctos',NULL,NULL,NULL,NULL,NULL,NULL,NULL,NULL,NULL,NULL),(172,6,0,NULL,NULL,NULL,NULL,NULL,NULL,NULL,NULL,NULL,NULL,NULL,NULL,NULL,NULL,NULL,NULL,NULL,NULL,NULL),(173,6,0,NULL,NULL,NULL,NULL,'Ursus',NULL,NULL,NULL,'arctos',NULL,NULL,NULL,NULL,NULL,NULL,NULL,NULL,NULL,NULL),(173,7,1,NULL,'Bjrn',NULL,NULL,'Ursus',NULL,NULL,NULL,'arctos',NULL,NULL,NULL,NULL,NULL,NULL,NULL,NULL,NULL,NULL),(174,6,0,NULL,NULL,NULL,NULL,NULL,NULL,NULL,NULL,NULL,NULL,NULL,NULL,NULL,NULL,NULL,NULL,NULL,NULL,NULL),(175,6,0,NULL,NULL,NULL,NULL,'Ursus',NULL,NULL,NULL,'arctos',NULL,NULL,NULL,NULL,NULL,NULL,NULL,NULL,NULL,NULL),(175,7,1,NULL,'Bjrn',NULL,NULL,'Ursus',NULL,NULL,NULL,'arctos',NULL,NULL,NULL,NULL,NULL,NULL,NULL,NULL,NULL,NULL),(176,6,0,NULL,NULL,NULL,NULL,NULL,NULL,NULL,NULL,NULL,NULL,NULL,NULL,NULL,NULL,NULL,NULL,NULL,NULL,NULL),(177,6,0,NULL,NULL,NULL,NULL,'Ursus',NULL,NULL,NULL,'arctos',NULL,NULL,NULL,NULL,NULL,NULL,NULL,NULL,NULL,NULL),(177,7,1,NULL,'Bjrn',NULL,NULL,'Ursus',NULL,NULL,NULL,'arctos',NULL,NULL,NULL,NULL,NULL,NULL,NULL,NULL,NULL,NULL),(178,6,0,NULL,NULL,NULL,NULL,NULL,NULL,NULL,NULL,NULL,NULL,NULL,NULL,NULL,NULL,NULL,NULL,NULL,NULL,NULL),(179,6,0,NULL,NULL,NULL,NULL,'Ursus',NULL,NULL,NULL,'arctos',NULL,NULL,NULL,NULL,NULL,NULL,NULL,NULL,NULL,NULL),(179,7,1,NULL,'Bjrn',NULL,NULL,'Ursus',NULL,NULL,NULL,'arctos',NULL,NULL,NULL,NULL,NULL,NULL,NULL,NULL,NULL,NULL),(180,6,0,NULL,NULL,NULL,NULL,NULL,NULL,NULL,NULL,NULL,NULL,NULL,NULL,NULL,NULL,NULL,NULL,NULL,NULL,NULL),(181,6,0,NULL,NULL,NULL,NULL,'Ursus',NULL,NULL,NULL,'arctos',NULL,NULL,NULL,NULL,NULL,NULL,NULL,NULL,NULL,NULL),(181,7,1,NULL,'Bjrn',NULL,NULL,'Ursus',NULL,NULL,NULL,'arctos',NULL,NULL,NULL,NULL,NULL,NULL,NULL,NULL,NULL,NULL),(182,6,0,NULL,NULL,NULL,NULL,NULL,NULL,NULL,NULL,NULL,NULL,NULL,NULL,NULL,NULL,NULL,NULL,NULL,NULL,NULL),(183,6,0,NULL,NULL,NULL,NULL,'Ursus',NULL,NULL,NULL,'arctos',NULL,NULL,NULL,NULL,NULL,NULL,NULL,NULL,NULL,NULL),(183,7,1,NULL,'Bjrn',NULL,NULL,'Ursus',NULL,NULL,NULL,'arctos',NULL,NULL,NULL,NULL,NULL,NULL,NULL,NULL,NULL,NULL),(184,6,0,NULL,NULL,NULL,NULL,NULL,NULL,NULL,NULL,NULL,NULL,NULL,NULL,NULL,NULL,NULL,NULL,NULL,NULL,NULL),(185,6,0,NULL,NULL,NULL,NULL,'Ursus',NULL,NULL,NULL,'arctos',NULL,NULL,NULL,NULL,NULL,NULL,NULL,NULL,NULL,NULL),(185,7,1,NULL,'Bjrn',NULL,NULL,'Ursus',NULL,NULL,NULL,'arctos',NULL,NULL,NULL,NULL,NULL,NULL,NULL,NULL,NULL,NULL),(186,6,0,NULL,NULL,NULL,NULL,NULL,NULL,NULL,NULL,NULL,NULL,NULL,NULL,NULL,NULL,NULL,NULL,NULL,NULL,NULL),(187,6,0,NULL,NULL,NULL,NULL,'Ursus',NULL,NULL,NULL,'arctos',NULL,NULL,NULL,NULL,NULL,NULL,NULL,NULL,NULL,NULL),(187,7,1,NULL,'Bjrn',NULL,NULL,'Ursus',NULL,NULL,NULL,'arctos',NULL,NULL,NULL,NULL,NULL,NULL,NULL,NULL,NULL,NULL),(188,6,0,NULL,NULL,NULL,NULL,NULL,NULL,NULL,NULL,NULL,NULL,NULL,NULL,NULL,NULL,NULL,NULL,NULL,NULL,NULL),(189,6,0,NULL,NULL,NULL,NULL,'Ursus',NULL,NULL,NULL,'arctos',NULL,NULL,NULL,NULL,NULL,NULL,NULL,NULL,NULL,NULL),(189,7,1,NULL,'Bjrn',NULL,NULL,'Ursus',NULL,NULL,NULL,'arctos',NULL,NULL,NULL,NULL,NULL,NULL,NULL,NULL,NULL,NULL),(190,6,0,NULL,NULL,NULL,NULL,NULL,NULL,NULL,NULL,NULL,NULL,NULL,NULL,NULL,NULL,NULL,NULL,NULL,NULL,NULL),(191,6,0,NULL,NULL,NULL,NULL,'Ursus',NULL,NULL,NULL,'arctos',NULL,NULL,NULL,NULL,NULL,NULL,NULL,NULL,NULL,NULL),(191,7,1,NULL,'Bjrn',NULL,NULL,'Ursus',NULL,NULL,NULL,'arctos',NULL,NULL,NULL,NULL,NULL,NULL,NULL,NULL,NULL,NULL),(192,6,0,NULL,NULL,NULL,NULL,NULL,NULL,NULL,NULL,NULL,NULL,NULL,NULL,NULL,NULL,NULL,NULL,NULL,NULL,NULL),(193,6,0,NULL,NULL,NULL,NULL,'Ursus',NULL,NULL,NULL,'arctos',NULL,NULL,NULL,NULL,NULL,NULL,NULL,NULL,NULL,NULL),(193,7,1,NULL,'Bjrn',NULL,NULL,'Ursus',NULL,NULL,NULL,'arctos',NULL,NULL,NULL,NULL,NULL,NULL,NULL,NULL,NULL,NULL),(194,6,0,NULL,NULL,NULL,NULL,NULL,NULL,NULL,NULL,NULL,NULL,NULL,NULL,NULL,NULL,NULL,NULL,NULL,NULL,NULL),(195,6,0,NULL,NULL,NULL,NULL,'Ursus',NULL,NULL,NULL,'arctos',NULL,NULL,NULL,NULL,NULL,NULL,NULL,NULL,NULL,NULL),(195,7,1,NULL,'Bjrn',NULL,NULL,'Ursus',NULL,NULL,NULL,'arctos',NULL,NULL,NULL,NULL,NULL,NULL,NULL,NULL,NULL,NULL),(196,6,0,NULL,NULL,NULL,NULL,NULL,NULL,NULL,NULL,NULL,NULL,NULL,NULL,NULL,NULL,NULL,NULL,NULL,NULL,NULL),(197,6,0,NULL,NULL,NULL,NULL,'Ursus',NULL,NULL,NULL,'arctos',NULL,NULL,NULL,NULL,NULL,NULL,NULL,NULL,NULL,NULL),(197,7,1,NULL,'Bjrn',NULL,NULL,'Ursus',NULL,NULL,NULL,'arctos',NULL,NULL,NULL,NULL,NULL,NULL,NULL,NULL,NULL,NULL),(198,6,0,NULL,NULL,NULL,NULL,NULL,NULL,NULL,NULL,NULL,NULL,NULL,NULL,NULL,NULL,NULL,NULL,NULL,NULL,NULL),(199,6,0,NULL,NULL,NULL,NULL,'Ursus',NULL,NULL,NULL,'arctos',NULL,NULL,NULL,NULL,NULL,NULL,NULL,NULL,NULL,NULL),(199,7,1,NULL,'Bjrn',NULL,NULL,'Ursus',NULL,NULL,NULL,'arctos',NULL,NULL,NULL,NULL,NULL,NULL,NULL,NULL,NULL,NULL),(200,6,0,NULL,NULL,NULL,NULL,NULL,NULL,NULL,NULL,NULL,NULL,NULL,NULL,NULL,NULL,NULL,NULL,NULL,NULL,NULL),(201,6,0,NULL,NULL,NULL,NULL,'Ursus',NULL,NULL,NULL,'arctos',NULL,NULL,NULL,NULL,NULL,NULL,NULL,NULL,NULL,NULL),(201,7,1,NULL,'Bjrn',NULL,NULL,'Ursus',NULL,NULL,NULL,'arctos',NULL,NULL,NULL,NULL,NULL,NULL,NULL,NULL,NULL,NULL),(202,6,0,NULL,NULL,NULL,NULL,NULL,NULL,NULL,NULL,NULL,NULL,NULL,NULL,NULL,NULL,NULL,NULL,NULL,NULL,NULL),(203,6,0,NULL,NULL,NULL,NULL,'Ursus',NULL,NULL,NULL,'arctos',NULL,NULL,NULL,NULL,NULL,NULL,NULL,NULL,NULL,NULL),(203,7,1,NULL,'Bjrn',NULL,NULL,'Ursus',NULL,NULL,NULL,'arctos',NULL,NULL,NULL,NULL,NULL,NULL,NULL,NULL,NULL,NULL),(204,6,0,NULL,NULL,NULL,NULL,NULL,NULL,NULL,NULL,NULL,NULL,NULL,NULL,NULL,NULL,NULL,NULL,NULL,NULL,NULL),(205,6,0,NULL,NULL,NULL,NULL,'Ursus',NULL,NULL,NULL,'arctos',NULL,NULL,NULL,NULL,NULL,NULL,NULL,NULL,NULL,NULL),(205,7,1,NULL,'Bjrn',NULL,NULL,'Ursus',NULL,NULL,NULL,'arctos',NULL,NULL,NULL,NULL,NULL,NULL,NULL,NULL,NULL,NULL),(206,6,0,NULL,NULL,NULL,NULL,NULL,NULL,NULL,NULL,NULL,NULL,NULL,NULL,NULL,NULL,NULL,NULL,NULL,NULL,NULL),(207,6,0,NULL,NULL,NULL,NULL,'Ursus',NULL,NULL,NULL,'arctos',NULL,NULL,NULL,NULL,NULL,NULL,NULL,NULL,NULL,NULL),(207,7,1,NULL,'Bjrn',NULL,NULL,'Ursus',NULL,NULL,NULL,'arctos',NULL,NULL,NULL,NULL,NULL,NULL,NULL,NULL,NULL,NULL),(208,6,0,NULL,NULL,NULL,NULL,NULL,NULL,NULL,NULL,NULL,NULL,NULL,NULL,NULL,NULL,NULL,NULL,NULL,NULL,NULL),(209,6,0,NULL,NULL,NULL,NULL,'Ursus',NULL,NULL,NULL,'arctos',NULL,NULL,NULL,NULL,NULL,NULL,NULL,NULL,NULL,NULL),(209,7,1,NULL,'Bjrn',NULL,NULL,'Ursus',NULL,NULL,NULL,'arctos',NULL,NULL,NULL,NULL,NULL,NULL,NULL,NULL,NULL,NULL),(210,6,0,NULL,NULL,NULL,NULL,NULL,NULL,NULL,NULL,NULL,NULL,NULL,NULL,NULL,NULL,NULL,NULL,NULL,NULL,NULL),(211,6,0,NULL,NULL,NULL,NULL,'Ursus',NULL,NULL,NULL,'arctos',NULL,NULL,NULL,NULL,NULL,NULL,NULL,NULL,NULL,NULL),(211,7,1,NULL,'Bjrn',NULL,NULL,'Ursus',NULL,NULL,NULL,'arctos',NULL,NULL,NULL,NULL,NULL,NULL,NULL,NULL,NULL,NULL),(212,6,0,NULL,NULL,NULL,NULL,NULL,NULL,NULL,NULL,NULL,NULL,NULL,NULL,NULL,NULL,NULL,NULL,NULL,NULL,NULL),(213,6,0,NULL,NULL,NULL,NULL,'Ursus',NULL,NULL,NULL,'arctos',NULL,NULL,NULL,NULL,NULL,NULL,NULL,NULL,NULL,NULL),(213,7,1,NULL,'Bjrn',NULL,NULL,'Ursus',NULL,NULL,NULL,'arctos',NULL,NULL,NULL,NULL,NULL,NULL,NULL,NULL,NULL,NULL),(214,6,0,NULL,NULL,NULL,NULL,NULL,NULL,NULL,NULL,NULL,NULL,NULL,NULL,NULL,NULL,NULL,NULL,NULL,NULL,NULL),(215,6,0,NULL,NULL,NULL,NULL,'Ursus',NULL,NULL,NULL,'arctos',NULL,NULL,NULL,NULL,NULL,NULL,NULL,NULL,NULL,NULL),(215,7,1,NULL,'Bjrn',NULL,NULL,'Ursus',NULL,NULL,NULL,'arctos',NULL,NULL,NULL,NULL,NULL,NULL,NULL,NULL,NULL,NULL),(216,6,0,NULL,NULL,NULL,NULL,NULL,NULL,NULL,NULL,NULL,NULL,NULL,NULL,NULL,NULL,NULL,NULL,NULL,NULL,NULL),(217,6,0,NULL,NULL,NULL,NULL,'Ursus',NULL,NULL,NULL,'arctos',NULL,NULL,NULL,NULL,NULL,NULL,NULL,NULL,NULL,NULL),(217,7,1,NULL,'Bjrn',NULL,NULL,'Ursus',NULL,NULL,NULL,'arctos',NULL,NULL,NULL,NULL,NULL,NULL,NULL,NULL,NULL,NULL),(218,6,0,NULL,NULL,NULL,NULL,NULL,NULL,NULL,NULL,NULL,NULL,NULL,NULL,NULL,NULL,NULL,NULL,NULL,NULL,NULL),(219,6,0,NULL,NULL,NULL,NULL,'Ursus',NULL,NULL,NULL,'arctos',NULL,NULL,NULL,NULL,NULL,NULL,NULL,NULL,NULL,NULL),(219,7,1,NULL,'Bjrn',NULL,NULL,'Ursus',NULL,NULL,NULL,'arctos',NULL,NULL,NULL,NULL,NULL,NULL,NULL,NULL,NULL,NULL),(220,6,0,NULL,NULL,NULL,NULL,NULL,NULL,NULL,NULL,NULL,NULL,NULL,NULL,NULL,NULL,NULL,NULL,NULL,NULL,NULL),(221,6,0,NULL,NULL,NULL,NULL,'Ursus',NULL,NULL,NULL,'arctos',NULL,NULL,NULL,NULL,NULL,NULL,NULL,NULL,NULL,NULL),(221,7,1,NULL,'Bjrn',NULL,NULL,'Ursus',NULL,NULL,NULL,'arctos',NULL,NULL,NULL,NULL,NULL,NULL,NULL,NULL,NULL,NULL),(222,6,0,NULL,NULL,NULL,NULL,NULL,NULL,NULL,NULL,NULL,NULL,NULL,NULL,NULL,NULL,NULL,NULL,NULL,NULL,NULL),(223,6,0,NULL,NULL,NULL,NULL,'Ursus',NULL,NULL,NULL,'arctos',NULL,NULL,NULL,NULL,NULL,NULL,NULL,NULL,NULL,NULL),(223,7,1,NULL,'Bjrn',NULL,NULL,'Ursus',NULL,NULL,NULL,'arctos',NULL,NULL,NULL,NULL,NULL,NULL,NULL,NULL,NULL,NULL),(224,6,0,NULL,NULL,NULL,NULL,NULL,NULL,NULL,NULL,NULL,NULL,NULL,NULL,NULL,NULL,NULL,NULL,NULL,NULL,NULL),(225,6,0,NULL,NULL,NULL,NULL,'Ursus',NULL,NULL,NULL,'arctos',NULL,NULL,NULL,NULL,NULL,NULL,NULL,NULL,NULL,NULL),(225,7,1,NULL,'Bjrn',NULL,NULL,'Ursus',NULL,NULL,NULL,'arctos',NULL,NULL,NULL,NULL,NULL,NULL,NULL,NULL,NULL,NULL),(226,6,0,NULL,NULL,NULL,NULL,NULL,NULL,NULL,NULL,NULL,NULL,NULL,NULL,NULL,NULL,NULL,NULL,NULL,NULL,NULL),(227,6,0,NULL,NULL,NULL,NULL,'Ursus',NULL,NULL,NULL,'arctos',NULL,NULL,NULL,NULL,NULL,NULL,NULL,NULL,NULL,NULL),(227,7,1,NULL,'Bjrn',NULL,NULL,'Ursus',NULL,NULL,NULL,'arctos',NULL,NULL,NULL,NULL,NULL,NULL,NULL,NULL,NULL,NULL),(228,6,0,NULL,NULL,NULL,NULL,NULL,NULL,NULL,NULL,NULL,NULL,NULL,NULL,NULL,NULL,NULL,NULL,NULL,NULL,NULL),(229,6,0,NULL,NULL,NULL,NULL,'Ursus',NULL,NULL,NULL,'arctos',NULL,NULL,NULL,NULL,NULL,NULL,NULL,NULL,NULL,NULL),(229,7,1,NULL,'Bjrn',NULL,NULL,'Ursus',NULL,NULL,NULL,'arctos',NULL,NULL,NULL,NULL,NULL,NULL,NULL,NULL,NULL,NULL),(230,6,0,NULL,NULL,NULL,NULL,NULL,NULL,NULL,NULL,NULL,NULL,NULL,NULL,NULL,NULL,NULL,NULL,NULL,NULL,NULL),(231,6,0,NULL,NULL,NULL,NULL,'Ursus',NULL,NULL,NULL,'arctos',NULL,NULL,NULL,NULL,NULL,NULL,NULL,NULL,NULL,NULL),(231,7,1,NULL,'Bjrn',NULL,NULL,'Ursus',NULL,NULL,NULL,'arctos',NULL,NULL,NULL,NULL,NULL,NULL,NULL,NULL,NULL,NULL),(232,6,0,NULL,NULL,NULL,NULL,NULL,NULL,NULL,NULL,NULL,NULL,NULL,NULL,NULL,NULL,NULL,NULL,NULL,NULL,NULL),(233,6,0,NULL,NULL,NULL,NULL,'Ursus',NULL,NULL,NULL,'arctos',NULL,NULL,NULL,NULL,NULL,NULL,NULL,NULL,NULL,NULL),(233,7,1,NULL,'Bjrn',NULL,NULL,'Ursus',NULL,NULL,NULL,'arctos',NULL,NULL,NULL,NULL,NULL,NULL,NULL,NULL,NULL,NULL),(234,6,0,NULL,NULL,NULL,NULL,NULL,NULL,NULL,NULL,NULL,NULL,NULL,NULL,NULL,NULL,NULL,NULL,NULL,NULL,NULL),(235,6,0,NULL,NULL,NULL,NULL,'Ursus',NULL,NULL,NULL,'arctos',NULL,NULL,NULL,NULL,NULL,NULL,NULL,NULL,NULL,NULL),(235,7,1,NULL,'Bjrn',NULL,NULL,'Ursus',NULL,NULL,NULL,'arctos',NULL,NULL,NULL,NULL,NULL,NULL,NULL,NULL,NULL,NULL),(236,6,0,NULL,NULL,NULL,NULL,NULL,NULL,NULL,NULL,NULL,NULL,NULL,NULL,NULL,NULL,NULL,NULL,NULL,NULL,NULL),(237,6,0,NULL,NULL,NULL,NULL,'Ursus',NULL,NULL,NULL,'arctos',NULL,NULL,NULL,NULL,NULL,NULL,NULL,NULL,NULL,NULL),(237,7,1,NULL,'Bjrn',NULL,NULL,'Ursus',NULL,NULL,NULL,'arctos',NULL,NULL,NULL,NULL,NULL,NULL,NULL,NULL,NULL,NULL),(238,6,0,NULL,NULL,NULL,NULL,NULL,NULL,NULL,NULL,NULL,NULL,NULL,NULL,NULL,NULL,NULL,NULL,NULL,NULL,NULL),(239,6,0,NULL,NULL,NULL,NULL,'Ursus',NULL,NULL,NULL,'arctos',NULL,NULL,NULL,NULL,NULL,NULL,NULL,NULL,NULL,NULL),(239,7,1,NULL,'Bjrn',NULL,NULL,'Ursus',NULL,NULL,NULL,'arctos',NULL,NULL,NULL,NULL,NULL,NULL,NULL,NULL,NULL,NULL),(240,6,0,NULL,NULL,NULL,NULL,NULL,NULL,NULL,NULL,NULL,NULL,NULL,NULL,NULL,NULL,NULL,NULL,NULL,NULL,NULL),(241,6,0,NULL,NULL,NULL,NULL,'Ursus',NULL,NULL,NULL,'arctos',NULL,NULL,NULL,NULL,NULL,NULL,NULL,NULL,NULL,NULL),(241,7,1,NULL,'Bjrn',NULL,NULL,'Ursus',NULL,NULL,NULL,'arctos',NULL,NULL,NULL,NULL,NULL,NULL,NULL,NULL,NULL,NULL),(242,6,0,NULL,NULL,NULL,NULL,NULL,NULL,NULL,NULL,NULL,NULL,NULL,NULL,NULL,NULL,NULL,NULL,NULL,NULL,NULL),(243,6,0,NULL,NULL,NULL,NULL,'Ursus',NULL,NULL,NULL,'arctos',NULL,NULL,NULL,NULL,NULL,NULL,NULL,NULL,NULL,NULL),(243,7,1,NULL,'Bjrn',NULL,NULL,'Ursus',NULL,NULL,NULL,'arctos',NULL,NULL,NULL,NULL,NULL,NULL,NULL,NULL,NULL,NULL),(244,6,0,NULL,NULL,NULL,NULL,NULL,NULL,NULL,NULL,NULL,NULL,NULL,NULL,NULL,NULL,NULL,NULL,NULL,NULL,NULL),(245,6,0,NULL,NULL,NULL,NULL,'Ursus',NULL,NULL,NULL,'arctos',NULL,NULL,NULL,NULL,NULL,NULL,NULL,NULL,NULL,NULL),(245,7,1,NULL,'Bjrn',NULL,NULL,'Ursus',NULL,NULL,NULL,'arctos',NULL,NULL,NULL,NULL,NULL,NULL,NULL,NULL,NULL,NULL),(246,6,0,NULL,NULL,NULL,NULL,NULL,NULL,NULL,NULL,NULL,NULL,NULL,NULL,NULL,NULL,NULL,NULL,NULL,NULL,NULL),(247,6,0,NULL,NULL,NULL,NULL,'Ursus',NULL,NULL,NULL,'arctos',NULL,NULL,NULL,NULL,NULL,NULL,NULL,NULL,NULL,NULL),(247,7,1,NULL,'Bjrn',NULL,NULL,'Ursus',NULL,NULL,NULL,'arctos',NULL,NULL,NULL,NULL,NULL,NULL,NULL,NULL,NULL,NULL),(248,6,0,NULL,NULL,NULL,NULL,NULL,NULL,NULL,NULL,NULL,NULL,NULL,NULL,NULL,NULL,NULL,NULL,NULL,NULL,NULL),(249,6,0,NULL,NULL,NULL,NULL,'Ursus',NULL,NULL,NULL,'arctos',NULL,NULL,NULL,NULL,NULL,NULL,NULL,NULL,NULL,NULL),(249,7,1,NULL,'Bjrn',NULL,NULL,'Ursus',NULL,NULL,NULL,'arctos',NULL,NULL,NULL,NULL,NULL,NULL,NULL,NULL,NULL,NULL),(250,6,0,NULL,NULL,NULL,NULL,NULL,NULL,NULL,NULL,NULL,NULL,NULL,NULL,NULL,NULL,NULL,NULL,NULL,NULL,NULL),(251,6,0,NULL,NULL,NULL,NULL,'Ursus',NULL,NULL,NULL,'arctos',NULL,NULL,NULL,NULL,NULL,NULL,NULL,NULL,NULL,NULL),(251,7,1,NULL,'Bjrn',NULL,NULL,'Ursus',NULL,NULL,NULL,'arctos',NULL,NULL,NULL,NULL,NULL,NULL,NULL,NULL,NULL,NULL),(252,6,0,NULL,NULL,NULL,NULL,NULL,NULL,NULL,NULL,NULL,NULL,NULL,NULL,NULL,NULL,NULL,NULL,NULL,NULL,NULL),(253,6,0,NULL,NULL,NULL,NULL,'Ursus',NULL,NULL,NULL,'arctos',NULL,NULL,NULL,NULL,NULL,NULL,NULL,NULL,NULL,NULL),(253,7,1,NULL,'Bjrn',NULL,NULL,'Ursus',NULL,NULL,NULL,'arctos',NULL,NULL,NULL,NULL,NULL,NULL,NULL,NULL,NULL,NULL),(254,6,0,NULL,NULL,NULL,NULL,NULL,NULL,NULL,NULL,NULL,NULL,NULL,NULL,NULL,NULL,NULL,NULL,NULL,NULL,NULL),(255,6,0,NULL,NULL,NULL,NULL,'Ursus',NULL,NULL,NULL,'arctos',NULL,NULL,NULL,NULL,NULL,NULL,NULL,NULL,NULL,NULL),(255,7,1,NULL,'Bjrn',NULL,NULL,'Ursus',NULL,NULL,NULL,'arctos',NULL,NULL,NULL,NULL,NULL,NULL,NULL,NULL,NULL,NULL),(256,6,0,NULL,NULL,NULL,NULL,NULL,NULL,NULL,NULL,NULL,NULL,NULL,NULL,NULL,NULL,NULL,NULL,NULL,NULL,NULL),(257,6,0,NULL,NULL,NULL,NULL,'Ursus',NULL,NULL,NULL,'arctos',NULL,NULL,NULL,NULL,NULL,NULL,NULL,NULL,NULL,NULL),(257,7,1,NULL,'Bjrn',NULL,NULL,'Ursus',NULL,NULL,NULL,'arctos',NULL,NULL,NULL,NULL,NULL,NULL,NULL,NULL,NULL,NULL),(258,6,0,NULL,NULL,NULL,NULL,NULL,NULL,NULL,NULL,NULL,NULL,NULL,NULL,NULL,NULL,NULL,NULL,NULL,NULL,NULL),(259,6,0,NULL,NULL,NULL,NULL,'Ursus',NULL,NULL,NULL,'arctos',NULL,NULL,NULL,NULL,NULL,NULL,NULL,NULL,NULL,NULL),(259,7,1,NULL,'Bjrn',NULL,NULL,'Ursus',NULL,NULL,NULL,'arctos',NULL,NULL,NULL,NULL,NULL,NULL,NULL,NULL,NULL,NULL),(260,6,0,NULL,NULL,NULL,NULL,NULL,NULL,NULL,NULL,NULL,NULL,NULL,NULL,NULL,NULL,NULL,NULL,NULL,NULL,NULL),(261,6,0,NULL,NULL,NULL,NULL,'Ursus',NULL,NULL,NULL,'arctos',NULL,NULL,NULL,NULL,NULL,NULL,NULL,NULL,NULL,NULL),(261,7,1,NULL,'Bjrn',NULL,NULL,'Ursus',NULL,NULL,NULL,'arctos',NULL,NULL,NULL,NULL,NULL,NULL,NULL,NULL,NULL,NULL),(262,6,0,NULL,NULL,NULL,NULL,NULL,NULL,NULL,NULL,NULL,NULL,NULL,NULL,NULL,NULL,NULL,NULL,NULL,NULL,NULL),(263,6,0,NULL,NULL,NULL,NULL,'Ursus',NULL,NULL,NULL,'arctos',NULL,NULL,NULL,NULL,NULL,NULL,NULL,NULL,NULL,NULL),(263,7,1,NULL,'Bjrn',NULL,NULL,'Ursus',NULL,NULL,NULL,'arctos',NULL,NULL,NULL,NULL,NULL,NULL,NULL,NULL,NULL,NULL),(264,6,0,NULL,NULL,NULL,NULL,NULL,NULL,NULL,NULL,NULL,NULL,NULL,NULL,NULL,NULL,NULL,NULL,NULL,NULL,NULL),(265,6,0,NULL,NULL,NULL,NULL,'Ursus',NULL,NULL,NULL,'arctos',NULL,NULL,NULL,NULL,NULL,NULL,NULL,NULL,NULL,NULL),(265,7,1,NULL,'Bjrn',NULL,NULL,'Ursus',NULL,NULL,NULL,'arctos',NULL,NULL,NULL,NULL,NULL,NULL,NULL,NULL,NULL,NULL),(266,6,0,NULL,NULL,NULL,NULL,NULL,NULL,NULL,NULL,NULL,NULL,NULL,NULL,NULL,NULL,NULL,NULL,NULL,NULL,NULL),(267,6,0,NULL,NULL,NULL,NULL,'Ursus',NULL,NULL,NULL,'arctos',NULL,NULL,NULL,NULL,NULL,NULL,NULL,NULL,NULL,NULL),(267,7,1,NULL,'Bjrn',NULL,NULL,'Ursus',NULL,NULL,NULL,'arctos',NULL,NULL,NULL,NULL,NULL,NULL,NULL,NULL,NULL,NULL),(268,6,0,NULL,NULL,NULL,NULL,NULL,NULL,NULL,NULL,NULL,NULL,NULL,NULL,NULL,NULL,NULL,NULL,NULL,NULL,NULL),(269,6,0,NULL,NULL,NULL,NULL,'Ursus',NULL,NULL,NULL,'arctos',NULL,NULL,NULL,NULL,NULL,NULL,NULL,NULL,NULL,NULL),(269,7,1,NULL,'Bjrn',NULL,NULL,'Ursus',NULL,NULL,NULL,'arctos',NULL,NULL,NULL,NULL,NULL,NULL,NULL,NULL,NULL,NULL),(270,6,0,NULL,NULL,NULL,NULL,NULL,NULL,NULL,NULL,NULL,NULL,NULL,NULL,NULL,NULL,NULL,NULL,NULL,NULL,NULL),(271,6,0,NULL,NULL,NULL,NULL,'Ursus',NULL,NULL,NULL,'arctos',NULL,NULL,NULL,NULL,NULL,NULL,NULL,NULL,NULL,NULL),(271,7,1,NULL,'Bjrn',NULL,NULL,'Ursus',NULL,NULL,NULL,'arctos',NULL,NULL,NULL,NULL,NULL,NULL,NULL,NULL,NULL,NULL),(272,6,0,NULL,NULL,NULL,NULL,NULL,NULL,NULL,NULL,NULL,NULL,NULL,NULL,NULL,NULL,NULL,NULL,NULL,NULL,NULL),(273,6,0,NULL,NULL,NULL,NULL,'Ursus',NULL,NULL,NULL,'arctos',NULL,NULL,NULL,NULL,NULL,NULL,NULL,NULL,NULL,NULL),(273,7,1,NULL,'Bjrn',NULL,NULL,'Ursus',NULL,NULL,NULL,'arctos',NULL,NULL,NULL,NULL,NULL,NULL,NULL,NULL,NULL,NULL),(274,6,0,NULL,NULL,NULL,NULL,NULL,NULL,NULL,NULL,NULL,NULL,NULL,NULL,NULL,NULL,NULL,NULL,NULL,NULL,NULL),(275,6,0,NULL,NULL,NULL,NULL,'Ursus',NULL,NULL,NULL,'arctos',NULL,NULL,NULL,NULL,NULL,NULL,NULL,NULL,NULL,NULL),(275,7,1,NULL,'Bjrn',NULL,NULL,'Ursus',NULL,NULL,NULL,'arctos',NULL,NULL,NULL,NULL,NULL,NULL,NULL,NULL,NULL,NULL),(276,6,0,NULL,NULL,NULL,NULL,NULL,NULL,NULL,NULL,NULL,NULL,NULL,NULL,NULL,NULL,NULL,NULL,NULL,NULL,NULL),(277,6,0,NULL,NULL,NULL,NULL,'Ursus',NULL,NULL,NULL,'arctos',NULL,NULL,NULL,NULL,NULL,NULL,NULL,NULL,NULL,NULL),(277,7,1,NULL,'Bjrn',NULL,NULL,'Ursus',NULL,NULL,NULL,'arctos',NULL,NULL,NULL,NULL,NULL,NULL,NULL,NULL,NULL,NULL),(278,6,0,NULL,NULL,NULL,NULL,NULL,NULL,NULL,NULL,NULL,NULL,NULL,NULL,NULL,NULL,NULL,NULL,NULL,NULL,NULL),(279,6,0,NULL,NULL,NULL,NULL,'Ursus',NULL,NULL,NULL,'arctos',NULL,NULL,NULL,NULL,NULL,NULL,NULL,NULL,NULL,NULL),(279,7,1,NULL,'Bjrn',NULL,NULL,'Ursus',NULL,NULL,NULL,'arctos',NULL,NULL,NULL,NULL,NULL,NULL,NULL,NULL,NULL,NULL),(280,6,0,NULL,NULL,NULL,NULL,NULL,NULL,NULL,NULL,NULL,NULL,NULL,NULL,NULL,NULL,NULL,NULL,NULL,NULL,NULL),(281,6,0,NULL,NULL,NULL,NULL,'Ursus',NULL,NULL,NULL,'arctos',NULL,NULL,NULL,NULL,NULL,NULL,NULL,NULL,NULL,NULL),(281,7,1,NULL,'Bjrn',NULL,NULL,'Ursus',NULL,NULL,NULL,'arctos',NULL,NULL,NULL,NULL,NULL,NULL,NULL,NULL,NULL,NULL),(282,6,0,NULL,NULL,NULL,NULL,NULL,NULL,NULL,NULL,NULL,NULL,NULL,NULL,NULL,NULL,NULL,NULL,NULL,NULL,NULL),(283,6,0,NULL,NULL,NULL,NULL,'Ursus',NULL,NULL,NULL,'arctos',NULL,NULL,NULL,NULL,NULL,NULL,NULL,NULL,NULL,NULL),(283,7,1,NULL,'Bjrn',NULL,NULL,'Ursus',NULL,NULL,NULL,'arctos',NULL,NULL,NULL,NULL,NULL,NULL,NULL,NULL,NULL,NULL),(284,6,0,NULL,NULL,NULL,NULL,NULL,NULL,NULL,NULL,NULL,NULL,NULL,NULL,NULL,NULL,NULL,NULL,NULL,NULL,NULL),(285,6,0,NULL,NULL,NULL,NULL,'Ursus',NULL,NULL,NULL,'arctos',NULL,NULL,NULL,NULL,NULL,NULL,NULL,NULL,NULL,NULL),(285,7,1,NULL,'Bjrn',NULL,NULL,'Ursus',NULL,NULL,NULL,'arctos',NULL,NULL,NULL,NULL,NULL,NULL,NULL,NULL,NULL,NULL),(286,6,0,NULL,NULL,NULL,NULL,NULL,NULL,NULL,NULL,NULL,NULL,NULL,NULL,NULL,NULL,NULL,NULL,NULL,NULL,NULL),(287,6,0,NULL,NULL,NULL,NULL,'Ursus',NULL,NULL,NULL,'arctos',NULL,NULL,NULL,NULL,NULL,NULL,NULL,NULL,NULL,NULL),(287,7,1,NULL,'Bjrn',NULL,NULL,'Ursus',NULL,NULL,NULL,'arctos',NULL,NULL,NULL,NULL,NULL,NULL,NULL,NULL,NULL,NULL),(288,6,0,NULL,NULL,NULL,NULL,NULL,NULL,NULL,NULL,NULL,NULL,NULL,NULL,NULL,NULL,NULL,NULL,NULL,NULL,NULL),(289,6,0,NULL,NULL,NULL,NULL,'Ursus',NULL,NULL,NULL,'arctos',NULL,NULL,NULL,NULL,NULL,NULL,NULL,NULL,NULL,NULL),(289,7,1,NULL,'Bjrn',NULL,NULL,'Ursus',NULL,NULL,NULL,'arctos',NULL,NULL,NULL,NULL,NULL,NULL,NULL,NULL,NULL,NULL),(290,6,0,NULL,NULL,NULL,NULL,NULL,NULL,NULL,NULL,NULL,NULL,NULL,NULL,NULL,NULL,NULL,NULL,NULL,NULL,NULL),(291,6,0,NULL,NULL,NULL,NULL,'Ursus',NULL,NULL,NULL,'arctos',NULL,NULL,NULL,NULL,NULL,NULL,NULL,NULL,NULL,NULL),(291,7,1,NULL,'Bjrn',NULL,NULL,'Ursus',NULL,NULL,NULL,'arctos',NULL,NULL,NULL,NULL,NULL,NULL,NULL,NULL,NULL,NULL),(292,6,0,NULL,NULL,NULL,NULL,NULL,NULL,NULL,NULL,NULL,NULL,NULL,NULL,NULL,NULL,NULL,NULL,NULL,NULL,NULL);
/*!40000 ALTER TABLE `Taxonomys_AUD` ENABLE KEYS */;
UNLOCK TABLES;

--
-- Table structure for table `UnitSections`
--

DROP TABLE IF EXISTS `UnitSections`;
/*!40101 SET @saved_cs_client     = @@character_set_client */;
/*!40101 SET character_set_client = utf8 */;
CREATE TABLE `UnitSections` (
  `UnitSectionID` int(11) NOT NULL AUTO_INCREMENT,
  `Compartment` varchar(50) DEFAULT NULL,
  `LastModified` datetime(6) DEFAULT NULL,
  `RackNumber` int(11) DEFAULT NULL,
  `ShelfNumber` int(11) DEFAULT NULL,
  `StorageID` int(11) NOT NULL,
  PRIMARY KEY (`UnitSectionID`),
  UNIQUE KEY `UK_50e95w5itu8crcsj5xjsc0ljp` (`StorageID`,`Compartment`,`ShelfNumber`,`RackNumber`),
  CONSTRAINT `FK_ic4tij5ely5myq7wlqhnhghm5` FOREIGN KEY (`StorageID`) REFERENCES `Storages` (`StorageID`)
) ENGINE=InnoDB AUTO_INCREMENT=6 DEFAULT CHARSET=latin1;
/*!40101 SET character_set_client = @saved_cs_client */;

--
-- Dumping data for table `UnitSections`
--

LOCK TABLES `UnitSections` WRITE;
/*!40000 ALTER TABLE `UnitSections` DISABLE KEYS */;
INSERT INTO `UnitSections` VALUES (1,'Upper','2013-03-19 00:00:00.000000',1,1,1),(2,'Upper','2013-03-19 00:00:00.000000',2,1,1),(3,'Lower','2013-03-19 00:00:00.000000',1,3,1),(4,'Lower','2013-03-19 00:00:00.000000',4,4,1),(5,'Upper','2013-03-19 00:00:00.000000',1,1,2);
/*!40000 ALTER TABLE `UnitSections` ENABLE KEYS */;
UNLOCK TABLES;

--
-- Table structure for table `UsageKeys`
--

DROP TABLE IF EXISTS `UsageKeys`;
/*!40101 SET @saved_cs_client     = @@character_set_client */;
/*!40101 SET character_set_client = utf8 */;
CREATE TABLE `UsageKeys` (
  `UsageKeysID` int(11) NOT NULL AUTO_INCREMENT,
  `LastModified` datetime(6) DEFAULT NULL,
  `LastModifiedBy` varchar(80) NOT NULL,
  `UsageStr` varchar(100) NOT NULL,
  PRIMARY KEY (`UsageKeysID`)
) ENGINE=InnoDB AUTO_INCREMENT=2 DEFAULT CHARSET=latin1;
/*!40101 SET character_set_client = @saved_cs_client */;

--
-- Dumping data for table `UsageKeys`
--

LOCK TABLES `UsageKeys` WRITE;
/*!40000 ALTER TABLE `UsageKeys` DISABLE KEYS */;
INSERT INTO `UsageKeys` VALUES (1,'2013-03-19 00:00:00.000000','Henry','language~English');
/*!40000 ALTER TABLE `UsageKeys` ENABLE KEYS */;
UNLOCK TABLES;

--
-- Table structure for table `ValidationFields`
--

DROP TABLE IF EXISTS `ValidationFields`;
/*!40101 SET @saved_cs_client     = @@character_set_client */;
/*!40101 SET character_set_client = utf8 */;
CREATE TABLE `ValidationFields` (
  `FieldName` varchar(100) NOT NULL,
  `Pattern` varchar(255) DEFAULT NULL,
  `Requirment` varchar(255) NOT NULL,
  `ValidationRuleID` int(11) NOT NULL,
  PRIMARY KEY (`FieldName`,`ValidationRuleID`),
  KEY `FK_l6te4yfcdu08mg24xawd3btcl` (`ValidationRuleID`),
  CONSTRAINT `FK_l6te4yfcdu08mg24xawd3btcl` FOREIGN KEY (`ValidationRuleID`) REFERENCES `ValidationRules` (`ValidationRuleID`)
) ENGINE=InnoDB DEFAULT CHARSET=latin1;
/*!40101 SET character_set_client = @saved_cs_client */;

--
-- Dumping data for table `ValidationFields`
--

LOCK TABLES `ValidationFields` WRITE;
/*!40000 ALTER TABLE `ValidationFields` DISABLE KEYS */;
/*!40000 ALTER TABLE `ValidationFields` ENABLE KEYS */;
UNLOCK TABLES;

--
-- Table structure for table `ValidationRules`
--

DROP TABLE IF EXISTS `ValidationRules`;
/*!40101 SET @saved_cs_client     = @@character_set_client */;
/*!40101 SET character_set_client = utf8 */;
CREATE TABLE `ValidationRules` (
  `ValidationRuleID` int(11) NOT NULL AUTO_INCREMENT,
  `Entity` varchar(255) NOT NULL,
  `TagID` int(11) NOT NULL,
  PRIMARY KEY (`ValidationRuleID`),
  UNIQUE KEY `UK_2lncrb3eeq94xa1jbpu6pvo46` (`TagID`,`Entity`),
  CONSTRAINT `FK_lpyvw0afwddt8tb61weqjfyw2` FOREIGN KEY (`TagID`) REFERENCES `ProjectTags` (`TagID`)
) ENGINE=InnoDB DEFAULT CHARSET=latin1;
/*!40101 SET character_set_client = @saved_cs_client */;

--
-- Dumping data for table `ValidationRules`
--

LOCK TABLES `ValidationRules` WRITE;
/*!40000 ALTER TABLE `ValidationRules` DISABLE KEYS */;
/*!40000 ALTER TABLE `ValidationRules` ENABLE KEYS */;
UNLOCK TABLES;

--
-- Table structure for table `Vectors`
--

DROP TABLE IF EXISTS `Vectors`;
/*!40101 SET @saved_cs_client     = @@character_set_client */;
/*!40101 SET character_set_client = utf8 */;
CREATE TABLE `Vectors` (
  `VectorID` int(11) NOT NULL AUTO_INCREMENT,
  `LastModified` datetime(6) DEFAULT NULL,
  `Name` varchar(50) NOT NULL,
  `Seq` longtext NOT NULL,
  `Seq_3` longtext NOT NULL,
  `Seq_5` longtext NOT NULL,
  PRIMARY KEY (`VectorID`),
  UNIQUE KEY `UK_6c0vyoxsn6ctbk4mo3w570amy` (`Name`)
) ENGINE=InnoDB DEFAULT CHARSET=latin1;
/*!40101 SET character_set_client = @saved_cs_client */;

--
-- Dumping data for table `Vectors`
--

LOCK TABLES `Vectors` WRITE;
/*!40000 ALTER TABLE `Vectors` DISABLE KEYS */;
/*!40000 ALTER TABLE `Vectors` ENABLE KEYS */;
UNLOCK TABLES;

--
-- Table structure for table `app_user`
--

DROP TABLE IF EXISTS `app_user`;
/*!40101 SET @saved_cs_client     = @@character_set_client */;
/*!40101 SET character_set_client = utf8 */;
CREATE TABLE `app_user` (
  `id` bigint(20) NOT NULL AUTO_INCREMENT,
  `account_expired` bit(1) NOT NULL,
  `account_locked` bit(1) NOT NULL,
  `address` varchar(150) DEFAULT NULL,
  `city` varchar(50) DEFAULT NULL,
  `country` varchar(100) DEFAULT NULL,
  `postal_code` varchar(15) DEFAULT NULL,
  `province` varchar(100) DEFAULT NULL,
  `credentials_expired` bit(1) NOT NULL,
  `email` varchar(255) NOT NULL,
  `account_enabled` bit(1) DEFAULT NULL,
  `first_name` varchar(50) NOT NULL,
  `last_name` varchar(50) NOT NULL,
  `password` varchar(255) NOT NULL,
  `password_hint` varchar(255) DEFAULT NULL,
  `phone_number` varchar(255) DEFAULT NULL,
  `username` varchar(50) NOT NULL,
  `version` int(11) DEFAULT NULL,
  `website` varchar(255) DEFAULT NULL,
  PRIMARY KEY (`id`),
  UNIQUE KEY `UK_1j9d9a06i600gd43uu3km82jw` (`email`),
  UNIQUE KEY `UK_3k4cplvh82srueuttfkwnylq0` (`username`)
) ENGINE=InnoDB DEFAULT CHARSET=latin1;
/*!40101 SET character_set_client = @saved_cs_client */;

--
-- Dumping data for table `app_user`
--

LOCK TABLES `app_user` WRITE;
/*!40000 ALTER TABLE `app_user` DISABLE KEYS */;
/*!40000 ALTER TABLE `app_user` ENABLE KEYS */;
UNLOCK TABLES;

--
-- Table structure for table `role`
--

DROP TABLE IF EXISTS `role`;
/*!40101 SET @saved_cs_client     = @@character_set_client */;
/*!40101 SET character_set_client = utf8 */;
CREATE TABLE `role` (
  `id` bigint(20) NOT NULL AUTO_INCREMENT,
  `description` varchar(64) DEFAULT NULL,
  `name` varchar(20) DEFAULT NULL,
  PRIMARY KEY (`id`)
) ENGINE=InnoDB AUTO_INCREMENT=3 DEFAULT CHARSET=latin1;
/*!40101 SET character_set_client = @saved_cs_client */;

--
-- Dumping data for table `role`
--

LOCK TABLES `role` WRITE;
/*!40000 ALTER TABLE `role` DISABLE KEYS */;
INSERT INTO `role` VALUES (1,'Administrator role (can edit Users)','admin'),(2,'Default role for all Users','user');
/*!40000 ALTER TABLE `role` ENABLE KEYS */;
UNLOCK TABLES;

--
-- Table structure for table `user_role`
--

DROP TABLE IF EXISTS `user_role`;
/*!40101 SET @saved_cs_client     = @@character_set_client */;
/*!40101 SET character_set_client = utf8 */;
CREATE TABLE `user_role` (
  `user_id` bigint(20) NOT NULL,
  `role_id` bigint(20) NOT NULL,
  PRIMARY KEY (`user_id`,`role_id`),
  KEY `FK_it77eq964jhfqtu54081ebtio` (`role_id`),
  CONSTRAINT `FK_apcc8lxk2xnug8377fatvbn04` FOREIGN KEY (`user_id`) REFERENCES `app_user` (`id`),
  CONSTRAINT `FK_it77eq964jhfqtu54081ebtio` FOREIGN KEY (`role_id`) REFERENCES `role` (`id`)
) ENGINE=InnoDB DEFAULT CHARSET=latin1;
/*!40101 SET character_set_client = @saved_cs_client */;

--
-- Dumping data for table `user_role`
--

LOCK TABLES `user_role` WRITE;
/*!40000 ALTER TABLE `user_role` DISABLE KEYS */;
/*!40000 ALTER TABLE `user_role` ENABLE KEYS */;
UNLOCK TABLES;
/*!40103 SET TIME_ZONE=@OLD_TIME_ZONE */;

/*!40101 SET SQL_MODE=@OLD_SQL_MODE */;
/*!40014 SET FOREIGN_KEY_CHECKS=@OLD_FOREIGN_KEY_CHECKS */;
/*!40014 SET UNIQUE_CHECKS=@OLD_UNIQUE_CHECKS */;
/*!40101 SET CHARACTER_SET_CLIENT=@OLD_CHARACTER_SET_CLIENT */;
/*!40101 SET CHARACTER_SET_RESULTS=@OLD_CHARACTER_SET_RESULTS */;
/*!40101 SET COLLATION_CONNECTION=@OLD_COLLATION_CONNECTION */;
/*!40111 SET SQL_NOTES=@OLD_SQL_NOTES */;

-- Dump completed on 2018-04-04 16:35:20
